id name Rista Advanced
id author Developer
uciok
info string Move b7c6 score -165
info string Move b8c6 score -90
DEBUG EVAL: material=-30200 pst=110 total=-30090
DEBUG: evaluate returned crazy score! stand_pat=30090
DEBUG EVAL: material=-30200 pst=115 total=-30085
DEBUG: evaluate returned crazy score! stand_pat=30085
DEBUG EVAL: material=-30200 pst=110 total=-30090
DEBUG: evaluate returned crazy score! stand_pat=30090
DEBUG EVAL: material=-30200 pst=120 total=-30080
DEBUG: evaluate returned crazy score! stand_pat=30080
DEBUG EVAL: material=-30200 pst=130 total=-30070
DEBUG: evaluate returned crazy score! stand_pat=30070
DEBUG EVAL: material=-30200 pst=130 total=-30070
DEBUG: evaluate returned crazy score! stand_pat=30070
DEBUG EVAL: material=-30200 pst=125 total=-30075
DEBUG: evaluate returned crazy score! stand_pat=30075
DEBUG EVAL: material=-30200 pst=110 total=-30090
DEBUG: evaluate returned crazy score! stand_pat=30090
DEBUG EVAL: material=-30200 pst=110 total=-30090
DEBUG: evaluate returned crazy score! stand_pat=30090
DEBUG EVAL: material=-30200 pst=90 total=-30110
DEBUG: evaluate returned crazy score! stand_pat=30110
DEBUG EVAL: material=-30200 pst=90 total=-30110
DEBUG: evaluate returned crazy score! stand_pat=30110
DEBUG EVAL: material=-30200 pst=90 total=-30110
DEBUG: evaluate returned crazy score! stand_pat=30110
DEBUG EVAL: material=-30200 pst=90 total=-30110
DEBUG: evaluate returned crazy score! stand_pat=30110
DEBUG EVAL: material=-30200 pst=90 total=-30110
DEBUG: evaluate returned crazy score! stand_pat=30110
DEBUG EVAL: material=-30200 pst=90 total=-30110
DEBUG: evaluate returned crazy score! stand_pat=30110
DEBUG EVAL: material=-30200 pst=65 total=-30135
DEBUG: evaluate returned crazy score! stand_pat=30135
DEBUG EVAL: material=-30200 pst=110 total=-30090
DEBUG: evaluate returned crazy score! stand_pat=30090
DEBUG EVAL: material=-30200 pst=120 total=-30080
DEBUG: evaluate returned crazy score! stand_pat=30080
DEBUG EVAL: material=-30200 pst=125 total=-30075
DEBUG: evaluate returned crazy score! stand_pat=30075
DEBUG EVAL: material=-30200 pst=90 total=-30110
DEBUG: evaluate returned crazy score! stand_pat=30110
DEBUG EVAL: material=-30200 pst=90 total=-30110
DEBUG: evaluate returned crazy score! stand_pat=30110
DEBUG EVAL: material=-30200 pst=90 total=-30110
DEBUG: evaluate returned crazy score! stand_pat=30110
DEBUG EVAL: material=-30200 pst=90 total=-30110
DEBUG: evaluate returned crazy score! stand_pat=30110
DEBUG EVAL: material=-30200 pst=60 total=-30140
DEBUG: evaluate returned crazy score! stand_pat=30140
DEBUG EVAL: material=-30200 pst=120 total=-30080
DEBUG: evaluate returned crazy score! stand_pat=30080
DEBUG EVAL: material=-30200 pst=70 total=-30130
DEBUG: evaluate returned crazy score! stand_pat=30130
DEBUG EVAL: material=-30200 pst=120 total=-30080
DEBUG: evaluate returned crazy score! stand_pat=30080
DEBUG EVAL: material=-30200 pst=105 total=-30095
DEBUG: evaluate returned crazy score! stand_pat=30095
DEBUG EVAL: material=-30100 pst=65 total=-30035
DEBUG: evaluate returned crazy score! stand_pat=30035
DEBUG EVAL: material=-30100 pst=50 total=-30050
DEBUG: evaluate returned crazy score! stand_pat=30050
DEBUG EVAL: material=-30200 pst=115 total=-30085
DEBUG: evaluate returned crazy score! stand_pat=30085
DEBUG EVAL: material=-30200 pst=80 total=-30120
DEBUG: evaluate returned crazy score! stand_pat=30120
DEBUG EVAL: material=-30200 pst=90 total=-30110
DEBUG: evaluate returned crazy score! stand_pat=30110
DEBUG EVAL: material=-30200 pst=90 total=-30110
DEBUG: evaluate returned crazy score! stand_pat=30110
DEBUG EVAL: material=-30200 pst=85 total=-30115
DEBUG: evaluate returned crazy score! stand_pat=30115
DEBUG EVAL: material=-30200 pst=70 total=-30130
DEBUG: evaluate returned crazy score! stand_pat=30130
DEBUG EVAL: material=-30200 pst=70 total=-30130
DEBUG: evaluate returned crazy score! stand_pat=30130
DEBUG EVAL: material=-30200 pst=80 total=-30120
DEBUG: evaluate returned crazy score! stand_pat=30120
DEBUG EVAL: material=-30200 pst=50 total=-30150
DEBUG: evaluate returned crazy score! stand_pat=30150
DEBUG EVAL: material=-30200 pst=50 total=-30150
DEBUG: evaluate returned crazy score! stand_pat=30150
DEBUG EVAL: material=-30200 pst=50 total=-30150
DEBUG: evaluate returned crazy score! stand_pat=30150
DEBUG EVAL: material=-30200 pst=50 total=-30150
DEBUG: evaluate returned crazy score! stand_pat=30150
DEBUG EVAL: material=-30200 pst=50 total=-30150
DEBUG: evaluate returned crazy score! stand_pat=30150
DEBUG EVAL: material=-30200 pst=50 total=-30150
DEBUG: evaluate returned crazy score! stand_pat=30150
DEBUG EVAL: material=-30200 pst=25 total=-30175
DEBUG: evaluate returned crazy score! stand_pat=30175
DEBUG EVAL: material=-30200 pst=70 total=-30130
DEBUG: evaluate returned crazy score! stand_pat=30130
DEBUG EVAL: material=-30200 pst=80 total=-30120
DEBUG: evaluate returned crazy score! stand_pat=30120
DEBUG EVAL: material=-30200 pst=85 total=-30115
DEBUG: evaluate returned crazy score! stand_pat=30115
DEBUG EVAL: material=-30200 pst=50 total=-30150
DEBUG: evaluate returned crazy score! stand_pat=30150
DEBUG EVAL: material=-30200 pst=70 total=-30130
DEBUG: evaluate returned crazy score! stand_pat=30130
DEBUG EVAL: material=-30200 pst=50 total=-30150
DEBUG: evaluate returned crazy score! stand_pat=30150
DEBUG EVAL: material=-30200 pst=50 total=-30150
DEBUG: evaluate returned crazy score! stand_pat=30150
DEBUG EVAL: material=-30200 pst=65 total=-30135
DEBUG: evaluate returned crazy score! stand_pat=30135
DEBUG EVAL: material=-30200 pst=60 total=-30140
DEBUG: evaluate returned crazy score! stand_pat=30140
DEBUG EVAL: material=-30200 pst=70 total=-30130
DEBUG: evaluate returned crazy score! stand_pat=30130
DEBUG EVAL: material=-30200 pst=70 total=-30130
DEBUG: evaluate returned crazy score! stand_pat=30130
DEBUG EVAL: material=-30200 pst=70 total=-30130
DEBUG: evaluate returned crazy score! stand_pat=30130
DEBUG EVAL: material=-30200 pst=65 total=-30135
DEBUG: evaluate returned crazy score! stand_pat=30135
DEBUG EVAL: material=-30200 pst=60 total=-30140
DEBUG: evaluate returned crazy score! stand_pat=30140
DEBUG EVAL: material=-30200 pst=70 total=-30130
DEBUG: evaluate returned crazy score! stand_pat=30130
DEBUG EVAL: material=-30200 pst=70 total=-30130
DEBUG: evaluate returned crazy score! stand_pat=30130
DEBUG EVAL: material=-30200 pst=70 total=-30130
DEBUG: evaluate returned crazy score! stand_pat=30130
DEBUG EVAL: material=-30200 pst=70 total=-30130
DEBUG: evaluate returned crazy score! stand_pat=30130
DEBUG EVAL: material=-30200 pst=55 total=-30145
DEBUG: evaluate returned crazy score! stand_pat=30145
DEBUG EVAL: material=-30200 pst=65 total=-30135
DEBUG: evaluate returned crazy score! stand_pat=30135
DEBUG EVAL: material=-30200 pst=55 total=-30145
DEBUG: evaluate returned crazy score! stand_pat=30145
DEBUG EVAL: material=-30200 pst=70 total=-30130
DEBUG: evaluate returned crazy score! stand_pat=30130
DEBUG EVAL: material=-30200 pst=70 total=-30130
DEBUG: evaluate returned crazy score! stand_pat=30130
DEBUG EVAL: material=-30200 pst=70 total=-30130
DEBUG: evaluate returned crazy score! stand_pat=30130
DEBUG EVAL: material=-30200 pst=50 total=-30150
DEBUG: evaluate returned crazy score! stand_pat=30150
DEBUG EVAL: material=-30900 pst=100 total=-30800
DEBUG: evaluate returned crazy score! stand_pat=30800
DEBUG EVAL: material=-31000 pst=115 total=-30885
DEBUG: evaluate returned crazy score! stand_pat=30885
DEBUG EVAL: material=-31000 pst=80 total=-30920
DEBUG: evaluate returned crazy score! stand_pat=30920
DEBUG EVAL: material=-31000 pst=90 total=-30910
DEBUG: evaluate returned crazy score! stand_pat=30910
DEBUG EVAL: material=-31000 pst=90 total=-30910
DEBUG: evaluate returned crazy score! stand_pat=30910
DEBUG EVAL: material=-31000 pst=85 total=-30915
DEBUG: evaluate returned crazy score! stand_pat=30915
DEBUG EVAL: material=-31000 pst=70 total=-30930
DEBUG: evaluate returned crazy score! stand_pat=30930
DEBUG EVAL: material=-31000 pst=120 total=-30880
DEBUG: evaluate returned crazy score! stand_pat=30880
DEBUG EVAL: material=-31000 pst=80 total=-30920
DEBUG: evaluate returned crazy score! stand_pat=30920
DEBUG EVAL: material=-31000 pst=50 total=-30950
DEBUG: evaluate returned crazy score! stand_pat=30950
DEBUG EVAL: material=-31000 pst=50 total=-30950
DEBUG: evaluate returned crazy score! stand_pat=30950
DEBUG EVAL: material=-31000 pst=50 total=-30950
DEBUG: evaluate returned crazy score! stand_pat=30950
DEBUG EVAL: material=-31000 pst=70 total=-30930
DEBUG: evaluate returned crazy score! stand_pat=30930
DEBUG EVAL: material=-31000 pst=50 total=-30950
DEBUG: evaluate returned crazy score! stand_pat=30950
DEBUG EVAL: material=-31000 pst=50 total=-30950
DEBUG: evaluate returned crazy score! stand_pat=30950
DEBUG EVAL: material=-31000 pst=25 total=-30975
DEBUG: evaluate returned crazy score! stand_pat=30975
DEBUG EVAL: material=-31000 pst=70 total=-30930
DEBUG: evaluate returned crazy score! stand_pat=30930
DEBUG EVAL: material=-31000 pst=75 total=-30925
DEBUG: evaluate returned crazy score! stand_pat=30925
DEBUG EVAL: material=-31000 pst=80 total=-30920
DEBUG: evaluate returned crazy score! stand_pat=30920
DEBUG EVAL: material=-31000 pst=85 total=-30915
DEBUG: evaluate returned crazy score! stand_pat=30915
DEBUG EVAL: material=-31000 pst=50 total=-30950
DEBUG: evaluate returned crazy score! stand_pat=30950
DEBUG EVAL: material=-31000 pst=50 total=-30950
DEBUG: evaluate returned crazy score! stand_pat=30950
DEBUG EVAL: material=-31000 pst=50 total=-30950
DEBUG: evaluate returned crazy score! stand_pat=30950
DEBUG EVAL: material=-31000 pst=50 total=-30950
DEBUG: evaluate returned crazy score! stand_pat=30950
DEBUG EVAL: material=-31000 pst=50 total=-30950
DEBUG: evaluate returned crazy score! stand_pat=30950
DEBUG EVAL: material=-31000 pst=100 total=-30900
DEBUG: evaluate returned crazy score! stand_pat=30900
DEBUG EVAL: material=-31000 pst=50 total=-30950
DEBUG: evaluate returned crazy score! stand_pat=30950
DEBUG EVAL: material=-30100 pst=55 total=-30045
DEBUG: evaluate returned crazy score! stand_pat=30045
DEBUG EVAL: material=-30100 pst=65 total=-30035
DEBUG: evaluate returned crazy score! stand_pat=30035
DEBUG EVAL: material=-30200 pst=105 total=-30095
DEBUG: evaluate returned crazy score! stand_pat=30095
DEBUG EVAL: material=-30200 pst=70 total=-30130
DEBUG: evaluate returned crazy score! stand_pat=30130
DEBUG EVAL: material=-30200 pst=80 total=-30120
DEBUG: evaluate returned crazy score! stand_pat=30120
DEBUG EVAL: material=-30200 pst=80 total=-30120
DEBUG: evaluate returned crazy score! stand_pat=30120
DEBUG EVAL: material=-30200 pst=75 total=-30125
DEBUG: evaluate returned crazy score! stand_pat=30125
DEBUG EVAL: material=-30200 pst=60 total=-30140
DEBUG: evaluate returned crazy score! stand_pat=30140
DEBUG EVAL: material=-30200 pst=60 total=-30140
DEBUG: evaluate returned crazy score! stand_pat=30140
DEBUG EVAL: material=-30200 pst=110 total=-30090
DEBUG: evaluate returned crazy score! stand_pat=30090
DEBUG EVAL: material=-30200 pst=70 total=-30130
DEBUG: evaluate returned crazy score! stand_pat=30130
DEBUG EVAL: material=-30200 pst=40 total=-30160
DEBUG: evaluate returned crazy score! stand_pat=30160
DEBUG EVAL: material=-30200 pst=40 total=-30160
DEBUG: evaluate returned crazy score! stand_pat=30160
DEBUG EVAL: material=-30200 pst=40 total=-30160
DEBUG: evaluate returned crazy score! stand_pat=30160
DEBUG EVAL: material=-30200 pst=40 total=-30160
DEBUG: evaluate returned crazy score! stand_pat=30160
DEBUG EVAL: material=-30200 pst=40 total=-30160
DEBUG: evaluate returned crazy score! stand_pat=30160
DEBUG EVAL: material=-30200 pst=40 total=-30160
DEBUG: evaluate returned crazy score! stand_pat=30160
DEBUG EVAL: material=-30200 pst=15 total=-30185
DEBUG: evaluate returned crazy score! stand_pat=30185
DEBUG EVAL: material=-30200 pst=60 total=-30140
DEBUG: evaluate returned crazy score! stand_pat=30140
DEBUG EVAL: material=-30200 pst=65 total=-30135
DEBUG: evaluate returned crazy score! stand_pat=30135
DEBUG EVAL: material=-30200 pst=70 total=-30130
DEBUG: evaluate returned crazy score! stand_pat=30130
DEBUG EVAL: material=-30200 pst=75 total=-30125
DEBUG: evaluate returned crazy score! stand_pat=30125
DEBUG EVAL: material=-30200 pst=60 total=-30140
DEBUG: evaluate returned crazy score! stand_pat=30140
DEBUG EVAL: material=-30200 pst=40 total=-30160
DEBUG: evaluate returned crazy score! stand_pat=30160
DEBUG EVAL: material=-30200 pst=40 total=-30160
DEBUG: evaluate returned crazy score! stand_pat=30160
DEBUG EVAL: material=-30200 pst=40 total=-30160
DEBUG: evaluate returned crazy score! stand_pat=30160
DEBUG EVAL: material=-30200 pst=40 total=-30160
DEBUG: evaluate returned crazy score! stand_pat=30160
DEBUG EVAL: material=-30200 pst=40 total=-30160
DEBUG: evaluate returned crazy score! stand_pat=30160
DEBUG EVAL: material=-30200 pst=65 total=-30135
DEBUG: evaluate returned crazy score! stand_pat=30135
DEBUG EVAL: material=-30200 pst=70 total=-30130
DEBUG: evaluate returned crazy score! stand_pat=30130
DEBUG EVAL: material=-30200 pst=65 total=-30135
DEBUG: evaluate returned crazy score! stand_pat=30135
DEBUG EVAL: material=-30200 pst=60 total=-30140
DEBUG: evaluate returned crazy score! stand_pat=30140
DEBUG EVAL: material=-30200 pst=65 total=-30135
DEBUG: evaluate returned crazy score! stand_pat=30135
DEBUG EVAL: material=-30200 pst=60 total=-30140
DEBUG: evaluate returned crazy score! stand_pat=30140
DEBUG EVAL: material=-30200 pst=60 total=-30140
DEBUG: evaluate returned crazy score! stand_pat=30140
DEBUG EVAL: material=-30200 pst=55 total=-30145
DEBUG: evaluate returned crazy score! stand_pat=30145
DEBUG EVAL: material=-30200 pst=65 total=-30135
DEBUG: evaluate returned crazy score! stand_pat=30135
DEBUG EVAL: material=-30200 pst=70 total=-30130
DEBUG: evaluate returned crazy score! stand_pat=30130
DEBUG EVAL: material=-30200 pst=70 total=-30130
DEBUG: evaluate returned crazy score! stand_pat=30130
DEBUG EVAL: material=-30200 pst=70 total=-30130
DEBUG: evaluate returned crazy score! stand_pat=30130
DEBUG EVAL: material=-30200 pst=70 total=-30130
DEBUG: evaluate returned crazy score! stand_pat=30130
DEBUG EVAL: material=-30200 pst=65 total=-30135
DEBUG: evaluate returned crazy score! stand_pat=30135
DEBUG EVAL: material=-30200 pst=60 total=-30140
DEBUG: evaluate returned crazy score! stand_pat=30140
DEBUG EVAL: material=-30200 pst=55 total=-30145
DEBUG: evaluate returned crazy score! stand_pat=30145
DEBUG EVAL: material=-30200 pst=40 total=-30160
DEBUG: evaluate returned crazy score! stand_pat=30160
DEBUG EVAL: material=-30200 pst=60 total=-30140
DEBUG: evaluate returned crazy score! stand_pat=30140
DEBUG EVAL: material=-30200 pst=60 total=-30140
DEBUG: evaluate returned crazy score! stand_pat=30140
DEBUG EVAL: material=-30200 pst=110 total=-30090
DEBUG: evaluate returned crazy score! stand_pat=30090
DEBUG EVAL: material=-30200 pst=70 total=-30130
DEBUG: evaluate returned crazy score! stand_pat=30130
DEBUG EVAL: material=-30200 pst=40 total=-30160
DEBUG: evaluate returned crazy score! stand_pat=30160
DEBUG EVAL: material=-30200 pst=40 total=-30160
DEBUG: evaluate returned crazy score! stand_pat=30160
DEBUG EVAL: material=-30200 pst=40 total=-30160
DEBUG: evaluate returned crazy score! stand_pat=30160
DEBUG EVAL: material=-30200 pst=40 total=-30160
DEBUG: evaluate returned crazy score! stand_pat=30160
DEBUG EVAL: material=-30200 pst=40 total=-30160
DEBUG: evaluate returned crazy score! stand_pat=30160
DEBUG EVAL: material=-30200 pst=40 total=-30160
DEBUG: evaluate returned crazy score! stand_pat=30160
DEBUG EVAL: material=-30200 pst=15 total=-30185
DEBUG: evaluate returned crazy score! stand_pat=30185
DEBUG EVAL: material=-30200 pst=60 total=-30140
DEBUG: evaluate returned crazy score! stand_pat=30140
DEBUG EVAL: material=-30200 pst=65 total=-30135
DEBUG: evaluate returned crazy score! stand_pat=30135
DEBUG EVAL: material=-30200 pst=70 total=-30130
DEBUG: evaluate returned crazy score! stand_pat=30130
DEBUG EVAL: material=-30200 pst=75 total=-30125
DEBUG: evaluate returned crazy score! stand_pat=30125
DEBUG EVAL: material=-30200 pst=60 total=-30140
DEBUG: evaluate returned crazy score! stand_pat=30140
DEBUG EVAL: material=-30200 pst=40 total=-30160
DEBUG: evaluate returned crazy score! stand_pat=30160
DEBUG EVAL: material=-30200 pst=40 total=-30160
DEBUG: evaluate returned crazy score! stand_pat=30160
DEBUG EVAL: material=-30200 pst=40 total=-30160
DEBUG: evaluate returned crazy score! stand_pat=30160
DEBUG EVAL: material=-30200 pst=40 total=-30160
DEBUG: evaluate returned crazy score! stand_pat=30160
DEBUG EVAL: material=-30200 pst=40 total=-30160
DEBUG: evaluate returned crazy score! stand_pat=30160
DEBUG EVAL: material=-30200 pst=40 total=-30160
DEBUG: evaluate returned crazy score! stand_pat=30160
DEBUG EVAL: material=-30200 pst=40 total=-30160
DEBUG: evaluate returned crazy score! stand_pat=30160
DEBUG EVAL: material=-30200 pst=40 total=-30160
DEBUG: evaluate returned crazy score! stand_pat=30160
DEBUG EVAL: material=-30200 pst=40 total=-30160
DEBUG: evaluate returned crazy score! stand_pat=30160
DEBUG EVAL: material=-30200 pst=70 total=-30130
DEBUG: evaluate returned crazy score! stand_pat=30130
DEBUG EVAL: material=-30200 pst=80 total=-30120
DEBUG: evaluate returned crazy score! stand_pat=30120
DEBUG EVAL: material=-30200 pst=120 total=-30080
DEBUG: evaluate returned crazy score! stand_pat=30080
DEBUG EVAL: material=-30200 pst=80 total=-30120
DEBUG: evaluate returned crazy score! stand_pat=30120
DEBUG EVAL: material=-30200 pst=50 total=-30150
DEBUG: evaluate returned crazy score! stand_pat=30150
DEBUG EVAL: material=-30200 pst=50 total=-30150
DEBUG: evaluate returned crazy score! stand_pat=30150
DEBUG EVAL: material=-30200 pst=50 total=-30150
DEBUG: evaluate returned crazy score! stand_pat=30150
DEBUG EVAL: material=-30200 pst=50 total=-30150
DEBUG: evaluate returned crazy score! stand_pat=30150
DEBUG EVAL: material=-30200 pst=50 total=-30150
DEBUG: evaluate returned crazy score! stand_pat=30150
DEBUG EVAL: material=-30200 pst=50 total=-30150
DEBUG: evaluate returned crazy score! stand_pat=30150
DEBUG EVAL: material=-30200 pst=25 total=-30175
DEBUG: evaluate returned crazy score! stand_pat=30175
DEBUG EVAL: material=-30200 pst=35 total=-30165
DEBUG: evaluate returned crazy score! stand_pat=30165
DEBUG EVAL: material=-30200 pst=70 total=-30130
DEBUG: evaluate returned crazy score! stand_pat=30130
DEBUG EVAL: material=-30200 pst=75 total=-30125
DEBUG: evaluate returned crazy score! stand_pat=30125
DEBUG EVAL: material=-30200 pst=80 total=-30120
DEBUG: evaluate returned crazy score! stand_pat=30120
DEBUG EVAL: material=-30200 pst=85 total=-30115
DEBUG: evaluate returned crazy score! stand_pat=30115
DEBUG EVAL: material=-30200 pst=60 total=-30140
DEBUG: evaluate returned crazy score! stand_pat=30140
DEBUG EVAL: material=-30200 pst=80 total=-30120
DEBUG: evaluate returned crazy score! stand_pat=30120
DEBUG EVAL: material=-30200 pst=80 total=-30120
DEBUG: evaluate returned crazy score! stand_pat=30120
DEBUG EVAL: material=-30200 pst=75 total=-30125
DEBUG: evaluate returned crazy score! stand_pat=30125
DEBUG EVAL: material=-30200 pst=60 total=-30140
DEBUG: evaluate returned crazy score! stand_pat=30140
DEBUG EVAL: material=-30200 pst=80 total=-30120
DEBUG: evaluate returned crazy score! stand_pat=30120
DEBUG EVAL: material=-30200 pst=70 total=-30130
DEBUG: evaluate returned crazy score! stand_pat=30130
DEBUG EVAL: material=-30200 pst=60 total=-30140
DEBUG: evaluate returned crazy score! stand_pat=30140
DEBUG EVAL: material=-30200 pst=50 total=-30150
DEBUG: evaluate returned crazy score! stand_pat=30150
DEBUG EVAL: material=-30200 pst=50 total=-30150
DEBUG: evaluate returned crazy score! stand_pat=30150
DEBUG EVAL: material=-30200 pst=50 total=-30150
DEBUG: evaluate returned crazy score! stand_pat=30150
DEBUG EVAL: material=-30200 pst=50 total=-30150
DEBUG: evaluate returned crazy score! stand_pat=30150
DEBUG EVAL: material=-30200 pst=50 total=-30150
DEBUG: evaluate returned crazy score! stand_pat=30150
DEBUG EVAL: material=-30200 pst=50 total=-30150
DEBUG: evaluate returned crazy score! stand_pat=30150
DEBUG EVAL: material=-30100 pst=60 total=-30040
DEBUG: evaluate returned crazy score! stand_pat=30040
DEBUG EVAL: material=-30200 pst=90 total=-30110
DEBUG: evaluate returned crazy score! stand_pat=30110
DEBUG EVAL: material=-30200 pst=125 total=-30075
DEBUG: evaluate returned crazy score! stand_pat=30075
DEBUG EVAL: material=-30200 pst=85 total=-30115
DEBUG: evaluate returned crazy score! stand_pat=30115
DEBUG EVAL: material=-30200 pst=80 total=-30120
DEBUG: evaluate returned crazy score! stand_pat=30120
DEBUG EVAL: material=-30200 pst=90 total=-30110
DEBUG: evaluate returned crazy score! stand_pat=30110
DEBUG EVAL: material=-30200 pst=80 total=-30120
DEBUG: evaluate returned crazy score! stand_pat=30120
DEBUG EVAL: material=-30200 pst=85 total=-30115
DEBUG: evaluate returned crazy score! stand_pat=30115
DEBUG EVAL: material=-30200 pst=130 total=-30070
DEBUG: evaluate returned crazy score! stand_pat=30070
DEBUG EVAL: material=-30200 pst=90 total=-30110
DEBUG: evaluate returned crazy score! stand_pat=30110
DEBUG EVAL: material=-30200 pst=60 total=-30140
DEBUG: evaluate returned crazy score! stand_pat=30140
DEBUG EVAL: material=-30200 pst=60 total=-30140
DEBUG: evaluate returned crazy score! stand_pat=30140
DEBUG EVAL: material=-30200 pst=60 total=-30140
DEBUG: evaluate returned crazy score! stand_pat=30140
DEBUG EVAL: material=-30200 pst=60 total=-30140
DEBUG: evaluate returned crazy score! stand_pat=30140
DEBUG EVAL: material=-30200 pst=60 total=-30140
DEBUG: evaluate returned crazy score! stand_pat=30140
DEBUG EVAL: material=-30200 pst=60 total=-30140
DEBUG: evaluate returned crazy score! stand_pat=30140
DEBUG EVAL: material=-30200 pst=35 total=-30165
DEBUG: evaluate returned crazy score! stand_pat=30165
DEBUG EVAL: material=-30200 pst=45 total=-30155
DEBUG: evaluate returned crazy score! stand_pat=30155
DEBUG EVAL: material=-30200 pst=80 total=-30120
DEBUG: evaluate returned crazy score! stand_pat=30120
DEBUG EVAL: material=-30200 pst=85 total=-30115
DEBUG: evaluate returned crazy score! stand_pat=30115
DEBUG EVAL: material=-30200 pst=90 total=-30110
DEBUG: evaluate returned crazy score! stand_pat=30110
DEBUG EVAL: material=-30200 pst=95 total=-30105
DEBUG: evaluate returned crazy score! stand_pat=30105
DEBUG EVAL: material=-30200 pst=60 total=-30140
DEBUG: evaluate returned crazy score! stand_pat=30140
DEBUG EVAL: material=-30200 pst=60 total=-30140
DEBUG: evaluate returned crazy score! stand_pat=30140
DEBUG EVAL: material=-30200 pst=60 total=-30140
DEBUG: evaluate returned crazy score! stand_pat=30140
DEBUG EVAL: material=-30200 pst=60 total=-30140
DEBUG: evaluate returned crazy score! stand_pat=30140
DEBUG EVAL: material=-30200 pst=60 total=-30140
DEBUG: evaluate returned crazy score! stand_pat=30140
DEBUG EVAL: material=-30200 pst=60 total=-30140
DEBUG: evaluate returned crazy score! stand_pat=30140
DEBUG EVAL: material=-30200 pst=70 total=-30130
DEBUG: evaluate returned crazy score! stand_pat=30130
DEBUG EVAL: material=-30200 pst=60 total=-30140
DEBUG: evaluate returned crazy score! stand_pat=30140
DEBUG EVAL: material=-30200 pst=80 total=-30120
DEBUG: evaluate returned crazy score! stand_pat=30120
DEBUG EVAL: material=-30200 pst=75 total=-30125
DEBUG: evaluate returned crazy score! stand_pat=30125
DEBUG EVAL: material=-30200 pst=60 total=-30140
DEBUG: evaluate returned crazy score! stand_pat=30140
DEBUG EVAL: material=-30200 pst=80 total=-30120
DEBUG: evaluate returned crazy score! stand_pat=30120
DEBUG EVAL: material=-30200 pst=75 total=-30125
DEBUG: evaluate returned crazy score! stand_pat=30125
DEBUG EVAL: material=-30200 pst=70 total=-30130
DEBUG: evaluate returned crazy score! stand_pat=30130
DEBUG EVAL: material=-30200 pst=80 total=-30120
DEBUG: evaluate returned crazy score! stand_pat=30120
DEBUG EVAL: material=-30100 pst=90 total=-30010
DEBUG: evaluate returned crazy score! stand_pat=30010
DEBUG EVAL: material=-30330 pst=105 total=-30225
DEBUG: evaluate returned crazy score! stand_pat=30225
DEBUG EVAL: material=-30430 pst=85 total=-30345
DEBUG: evaluate returned crazy score! stand_pat=30345
DEBUG EVAL: material=-30430 pst=120 total=-30310
DEBUG: evaluate returned crazy score! stand_pat=30310
DEBUG EVAL: material=-30430 pst=75 total=-30355
DEBUG: evaluate returned crazy score! stand_pat=30355
DEBUG EVAL: material=-30430 pst=80 total=-30350
DEBUG: evaluate returned crazy score! stand_pat=30350
DEBUG EVAL: material=-30430 pst=125 total=-30305
DEBUG: evaluate returned crazy score! stand_pat=30305
DEBUG EVAL: material=-30430 pst=85 total=-30345
DEBUG: evaluate returned crazy score! stand_pat=30345
DEBUG EVAL: material=-30430 pst=55 total=-30375
DEBUG: evaluate returned crazy score! stand_pat=30375
DEBUG EVAL: material=-30430 pst=55 total=-30375
DEBUG: evaluate returned crazy score! stand_pat=30375
DEBUG EVAL: material=-30430 pst=55 total=-30375
DEBUG: evaluate returned crazy score! stand_pat=30375
DEBUG EVAL: material=-30430 pst=55 total=-30375
DEBUG: evaluate returned crazy score! stand_pat=30375
DEBUG EVAL: material=-30430 pst=75 total=-30355
DEBUG: evaluate returned crazy score! stand_pat=30355
DEBUG EVAL: material=-30430 pst=30 total=-30400
DEBUG: evaluate returned crazy score! stand_pat=30400
DEBUG EVAL: material=-30430 pst=40 total=-30390
DEBUG: evaluate returned crazy score! stand_pat=30390
DEBUG EVAL: material=-30430 pst=75 total=-30355
DEBUG: evaluate returned crazy score! stand_pat=30355
DEBUG EVAL: material=-30430 pst=80 total=-30350
DEBUG: evaluate returned crazy score! stand_pat=30350
DEBUG EVAL: material=-30430 pst=80 total=-30350
DEBUG: evaluate returned crazy score! stand_pat=30350
DEBUG EVAL: material=-30430 pst=90 total=-30340
DEBUG: evaluate returned crazy score! stand_pat=30340
DEBUG EVAL: material=-30430 pst=55 total=-30375
DEBUG: evaluate returned crazy score! stand_pat=30375
DEBUG EVAL: material=-30430 pst=55 total=-30375
DEBUG: evaluate returned crazy score! stand_pat=30375
DEBUG EVAL: material=-30430 pst=55 total=-30375
DEBUG: evaluate returned crazy score! stand_pat=30375
DEBUG EVAL: material=-30430 pst=55 total=-30375
DEBUG: evaluate returned crazy score! stand_pat=30375
DEBUG EVAL: material=-30430 pst=55 total=-30375
DEBUG: evaluate returned crazy score! stand_pat=30375
DEBUG EVAL: material=-30430 pst=55 total=-30375
DEBUG: evaluate returned crazy score! stand_pat=30375
DEBUG EVAL: material=-30430 pst=105 total=-30325
DEBUG: evaluate returned crazy score! stand_pat=30325
DEBUG EVAL: material=-30430 pst=55 total=-30375
DEBUG: evaluate returned crazy score! stand_pat=30375
DEBUG EVAL: material=-30100 pst=55 total=-30045
DEBUG: evaluate returned crazy score! stand_pat=30045
DEBUG EVAL: material=-30200 pst=85 total=-30115
DEBUG: evaluate returned crazy score! stand_pat=30115
DEBUG EVAL: material=-30200 pst=120 total=-30080
DEBUG: evaluate returned crazy score! stand_pat=30080
DEBUG EVAL: material=-30200 pst=80 total=-30120
DEBUG: evaluate returned crazy score! stand_pat=30120
DEBUG EVAL: material=-30200 pst=75 total=-30125
DEBUG: evaluate returned crazy score! stand_pat=30125
DEBUG EVAL: material=-30200 pst=85 total=-30115
DEBUG: evaluate returned crazy score! stand_pat=30115
DEBUG EVAL: material=-30200 pst=75 total=-30125
DEBUG: evaluate returned crazy score! stand_pat=30125
DEBUG EVAL: material=-30200 pst=80 total=-30120
DEBUG: evaluate returned crazy score! stand_pat=30120
DEBUG EVAL: material=-30200 pst=125 total=-30075
DEBUG: evaluate returned crazy score! stand_pat=30075
DEBUG EVAL: material=-30200 pst=85 total=-30115
DEBUG: evaluate returned crazy score! stand_pat=30115
DEBUG EVAL: material=-30200 pst=55 total=-30145
DEBUG: evaluate returned crazy score! stand_pat=30145
DEBUG EVAL: material=-30200 pst=55 total=-30145
DEBUG: evaluate returned crazy score! stand_pat=30145
DEBUG EVAL: material=-30200 pst=55 total=-30145
DEBUG: evaluate returned crazy score! stand_pat=30145
DEBUG EVAL: material=-30200 pst=55 total=-30145
DEBUG: evaluate returned crazy score! stand_pat=30145
DEBUG EVAL: material=-30200 pst=55 total=-30145
DEBUG: evaluate returned crazy score! stand_pat=30145
DEBUG EVAL: material=-30200 pst=55 total=-30145
DEBUG: evaluate returned crazy score! stand_pat=30145
DEBUG EVAL: material=-30200 pst=30 total=-30170
DEBUG: evaluate returned crazy score! stand_pat=30170
DEBUG EVAL: material=-30200 pst=75 total=-30125
DEBUG: evaluate returned crazy score! stand_pat=30125
DEBUG EVAL: material=-30200 pst=75 total=-30125
DEBUG: evaluate returned crazy score! stand_pat=30125
DEBUG EVAL: material=-30200 pst=80 total=-30120
DEBUG: evaluate returned crazy score! stand_pat=30120
DEBUG EVAL: material=-30200 pst=85 total=-30115
DEBUG: evaluate returned crazy score! stand_pat=30115
DEBUG EVAL: material=-30200 pst=90 total=-30110
DEBUG: evaluate returned crazy score! stand_pat=30110
DEBUG EVAL: material=-30200 pst=55 total=-30145
DEBUG: evaluate returned crazy score! stand_pat=30145
DEBUG EVAL: material=-30200 pst=55 total=-30145
DEBUG: evaluate returned crazy score! stand_pat=30145
DEBUG EVAL: material=-30200 pst=55 total=-30145
DEBUG: evaluate returned crazy score! stand_pat=30145
DEBUG EVAL: material=-30200 pst=55 total=-30145
DEBUG: evaluate returned crazy score! stand_pat=30145
DEBUG EVAL: material=-30200 pst=55 total=-30145
DEBUG: evaluate returned crazy score! stand_pat=30145
DEBUG EVAL: material=-30200 pst=55 total=-30145
DEBUG: evaluate returned crazy score! stand_pat=30145
DEBUG EVAL: material=-30200 pst=60 total=-30140
DEBUG: evaluate returned crazy score! stand_pat=30140
DEBUG EVAL: material=-30200 pst=80 total=-30120
DEBUG: evaluate returned crazy score! stand_pat=30120
DEBUG EVAL: material=-30200 pst=80 total=-30120
DEBUG: evaluate returned crazy score! stand_pat=30120
DEBUG EVAL: material=-30200 pst=70 total=-30130
DEBUG: evaluate returned crazy score! stand_pat=30130
DEBUG EVAL: material=-30200 pst=60 total=-30140
DEBUG: evaluate returned crazy score! stand_pat=30140
DEBUG EVAL: material=-30200 pst=60 total=-30140
DEBUG: evaluate returned crazy score! stand_pat=30140
DEBUG EVAL: material=-30200 pst=40 total=-30160
DEBUG: evaluate returned crazy score! stand_pat=30160
DEBUG EVAL: material=-30430 pst=100 total=-30330
DEBUG: evaluate returned crazy score! stand_pat=30330
DEBUG EVAL: material=-30430 pst=135 total=-30295
DEBUG: evaluate returned crazy score! stand_pat=30295
DEBUG EVAL: material=-30430 pst=95 total=-30335
DEBUG: evaluate returned crazy score! stand_pat=30335
DEBUG EVAL: material=-30430 pst=95 total=-30335
DEBUG: evaluate returned crazy score! stand_pat=30335
DEBUG EVAL: material=-30430 pst=90 total=-30340
DEBUG: evaluate returned crazy score! stand_pat=30340
DEBUG EVAL: material=-30430 pst=100 total=-30330
DEBUG: evaluate returned crazy score! stand_pat=30330
DEBUG EVAL: material=-30430 pst=90 total=-30340
DEBUG: evaluate returned crazy score! stand_pat=30340
DEBUG EVAL: material=-30430 pst=90 total=-30340
DEBUG: evaluate returned crazy score! stand_pat=30340
DEBUG EVAL: material=-30430 pst=140 total=-30290
DEBUG: evaluate returned crazy score! stand_pat=30290
DEBUG EVAL: material=-30430 pst=100 total=-30330
DEBUG: evaluate returned crazy score! stand_pat=30330
DEBUG EVAL: material=-30430 pst=70 total=-30360
DEBUG: evaluate returned crazy score! stand_pat=30360
DEBUG EVAL: material=-30430 pst=70 total=-30360
DEBUG: evaluate returned crazy score! stand_pat=30360
DEBUG EVAL: material=-30430 pst=70 total=-30360
DEBUG: evaluate returned crazy score! stand_pat=30360
DEBUG EVAL: material=-30430 pst=70 total=-30360
DEBUG: evaluate returned crazy score! stand_pat=30360
DEBUG EVAL: material=-30430 pst=70 total=-30360
DEBUG: evaluate returned crazy score! stand_pat=30360
DEBUG EVAL: material=-30430 pst=70 total=-30360
DEBUG: evaluate returned crazy score! stand_pat=30360
DEBUG EVAL: material=-30430 pst=45 total=-30385
DEBUG: evaluate returned crazy score! stand_pat=30385
DEBUG EVAL: material=-30430 pst=55 total=-30375
DEBUG: evaluate returned crazy score! stand_pat=30375
DEBUG EVAL: material=-30430 pst=90 total=-30340
DEBUG: evaluate returned crazy score! stand_pat=30340
DEBUG EVAL: material=-30430 pst=95 total=-30335
DEBUG: evaluate returned crazy score! stand_pat=30335
DEBUG EVAL: material=-30430 pst=100 total=-30330
DEBUG: evaluate returned crazy score! stand_pat=30330
DEBUG EVAL: material=-30430 pst=105 total=-30325
DEBUG: evaluate returned crazy score! stand_pat=30325
DEBUG EVAL: material=-30430 pst=70 total=-30360
DEBUG: evaluate returned crazy score! stand_pat=30360
DEBUG EVAL: material=-30430 pst=70 total=-30360
DEBUG: evaluate returned crazy score! stand_pat=30360
DEBUG EVAL: material=-30430 pst=70 total=-30360
DEBUG: evaluate returned crazy score! stand_pat=30360
DEBUG EVAL: material=-30430 pst=70 total=-30360
DEBUG: evaluate returned crazy score! stand_pat=30360
DEBUG EVAL: material=-30430 pst=70 total=-30360
DEBUG: evaluate returned crazy score! stand_pat=30360
DEBUG EVAL: material=-30430 pst=70 total=-30360
DEBUG: evaluate returned crazy score! stand_pat=30360
DEBUG EVAL: material=-30430 pst=120 total=-30310
DEBUG: evaluate returned crazy score! stand_pat=30310
DEBUG EVAL: material=-30200 pst=105 total=-30095
DEBUG: evaluate returned crazy score! stand_pat=30095
DEBUG EVAL: material=-30200 pst=105 total=-30095
DEBUG: evaluate returned crazy score! stand_pat=30095
DEBUG EVAL: material=-30200 pst=85 total=-30115
DEBUG: evaluate returned crazy score! stand_pat=30115
DEBUG EVAL: material=-30200 pst=85 total=-30115
DEBUG: evaluate returned crazy score! stand_pat=30115
DEBUG EVAL: material=-30200 pst=85 total=-30115
DEBUG: evaluate returned crazy score! stand_pat=30115
DEBUG EVAL: material=-30200 pst=85 total=-30115
DEBUG: evaluate returned crazy score! stand_pat=30115
DEBUG EVAL: material=-30200 pst=85 total=-30115
DEBUG: evaluate returned crazy score! stand_pat=30115
DEBUG EVAL: material=-30200 pst=85 total=-30115
DEBUG: evaluate returned crazy score! stand_pat=30115
DEBUG EVAL: material=-30200 pst=60 total=-30140
DEBUG: evaluate returned crazy score! stand_pat=30140
DEBUG EVAL: material=-30200 pst=105 total=-30095
DEBUG: evaluate returned crazy score! stand_pat=30095
DEBUG EVAL: material=-30200 pst=110 total=-30090
DEBUG: evaluate returned crazy score! stand_pat=30090
DEBUG EVAL: material=-30200 pst=115 total=-30085
DEBUG: evaluate returned crazy score! stand_pat=30085
DEBUG EVAL: material=-30200 pst=120 total=-30080
DEBUG: evaluate returned crazy score! stand_pat=30080
DEBUG EVAL: material=-30200 pst=60 total=-30140
DEBUG: evaluate returned crazy score! stand_pat=30140
DEBUG EVAL: material=-30200 pst=110 total=-30090
DEBUG: evaluate returned crazy score! stand_pat=30090
DEBUG EVAL: material=-30200 pst=105 total=-30095
DEBUG: evaluate returned crazy score! stand_pat=30095
DEBUG EVAL: material=-30200 pst=120 total=-30080
DEBUG: evaluate returned crazy score! stand_pat=30080
DEBUG EVAL: material=-30200 pst=115 total=-30085
DEBUG: evaluate returned crazy score! stand_pat=30085
DEBUG EVAL: material=-30200 pst=85 total=-30115
DEBUG: evaluate returned crazy score! stand_pat=30115
DEBUG EVAL: material=-30200 pst=85 total=-30115
DEBUG: evaluate returned crazy score! stand_pat=30115
DEBUG EVAL: material=-30200 pst=85 total=-30115
DEBUG: evaluate returned crazy score! stand_pat=30115
DEBUG EVAL: material=-30200 pst=85 total=-30115
DEBUG: evaluate returned crazy score! stand_pat=30115
DEBUG EVAL: material=-30200 pst=85 total=-30115
DEBUG: evaluate returned crazy score! stand_pat=30115
DEBUG EVAL: material=-30200 pst=85 total=-30115
DEBUG: evaluate returned crazy score! stand_pat=30115
DEBUG EVAL: material=-30200 pst=65 total=-30135
DEBUG: evaluate returned crazy score! stand_pat=30135
DEBUG EVAL: material=-30200 pst=115 total=-30085
DEBUG: evaluate returned crazy score! stand_pat=30085
DEBUG EVAL: material=-30200 pst=75 total=-30125
DEBUG: evaluate returned crazy score! stand_pat=30125
DEBUG EVAL: material=-30200 pst=45 total=-30155
DEBUG: evaluate returned crazy score! stand_pat=30155
DEBUG EVAL: material=-30200 pst=45 total=-30155
DEBUG: evaluate returned crazy score! stand_pat=30155
DEBUG EVAL: material=-30200 pst=45 total=-30155
DEBUG: evaluate returned crazy score! stand_pat=30155
DEBUG EVAL: material=-30200 pst=45 total=-30155
DEBUG: evaluate returned crazy score! stand_pat=30155
DEBUG EVAL: material=-30200 pst=45 total=-30155
DEBUG: evaluate returned crazy score! stand_pat=30155
DEBUG EVAL: material=-30200 pst=45 total=-30155
DEBUG: evaluate returned crazy score! stand_pat=30155
DEBUG EVAL: material=-30200 pst=20 total=-30180
DEBUG: evaluate returned crazy score! stand_pat=30180
DEBUG EVAL: material=-30200 pst=65 total=-30135
DEBUG: evaluate returned crazy score! stand_pat=30135
DEBUG EVAL: material=-30200 pst=70 total=-30130
DEBUG: evaluate returned crazy score! stand_pat=30130
DEBUG EVAL: material=-30200 pst=75 total=-30125
DEBUG: evaluate returned crazy score! stand_pat=30125
DEBUG EVAL: material=-30200 pst=80 total=-30120
DEBUG: evaluate returned crazy score! stand_pat=30120
DEBUG EVAL: material=-30200 pst=60 total=-30140
DEBUG: evaluate returned crazy score! stand_pat=30140
DEBUG EVAL: material=-30200 pst=70 total=-30130
DEBUG: evaluate returned crazy score! stand_pat=30130
DEBUG EVAL: material=-30200 pst=70 total=-30130
DEBUG: evaluate returned crazy score! stand_pat=30130
DEBUG EVAL: material=-30200 pst=65 total=-30135
DEBUG: evaluate returned crazy score! stand_pat=30135
DEBUG EVAL: material=-30200 pst=55 total=-30145
DEBUG: evaluate returned crazy score! stand_pat=30145
DEBUG EVAL: material=-30200 pst=70 total=-30130
DEBUG: evaluate returned crazy score! stand_pat=30130
DEBUG EVAL: material=-30200 pst=65 total=-30135
DEBUG: evaluate returned crazy score! stand_pat=30135
DEBUG EVAL: material=-30200 pst=60 total=-30140
DEBUG: evaluate returned crazy score! stand_pat=30140
DEBUG EVAL: material=-30200 pst=70 total=-30130
DEBUG: evaluate returned crazy score! stand_pat=30130
DEBUG EVAL: material=-30200 pst=70 total=-30130
DEBUG: evaluate returned crazy score! stand_pat=30130
DEBUG EVAL: material=-30200 pst=70 total=-30130
DEBUG: evaluate returned crazy score! stand_pat=30130
DEBUG EVAL: material=-30200 pst=65 total=-30135
DEBUG: evaluate returned crazy score! stand_pat=30135
DEBUG EVAL: material=-30200 pst=45 total=-30155
DEBUG: evaluate returned crazy score! stand_pat=30155
DEBUG EVAL: material=-30200 pst=45 total=-30155
DEBUG: evaluate returned crazy score! stand_pat=30155
DEBUG EVAL: material=-30200 pst=45 total=-30155
DEBUG: evaluate returned crazy score! stand_pat=30155
DEBUG EVAL: material=-30200 pst=45 total=-30155
DEBUG: evaluate returned crazy score! stand_pat=30155
DEBUG EVAL: material=-30200 pst=45 total=-30155
DEBUG: evaluate returned crazy score! stand_pat=30155
DEBUG EVAL: material=-30200 pst=45 total=-30155
DEBUG: evaluate returned crazy score! stand_pat=30155
DEBUG EVAL: material=-30090 pst=90 total=-30000
DEBUG: evaluate returned crazy score! stand_pat=30000
DEBUG EVAL: material=-30320 pst=150 total=-30170
DEBUG: evaluate returned crazy score! stand_pat=30170
DEBUG EVAL: material=-30420 pst=130 total=-30290
DEBUG: evaluate returned crazy score! stand_pat=30290
DEBUG EVAL: material=-30420 pst=125 total=-30295
DEBUG: evaluate returned crazy score! stand_pat=30295
DEBUG EVAL: material=-30420 pst=120 total=-30300
DEBUG: evaluate returned crazy score! stand_pat=30300
DEBUG EVAL: material=-30420 pst=120 total=-30300
DEBUG: evaluate returned crazy score! stand_pat=30300
DEBUG EVAL: material=-30420 pst=130 total=-30290
DEBUG: evaluate returned crazy score! stand_pat=30290
DEBUG EVAL: material=-30420 pst=140 total=-30280
DEBUG: evaluate returned crazy score! stand_pat=30280
DEBUG EVAL: material=-30420 pst=140 total=-30280
DEBUG: evaluate returned crazy score! stand_pat=30280
DEBUG EVAL: material=-30420 pst=135 total=-30285
DEBUG: evaluate returned crazy score! stand_pat=30285
DEBUG EVAL: material=-30420 pst=120 total=-30300
DEBUG: evaluate returned crazy score! stand_pat=30300
DEBUG EVAL: material=-30420 pst=120 total=-30300
DEBUG: evaluate returned crazy score! stand_pat=30300
DEBUG EVAL: material=-30420 pst=100 total=-30320
DEBUG: evaluate returned crazy score! stand_pat=30320
DEBUG EVAL: material=-30420 pst=100 total=-30320
DEBUG: evaluate returned crazy score! stand_pat=30320
DEBUG EVAL: material=-30420 pst=100 total=-30320
DEBUG: evaluate returned crazy score! stand_pat=30320
DEBUG EVAL: material=-30420 pst=120 total=-30300
DEBUG: evaluate returned crazy score! stand_pat=30300
DEBUG EVAL: material=-30420 pst=100 total=-30320
DEBUG: evaluate returned crazy score! stand_pat=30320
DEBUG EVAL: material=-30420 pst=100 total=-30320
DEBUG: evaluate returned crazy score! stand_pat=30320
DEBUG EVAL: material=-30420 pst=75 total=-30345
DEBUG: evaluate returned crazy score! stand_pat=30345
DEBUG EVAL: material=-30420 pst=120 total=-30300
DEBUG: evaluate returned crazy score! stand_pat=30300
DEBUG EVAL: material=-30420 pst=125 total=-30295
DEBUG: evaluate returned crazy score! stand_pat=30295
DEBUG EVAL: material=-30420 pst=130 total=-30290
DEBUG: evaluate returned crazy score! stand_pat=30290
DEBUG EVAL: material=-30420 pst=135 total=-30285
DEBUG: evaluate returned crazy score! stand_pat=30285
DEBUG EVAL: material=-30420 pst=100 total=-30320
DEBUG: evaluate returned crazy score! stand_pat=30320
DEBUG EVAL: material=-30420 pst=100 total=-30320
DEBUG: evaluate returned crazy score! stand_pat=30320
DEBUG EVAL: material=-30420 pst=100 total=-30320
DEBUG: evaluate returned crazy score! stand_pat=30320
DEBUG EVAL: material=-30420 pst=100 total=-30320
DEBUG: evaluate returned crazy score! stand_pat=30320
DEBUG EVAL: material=-30420 pst=125 total=-30295
DEBUG: evaluate returned crazy score! stand_pat=30295
DEBUG EVAL: material=-30420 pst=150 total=-30270
DEBUG: evaluate returned crazy score! stand_pat=30270
DEBUG EVAL: material=-30420 pst=100 total=-30320
DEBUG: evaluate returned crazy score! stand_pat=30320
DEBUG EVAL: material=-30200 pst=50 total=-30150
DEBUG: evaluate returned crazy score! stand_pat=30150
DEBUG EVAL: material=-30200 pst=85 total=-30115
DEBUG: evaluate returned crazy score! stand_pat=30115
DEBUG EVAL: material=-30200 pst=45 total=-30155
DEBUG: evaluate returned crazy score! stand_pat=30155
DEBUG EVAL: material=-30200 pst=35 total=-30165
DEBUG: evaluate returned crazy score! stand_pat=30165
DEBUG EVAL: material=-30200 pst=45 total=-30155
DEBUG: evaluate returned crazy score! stand_pat=30155
DEBUG EVAL: material=-30200 pst=40 total=-30160
DEBUG: evaluate returned crazy score! stand_pat=30160
DEBUG EVAL: material=-30200 pst=40 total=-30160
DEBUG: evaluate returned crazy score! stand_pat=30160
DEBUG EVAL: material=-30200 pst=50 total=-30150
DEBUG: evaluate returned crazy score! stand_pat=30150
DEBUG EVAL: material=-30200 pst=60 total=-30140
DEBUG: evaluate returned crazy score! stand_pat=30140
DEBUG EVAL: material=-30200 pst=60 total=-30140
DEBUG: evaluate returned crazy score! stand_pat=30140
DEBUG EVAL: material=-30200 pst=55 total=-30145
DEBUG: evaluate returned crazy score! stand_pat=30145
DEBUG EVAL: material=-30200 pst=40 total=-30160
DEBUG: evaluate returned crazy score! stand_pat=30160
DEBUG EVAL: material=-30200 pst=40 total=-30160
DEBUG: evaluate returned crazy score! stand_pat=30160
DEBUG EVAL: material=-30200 pst=90 total=-30110
DEBUG: evaluate returned crazy score! stand_pat=30110
DEBUG EVAL: material=-30200 pst=50 total=-30150
DEBUG: evaluate returned crazy score! stand_pat=30150
DEBUG EVAL: material=-30200 pst=20 total=-30180
DEBUG: evaluate returned crazy score! stand_pat=30180
DEBUG EVAL: material=-30200 pst=20 total=-30180
DEBUG: evaluate returned crazy score! stand_pat=30180
DEBUG EVAL: material=-30200 pst=20 total=-30180
DEBUG: evaluate returned crazy score! stand_pat=30180
DEBUG EVAL: material=-30200 pst=20 total=-30180
DEBUG: evaluate returned crazy score! stand_pat=30180
DEBUG EVAL: material=-30200 pst=-5 total=-30205
DEBUG: evaluate returned crazy score! stand_pat=30205
DEBUG EVAL: material=-30200 pst=40 total=-30160
DEBUG: evaluate returned crazy score! stand_pat=30160
DEBUG EVAL: material=-30200 pst=45 total=-30155
DEBUG: evaluate returned crazy score! stand_pat=30155
DEBUG EVAL: material=-30200 pst=50 total=-30150
DEBUG: evaluate returned crazy score! stand_pat=30150
DEBUG EVAL: material=-30200 pst=55 total=-30145
DEBUG: evaluate returned crazy score! stand_pat=30145
DEBUG EVAL: material=-30200 pst=20 total=-30180
DEBUG: evaluate returned crazy score! stand_pat=30180
DEBUG EVAL: material=-30200 pst=20 total=-30180
DEBUG: evaluate returned crazy score! stand_pat=30180
DEBUG EVAL: material=-30200 pst=20 total=-30180
DEBUG: evaluate returned crazy score! stand_pat=30180
DEBUG EVAL: material=-30200 pst=20 total=-30180
DEBUG: evaluate returned crazy score! stand_pat=30180
DEBUG EVAL: material=-30200 pst=20 total=-30180
DEBUG: evaluate returned crazy score! stand_pat=30180
DEBUG EVAL: material=-30200 pst=20 total=-30180
DEBUG: evaluate returned crazy score! stand_pat=30180
DEBUG EVAL: material=-30200 pst=40 total=-30160
DEBUG: evaluate returned crazy score! stand_pat=30160
DEBUG EVAL: material=-30200 pst=50 total=-30150
DEBUG: evaluate returned crazy score! stand_pat=30150
DEBUG EVAL: material=-30200 pst=85 total=-30115
DEBUG: evaluate returned crazy score! stand_pat=30115
DEBUG EVAL: material=-30200 pst=35 total=-30165
DEBUG: evaluate returned crazy score! stand_pat=30165
DEBUG EVAL: material=-30200 pst=45 total=-30155
DEBUG: evaluate returned crazy score! stand_pat=30155
DEBUG EVAL: material=-30200 pst=35 total=-30165
DEBUG: evaluate returned crazy score! stand_pat=30165
DEBUG EVAL: material=-30200 pst=45 total=-30155
DEBUG: evaluate returned crazy score! stand_pat=30155
DEBUG EVAL: material=-30200 pst=40 total=-30160
DEBUG: evaluate returned crazy score! stand_pat=30160
DEBUG EVAL: material=-30200 pst=40 total=-30160
DEBUG: evaluate returned crazy score! stand_pat=30160
DEBUG EVAL: material=-30200 pst=50 total=-30150
DEBUG: evaluate returned crazy score! stand_pat=30150
DEBUG EVAL: material=-30200 pst=60 total=-30140
DEBUG: evaluate returned crazy score! stand_pat=30140
DEBUG EVAL: material=-30200 pst=60 total=-30140
DEBUG: evaluate returned crazy score! stand_pat=30140
DEBUG EVAL: material=-30200 pst=55 total=-30145
DEBUG: evaluate returned crazy score! stand_pat=30145
DEBUG EVAL: material=-30200 pst=40 total=-30160
DEBUG: evaluate returned crazy score! stand_pat=30160
DEBUG EVAL: material=-30200 pst=40 total=-30160
DEBUG: evaluate returned crazy score! stand_pat=30160
DEBUG EVAL: material=-30200 pst=90 total=-30110
DEBUG: evaluate returned crazy score! stand_pat=30110
DEBUG EVAL: material=-30200 pst=50 total=-30150
DEBUG: evaluate returned crazy score! stand_pat=30150
DEBUG EVAL: material=-30200 pst=20 total=-30180
DEBUG: evaluate returned crazy score! stand_pat=30180
DEBUG EVAL: material=-30200 pst=20 total=-30180
DEBUG: evaluate returned crazy score! stand_pat=30180
DEBUG EVAL: material=-30200 pst=20 total=-30180
DEBUG: evaluate returned crazy score! stand_pat=30180
DEBUG EVAL: material=-30200 pst=20 total=-30180
DEBUG: evaluate returned crazy score! stand_pat=30180
DEBUG EVAL: material=-30200 pst=-5 total=-30205
DEBUG: evaluate returned crazy score! stand_pat=30205
DEBUG EVAL: material=-30200 pst=40 total=-30160
DEBUG: evaluate returned crazy score! stand_pat=30160
DEBUG EVAL: material=-30200 pst=45 total=-30155
DEBUG: evaluate returned crazy score! stand_pat=30155
DEBUG EVAL: material=-30200 pst=50 total=-30150
DEBUG: evaluate returned crazy score! stand_pat=30150
DEBUG EVAL: material=-30200 pst=55 total=-30145
DEBUG: evaluate returned crazy score! stand_pat=30145
DEBUG EVAL: material=-30200 pst=20 total=-30180
DEBUG: evaluate returned crazy score! stand_pat=30180
DEBUG EVAL: material=-30200 pst=20 total=-30180
DEBUG: evaluate returned crazy score! stand_pat=30180
DEBUG EVAL: material=-30200 pst=20 total=-30180
DEBUG: evaluate returned crazy score! stand_pat=30180
DEBUG EVAL: material=-30200 pst=20 total=-30180
DEBUG: evaluate returned crazy score! stand_pat=30180
DEBUG EVAL: material=-30200 pst=20 total=-30180
DEBUG: evaluate returned crazy score! stand_pat=30180
DEBUG EVAL: material=-30200 pst=20 total=-30180
DEBUG: evaluate returned crazy score! stand_pat=30180
DEBUG EVAL: material=-30200 pst=65 total=-30135
DEBUG: evaluate returned crazy score! stand_pat=30135
DEBUG EVAL: material=-30200 pst=70 total=-30130
DEBUG: evaluate returned crazy score! stand_pat=30130
DEBUG EVAL: material=-30200 pst=105 total=-30095
DEBUG: evaluate returned crazy score! stand_pat=30095
DEBUG EVAL: material=-30200 pst=65 total=-30135
DEBUG: evaluate returned crazy score! stand_pat=30135
DEBUG EVAL: material=-30200 pst=65 total=-30135
DEBUG: evaluate returned crazy score! stand_pat=30135
DEBUG EVAL: material=-30200 pst=60 total=-30140
DEBUG: evaluate returned crazy score! stand_pat=30140
DEBUG EVAL: material=-30200 pst=60 total=-30140
DEBUG: evaluate returned crazy score! stand_pat=30140
DEBUG EVAL: material=-30200 pst=70 total=-30130
DEBUG: evaluate returned crazy score! stand_pat=30130
DEBUG EVAL: material=-30200 pst=80 total=-30120
DEBUG: evaluate returned crazy score! stand_pat=30120
DEBUG EVAL: material=-30200 pst=80 total=-30120
DEBUG: evaluate returned crazy score! stand_pat=30120
DEBUG EVAL: material=-30200 pst=75 total=-30125
DEBUG: evaluate returned crazy score! stand_pat=30125
DEBUG EVAL: material=-30200 pst=60 total=-30140
DEBUG: evaluate returned crazy score! stand_pat=30140
DEBUG EVAL: material=-30200 pst=60 total=-30140
DEBUG: evaluate returned crazy score! stand_pat=30140
DEBUG EVAL: material=-30200 pst=110 total=-30090
DEBUG: evaluate returned crazy score! stand_pat=30090
DEBUG EVAL: material=-30200 pst=70 total=-30130
DEBUG: evaluate returned crazy score! stand_pat=30130
DEBUG EVAL: material=-30200 pst=40 total=-30160
DEBUG: evaluate returned crazy score! stand_pat=30160
DEBUG EVAL: material=-30200 pst=40 total=-30160
DEBUG: evaluate returned crazy score! stand_pat=30160
DEBUG EVAL: material=-30200 pst=40 total=-30160
DEBUG: evaluate returned crazy score! stand_pat=30160
DEBUG EVAL: material=-30200 pst=40 total=-30160
DEBUG: evaluate returned crazy score! stand_pat=30160
DEBUG EVAL: material=-30200 pst=40 total=-30160
DEBUG: evaluate returned crazy score! stand_pat=30160
DEBUG EVAL: material=-30200 pst=40 total=-30160
DEBUG: evaluate returned crazy score! stand_pat=30160
DEBUG EVAL: material=-30200 pst=60 total=-30140
DEBUG: evaluate returned crazy score! stand_pat=30140
DEBUG EVAL: material=-30200 pst=65 total=-30135
DEBUG: evaluate returned crazy score! stand_pat=30135
DEBUG EVAL: material=-30200 pst=70 total=-30130
DEBUG: evaluate returned crazy score! stand_pat=30130
DEBUG EVAL: material=-30200 pst=75 total=-30125
DEBUG: evaluate returned crazy score! stand_pat=30125
DEBUG EVAL: material=-30200 pst=40 total=-30160
DEBUG: evaluate returned crazy score! stand_pat=30160
DEBUG EVAL: material=-30200 pst=40 total=-30160
DEBUG: evaluate returned crazy score! stand_pat=30160
DEBUG EVAL: material=-30200 pst=40 total=-30160
DEBUG: evaluate returned crazy score! stand_pat=30160
DEBUG EVAL: material=-30200 pst=40 total=-30160
DEBUG: evaluate returned crazy score! stand_pat=30160
DEBUG EVAL: material=-30200 pst=40 total=-30160
DEBUG: evaluate returned crazy score! stand_pat=30160
DEBUG EVAL: material=-30200 pst=40 total=-30160
DEBUG: evaluate returned crazy score! stand_pat=30160
DEBUG EVAL: material=-30200 pst=50 total=-30150
DEBUG: evaluate returned crazy score! stand_pat=30150
DEBUG EVAL: material=-30200 pst=85 total=-30115
DEBUG: evaluate returned crazy score! stand_pat=30115
DEBUG EVAL: material=-30200 pst=40 total=-30160
DEBUG: evaluate returned crazy score! stand_pat=30160
DEBUG EVAL: material=-30200 pst=45 total=-30155
DEBUG: evaluate returned crazy score! stand_pat=30155
DEBUG EVAL: material=-30200 pst=55 total=-30145
DEBUG: evaluate returned crazy score! stand_pat=30145
DEBUG EVAL: material=-30200 pst=45 total=-30155
DEBUG: evaluate returned crazy score! stand_pat=30155
DEBUG EVAL: material=-30200 pst=40 total=-30160
DEBUG: evaluate returned crazy score! stand_pat=30160
DEBUG EVAL: material=-30200 pst=40 total=-30160
DEBUG: evaluate returned crazy score! stand_pat=30160
DEBUG EVAL: material=-30200 pst=50 total=-30150
DEBUG: evaluate returned crazy score! stand_pat=30150
DEBUG EVAL: material=-30200 pst=60 total=-30140
DEBUG: evaluate returned crazy score! stand_pat=30140
DEBUG EVAL: material=-30200 pst=60 total=-30140
DEBUG: evaluate returned crazy score! stand_pat=30140
DEBUG EVAL: material=-30200 pst=55 total=-30145
DEBUG: evaluate returned crazy score! stand_pat=30145
DEBUG EVAL: material=-30200 pst=40 total=-30160
DEBUG: evaluate returned crazy score! stand_pat=30160
DEBUG EVAL: material=-30200 pst=40 total=-30160
DEBUG: evaluate returned crazy score! stand_pat=30160
DEBUG EVAL: material=-30200 pst=90 total=-30110
DEBUG: evaluate returned crazy score! stand_pat=30110
DEBUG EVAL: material=-30200 pst=50 total=-30150
DEBUG: evaluate returned crazy score! stand_pat=30150
DEBUG EVAL: material=-30200 pst=20 total=-30180
DEBUG: evaluate returned crazy score! stand_pat=30180
DEBUG EVAL: material=-30200 pst=20 total=-30180
DEBUG: evaluate returned crazy score! stand_pat=30180
DEBUG EVAL: material=-30200 pst=20 total=-30180
DEBUG: evaluate returned crazy score! stand_pat=30180
DEBUG EVAL: material=-30200 pst=20 total=-30180
DEBUG: evaluate returned crazy score! stand_pat=30180
DEBUG EVAL: material=-30200 pst=-5 total=-30205
DEBUG: evaluate returned crazy score! stand_pat=30205
DEBUG EVAL: material=-30200 pst=40 total=-30160
DEBUG: evaluate returned crazy score! stand_pat=30160
DEBUG EVAL: material=-30200 pst=45 total=-30155
DEBUG: evaluate returned crazy score! stand_pat=30155
DEBUG EVAL: material=-30200 pst=50 total=-30150
DEBUG: evaluate returned crazy score! stand_pat=30150
DEBUG EVAL: material=-30200 pst=55 total=-30145
DEBUG: evaluate returned crazy score! stand_pat=30145
DEBUG EVAL: material=-30200 pst=20 total=-30180
DEBUG: evaluate returned crazy score! stand_pat=30180
DEBUG EVAL: material=-30200 pst=20 total=-30180
DEBUG: evaluate returned crazy score! stand_pat=30180
DEBUG EVAL: material=-30200 pst=20 total=-30180
DEBUG: evaluate returned crazy score! stand_pat=30180
DEBUG EVAL: material=-30200 pst=20 total=-30180
DEBUG: evaluate returned crazy score! stand_pat=30180
DEBUG EVAL: material=-30200 pst=20 total=-30180
DEBUG: evaluate returned crazy score! stand_pat=30180
DEBUG EVAL: material=-30200 pst=20 total=-30180
DEBUG: evaluate returned crazy score! stand_pat=30180
DEBUG EVAL: material=-30200 pst=65 total=-30135
DEBUG: evaluate returned crazy score! stand_pat=30135
DEBUG EVAL: material=-30200 pst=50 total=-30150
DEBUG: evaluate returned crazy score! stand_pat=30150
DEBUG EVAL: material=-30200 pst=85 total=-30115
DEBUG: evaluate returned crazy score! stand_pat=30115
DEBUG EVAL: material=-30200 pst=50 total=-30150
DEBUG: evaluate returned crazy score! stand_pat=30150
DEBUG EVAL: material=-30200 pst=45 total=-30155
DEBUG: evaluate returned crazy score! stand_pat=30155
DEBUG EVAL: material=-30200 pst=45 total=-30155
DEBUG: evaluate returned crazy score! stand_pat=30155
DEBUG EVAL: material=-30200 pst=50 total=-30150
DEBUG: evaluate returned crazy score! stand_pat=30150
DEBUG EVAL: material=-30200 pst=45 total=-30155
DEBUG: evaluate returned crazy score! stand_pat=30155
DEBUG EVAL: material=-30200 pst=40 total=-30160
DEBUG: evaluate returned crazy score! stand_pat=30160
DEBUG EVAL: material=-30200 pst=40 total=-30160
DEBUG: evaluate returned crazy score! stand_pat=30160
DEBUG EVAL: material=-30200 pst=50 total=-30150
DEBUG: evaluate returned crazy score! stand_pat=30150
DEBUG EVAL: material=-30200 pst=60 total=-30140
DEBUG: evaluate returned crazy score! stand_pat=30140
DEBUG EVAL: material=-30200 pst=60 total=-30140
DEBUG: evaluate returned crazy score! stand_pat=30140
DEBUG EVAL: material=-30200 pst=55 total=-30145
DEBUG: evaluate returned crazy score! stand_pat=30145
DEBUG EVAL: material=-30200 pst=40 total=-30160
DEBUG: evaluate returned crazy score! stand_pat=30160
DEBUG EVAL: material=-30200 pst=40 total=-30160
DEBUG: evaluate returned crazy score! stand_pat=30160
DEBUG EVAL: material=-30200 pst=90 total=-30110
DEBUG: evaluate returned crazy score! stand_pat=30110
DEBUG EVAL: material=-30200 pst=50 total=-30150
DEBUG: evaluate returned crazy score! stand_pat=30150
DEBUG EVAL: material=-30200 pst=20 total=-30180
DEBUG: evaluate returned crazy score! stand_pat=30180
DEBUG EVAL: material=-30200 pst=20 total=-30180
DEBUG: evaluate returned crazy score! stand_pat=30180
DEBUG EVAL: material=-30200 pst=20 total=-30180
DEBUG: evaluate returned crazy score! stand_pat=30180
DEBUG EVAL: material=-30200 pst=20 total=-30180
DEBUG: evaluate returned crazy score! stand_pat=30180
DEBUG EVAL: material=-30200 pst=-5 total=-30205
DEBUG: evaluate returned crazy score! stand_pat=30205
DEBUG EVAL: material=-30200 pst=40 total=-30160
DEBUG: evaluate returned crazy score! stand_pat=30160
DEBUG EVAL: material=-30200 pst=45 total=-30155
DEBUG: evaluate returned crazy score! stand_pat=30155
DEBUG EVAL: material=-30200 pst=50 total=-30150
DEBUG: evaluate returned crazy score! stand_pat=30150
DEBUG EVAL: material=-30200 pst=55 total=-30145
DEBUG: evaluate returned crazy score! stand_pat=30145
DEBUG EVAL: material=-30200 pst=20 total=-30180
DEBUG: evaluate returned crazy score! stand_pat=30180
DEBUG EVAL: material=-30200 pst=20 total=-30180
DEBUG: evaluate returned crazy score! stand_pat=30180
DEBUG EVAL: material=-30200 pst=20 total=-30180
DEBUG: evaluate returned crazy score! stand_pat=30180
DEBUG EVAL: material=-30200 pst=20 total=-30180
DEBUG: evaluate returned crazy score! stand_pat=30180
DEBUG EVAL: material=-30200 pst=20 total=-30180
DEBUG: evaluate returned crazy score! stand_pat=30180
DEBUG EVAL: material=-30200 pst=20 total=-30180
DEBUG: evaluate returned crazy score! stand_pat=30180
DEBUG EVAL: material=-30200 pst=40 total=-30160
DEBUG: evaluate returned crazy score! stand_pat=30160
DEBUG EVAL: material=-30200 pst=50 total=-30150
DEBUG: evaluate returned crazy score! stand_pat=30150
DEBUG EVAL: material=-30200 pst=85 total=-30115
DEBUG: evaluate returned crazy score! stand_pat=30115
DEBUG EVAL: material=-30200 pst=50 total=-30150
DEBUG: evaluate returned crazy score! stand_pat=30150
DEBUG EVAL: material=-30200 pst=45 total=-30155
DEBUG: evaluate returned crazy score! stand_pat=30155
DEBUG EVAL: material=-30200 pst=45 total=-30155
DEBUG: evaluate returned crazy score! stand_pat=30155
DEBUG EVAL: material=-30200 pst=50 total=-30150
DEBUG: evaluate returned crazy score! stand_pat=30150
DEBUG EVAL: material=-30200 pst=45 total=-30155
DEBUG: evaluate returned crazy score! stand_pat=30155
DEBUG EVAL: material=-30200 pst=40 total=-30160
DEBUG: evaluate returned crazy score! stand_pat=30160
DEBUG EVAL: material=-30200 pst=40 total=-30160
DEBUG: evaluate returned crazy score! stand_pat=30160
DEBUG EVAL: material=-30200 pst=50 total=-30150
DEBUG: evaluate returned crazy score! stand_pat=30150
DEBUG EVAL: material=-30200 pst=60 total=-30140
DEBUG: evaluate returned crazy score! stand_pat=30140
DEBUG EVAL: material=-30200 pst=40 total=-30160
DEBUG: evaluate returned crazy score! stand_pat=30160
DEBUG EVAL: material=-30200 pst=90 total=-30110
DEBUG: evaluate returned crazy score! stand_pat=30110
DEBUG EVAL: material=-30200 pst=50 total=-30150
DEBUG: evaluate returned crazy score! stand_pat=30150
DEBUG EVAL: material=-30200 pst=20 total=-30180
DEBUG: evaluate returned crazy score! stand_pat=30180
DEBUG EVAL: material=-30200 pst=20 total=-30180
DEBUG: evaluate returned crazy score! stand_pat=30180
DEBUG EVAL: material=-30200 pst=20 total=-30180
DEBUG: evaluate returned crazy score! stand_pat=30180
DEBUG EVAL: material=-30200 pst=20 total=-30180
DEBUG: evaluate returned crazy score! stand_pat=30180
DEBUG EVAL: material=-30200 pst=-5 total=-30205
DEBUG: evaluate returned crazy score! stand_pat=30205
DEBUG EVAL: material=-30200 pst=40 total=-30160
DEBUG: evaluate returned crazy score! stand_pat=30160
DEBUG EVAL: material=-30200 pst=45 total=-30155
DEBUG: evaluate returned crazy score! stand_pat=30155
DEBUG EVAL: material=-30200 pst=55 total=-30145
DEBUG: evaluate returned crazy score! stand_pat=30145
DEBUG EVAL: material=-30200 pst=20 total=-30180
DEBUG: evaluate returned crazy score! stand_pat=30180
DEBUG EVAL: material=-30200 pst=20 total=-30180
DEBUG: evaluate returned crazy score! stand_pat=30180
DEBUG EVAL: material=-30200 pst=20 total=-30180
DEBUG: evaluate returned crazy score! stand_pat=30180
DEBUG EVAL: material=-30200 pst=20 total=-30180
DEBUG: evaluate returned crazy score! stand_pat=30180
DEBUG EVAL: material=-30200 pst=20 total=-30180
DEBUG: evaluate returned crazy score! stand_pat=30180
DEBUG EVAL: material=-30200 pst=20 total=-30180
DEBUG: evaluate returned crazy score! stand_pat=30180
DEBUG EVAL: material=-30200 pst=70 total=-30130
DEBUG: evaluate returned crazy score! stand_pat=30130
DEBUG EVAL: material=-30200 pst=25 total=-30175
DEBUG: evaluate returned crazy score! stand_pat=30175
DEBUG EVAL: material=-30200 pst=60 total=-30140
DEBUG: evaluate returned crazy score! stand_pat=30140
DEBUG EVAL: material=-30200 pst=65 total=-30135
DEBUG: evaluate returned crazy score! stand_pat=30135
DEBUG EVAL: material=-30200 pst=25 total=-30175
DEBUG: evaluate returned crazy score! stand_pat=30175
DEBUG EVAL: material=-30200 pst=35 total=-30165
DEBUG: evaluate returned crazy score! stand_pat=30165
DEBUG EVAL: material=-30200 pst=35 total=-30165
DEBUG: evaluate returned crazy score! stand_pat=30165
DEBUG EVAL: material=-30200 pst=30 total=-30170
DEBUG: evaluate returned crazy score! stand_pat=30170
DEBUG EVAL: material=-30200 pst=15 total=-30185
DEBUG: evaluate returned crazy score! stand_pat=30185
DEBUG EVAL: material=-30200 pst=20 total=-30180
DEBUG: evaluate returned crazy score! stand_pat=30180
DEBUG EVAL: material=-30200 pst=25 total=-30175
DEBUG: evaluate returned crazy score! stand_pat=30175
DEBUG EVAL: material=-30200 pst=20 total=-30180
DEBUG: evaluate returned crazy score! stand_pat=30180
DEBUG EVAL: material=-30200 pst=15 total=-30185
DEBUG: evaluate returned crazy score! stand_pat=30185
DEBUG EVAL: material=-30200 pst=20 total=-30180
DEBUG: evaluate returned crazy score! stand_pat=30180
DEBUG EVAL: material=-30200 pst=25 total=-30175
DEBUG: evaluate returned crazy score! stand_pat=30175
DEBUG EVAL: material=-30200 pst=25 total=-30175
DEBUG: evaluate returned crazy score! stand_pat=30175
DEBUG EVAL: material=-30200 pst=25 total=-30175
DEBUG: evaluate returned crazy score! stand_pat=30175
DEBUG EVAL: material=-30200 pst=25 total=-30175
DEBUG: evaluate returned crazy score! stand_pat=30175
DEBUG EVAL: material=-30200 pst=20 total=-30180
DEBUG: evaluate returned crazy score! stand_pat=30180
DEBUG EVAL: material=-30200 pst=15 total=-30185
DEBUG: evaluate returned crazy score! stand_pat=30185
DEBUG EVAL: material=-30200 pst=15 total=-30185
DEBUG: evaluate returned crazy score! stand_pat=30185
DEBUG EVAL: material=-30200 pst=15 total=-30185
DEBUG: evaluate returned crazy score! stand_pat=30185
DEBUG EVAL: material=-30200 pst=25 total=-30175
DEBUG: evaluate returned crazy score! stand_pat=30175
DEBUG EVAL: material=-30200 pst=35 total=-30165
DEBUG: evaluate returned crazy score! stand_pat=30165
DEBUG EVAL: material=-30200 pst=35 total=-30165
DEBUG: evaluate returned crazy score! stand_pat=30165
DEBUG EVAL: material=-30200 pst=30 total=-30170
DEBUG: evaluate returned crazy score! stand_pat=30170
DEBUG EVAL: material=-30200 pst=15 total=-30185
DEBUG: evaluate returned crazy score! stand_pat=30185
DEBUG EVAL: material=-30200 pst=60 total=-30140
DEBUG: evaluate returned crazy score! stand_pat=30140
DEBUG EVAL: material=-30200 pst=65 total=-30135
DEBUG: evaluate returned crazy score! stand_pat=30135
DEBUG EVAL: material=-30200 pst=25 total=-30175
DEBUG: evaluate returned crazy score! stand_pat=30175
DEBUG EVAL: material=-30200 pst=-5 total=-30205
DEBUG: evaluate returned crazy score! stand_pat=30205
DEBUG EVAL: material=-30200 pst=-5 total=-30205
DEBUG: evaluate returned crazy score! stand_pat=30205
DEBUG EVAL: material=-30200 pst=-5 total=-30205
DEBUG: evaluate returned crazy score! stand_pat=30205
DEBUG EVAL: material=-30200 pst=-5 total=-30205
DEBUG: evaluate returned crazy score! stand_pat=30205
DEBUG EVAL: material=-30200 pst=-5 total=-30205
DEBUG: evaluate returned crazy score! stand_pat=30205
DEBUG EVAL: material=-30200 pst=-5 total=-30205
DEBUG: evaluate returned crazy score! stand_pat=30205
DEBUG EVAL: material=-30200 pst=-5 total=-30205
DEBUG: evaluate returned crazy score! stand_pat=30205
DEBUG EVAL: material=-30200 pst=-5 total=-30205
DEBUG: evaluate returned crazy score! stand_pat=30205
DEBUG EVAL: material=-30200 pst=-5 total=-30205
DEBUG: evaluate returned crazy score! stand_pat=30205
DEBUG EVAL: material=-30200 pst=-5 total=-30205
DEBUG: evaluate returned crazy score! stand_pat=30205
DEBUG EVAL: material=-30200 pst=-5 total=-30205
DEBUG: evaluate returned crazy score! stand_pat=30205
DEBUG EVAL: material=-30200 pst=-5 total=-30205
DEBUG: evaluate returned crazy score! stand_pat=30205
DEBUG EVAL: material=-30090 pst=45 total=-30045
DEBUG: evaluate returned crazy score! stand_pat=30045
DEBUG EVAL: material=-30090 pst=45 total=-30045
DEBUG: evaluate returned crazy score! stand_pat=30045
DEBUG EVAL: material=-30320 pst=95 total=-30225
DEBUG: evaluate returned crazy score! stand_pat=30225
DEBUG EVAL: material=-30420 pst=75 total=-30345
DEBUG: evaluate returned crazy score! stand_pat=30345
DEBUG EVAL: material=-30420 pst=110 total=-30310
DEBUG: evaluate returned crazy score! stand_pat=30310
DEBUG EVAL: material=-30420 pst=65 total=-30355
DEBUG: evaluate returned crazy score! stand_pat=30355
DEBUG EVAL: material=-30420 pst=70 total=-30350
DEBUG: evaluate returned crazy score! stand_pat=30350
DEBUG EVAL: material=-30420 pst=80 total=-30340
DEBUG: evaluate returned crazy score! stand_pat=30340
DEBUG EVAL: material=-30420 pst=70 total=-30350
DEBUG: evaluate returned crazy score! stand_pat=30350
DEBUG EVAL: material=-30420 pst=65 total=-30355
DEBUG: evaluate returned crazy score! stand_pat=30355
DEBUG EVAL: material=-30420 pst=70 total=-30350
DEBUG: evaluate returned crazy score! stand_pat=30350
DEBUG EVAL: material=-30420 pst=75 total=-30345
DEBUG: evaluate returned crazy score! stand_pat=30345
DEBUG EVAL: material=-30420 pst=75 total=-30345
DEBUG: evaluate returned crazy score! stand_pat=30345
DEBUG EVAL: material=-30420 pst=75 total=-30345
DEBUG: evaluate returned crazy score! stand_pat=30345
DEBUG EVAL: material=-30420 pst=75 total=-30345
DEBUG: evaluate returned crazy score! stand_pat=30345
DEBUG EVAL: material=-30420 pst=70 total=-30350
DEBUG: evaluate returned crazy score! stand_pat=30350
DEBUG EVAL: material=-30420 pst=65 total=-30355
DEBUG: evaluate returned crazy score! stand_pat=30355
DEBUG EVAL: material=-30420 pst=65 total=-30355
DEBUG: evaluate returned crazy score! stand_pat=30355
DEBUG EVAL: material=-30420 pst=65 total=-30355
DEBUG: evaluate returned crazy score! stand_pat=30355
DEBUG EVAL: material=-30420 pst=75 total=-30345
DEBUG: evaluate returned crazy score! stand_pat=30345
DEBUG EVAL: material=-30420 pst=65 total=-30355
DEBUG: evaluate returned crazy score! stand_pat=30355
DEBUG EVAL: material=-30420 pst=85 total=-30335
DEBUG: evaluate returned crazy score! stand_pat=30335
DEBUG EVAL: material=-30420 pst=80 total=-30340
DEBUG: evaluate returned crazy score! stand_pat=30340
DEBUG EVAL: material=-30420 pst=65 total=-30355
DEBUG: evaluate returned crazy score! stand_pat=30355
DEBUG EVAL: material=-30420 pst=85 total=-30335
DEBUG: evaluate returned crazy score! stand_pat=30335
DEBUG EVAL: material=-30420 pst=115 total=-30305
DEBUG: evaluate returned crazy score! stand_pat=30305
DEBUG EVAL: material=-30420 pst=75 total=-30345
DEBUG: evaluate returned crazy score! stand_pat=30345
DEBUG EVAL: material=-30420 pst=45 total=-30375
DEBUG: evaluate returned crazy score! stand_pat=30375
DEBUG EVAL: material=-30420 pst=45 total=-30375
DEBUG: evaluate returned crazy score! stand_pat=30375
DEBUG EVAL: material=-30420 pst=85 total=-30335
DEBUG: evaluate returned crazy score! stand_pat=30335
DEBUG EVAL: material=-30420 pst=45 total=-30375
DEBUG: evaluate returned crazy score! stand_pat=30375
DEBUG EVAL: material=-30420 pst=45 total=-30375
DEBUG: evaluate returned crazy score! stand_pat=30375
DEBUG EVAL: material=-30420 pst=75 total=-30345
DEBUG: evaluate returned crazy score! stand_pat=30345
DEBUG EVAL: material=-30420 pst=45 total=-30375
DEBUG: evaluate returned crazy score! stand_pat=30375
DEBUG EVAL: material=-30420 pst=45 total=-30375
DEBUG: evaluate returned crazy score! stand_pat=30375
DEBUG EVAL: material=-30420 pst=45 total=-30375
DEBUG: evaluate returned crazy score! stand_pat=30375
DEBUG EVAL: material=-30420 pst=45 total=-30375
DEBUG: evaluate returned crazy score! stand_pat=30375
DEBUG EVAL: material=-30420 pst=45 total=-30375
DEBUG: evaluate returned crazy score! stand_pat=30375
DEBUG EVAL: material=-30420 pst=45 total=-30375
DEBUG: evaluate returned crazy score! stand_pat=30375
DEBUG EVAL: material=-30420 pst=95 total=-30325
DEBUG: evaluate returned crazy score! stand_pat=30325
DEBUG EVAL: material=-30420 pst=85 total=-30335
DEBUG: evaluate returned crazy score! stand_pat=30335
DEBUG EVAL: material=-30200 pst=110 total=-30090
DEBUG: evaluate returned crazy score! stand_pat=30090
DEBUG EVAL: material=-30200 pst=75 total=-30125
DEBUG: evaluate returned crazy score! stand_pat=30125
DEBUG EVAL: material=-30200 pst=85 total=-30115
DEBUG: evaluate returned crazy score! stand_pat=30115
DEBUG EVAL: material=-30200 pst=85 total=-30115
DEBUG: evaluate returned crazy score! stand_pat=30115
DEBUG EVAL: material=-30200 pst=80 total=-30120
DEBUG: evaluate returned crazy score! stand_pat=30120
DEBUG EVAL: material=-30200 pst=65 total=-30135
DEBUG: evaluate returned crazy score! stand_pat=30135
DEBUG EVAL: material=-30200 pst=70 total=-30130
DEBUG: evaluate returned crazy score! stand_pat=30130
DEBUG EVAL: material=-30200 pst=70 total=-30130
DEBUG: evaluate returned crazy score! stand_pat=30130
DEBUG EVAL: material=-30200 pst=75 total=-30125
DEBUG: evaluate returned crazy score! stand_pat=30125
DEBUG EVAL: material=-30200 pst=75 total=-30125
DEBUG: evaluate returned crazy score! stand_pat=30125
DEBUG EVAL: material=-30200 pst=75 total=-30125
DEBUG: evaluate returned crazy score! stand_pat=30125
DEBUG EVAL: material=-30200 pst=75 total=-30125
DEBUG: evaluate returned crazy score! stand_pat=30125
DEBUG EVAL: material=-30200 pst=70 total=-30130
DEBUG: evaluate returned crazy score! stand_pat=30130
DEBUG EVAL: material=-30200 pst=65 total=-30135
DEBUG: evaluate returned crazy score! stand_pat=30135
DEBUG EVAL: material=-30200 pst=65 total=-30135
DEBUG: evaluate returned crazy score! stand_pat=30135
DEBUG EVAL: material=-30200 pst=65 total=-30135
DEBUG: evaluate returned crazy score! stand_pat=30135
DEBUG EVAL: material=-30200 pst=75 total=-30125
DEBUG: evaluate returned crazy score! stand_pat=30125
DEBUG EVAL: material=-30200 pst=85 total=-30115
DEBUG: evaluate returned crazy score! stand_pat=30115
DEBUG EVAL: material=-30200 pst=85 total=-30115
DEBUG: evaluate returned crazy score! stand_pat=30115
DEBUG EVAL: material=-30200 pst=80 total=-30120
DEBUG: evaluate returned crazy score! stand_pat=30120
DEBUG EVAL: material=-30200 pst=65 total=-30135
DEBUG: evaluate returned crazy score! stand_pat=30135
DEBUG EVAL: material=-30200 pst=65 total=-30135
DEBUG: evaluate returned crazy score! stand_pat=30135
DEBUG EVAL: material=-30200 pst=75 total=-30125
DEBUG: evaluate returned crazy score! stand_pat=30125
DEBUG EVAL: material=-30200 pst=45 total=-30155
DEBUG: evaluate returned crazy score! stand_pat=30155
DEBUG EVAL: material=-30200 pst=45 total=-30155
DEBUG: evaluate returned crazy score! stand_pat=30155
DEBUG EVAL: material=-30200 pst=45 total=-30155
DEBUG: evaluate returned crazy score! stand_pat=30155
DEBUG EVAL: material=-30200 pst=45 total=-30155
DEBUG: evaluate returned crazy score! stand_pat=30155
DEBUG EVAL: material=-30200 pst=45 total=-30155
DEBUG: evaluate returned crazy score! stand_pat=30155
DEBUG EVAL: material=-30200 pst=45 total=-30155
DEBUG: evaluate returned crazy score! stand_pat=30155
DEBUG EVAL: material=-30200 pst=45 total=-30155
DEBUG: evaluate returned crazy score! stand_pat=30155
DEBUG EVAL: material=-30200 pst=45 total=-30155
DEBUG: evaluate returned crazy score! stand_pat=30155
DEBUG EVAL: material=-30200 pst=45 total=-30155
DEBUG: evaluate returned crazy score! stand_pat=30155
DEBUG EVAL: material=-30200 pst=45 total=-30155
DEBUG: evaluate returned crazy score! stand_pat=30155
DEBUG EVAL: material=-30200 pst=60 total=-30140
DEBUG: evaluate returned crazy score! stand_pat=30140
DEBUG EVAL: material=-30200 pst=75 total=-30125
DEBUG: evaluate returned crazy score! stand_pat=30125
DEBUG EVAL: material=-30200 pst=25 total=-30175
DEBUG: evaluate returned crazy score! stand_pat=30175
DEBUG EVAL: material=-30200 pst=75 total=-30125
DEBUG: evaluate returned crazy score! stand_pat=30125
DEBUG EVAL: material=-30200 pst=60 total=-30140
DEBUG: evaluate returned crazy score! stand_pat=30140
DEBUG EVAL: material=-30090 pst=85 total=-30005
DEBUG: evaluate returned crazy score! stand_pat=30005
DEBUG EVAL: material=-30320 pst=90 total=-30230
DEBUG: evaluate returned crazy score! stand_pat=30230
DEBUG EVAL: material=-30420 pst=70 total=-30350
DEBUG: evaluate returned crazy score! stand_pat=30350
DEBUG EVAL: material=-30420 pst=105 total=-30315
DEBUG: evaluate returned crazy score! stand_pat=30315
DEBUG EVAL: material=-30420 pst=75 total=-30345
DEBUG: evaluate returned crazy score! stand_pat=30345
DEBUG EVAL: material=-30420 pst=60 total=-30360
DEBUG: evaluate returned crazy score! stand_pat=30360
DEBUG EVAL: material=-30420 pst=65 total=-30355
DEBUG: evaluate returned crazy score! stand_pat=30355
DEBUG EVAL: material=-30420 pst=80 total=-30340
DEBUG: evaluate returned crazy score! stand_pat=30340
DEBUG EVAL: material=-30420 pst=65 total=-30355
DEBUG: evaluate returned crazy score! stand_pat=30355
DEBUG EVAL: material=-30420 pst=60 total=-30360
DEBUG: evaluate returned crazy score! stand_pat=30360
DEBUG EVAL: material=-30420 pst=65 total=-30355
DEBUG: evaluate returned crazy score! stand_pat=30355
DEBUG EVAL: material=-30420 pst=70 total=-30350
DEBUG: evaluate returned crazy score! stand_pat=30350
DEBUG EVAL: material=-30420 pst=70 total=-30350
DEBUG: evaluate returned crazy score! stand_pat=30350
DEBUG EVAL: material=-30420 pst=70 total=-30350
DEBUG: evaluate returned crazy score! stand_pat=30350
DEBUG EVAL: material=-30420 pst=70 total=-30350
DEBUG: evaluate returned crazy score! stand_pat=30350
DEBUG EVAL: material=-30420 pst=65 total=-30355
DEBUG: evaluate returned crazy score! stand_pat=30355
DEBUG EVAL: material=-30420 pst=60 total=-30360
DEBUG: evaluate returned crazy score! stand_pat=30360
DEBUG EVAL: material=-30420 pst=60 total=-30360
DEBUG: evaluate returned crazy score! stand_pat=30360
DEBUG EVAL: material=-30420 pst=60 total=-30360
DEBUG: evaluate returned crazy score! stand_pat=30360
DEBUG EVAL: material=-30420 pst=80 total=-30340
DEBUG: evaluate returned crazy score! stand_pat=30340
DEBUG EVAL: material=-30420 pst=80 total=-30340
DEBUG: evaluate returned crazy score! stand_pat=30340
DEBUG EVAL: material=-30420 pst=70 total=-30350
DEBUG: evaluate returned crazy score! stand_pat=30350
DEBUG EVAL: material=-30420 pst=110 total=-30310
DEBUG: evaluate returned crazy score! stand_pat=30310
DEBUG EVAL: material=-30420 pst=70 total=-30350
DEBUG: evaluate returned crazy score! stand_pat=30350
DEBUG EVAL: material=-30420 pst=40 total=-30380
DEBUG: evaluate returned crazy score! stand_pat=30380
DEBUG EVAL: material=-30420 pst=40 total=-30380
DEBUG: evaluate returned crazy score! stand_pat=30380
DEBUG EVAL: material=-30420 pst=40 total=-30380
DEBUG: evaluate returned crazy score! stand_pat=30380
DEBUG EVAL: material=-30420 pst=40 total=-30380
DEBUG: evaluate returned crazy score! stand_pat=30380
DEBUG EVAL: material=-30420 pst=40 total=-30380
DEBUG: evaluate returned crazy score! stand_pat=30380
DEBUG EVAL: material=-30420 pst=40 total=-30380
DEBUG: evaluate returned crazy score! stand_pat=30380
DEBUG EVAL: material=-30420 pst=40 total=-30380
DEBUG: evaluate returned crazy score! stand_pat=30380
DEBUG EVAL: material=-30420 pst=40 total=-30380
DEBUG: evaluate returned crazy score! stand_pat=30380
DEBUG EVAL: material=-30420 pst=40 total=-30380
DEBUG: evaluate returned crazy score! stand_pat=30380
DEBUG EVAL: material=-30420 pst=40 total=-30380
DEBUG: evaluate returned crazy score! stand_pat=30380
DEBUG EVAL: material=-30420 pst=40 total=-30380
DEBUG: evaluate returned crazy score! stand_pat=30380
DEBUG EVAL: material=-30420 pst=90 total=-30330
DEBUG: evaluate returned crazy score! stand_pat=30330
DEBUG EVAL: material=-30420 pst=70 total=-30350
DEBUG: evaluate returned crazy score! stand_pat=30350
DEBUG EVAL: material=-30200 pst=85 total=-30115
DEBUG: evaluate returned crazy score! stand_pat=30115
DEBUG EVAL: material=-30200 pst=120 total=-30080
DEBUG: evaluate returned crazy score! stand_pat=30080
DEBUG EVAL: material=-30200 pst=95 total=-30105
DEBUG: evaluate returned crazy score! stand_pat=30105
DEBUG EVAL: material=-30200 pst=95 total=-30105
DEBUG: evaluate returned crazy score! stand_pat=30105
DEBUG EVAL: material=-30200 pst=90 total=-30110
DEBUG: evaluate returned crazy score! stand_pat=30110
DEBUG EVAL: material=-30200 pst=75 total=-30125
DEBUG: evaluate returned crazy score! stand_pat=30125
DEBUG EVAL: material=-30200 pst=80 total=-30120
DEBUG: evaluate returned crazy score! stand_pat=30120
DEBUG EVAL: material=-30200 pst=85 total=-30115
DEBUG: evaluate returned crazy score! stand_pat=30115
DEBUG EVAL: material=-30200 pst=80 total=-30120
DEBUG: evaluate returned crazy score! stand_pat=30120
DEBUG EVAL: material=-30200 pst=75 total=-30125
DEBUG: evaluate returned crazy score! stand_pat=30125
DEBUG EVAL: material=-30200 pst=80 total=-30120
DEBUG: evaluate returned crazy score! stand_pat=30120
DEBUG EVAL: material=-30200 pst=85 total=-30115
DEBUG: evaluate returned crazy score! stand_pat=30115
DEBUG EVAL: material=-30200 pst=85 total=-30115
DEBUG: evaluate returned crazy score! stand_pat=30115
DEBUG EVAL: material=-30200 pst=85 total=-30115
DEBUG: evaluate returned crazy score! stand_pat=30115
DEBUG EVAL: material=-30200 pst=85 total=-30115
DEBUG: evaluate returned crazy score! stand_pat=30115
DEBUG EVAL: material=-30200 pst=80 total=-30120
DEBUG: evaluate returned crazy score! stand_pat=30120
DEBUG EVAL: material=-30200 pst=75 total=-30125
DEBUG: evaluate returned crazy score! stand_pat=30125
DEBUG EVAL: material=-30200 pst=75 total=-30125
DEBUG: evaluate returned crazy score! stand_pat=30125
DEBUG EVAL: material=-30200 pst=75 total=-30125
DEBUG: evaluate returned crazy score! stand_pat=30125
DEBUG EVAL: material=-30200 pst=85 total=-30115
DEBUG: evaluate returned crazy score! stand_pat=30115
DEBUG EVAL: material=-30200 pst=95 total=-30105
DEBUG: evaluate returned crazy score! stand_pat=30105
DEBUG EVAL: material=-30200 pst=95 total=-30105
DEBUG: evaluate returned crazy score! stand_pat=30105
DEBUG EVAL: material=-30200 pst=90 total=-30110
DEBUG: evaluate returned crazy score! stand_pat=30110
DEBUG EVAL: material=-30200 pst=75 total=-30125
DEBUG: evaluate returned crazy score! stand_pat=30125
DEBUG EVAL: material=-30200 pst=75 total=-30125
DEBUG: evaluate returned crazy score! stand_pat=30125
DEBUG EVAL: material=-30200 pst=125 total=-30075
DEBUG: evaluate returned crazy score! stand_pat=30075
DEBUG EVAL: material=-30200 pst=85 total=-30115
DEBUG: evaluate returned crazy score! stand_pat=30115
DEBUG EVAL: material=-30200 pst=55 total=-30145
DEBUG: evaluate returned crazy score! stand_pat=30145
DEBUG EVAL: material=-30200 pst=55 total=-30145
DEBUG: evaluate returned crazy score! stand_pat=30145
DEBUG EVAL: material=-30200 pst=55 total=-30145
DEBUG: evaluate returned crazy score! stand_pat=30145
DEBUG EVAL: material=-30200 pst=55 total=-30145
DEBUG: evaluate returned crazy score! stand_pat=30145
DEBUG EVAL: material=-30200 pst=55 total=-30145
DEBUG: evaluate returned crazy score! stand_pat=30145
DEBUG EVAL: material=-30200 pst=55 total=-30145
DEBUG: evaluate returned crazy score! stand_pat=30145
DEBUG EVAL: material=-30200 pst=55 total=-30145
DEBUG: evaluate returned crazy score! stand_pat=30145
DEBUG EVAL: material=-30200 pst=55 total=-30145
DEBUG: evaluate returned crazy score! stand_pat=30145
DEBUG EVAL: material=-30200 pst=55 total=-30145
DEBUG: evaluate returned crazy score! stand_pat=30145
DEBUG EVAL: material=-30200 pst=55 total=-30145
DEBUG: evaluate returned crazy score! stand_pat=30145
DEBUG EVAL: material=-30200 pst=55 total=-30145
DEBUG: evaluate returned crazy score! stand_pat=30145
DEBUG EVAL: material=-30200 pst=55 total=-30145
DEBUG: evaluate returned crazy score! stand_pat=30145
DEBUG EVAL: material=-30200 pst=60 total=-30140
DEBUG: evaluate returned crazy score! stand_pat=30140
DEBUG EVAL: material=-30200 pst=65 total=-30135
DEBUG: evaluate returned crazy score! stand_pat=30135
DEBUG EVAL: material=-30200 pst=60 total=-30140
DEBUG: evaluate returned crazy score! stand_pat=30140
DEBUG EVAL: material=-30200 pst=70 total=-30130
DEBUG: evaluate returned crazy score! stand_pat=30130
DEBUG EVAL: material=-30200 pst=60 total=-30140
DEBUG: evaluate returned crazy score! stand_pat=30140
DEBUG EVAL: material=-30200 pst=70 total=-30130
DEBUG: evaluate returned crazy score! stand_pat=30130
DEBUG EVAL: material=-30200 pst=65 total=-30135
DEBUG: evaluate returned crazy score! stand_pat=30135
DEBUG EVAL: material=-30200 pst=85 total=-30115
DEBUG: evaluate returned crazy score! stand_pat=30115
DEBUG EVAL: material=-30200 pst=45 total=-30155
DEBUG: evaluate returned crazy score! stand_pat=30155
DEBUG EVAL: material=-30200 pst=40 total=-30160
DEBUG: evaluate returned crazy score! stand_pat=30160
DEBUG EVAL: material=-30200 pst=40 total=-30160
DEBUG: evaluate returned crazy score! stand_pat=30160
DEBUG EVAL: material=-30200 pst=50 total=-30150
DEBUG: evaluate returned crazy score! stand_pat=30150
DEBUG EVAL: material=-30200 pst=60 total=-30140
DEBUG: evaluate returned crazy score! stand_pat=30140
DEBUG EVAL: material=-30200 pst=60 total=-30140
DEBUG: evaluate returned crazy score! stand_pat=30140
DEBUG EVAL: material=-30200 pst=55 total=-30145
DEBUG: evaluate returned crazy score! stand_pat=30145
DEBUG EVAL: material=-30200 pst=40 total=-30160
DEBUG: evaluate returned crazy score! stand_pat=30160
DEBUG EVAL: material=-30200 pst=40 total=-30160
DEBUG: evaluate returned crazy score! stand_pat=30160
DEBUG EVAL: material=-30200 pst=50 total=-30150
DEBUG: evaluate returned crazy score! stand_pat=30150
DEBUG EVAL: material=-30200 pst=20 total=-30180
DEBUG: evaluate returned crazy score! stand_pat=30180
DEBUG EVAL: material=-30200 pst=20 total=-30180
DEBUG: evaluate returned crazy score! stand_pat=30180
DEBUG EVAL: material=-30200 pst=20 total=-30180
DEBUG: evaluate returned crazy score! stand_pat=30180
DEBUG EVAL: material=-30200 pst=20 total=-30180
DEBUG: evaluate returned crazy score! stand_pat=30180
DEBUG EVAL: material=-30200 pst=20 total=-30180
DEBUG: evaluate returned crazy score! stand_pat=30180
DEBUG EVAL: material=-30200 pst=20 total=-30180
DEBUG: evaluate returned crazy score! stand_pat=30180
DEBUG EVAL: material=-30200 pst=-5 total=-30205
DEBUG: evaluate returned crazy score! stand_pat=30205
DEBUG EVAL: material=-30200 pst=40 total=-30160
DEBUG: evaluate returned crazy score! stand_pat=30160
DEBUG EVAL: material=-30200 pst=50 total=-30150
DEBUG: evaluate returned crazy score! stand_pat=30150
DEBUG EVAL: material=-30200 pst=55 total=-30145
DEBUG: evaluate returned crazy score! stand_pat=30145
DEBUG EVAL: material=-30200 pst=20 total=-30180
DEBUG: evaluate returned crazy score! stand_pat=30180
DEBUG EVAL: material=-30200 pst=20 total=-30180
DEBUG: evaluate returned crazy score! stand_pat=30180
DEBUG EVAL: material=-30200 pst=20 total=-30180
DEBUG: evaluate returned crazy score! stand_pat=30180
DEBUG EVAL: material=-30200 pst=20 total=-30180
DEBUG: evaluate returned crazy score! stand_pat=30180
DEBUG EVAL: material=-30200 pst=40 total=-30160
DEBUG: evaluate returned crazy score! stand_pat=30160
DEBUG EVAL: material=-30200 pst=50 total=-30150
DEBUG: evaluate returned crazy score! stand_pat=30150
DEBUG EVAL: material=-30200 pst=85 total=-30115
DEBUG: evaluate returned crazy score! stand_pat=30115
DEBUG EVAL: material=-30200 pst=45 total=-30155
DEBUG: evaluate returned crazy score! stand_pat=30155
DEBUG EVAL: material=-30200 pst=45 total=-30155
DEBUG: evaluate returned crazy score! stand_pat=30155
DEBUG EVAL: material=-30200 pst=40 total=-30160
DEBUG: evaluate returned crazy score! stand_pat=30160
DEBUG EVAL: material=-30200 pst=40 total=-30160
DEBUG: evaluate returned crazy score! stand_pat=30160
DEBUG EVAL: material=-30200 pst=40 total=-30160
DEBUG: evaluate returned crazy score! stand_pat=30160
DEBUG EVAL: material=-30200 pst=50 total=-30150
DEBUG: evaluate returned crazy score! stand_pat=30150
DEBUG EVAL: material=-30200 pst=60 total=-30140
DEBUG: evaluate returned crazy score! stand_pat=30140
DEBUG EVAL: material=-30200 pst=60 total=-30140
DEBUG: evaluate returned crazy score! stand_pat=30140
DEBUG EVAL: material=-30200 pst=55 total=-30145
DEBUG: evaluate returned crazy score! stand_pat=30145
DEBUG EVAL: material=-30200 pst=40 total=-30160
DEBUG: evaluate returned crazy score! stand_pat=30160
DEBUG EVAL: material=-30200 pst=40 total=-30160
DEBUG: evaluate returned crazy score! stand_pat=30160
DEBUG EVAL: material=-30200 pst=90 total=-30110
DEBUG: evaluate returned crazy score! stand_pat=30110
DEBUG EVAL: material=-30200 pst=50 total=-30150
DEBUG: evaluate returned crazy score! stand_pat=30150
DEBUG EVAL: material=-30200 pst=20 total=-30180
DEBUG: evaluate returned crazy score! stand_pat=30180
DEBUG EVAL: material=-30200 pst=20 total=-30180
DEBUG: evaluate returned crazy score! stand_pat=30180
DEBUG EVAL: material=-30200 pst=20 total=-30180
DEBUG: evaluate returned crazy score! stand_pat=30180
DEBUG EVAL: material=-30200 pst=20 total=-30180
DEBUG: evaluate returned crazy score! stand_pat=30180
DEBUG EVAL: material=-30200 pst=20 total=-30180
DEBUG: evaluate returned crazy score! stand_pat=30180
DEBUG EVAL: material=-30200 pst=20 total=-30180
DEBUG: evaluate returned crazy score! stand_pat=30180
DEBUG EVAL: material=-30200 pst=-5 total=-30205
DEBUG: evaluate returned crazy score! stand_pat=30205
DEBUG EVAL: material=-30200 pst=40 total=-30160
DEBUG: evaluate returned crazy score! stand_pat=30160
DEBUG EVAL: material=-30200 pst=45 total=-30155
DEBUG: evaluate returned crazy score! stand_pat=30155
DEBUG EVAL: material=-30200 pst=50 total=-30150
DEBUG: evaluate returned crazy score! stand_pat=30150
DEBUG EVAL: material=-30200 pst=55 total=-30145
DEBUG: evaluate returned crazy score! stand_pat=30145
DEBUG EVAL: material=-30200 pst=20 total=-30180
DEBUG: evaluate returned crazy score! stand_pat=30180
DEBUG EVAL: material=-30200 pst=20 total=-30180
DEBUG: evaluate returned crazy score! stand_pat=30180
DEBUG EVAL: material=-30200 pst=20 total=-30180
DEBUG: evaluate returned crazy score! stand_pat=30180
DEBUG EVAL: material=-30200 pst=20 total=-30180
DEBUG: evaluate returned crazy score! stand_pat=30180
DEBUG EVAL: material=-30200 pst=70 total=-30130
DEBUG: evaluate returned crazy score! stand_pat=30130
DEBUG EVAL: material=-30200 pst=50 total=-30150
DEBUG: evaluate returned crazy score! stand_pat=30150
DEBUG EVAL: material=-30200 pst=85 total=-30115
DEBUG: evaluate returned crazy score! stand_pat=30115
DEBUG EVAL: material=-30200 pst=45 total=-30155
DEBUG: evaluate returned crazy score! stand_pat=30155
DEBUG EVAL: material=-30200 pst=45 total=-30155
DEBUG: evaluate returned crazy score! stand_pat=30155
DEBUG EVAL: material=-30200 pst=40 total=-30160
DEBUG: evaluate returned crazy score! stand_pat=30160
DEBUG EVAL: material=-30200 pst=40 total=-30160
DEBUG: evaluate returned crazy score! stand_pat=30160
DEBUG EVAL: material=-30200 pst=50 total=-30150
DEBUG: evaluate returned crazy score! stand_pat=30150
DEBUG EVAL: material=-30200 pst=60 total=-30140
DEBUG: evaluate returned crazy score! stand_pat=30140
DEBUG EVAL: material=-30200 pst=60 total=-30140
DEBUG: evaluate returned crazy score! stand_pat=30140
DEBUG EVAL: material=-30200 pst=55 total=-30145
DEBUG: evaluate returned crazy score! stand_pat=30145
DEBUG EVAL: material=-30200 pst=40 total=-30160
DEBUG: evaluate returned crazy score! stand_pat=30160
DEBUG EVAL: material=-30200 pst=55 total=-30145
DEBUG: evaluate returned crazy score! stand_pat=30145
DEBUG EVAL: material=-30200 pst=40 total=-30160
DEBUG: evaluate returned crazy score! stand_pat=30160
DEBUG EVAL: material=-30200 pst=40 total=-30160
DEBUG: evaluate returned crazy score! stand_pat=30160
DEBUG EVAL: material=-30200 pst=90 total=-30110
DEBUG: evaluate returned crazy score! stand_pat=30110
DEBUG EVAL: material=-30200 pst=50 total=-30150
DEBUG: evaluate returned crazy score! stand_pat=30150
DEBUG EVAL: material=-30200 pst=20 total=-30180
DEBUG: evaluate returned crazy score! stand_pat=30180
DEBUG EVAL: material=-30200 pst=20 total=-30180
DEBUG: evaluate returned crazy score! stand_pat=30180
DEBUG EVAL: material=-30200 pst=20 total=-30180
DEBUG: evaluate returned crazy score! stand_pat=30180
DEBUG EVAL: material=-30200 pst=20 total=-30180
DEBUG: evaluate returned crazy score! stand_pat=30180
DEBUG EVAL: material=-30200 pst=20 total=-30180
DEBUG: evaluate returned crazy score! stand_pat=30180
DEBUG EVAL: material=-30200 pst=20 total=-30180
DEBUG: evaluate returned crazy score! stand_pat=30180
DEBUG EVAL: material=-30200 pst=-5 total=-30205
DEBUG: evaluate returned crazy score! stand_pat=30205
DEBUG EVAL: material=-30200 pst=40 total=-30160
DEBUG: evaluate returned crazy score! stand_pat=30160
DEBUG EVAL: material=-30200 pst=45 total=-30155
DEBUG: evaluate returned crazy score! stand_pat=30155
DEBUG EVAL: material=-30200 pst=50 total=-30150
DEBUG: evaluate returned crazy score! stand_pat=30150
DEBUG EVAL: material=-30200 pst=55 total=-30145
DEBUG: evaluate returned crazy score! stand_pat=30145
DEBUG EVAL: material=-30200 pst=20 total=-30180
DEBUG: evaluate returned crazy score! stand_pat=30180
DEBUG EVAL: material=-30200 pst=20 total=-30180
DEBUG: evaluate returned crazy score! stand_pat=30180
DEBUG EVAL: material=-30200 pst=20 total=-30180
DEBUG: evaluate returned crazy score! stand_pat=30180
DEBUG EVAL: material=-30200 pst=20 total=-30180
DEBUG: evaluate returned crazy score! stand_pat=30180
DEBUG EVAL: material=-30200 pst=40 total=-30160
DEBUG: evaluate returned crazy score! stand_pat=30160
DEBUG EVAL: material=-30200 pst=50 total=-30150
DEBUG: evaluate returned crazy score! stand_pat=30150
DEBUG EVAL: material=-30200 pst=85 total=-30115
DEBUG: evaluate returned crazy score! stand_pat=30115
DEBUG EVAL: material=-30200 pst=45 total=-30155
DEBUG: evaluate returned crazy score! stand_pat=30155
DEBUG EVAL: material=-30200 pst=40 total=-30160
DEBUG: evaluate returned crazy score! stand_pat=30160
DEBUG EVAL: material=-30200 pst=50 total=-30150
DEBUG: evaluate returned crazy score! stand_pat=30150
DEBUG EVAL: material=-30200 pst=60 total=-30140
DEBUG: evaluate returned crazy score! stand_pat=30140
DEBUG EVAL: material=-30200 pst=60 total=-30140
DEBUG: evaluate returned crazy score! stand_pat=30140
DEBUG EVAL: material=-30200 pst=55 total=-30145
DEBUG: evaluate returned crazy score! stand_pat=30145
DEBUG EVAL: material=-30200 pst=40 total=-30160
DEBUG: evaluate returned crazy score! stand_pat=30160
DEBUG EVAL: material=-30200 pst=55 total=-30145
DEBUG: evaluate returned crazy score! stand_pat=30145
DEBUG EVAL: material=-30200 pst=40 total=-30160
DEBUG: evaluate returned crazy score! stand_pat=30160
DEBUG EVAL: material=-30200 pst=40 total=-30160
DEBUG: evaluate returned crazy score! stand_pat=30160
DEBUG EVAL: material=-30200 pst=90 total=-30110
DEBUG: evaluate returned crazy score! stand_pat=30110
DEBUG EVAL: material=-30200 pst=50 total=-30150
DEBUG: evaluate returned crazy score! stand_pat=30150
DEBUG EVAL: material=-30200 pst=20 total=-30180
DEBUG: evaluate returned crazy score! stand_pat=30180
DEBUG EVAL: material=-30200 pst=20 total=-30180
DEBUG: evaluate returned crazy score! stand_pat=30180
DEBUG EVAL: material=-30200 pst=20 total=-30180
DEBUG: evaluate returned crazy score! stand_pat=30180
DEBUG EVAL: material=-30200 pst=20 total=-30180
DEBUG: evaluate returned crazy score! stand_pat=30180
DEBUG EVAL: material=-30200 pst=20 total=-30180
DEBUG: evaluate returned crazy score! stand_pat=30180
DEBUG EVAL: material=-30200 pst=20 total=-30180
DEBUG: evaluate returned crazy score! stand_pat=30180
DEBUG EVAL: material=-30200 pst=-5 total=-30205
DEBUG: evaluate returned crazy score! stand_pat=30205
DEBUG EVAL: material=-30200 pst=40 total=-30160
DEBUG: evaluate returned crazy score! stand_pat=30160
DEBUG EVAL: material=-30200 pst=45 total=-30155
DEBUG: evaluate returned crazy score! stand_pat=30155
DEBUG EVAL: material=-30200 pst=50 total=-30150
DEBUG: evaluate returned crazy score! stand_pat=30150
DEBUG EVAL: material=-30200 pst=55 total=-30145
DEBUG: evaluate returned crazy score! stand_pat=30145
DEBUG EVAL: material=-30200 pst=20 total=-30180
DEBUG: evaluate returned crazy score! stand_pat=30180
DEBUG EVAL: material=-30200 pst=20 total=-30180
DEBUG: evaluate returned crazy score! stand_pat=30180
DEBUG EVAL: material=-30200 pst=20 total=-30180
DEBUG: evaluate returned crazy score! stand_pat=30180
DEBUG EVAL: material=-30200 pst=20 total=-30180
DEBUG: evaluate returned crazy score! stand_pat=30180
DEBUG EVAL: material=-30200 pst=65 total=-30135
DEBUG: evaluate returned crazy score! stand_pat=30135
DEBUG EVAL: material=-30200 pst=50 total=-30150
DEBUG: evaluate returned crazy score! stand_pat=30150
DEBUG EVAL: material=-30200 pst=85 total=-30115
DEBUG: evaluate returned crazy score! stand_pat=30115
DEBUG EVAL: material=-30200 pst=45 total=-30155
DEBUG: evaluate returned crazy score! stand_pat=30155
DEBUG EVAL: material=-30200 pst=45 total=-30155
DEBUG: evaluate returned crazy score! stand_pat=30155
DEBUG EVAL: material=-30200 pst=40 total=-30160
DEBUG: evaluate returned crazy score! stand_pat=30160
DEBUG EVAL: material=-30200 pst=40 total=-30160
DEBUG: evaluate returned crazy score! stand_pat=30160
DEBUG EVAL: material=-30200 pst=50 total=-30150
DEBUG: evaluate returned crazy score! stand_pat=30150
DEBUG EVAL: material=-30200 pst=60 total=-30140
DEBUG: evaluate returned crazy score! stand_pat=30140
DEBUG EVAL: material=-30200 pst=60 total=-30140
DEBUG: evaluate returned crazy score! stand_pat=30140
DEBUG EVAL: material=-30200 pst=55 total=-30145
DEBUG: evaluate returned crazy score! stand_pat=30145
DEBUG EVAL: material=-30200 pst=40 total=-30160
DEBUG: evaluate returned crazy score! stand_pat=30160
DEBUG EVAL: material=-30200 pst=40 total=-30160
DEBUG: evaluate returned crazy score! stand_pat=30160
DEBUG EVAL: material=-30200 pst=90 total=-30110
DEBUG: evaluate returned crazy score! stand_pat=30110
DEBUG EVAL: material=-30200 pst=35 total=-30165
DEBUG: evaluate returned crazy score! stand_pat=30165
DEBUG EVAL: material=-30200 pst=20 total=-30180
DEBUG: evaluate returned crazy score! stand_pat=30180
DEBUG EVAL: material=-30200 pst=20 total=-30180
DEBUG: evaluate returned crazy score! stand_pat=30180
DEBUG EVAL: material=-30200 pst=20 total=-30180
DEBUG: evaluate returned crazy score! stand_pat=30180
DEBUG EVAL: material=-30200 pst=20 total=-30180
DEBUG: evaluate returned crazy score! stand_pat=30180
DEBUG EVAL: material=-30200 pst=20 total=-30180
DEBUG: evaluate returned crazy score! stand_pat=30180
DEBUG EVAL: material=-30200 pst=20 total=-30180
DEBUG: evaluate returned crazy score! stand_pat=30180
DEBUG EVAL: material=-30200 pst=-5 total=-30205
DEBUG: evaluate returned crazy score! stand_pat=30205
DEBUG EVAL: material=-30200 pst=40 total=-30160
DEBUG: evaluate returned crazy score! stand_pat=30160
DEBUG EVAL: material=-30200 pst=45 total=-30155
DEBUG: evaluate returned crazy score! stand_pat=30155
DEBUG EVAL: material=-30200 pst=50 total=-30150
DEBUG: evaluate returned crazy score! stand_pat=30150
DEBUG EVAL: material=-30200 pst=55 total=-30145
DEBUG: evaluate returned crazy score! stand_pat=30145
DEBUG EVAL: material=-30200 pst=20 total=-30180
DEBUG: evaluate returned crazy score! stand_pat=30180
DEBUG EVAL: material=-30200 pst=20 total=-30180
DEBUG: evaluate returned crazy score! stand_pat=30180
DEBUG EVAL: material=-30200 pst=20 total=-30180
DEBUG: evaluate returned crazy score! stand_pat=30180
DEBUG EVAL: material=-30200 pst=20 total=-30180
DEBUG: evaluate returned crazy score! stand_pat=30180
DEBUG EVAL: material=-30200 pst=40 total=-30160
DEBUG: evaluate returned crazy score! stand_pat=30160
DEBUG EVAL: material=-30200 pst=50 total=-30150
DEBUG: evaluate returned crazy score! stand_pat=30150
DEBUG EVAL: material=-30200 pst=85 total=-30115
DEBUG: evaluate returned crazy score! stand_pat=30115
DEBUG EVAL: material=-30200 pst=45 total=-30155
DEBUG: evaluate returned crazy score! stand_pat=30155
DEBUG EVAL: material=-30200 pst=45 total=-30155
DEBUG: evaluate returned crazy score! stand_pat=30155
DEBUG EVAL: material=-30200 pst=40 total=-30160
DEBUG: evaluate returned crazy score! stand_pat=30160
DEBUG EVAL: material=-30200 pst=40 total=-30160
DEBUG: evaluate returned crazy score! stand_pat=30160
DEBUG EVAL: material=-30200 pst=50 total=-30150
DEBUG: evaluate returned crazy score! stand_pat=30150
DEBUG EVAL: material=-30200 pst=60 total=-30140
DEBUG: evaluate returned crazy score! stand_pat=30140
DEBUG EVAL: material=-30200 pst=60 total=-30140
DEBUG: evaluate returned crazy score! stand_pat=30140
DEBUG EVAL: material=-30200 pst=55 total=-30145
DEBUG: evaluate returned crazy score! stand_pat=30145
DEBUG EVAL: material=-30200 pst=40 total=-30160
DEBUG: evaluate returned crazy score! stand_pat=30160
DEBUG EVAL: material=-30200 pst=40 total=-30160
DEBUG: evaluate returned crazy score! stand_pat=30160
DEBUG EVAL: material=-30200 pst=90 total=-30110
DEBUG: evaluate returned crazy score! stand_pat=30110
DEBUG EVAL: material=-30200 pst=50 total=-30150
DEBUG: evaluate returned crazy score! stand_pat=30150
DEBUG EVAL: material=-30200 pst=35 total=-30165
DEBUG: evaluate returned crazy score! stand_pat=30165
DEBUG EVAL: material=-30200 pst=35 total=-30165
DEBUG: evaluate returned crazy score! stand_pat=30165
DEBUG EVAL: material=-30200 pst=20 total=-30180
DEBUG: evaluate returned crazy score! stand_pat=30180
DEBUG EVAL: material=-30200 pst=20 total=-30180
DEBUG: evaluate returned crazy score! stand_pat=30180
DEBUG EVAL: material=-30200 pst=20 total=-30180
DEBUG: evaluate returned crazy score! stand_pat=30180
DEBUG EVAL: material=-30200 pst=20 total=-30180
DEBUG: evaluate returned crazy score! stand_pat=30180
DEBUG EVAL: material=-30200 pst=20 total=-30180
DEBUG: evaluate returned crazy score! stand_pat=30180
DEBUG EVAL: material=-30200 pst=20 total=-30180
DEBUG: evaluate returned crazy score! stand_pat=30180
DEBUG EVAL: material=-30200 pst=-5 total=-30205
DEBUG: evaluate returned crazy score! stand_pat=30205
DEBUG EVAL: material=-30200 pst=40 total=-30160
DEBUG: evaluate returned crazy score! stand_pat=30160
DEBUG EVAL: material=-30200 pst=45 total=-30155
DEBUG: evaluate returned crazy score! stand_pat=30155
DEBUG EVAL: material=-30200 pst=50 total=-30150
DEBUG: evaluate returned crazy score! stand_pat=30150
DEBUG EVAL: material=-30200 pst=55 total=-30145
DEBUG: evaluate returned crazy score! stand_pat=30145
DEBUG EVAL: material=-30200 pst=20 total=-30180
DEBUG: evaluate returned crazy score! stand_pat=30180
DEBUG EVAL: material=-30200 pst=20 total=-30180
DEBUG: evaluate returned crazy score! stand_pat=30180
DEBUG EVAL: material=-30200 pst=20 total=-30180
DEBUG: evaluate returned crazy score! stand_pat=30180
DEBUG EVAL: material=-30200 pst=20 total=-30180
DEBUG: evaluate returned crazy score! stand_pat=30180
DEBUG EVAL: material=-30200 pst=65 total=-30135
DEBUG: evaluate returned crazy score! stand_pat=30135
DEBUG EVAL: material=-30400 pst=120 total=-30280
DEBUG: evaluate returned crazy score! stand_pat=30280
DEBUG EVAL: material=-30400 pst=155 total=-30245
DEBUG: evaluate returned crazy score! stand_pat=30245
DEBUG EVAL: material=-30400 pst=110 total=-30290
DEBUG: evaluate returned crazy score! stand_pat=30290
DEBUG EVAL: material=-30400 pst=110 total=-30290
DEBUG: evaluate returned crazy score! stand_pat=30290
DEBUG EVAL: material=-30400 pst=120 total=-30280
DEBUG: evaluate returned crazy score! stand_pat=30280
DEBUG EVAL: material=-30400 pst=130 total=-30270
DEBUG: evaluate returned crazy score! stand_pat=30270
DEBUG EVAL: material=-30400 pst=130 total=-30270
DEBUG: evaluate returned crazy score! stand_pat=30270
DEBUG EVAL: material=-30400 pst=125 total=-30275
DEBUG: evaluate returned crazy score! stand_pat=30275
DEBUG EVAL: material=-30400 pst=110 total=-30290
DEBUG: evaluate returned crazy score! stand_pat=30290
DEBUG EVAL: material=-30400 pst=115 total=-30285
DEBUG: evaluate returned crazy score! stand_pat=30285
DEBUG EVAL: material=-30400 pst=160 total=-30240
DEBUG: evaluate returned crazy score! stand_pat=30240
DEBUG EVAL: material=-30400 pst=120 total=-30280
DEBUG: evaluate returned crazy score! stand_pat=30280
DEBUG EVAL: material=-30400 pst=90 total=-30310
DEBUG: evaluate returned crazy score! stand_pat=30310
DEBUG EVAL: material=-30400 pst=110 total=-30290
DEBUG: evaluate returned crazy score! stand_pat=30290
DEBUG EVAL: material=-30400 pst=90 total=-30310
DEBUG: evaluate returned crazy score! stand_pat=30310
DEBUG EVAL: material=-30400 pst=90 total=-30310
DEBUG: evaluate returned crazy score! stand_pat=30310
DEBUG EVAL: material=-30400 pst=65 total=-30335
DEBUG: evaluate returned crazy score! stand_pat=30335
DEBUG EVAL: material=-30400 pst=110 total=-30290
DEBUG: evaluate returned crazy score! stand_pat=30290
DEBUG EVAL: material=-30400 pst=115 total=-30285
DEBUG: evaluate returned crazy score! stand_pat=30285
DEBUG EVAL: material=-30400 pst=120 total=-30280
DEBUG: evaluate returned crazy score! stand_pat=30280
DEBUG EVAL: material=-30400 pst=125 total=-30275
DEBUG: evaluate returned crazy score! stand_pat=30275
DEBUG EVAL: material=-30400 pst=90 total=-30310
DEBUG: evaluate returned crazy score! stand_pat=30310
DEBUG EVAL: material=-30400 pst=90 total=-30310
DEBUG: evaluate returned crazy score! stand_pat=30310
DEBUG EVAL: material=-30400 pst=90 total=-30310
DEBUG: evaluate returned crazy score! stand_pat=30310
DEBUG EVAL: material=-30400 pst=90 total=-30310
DEBUG: evaluate returned crazy score! stand_pat=30310
DEBUG EVAL: material=-30400 pst=90 total=-30310
DEBUG: evaluate returned crazy score! stand_pat=30310
DEBUG EVAL: material=-30400 pst=90 total=-30310
DEBUG: evaluate returned crazy score! stand_pat=30310
DEBUG EVAL: material=-30400 pst=115 total=-30285
DEBUG: evaluate returned crazy score! stand_pat=30285
DEBUG EVAL: material=-30400 pst=90 total=-30310
DEBUG: evaluate returned crazy score! stand_pat=30310
DEBUG EVAL: material=-30400 pst=50 total=-30350
DEBUG: evaluate returned crazy score! stand_pat=30350
DEBUG EVAL: material=-30400 pst=85 total=-30315
DEBUG: evaluate returned crazy score! stand_pat=30315
DEBUG EVAL: material=-30400 pst=40 total=-30360
DEBUG: evaluate returned crazy score! stand_pat=30360
DEBUG EVAL: material=-30400 pst=45 total=-30355
DEBUG: evaluate returned crazy score! stand_pat=30355
DEBUG EVAL: material=-30400 pst=55 total=-30345
DEBUG: evaluate returned crazy score! stand_pat=30345
DEBUG EVAL: material=-30400 pst=45 total=-30355
DEBUG: evaluate returned crazy score! stand_pat=30355
DEBUG EVAL: material=-30400 pst=40 total=-30360
DEBUG: evaluate returned crazy score! stand_pat=30360
DEBUG EVAL: material=-30400 pst=40 total=-30360
DEBUG: evaluate returned crazy score! stand_pat=30360
DEBUG EVAL: material=-30400 pst=50 total=-30350
DEBUG: evaluate returned crazy score! stand_pat=30350
DEBUG EVAL: material=-30400 pst=60 total=-30340
DEBUG: evaluate returned crazy score! stand_pat=30340
DEBUG EVAL: material=-30400 pst=60 total=-30340
DEBUG: evaluate returned crazy score! stand_pat=30340
DEBUG EVAL: material=-30400 pst=55 total=-30345
DEBUG: evaluate returned crazy score! stand_pat=30345
DEBUG EVAL: material=-30400 pst=40 total=-30360
DEBUG: evaluate returned crazy score! stand_pat=30360
DEBUG EVAL: material=-30400 pst=40 total=-30360
DEBUG: evaluate returned crazy score! stand_pat=30360
DEBUG EVAL: material=-30400 pst=90 total=-30310
DEBUG: evaluate returned crazy score! stand_pat=30310
DEBUG EVAL: material=-30400 pst=50 total=-30350
DEBUG: evaluate returned crazy score! stand_pat=30350
DEBUG EVAL: material=-30400 pst=20 total=-30380
DEBUG: evaluate returned crazy score! stand_pat=30380
DEBUG EVAL: material=-30400 pst=20 total=-30380
DEBUG: evaluate returned crazy score! stand_pat=30380
DEBUG EVAL: material=-30400 pst=20 total=-30380
DEBUG: evaluate returned crazy score! stand_pat=30380
DEBUG EVAL: material=-30400 pst=20 total=-30380
DEBUG: evaluate returned crazy score! stand_pat=30380
DEBUG EVAL: material=-30400 pst=-5 total=-30405
DEBUG: evaluate returned crazy score! stand_pat=30405
DEBUG EVAL: material=-30400 pst=45 total=-30355
DEBUG: evaluate returned crazy score! stand_pat=30355
DEBUG EVAL: material=-30400 pst=50 total=-30350
DEBUG: evaluate returned crazy score! stand_pat=30350
DEBUG EVAL: material=-30400 pst=55 total=-30345
DEBUG: evaluate returned crazy score! stand_pat=30345
DEBUG EVAL: material=-30400 pst=20 total=-30380
DEBUG: evaluate returned crazy score! stand_pat=30380
DEBUG EVAL: material=-30400 pst=20 total=-30380
DEBUG: evaluate returned crazy score! stand_pat=30380
DEBUG EVAL: material=-30400 pst=20 total=-30380
DEBUG: evaluate returned crazy score! stand_pat=30380
DEBUG EVAL: material=-30400 pst=20 total=-30380
DEBUG: evaluate returned crazy score! stand_pat=30380
DEBUG EVAL: material=-30400 pst=20 total=-30380
DEBUG: evaluate returned crazy score! stand_pat=30380
DEBUG EVAL: material=-30400 pst=20 total=-30380
DEBUG: evaluate returned crazy score! stand_pat=30380
DEBUG EVAL: material=-30400 pst=40 total=-30360
DEBUG: evaluate returned crazy score! stand_pat=30360
DEBUG EVAL: material=-30400 pst=110 total=-30290
DEBUG: evaluate returned crazy score! stand_pat=30290
DEBUG EVAL: material=-30400 pst=145 total=-30255
DEBUG: evaluate returned crazy score! stand_pat=30255
DEBUG EVAL: material=-30400 pst=105 total=-30295
DEBUG: evaluate returned crazy score! stand_pat=30295
DEBUG EVAL: material=-30400 pst=100 total=-30300
DEBUG: evaluate returned crazy score! stand_pat=30300
DEBUG EVAL: material=-30400 pst=100 total=-30300
DEBUG: evaluate returned crazy score! stand_pat=30300
DEBUG EVAL: material=-30400 pst=110 total=-30290
DEBUG: evaluate returned crazy score! stand_pat=30290
DEBUG EVAL: material=-30400 pst=120 total=-30280
DEBUG: evaluate returned crazy score! stand_pat=30280
DEBUG EVAL: material=-30400 pst=120 total=-30280
DEBUG: evaluate returned crazy score! stand_pat=30280
DEBUG EVAL: material=-30400 pst=115 total=-30285
DEBUG: evaluate returned crazy score! stand_pat=30285
DEBUG EVAL: material=-30400 pst=100 total=-30300
DEBUG: evaluate returned crazy score! stand_pat=30300
DEBUG EVAL: material=-30400 pst=105 total=-30295
DEBUG: evaluate returned crazy score! stand_pat=30295
DEBUG EVAL: material=-30400 pst=150 total=-30250
DEBUG: evaluate returned crazy score! stand_pat=30250
DEBUG EVAL: material=-30400 pst=110 total=-30290
DEBUG: evaluate returned crazy score! stand_pat=30290
DEBUG EVAL: material=-30400 pst=100 total=-30300
DEBUG: evaluate returned crazy score! stand_pat=30300
DEBUG EVAL: material=-30400 pst=80 total=-30320
DEBUG: evaluate returned crazy score! stand_pat=30320
DEBUG EVAL: material=-30400 pst=80 total=-30320
DEBUG: evaluate returned crazy score! stand_pat=30320
DEBUG EVAL: material=-30400 pst=80 total=-30320
DEBUG: evaluate returned crazy score! stand_pat=30320
DEBUG EVAL: material=-30400 pst=55 total=-30345
DEBUG: evaluate returned crazy score! stand_pat=30345
DEBUG EVAL: material=-30400 pst=100 total=-30300
DEBUG: evaluate returned crazy score! stand_pat=30300
DEBUG EVAL: material=-30400 pst=105 total=-30295
DEBUG: evaluate returned crazy score! stand_pat=30295
DEBUG EVAL: material=-30400 pst=110 total=-30290
DEBUG: evaluate returned crazy score! stand_pat=30290
DEBUG EVAL: material=-30400 pst=115 total=-30285
DEBUG: evaluate returned crazy score! stand_pat=30285
DEBUG EVAL: material=-30400 pst=80 total=-30320
DEBUG: evaluate returned crazy score! stand_pat=30320
DEBUG EVAL: material=-30400 pst=80 total=-30320
DEBUG: evaluate returned crazy score! stand_pat=30320
DEBUG EVAL: material=-30400 pst=80 total=-30320
DEBUG: evaluate returned crazy score! stand_pat=30320
DEBUG EVAL: material=-30400 pst=80 total=-30320
DEBUG: evaluate returned crazy score! stand_pat=30320
DEBUG EVAL: material=-30400 pst=80 total=-30320
DEBUG: evaluate returned crazy score! stand_pat=30320
DEBUG EVAL: material=-30400 pst=80 total=-30320
DEBUG: evaluate returned crazy score! stand_pat=30320
DEBUG EVAL: material=-30400 pst=80 total=-30320
DEBUG: evaluate returned crazy score! stand_pat=30320
DEBUG EVAL: material=-30200 pst=45 total=-30155
DEBUG: evaluate returned crazy score! stand_pat=-30155
DEBUG EVAL: material=-30100 pst=55 total=-30045
DEBUG: evaluate returned crazy score! stand_pat=30045
DEBUG EVAL: material=-30270 pst=105 total=-30165
DEBUG: evaluate returned crazy score! stand_pat=30165
DEBUG EVAL: material=-30600 pst=105 total=-30495
DEBUG: evaluate returned crazy score! stand_pat=30495
DEBUG EVAL: material=-30600 pst=140 total=-30460
DEBUG: evaluate returned crazy score! stand_pat=30460
DEBUG EVAL: material=-30600 pst=105 total=-30495
DEBUG: evaluate returned crazy score! stand_pat=30495
DEBUG EVAL: material=-30600 pst=115 total=-30485
DEBUG: evaluate returned crazy score! stand_pat=30485
DEBUG EVAL: material=-30600 pst=115 total=-30485
DEBUG: evaluate returned crazy score! stand_pat=30485
DEBUG EVAL: material=-30600 pst=110 total=-30490
DEBUG: evaluate returned crazy score! stand_pat=30490
DEBUG EVAL: material=-30600 pst=95 total=-30505
DEBUG: evaluate returned crazy score! stand_pat=30505
DEBUG EVAL: material=-30600 pst=100 total=-30500
DEBUG: evaluate returned crazy score! stand_pat=30500
DEBUG EVAL: material=-30600 pst=145 total=-30455
DEBUG: evaluate returned crazy score! stand_pat=30455
DEBUG EVAL: material=-30600 pst=105 total=-30495
DEBUG: evaluate returned crazy score! stand_pat=30495
DEBUG EVAL: material=-30600 pst=75 total=-30525
DEBUG: evaluate returned crazy score! stand_pat=30525
DEBUG EVAL: material=-30600 pst=75 total=-30525
DEBUG: evaluate returned crazy score! stand_pat=30525
DEBUG EVAL: material=-30600 pst=95 total=-30505
DEBUG: evaluate returned crazy score! stand_pat=30505
DEBUG EVAL: material=-30600 pst=75 total=-30525
DEBUG: evaluate returned crazy score! stand_pat=30525
DEBUG EVAL: material=-30600 pst=75 total=-30525
DEBUG: evaluate returned crazy score! stand_pat=30525
DEBUG EVAL: material=-30600 pst=75 total=-30525
DEBUG: evaluate returned crazy score! stand_pat=30525
DEBUG EVAL: material=-30600 pst=50 total=-30550
DEBUG: evaluate returned crazy score! stand_pat=30550
DEBUG EVAL: material=-30600 pst=95 total=-30505
DEBUG: evaluate returned crazy score! stand_pat=30505
DEBUG EVAL: material=-30600 pst=100 total=-30500
DEBUG: evaluate returned crazy score! stand_pat=30500
DEBUG EVAL: material=-30600 pst=105 total=-30495
DEBUG: evaluate returned crazy score! stand_pat=30495
DEBUG EVAL: material=-30600 pst=110 total=-30490
DEBUG: evaluate returned crazy score! stand_pat=30490
DEBUG EVAL: material=-30600 pst=75 total=-30525
DEBUG: evaluate returned crazy score! stand_pat=30525
DEBUG EVAL: material=-30600 pst=75 total=-30525
DEBUG: evaluate returned crazy score! stand_pat=30525
DEBUG EVAL: material=-30600 pst=75 total=-30525
DEBUG: evaluate returned crazy score! stand_pat=30525
DEBUG EVAL: material=-30600 pst=75 total=-30525
DEBUG: evaluate returned crazy score! stand_pat=30525
DEBUG EVAL: material=-30600 pst=75 total=-30525
DEBUG: evaluate returned crazy score! stand_pat=30525
DEBUG EVAL: material=-30600 pst=75 total=-30525
DEBUG: evaluate returned crazy score! stand_pat=30525
DEBUG EVAL: material=-31100 pst=90 total=-31010
DEBUG: evaluate returned crazy score! stand_pat=31010
DEBUG EVAL: material=-31200 pst=120 total=-31080
DEBUG: evaluate returned crazy score! stand_pat=31080
DEBUG EVAL: material=-31200 pst=155 total=-31045
DEBUG: evaluate returned crazy score! stand_pat=31045
DEBUG EVAL: material=-31200 pst=110 total=-31090
DEBUG: evaluate returned crazy score! stand_pat=31090
DEBUG EVAL: material=-31200 pst=110 total=-31090
DEBUG: evaluate returned crazy score! stand_pat=31090
DEBUG EVAL: material=-31200 pst=120 total=-31080
DEBUG: evaluate returned crazy score! stand_pat=31080
DEBUG EVAL: material=-31200 pst=130 total=-31070
DEBUG: evaluate returned crazy score! stand_pat=31070
DEBUG EVAL: material=-31200 pst=130 total=-31070
DEBUG: evaluate returned crazy score! stand_pat=31070
DEBUG EVAL: material=-31200 pst=125 total=-31075
DEBUG: evaluate returned crazy score! stand_pat=31075
DEBUG EVAL: material=-31200 pst=115 total=-31085
DEBUG: evaluate returned crazy score! stand_pat=31085
DEBUG EVAL: material=-31200 pst=115 total=-31085
DEBUG: evaluate returned crazy score! stand_pat=31085
DEBUG EVAL: material=-31200 pst=160 total=-31040
DEBUG: evaluate returned crazy score! stand_pat=31040
DEBUG EVAL: material=-31200 pst=120 total=-31080
DEBUG: evaluate returned crazy score! stand_pat=31080
DEBUG EVAL: material=-31200 pst=90 total=-31110
DEBUG: evaluate returned crazy score! stand_pat=31110
DEBUG EVAL: material=-31200 pst=90 total=-31110
DEBUG: evaluate returned crazy score! stand_pat=31110
DEBUG EVAL: material=-31200 pst=110 total=-31090
DEBUG: evaluate returned crazy score! stand_pat=31090
DEBUG EVAL: material=-31200 pst=90 total=-31110
DEBUG: evaluate returned crazy score! stand_pat=31110
DEBUG EVAL: material=-31200 pst=90 total=-31110
DEBUG: evaluate returned crazy score! stand_pat=31110
DEBUG EVAL: material=-31200 pst=90 total=-31110
DEBUG: evaluate returned crazy score! stand_pat=31110
DEBUG EVAL: material=-31200 pst=65 total=-31135
DEBUG: evaluate returned crazy score! stand_pat=31135
DEBUG EVAL: material=-31200 pst=110 total=-31090
DEBUG: evaluate returned crazy score! stand_pat=31090
DEBUG EVAL: material=-31200 pst=115 total=-31085
DEBUG: evaluate returned crazy score! stand_pat=31085
DEBUG EVAL: material=-31200 pst=120 total=-31080
DEBUG: evaluate returned crazy score! stand_pat=31080
DEBUG EVAL: material=-31200 pst=125 total=-31075
DEBUG: evaluate returned crazy score! stand_pat=31075
DEBUG EVAL: material=-31200 pst=90 total=-31110
DEBUG: evaluate returned crazy score! stand_pat=31110
DEBUG EVAL: material=-31200 pst=90 total=-31110
DEBUG: evaluate returned crazy score! stand_pat=31110
DEBUG EVAL: material=-31200 pst=90 total=-31110
DEBUG: evaluate returned crazy score! stand_pat=31110
DEBUG EVAL: material=-31200 pst=90 total=-31110
DEBUG: evaluate returned crazy score! stand_pat=31110
DEBUG EVAL: material=-31200 pst=90 total=-31110
DEBUG: evaluate returned crazy score! stand_pat=31110
DEBUG EVAL: material=-31200 pst=90 total=-31110
DEBUG: evaluate returned crazy score! stand_pat=31110
DEBUG EVAL: material=-31200 pst=90 total=-31110
DEBUG: evaluate returned crazy score! stand_pat=31110
DEBUG EVAL: material=-30100 pst=50 total=-30050
DEBUG: evaluate returned crazy score! stand_pat=-30050
DEBUG EVAL: material=-31300 pst=120 total=-31180
DEBUG: evaluate returned crazy score! stand_pat=31180
DEBUG EVAL: material=-31300 pst=155 total=-31145
DEBUG: evaluate returned crazy score! stand_pat=31145
DEBUG EVAL: material=-31300 pst=115 total=-31185
DEBUG: evaluate returned crazy score! stand_pat=31185
DEBUG EVAL: material=-31300 pst=110 total=-31190
DEBUG: evaluate returned crazy score! stand_pat=31190
DEBUG EVAL: material=-31300 pst=110 total=-31190
DEBUG: evaluate returned crazy score! stand_pat=31190
DEBUG EVAL: material=-31300 pst=120 total=-31180
DEBUG: evaluate returned crazy score! stand_pat=31180
DEBUG EVAL: material=-31300 pst=130 total=-31170
DEBUG: evaluate returned crazy score! stand_pat=31170
DEBUG EVAL: material=-31300 pst=130 total=-31170
DEBUG: evaluate returned crazy score! stand_pat=31170
DEBUG EVAL: material=-31300 pst=125 total=-31175
DEBUG: evaluate returned crazy score! stand_pat=31175
DEBUG EVAL: material=-31300 pst=110 total=-31190
DEBUG: evaluate returned crazy score! stand_pat=31190
DEBUG EVAL: material=-31300 pst=115 total=-31185
DEBUG: evaluate returned crazy score! stand_pat=31185
DEBUG EVAL: material=-31300 pst=160 total=-31140
DEBUG: evaluate returned crazy score! stand_pat=31140
DEBUG EVAL: material=-31300 pst=120 total=-31180
DEBUG: evaluate returned crazy score! stand_pat=31180
DEBUG EVAL: material=-31300 pst=90 total=-31210
DEBUG: evaluate returned crazy score! stand_pat=31210
DEBUG EVAL: material=-31300 pst=90 total=-31210
DEBUG: evaluate returned crazy score! stand_pat=31210
DEBUG EVAL: material=-31300 pst=110 total=-31190
DEBUG: evaluate returned crazy score! stand_pat=31190
DEBUG EVAL: material=-31300 pst=90 total=-31210
DEBUG: evaluate returned crazy score! stand_pat=31210
DEBUG EVAL: material=-31300 pst=90 total=-31210
DEBUG: evaluate returned crazy score! stand_pat=31210
DEBUG EVAL: material=-31300 pst=90 total=-31210
DEBUG: evaluate returned crazy score! stand_pat=31210
DEBUG EVAL: material=-31300 pst=65 total=-31235
DEBUG: evaluate returned crazy score! stand_pat=31235
DEBUG EVAL: material=-31300 pst=110 total=-31190
DEBUG: evaluate returned crazy score! stand_pat=31190
DEBUG EVAL: material=-31300 pst=115 total=-31185
DEBUG: evaluate returned crazy score! stand_pat=31185
DEBUG EVAL: material=-31300 pst=120 total=-31180
DEBUG: evaluate returned crazy score! stand_pat=31180
DEBUG EVAL: material=-31300 pst=125 total=-31175
DEBUG: evaluate returned crazy score! stand_pat=31175
DEBUG EVAL: material=-31300 pst=90 total=-31210
DEBUG: evaluate returned crazy score! stand_pat=31210
DEBUG EVAL: material=-31300 pst=90 total=-31210
DEBUG: evaluate returned crazy score! stand_pat=31210
DEBUG EVAL: material=-31300 pst=90 total=-31210
DEBUG: evaluate returned crazy score! stand_pat=31210
DEBUG EVAL: material=-31300 pst=90 total=-31210
DEBUG: evaluate returned crazy score! stand_pat=31210
DEBUG EVAL: material=-31300 pst=90 total=-31210
DEBUG: evaluate returned crazy score! stand_pat=31210
DEBUG EVAL: material=-31300 pst=90 total=-31210
DEBUG: evaluate returned crazy score! stand_pat=31210
DEBUG EVAL: material=-31300 pst=90 total=-31210
DEBUG: evaluate returned crazy score! stand_pat=31210
DEBUG EVAL: material=-30100 pst=20 total=-30080
DEBUG: evaluate returned crazy score! stand_pat=30080
DEBUG: child returned INF! depth=1 score=-30000
DEBUG EVAL: material=-31070 pst=115 total=-30955
DEBUG: evaluate returned crazy score! stand_pat=30955
DEBUG: child returned INF! depth=1 score=-30000
DEBUG EVAL: material=-31400 pst=100 total=-31300
DEBUG: evaluate returned crazy score! stand_pat=31300
DEBUG: child returned INF! depth=1 score=-30000
DEBUG EVAL: material=-31400 pst=135 total=-31265
DEBUG: evaluate returned crazy score! stand_pat=31265
DEBUG: child returned INF! depth=1 score=-30000
DEBUG EVAL: material=-31400 pst=90 total=-31310
DEBUG: evaluate returned crazy score! stand_pat=31310
DEBUG: child returned INF! depth=1 score=-30000
DEBUG EVAL: material=-31400 pst=90 total=-31310
DEBUG: evaluate returned crazy score! stand_pat=31310
DEBUG: child returned INF! depth=1 score=-30000
DEBUG EVAL: material=-31400 pst=100 total=-31300
DEBUG: evaluate returned crazy score! stand_pat=31300
DEBUG: child returned INF! depth=1 score=-30000
DEBUG EVAL: material=-31400 pst=110 total=-31290
DEBUG: evaluate returned crazy score! stand_pat=31290
DEBUG: child returned INF! depth=1 score=-30000
DEBUG EVAL: material=-31400 pst=110 total=-31290
DEBUG: evaluate returned crazy score! stand_pat=31290
DEBUG: child returned INF! depth=1 score=-30000
DEBUG EVAL: material=-31400 pst=105 total=-31295
DEBUG: evaluate returned crazy score! stand_pat=31295
DEBUG: child returned INF! depth=1 score=-30000
DEBUG EVAL: material=-31400 pst=90 total=-31310
DEBUG: evaluate returned crazy score! stand_pat=31310
DEBUG: child returned INF! depth=1 score=-30000
DEBUG EVAL: material=-31400 pst=95 total=-31305
DEBUG: evaluate returned crazy score! stand_pat=31305
DEBUG: child returned INF! depth=1 score=-30000
DEBUG EVAL: material=-31400 pst=140 total=-31260
DEBUG: evaluate returned crazy score! stand_pat=31260
DEBUG: child returned INF! depth=1 score=-30000
DEBUG EVAL: material=-31400 pst=100 total=-31300
DEBUG: evaluate returned crazy score! stand_pat=31300
DEBUG: child returned INF! depth=1 score=-30000
DEBUG EVAL: material=-31400 pst=70 total=-31330
DEBUG: evaluate returned crazy score! stand_pat=31330
DEBUG: child returned INF! depth=1 score=-30000
DEBUG EVAL: material=-31400 pst=70 total=-31330
DEBUG: evaluate returned crazy score! stand_pat=31330
DEBUG: child returned INF! depth=1 score=-30000
DEBUG EVAL: material=-31400 pst=90 total=-31310
DEBUG: evaluate returned crazy score! stand_pat=31310
DEBUG: child returned INF! depth=1 score=-30000
DEBUG EVAL: material=-31400 pst=70 total=-31330
DEBUG: evaluate returned crazy score! stand_pat=31330
DEBUG: child returned INF! depth=1 score=-30000
DEBUG EVAL: material=-31400 pst=70 total=-31330
DEBUG: evaluate returned crazy score! stand_pat=31330
DEBUG: child returned INF! depth=1 score=-30000
DEBUG EVAL: material=-31400 pst=70 total=-31330
DEBUG: evaluate returned crazy score! stand_pat=31330
DEBUG: child returned INF! depth=1 score=-30000
DEBUG EVAL: material=-31400 pst=45 total=-31355
DEBUG: evaluate returned crazy score! stand_pat=31355
DEBUG: child returned INF! depth=1 score=-30000
DEBUG EVAL: material=-31400 pst=90 total=-31310
DEBUG: evaluate returned crazy score! stand_pat=31310
DEBUG: child returned INF! depth=1 score=-30000
DEBUG EVAL: material=-31400 pst=95 total=-31305
DEBUG: evaluate returned crazy score! stand_pat=31305
DEBUG: child returned INF! depth=1 score=-30000
DEBUG EVAL: material=-31400 pst=100 total=-31300
DEBUG: evaluate returned crazy score! stand_pat=31300
DEBUG: child returned INF! depth=1 score=-30000
DEBUG EVAL: material=-31400 pst=95 total=-31305
DEBUG: evaluate returned crazy score! stand_pat=31305
DEBUG: child returned INF! depth=1 score=-30000
DEBUG EVAL: material=-31400 pst=70 total=-31330
DEBUG: evaluate returned crazy score! stand_pat=31330
DEBUG: child returned INF! depth=1 score=-30000
DEBUG EVAL: material=-31400 pst=70 total=-31330
DEBUG: evaluate returned crazy score! stand_pat=31330
DEBUG: child returned INF! depth=1 score=-30000
DEBUG EVAL: material=-31400 pst=70 total=-31330
DEBUG: evaluate returned crazy score! stand_pat=31330
DEBUG: child returned INF! depth=1 score=-30000
DEBUG EVAL: material=-31400 pst=70 total=-31330
DEBUG: evaluate returned crazy score! stand_pat=31330
DEBUG: child returned INF! depth=1 score=-30000
DEBUG EVAL: material=-31400 pst=70 total=-31330
DEBUG: evaluate returned crazy score! stand_pat=31330
DEBUG: child returned INF! depth=1 score=-30000
DEBUG EVAL: material=-31400 pst=70 total=-31330
DEBUG: evaluate returned crazy score! stand_pat=31330
DEBUG: child returned INF! depth=1 score=-30000
DEBUG EVAL: material=-31400 pst=70 total=-31330
DEBUG: evaluate returned crazy score! stand_pat=31330
DEBUG: child returned INF! depth=1 score=-30000
DEBUG: negamax returning -INF! depth=1 ply=5 legal_moves=32 alpha=-30000 beta=-29960
DEBUG: child returned INF! depth=3 score=-30000
DEBUG EVAL: material=-31600 pst=110 total=-31490
DEBUG: evaluate returned crazy score! stand_pat=31490
DEBUG: child returned INF! depth=1 score=-30000
DEBUG EVAL: material=-31600 pst=115 total=-31485
DEBUG: evaluate returned crazy score! stand_pat=31485
DEBUG: child returned INF! depth=1 score=-30000
DEBUG EVAL: material=-31600 pst=110 total=-31490
DEBUG: evaluate returned crazy score! stand_pat=31490
DEBUG: child returned INF! depth=1 score=-30000
DEBUG EVAL: material=-31600 pst=120 total=-31480
DEBUG: evaluate returned crazy score! stand_pat=31480
DEBUG: child returned INF! depth=1 score=-30000
DEBUG EVAL: material=-31600 pst=130 total=-31470
DEBUG: evaluate returned crazy score! stand_pat=31470
DEBUG: child returned INF! depth=1 score=-30000
DEBUG EVAL: material=-31600 pst=130 total=-31470
DEBUG: evaluate returned crazy score! stand_pat=31470
DEBUG: child returned INF! depth=1 score=-30000
DEBUG EVAL: material=-31600 pst=125 total=-31475
DEBUG: evaluate returned crazy score! stand_pat=31475
DEBUG: child returned INF! depth=1 score=-30000
DEBUG EVAL: material=-31600 pst=110 total=-31490
DEBUG: evaluate returned crazy score! stand_pat=31490
DEBUG: child returned INF! depth=1 score=-30000
DEBUG EVAL: material=-31600 pst=110 total=-31490
DEBUG: evaluate returned crazy score! stand_pat=31490
DEBUG: child returned INF! depth=1 score=-30000
DEBUG EVAL: material=-31600 pst=90 total=-31510
DEBUG: evaluate returned crazy score! stand_pat=31510
DEBUG: child returned INF! depth=1 score=-30000
DEBUG EVAL: material=-31600 pst=90 total=-31510
DEBUG: evaluate returned crazy score! stand_pat=31510
DEBUG: child returned INF! depth=1 score=-30000
DEBUG EVAL: material=-31600 pst=90 total=-31510
DEBUG: evaluate returned crazy score! stand_pat=31510
DEBUG: child returned INF! depth=1 score=-30000
DEBUG EVAL: material=-31600 pst=90 total=-31510
DEBUG: evaluate returned crazy score! stand_pat=31510
DEBUG: child returned INF! depth=1 score=-30000
DEBUG EVAL: material=-31600 pst=90 total=-31510
DEBUG: evaluate returned crazy score! stand_pat=31510
DEBUG: child returned INF! depth=1 score=-30000
DEBUG EVAL: material=-31600 pst=90 total=-31510
DEBUG: evaluate returned crazy score! stand_pat=31510
DEBUG: child returned INF! depth=1 score=-30000
DEBUG EVAL: material=-31600 pst=65 total=-31535
DEBUG: evaluate returned crazy score! stand_pat=31535
DEBUG: child returned INF! depth=1 score=-30000
DEBUG EVAL: material=-31600 pst=110 total=-31490
DEBUG: evaluate returned crazy score! stand_pat=31490
DEBUG: child returned INF! depth=1 score=-30000
DEBUG EVAL: material=-31600 pst=120 total=-31480
DEBUG: evaluate returned crazy score! stand_pat=31480
DEBUG: child returned INF! depth=1 score=-30000
DEBUG EVAL: material=-31600 pst=125 total=-31475
DEBUG: evaluate returned crazy score! stand_pat=31475
DEBUG: child returned INF! depth=1 score=-30000
DEBUG EVAL: material=-31600 pst=90 total=-31510
DEBUG: evaluate returned crazy score! stand_pat=31510
DEBUG: child returned INF! depth=1 score=-30000
DEBUG EVAL: material=-31600 pst=90 total=-31510
DEBUG: evaluate returned crazy score! stand_pat=31510
DEBUG: child returned INF! depth=1 score=-30000
DEBUG EVAL: material=-31600 pst=90 total=-31510
DEBUG: evaluate returned crazy score! stand_pat=31510
DEBUG: child returned INF! depth=1 score=-30000
DEBUG EVAL: material=-31600 pst=90 total=-31510
DEBUG: evaluate returned crazy score! stand_pat=31510
DEBUG: child returned INF! depth=1 score=-30000
DEBUG EVAL: material=-31600 pst=60 total=-31540
DEBUG: evaluate returned crazy score! stand_pat=31540
DEBUG: child returned INF! depth=1 score=-30000
DEBUG EVAL: material=-31600 pst=120 total=-31480
DEBUG: evaluate returned crazy score! stand_pat=31480
DEBUG: child returned INF! depth=1 score=-30000
DEBUG EVAL: material=-31600 pst=70 total=-31530
DEBUG: evaluate returned crazy score! stand_pat=31530
DEBUG: child returned INF! depth=1 score=-30000
DEBUG EVAL: material=-31600 pst=120 total=-31480
DEBUG: evaluate returned crazy score! stand_pat=31480
DEBUG: child returned INF! depth=1 score=-30000
DEBUG EVAL: material=-31600 pst=105 total=-31495
DEBUG: evaluate returned crazy score! stand_pat=31495
DEBUG: child returned INF! depth=1 score=-30000
DEBUG: negamax returning -INF! depth=1 ply=5 legal_moves=28 alpha=-30000 beta=-28690
DEBUG: child returned INF! depth=3 score=-30000
DEBUG EVAL: material=-31270 pst=80 total=-31190
DEBUG: evaluate returned crazy score! stand_pat=31190
DEBUG: child returned INF! depth=1 score=-30000
DEBUG EVAL: material=-31500 pst=50 total=-31450
DEBUG: evaluate returned crazy score! stand_pat=31450
DEBUG: child returned INF! depth=1 score=-30000
DEBUG EVAL: material=-31600 pst=115 total=-31485
DEBUG: evaluate returned crazy score! stand_pat=31485
DEBUG: child returned INF! depth=1 score=-30000
DEBUG EVAL: material=-31600 pst=80 total=-31520
DEBUG: evaluate returned crazy score! stand_pat=31520
DEBUG: child returned INF! depth=1 score=-30000
DEBUG EVAL: material=-31600 pst=90 total=-31510
DEBUG: evaluate returned crazy score! stand_pat=31510
DEBUG: child returned INF! depth=1 score=-30000
DEBUG EVAL: material=-31600 pst=90 total=-31510
DEBUG: evaluate returned crazy score! stand_pat=31510
DEBUG: child returned INF! depth=1 score=-30000
DEBUG EVAL: material=-31600 pst=85 total=-31515
DEBUG: evaluate returned crazy score! stand_pat=31515
DEBUG: child returned INF! depth=1 score=-30000
DEBUG EVAL: material=-31600 pst=70 total=-31530
DEBUG: evaluate returned crazy score! stand_pat=31530
DEBUG: child returned INF! depth=1 score=-30000
DEBUG EVAL: material=-31600 pst=70 total=-31530
DEBUG: evaluate returned crazy score! stand_pat=31530
DEBUG: child returned INF! depth=1 score=-30000
DEBUG EVAL: material=-31600 pst=80 total=-31520
DEBUG: evaluate returned crazy score! stand_pat=31520
DEBUG: child returned INF! depth=1 score=-30000
DEBUG EVAL: material=-31600 pst=50 total=-31550
DEBUG: evaluate returned crazy score! stand_pat=31550
DEBUG: child returned INF! depth=1 score=-30000
DEBUG EVAL: material=-31600 pst=50 total=-31550
DEBUG: evaluate returned crazy score! stand_pat=31550
DEBUG: child returned INF! depth=1 score=-30000
DEBUG EVAL: material=-31600 pst=50 total=-31550
DEBUG: evaluate returned crazy score! stand_pat=31550
DEBUG: child returned INF! depth=1 score=-30000
DEBUG EVAL: material=-31600 pst=50 total=-31550
DEBUG: evaluate returned crazy score! stand_pat=31550
DEBUG: child returned INF! depth=1 score=-30000
DEBUG EVAL: material=-31600 pst=50 total=-31550
DEBUG: evaluate returned crazy score! stand_pat=31550
DEBUG: child returned INF! depth=1 score=-30000
DEBUG EVAL: material=-31600 pst=50 total=-31550
DEBUG: evaluate returned crazy score! stand_pat=31550
DEBUG: child returned INF! depth=1 score=-30000
DEBUG EVAL: material=-31600 pst=25 total=-31575
DEBUG: evaluate returned crazy score! stand_pat=31575
DEBUG: child returned INF! depth=1 score=-30000
DEBUG EVAL: material=-31600 pst=70 total=-31530
DEBUG: evaluate returned crazy score! stand_pat=31530
DEBUG: child returned INF! depth=1 score=-30000
DEBUG EVAL: material=-31600 pst=80 total=-31520
DEBUG: evaluate returned crazy score! stand_pat=31520
DEBUG: child returned INF! depth=1 score=-30000
DEBUG EVAL: material=-31600 pst=85 total=-31515
DEBUG: evaluate returned crazy score! stand_pat=31515
DEBUG: child returned INF! depth=1 score=-30000
DEBUG EVAL: material=-31600 pst=70 total=-31530
DEBUG: evaluate returned crazy score! stand_pat=31530
DEBUG: child returned INF! depth=1 score=-30000
DEBUG EVAL: material=-31600 pst=50 total=-31550
DEBUG: evaluate returned crazy score! stand_pat=31550
DEBUG: child returned INF! depth=1 score=-30000
DEBUG EVAL: material=-31600 pst=50 total=-31550
DEBUG: evaluate returned crazy score! stand_pat=31550
DEBUG: child returned INF! depth=1 score=-30000
DEBUG EVAL: material=-31600 pst=50 total=-31550
DEBUG: evaluate returned crazy score! stand_pat=31550
DEBUG: child returned INF! depth=1 score=-30000
DEBUG EVAL: material=-31600 pst=65 total=-31535
DEBUG: evaluate returned crazy score! stand_pat=31535
DEBUG: child returned INF! depth=1 score=-30000
DEBUG EVAL: material=-31600 pst=60 total=-31540
DEBUG: evaluate returned crazy score! stand_pat=31540
DEBUG: child returned INF! depth=1 score=-30000
DEBUG EVAL: material=-31600 pst=70 total=-31530
DEBUG: evaluate returned crazy score! stand_pat=31530
DEBUG: child returned INF! depth=1 score=-30000
DEBUG EVAL: material=-31600 pst=70 total=-31530
DEBUG: evaluate returned crazy score! stand_pat=31530
DEBUG: child returned INF! depth=1 score=-30000
DEBUG EVAL: material=-31600 pst=70 total=-31530
DEBUG: evaluate returned crazy score! stand_pat=31530
DEBUG: child returned INF! depth=1 score=-30000
DEBUG EVAL: material=-31600 pst=65 total=-31535
DEBUG: evaluate returned crazy score! stand_pat=31535
DEBUG: child returned INF! depth=1 score=-30000
DEBUG EVAL: material=-31600 pst=60 total=-31540
DEBUG: evaluate returned crazy score! stand_pat=31540
DEBUG: child returned INF! depth=1 score=-30000
DEBUG EVAL: material=-31600 pst=70 total=-31530
DEBUG: evaluate returned crazy score! stand_pat=31530
DEBUG: child returned INF! depth=1 score=-30000
DEBUG EVAL: material=-31600 pst=70 total=-31530
DEBUG: evaluate returned crazy score! stand_pat=31530
DEBUG: child returned INF! depth=1 score=-30000
DEBUG EVAL: material=-31600 pst=70 total=-31530
DEBUG: evaluate returned crazy score! stand_pat=31530
DEBUG: child returned INF! depth=1 score=-30000
DEBUG EVAL: material=-31600 pst=70 total=-31530
DEBUG: evaluate returned crazy score! stand_pat=31530
DEBUG: child returned INF! depth=1 score=-30000
DEBUG EVAL: material=-31600 pst=55 total=-31545
DEBUG: evaluate returned crazy score! stand_pat=31545
DEBUG: child returned INF! depth=1 score=-30000
DEBUG EVAL: material=-31600 pst=65 total=-31535
DEBUG: evaluate returned crazy score! stand_pat=31535
DEBUG: child returned INF! depth=1 score=-30000
DEBUG EVAL: material=-31600 pst=55 total=-31545
DEBUG: evaluate returned crazy score! stand_pat=31545
DEBUG: child returned INF! depth=1 score=-30000
DEBUG EVAL: material=-31600 pst=70 total=-31530
DEBUG: evaluate returned crazy score! stand_pat=31530
DEBUG: child returned INF! depth=1 score=-30000
DEBUG EVAL: material=-31600 pst=50 total=-31550
DEBUG: evaluate returned crazy score! stand_pat=31550
DEBUG: child returned INF! depth=1 score=-30000
DEBUG: negamax returning -INF! depth=1 ply=5 legal_moves=40 alpha=-30000 beta=-28690
DEBUG: child returned INF! depth=3 score=-30000
DEBUG EVAL: material=-32300 pst=100 total=-32200
DEBUG: evaluate returned crazy score! stand_pat=32200
DEBUG: child returned INF! depth=1 score=-30000
DEBUG EVAL: material=-32400 pst=115 total=-32285
DEBUG: evaluate returned crazy score! stand_pat=32285
DEBUG: child returned INF! depth=1 score=-30000
DEBUG EVAL: material=-32400 pst=80 total=-32320
DEBUG: evaluate returned crazy score! stand_pat=32320
DEBUG: child returned INF! depth=1 score=-30000
DEBUG EVAL: material=-32400 pst=90 total=-32310
DEBUG: evaluate returned crazy score! stand_pat=32310
DEBUG: child returned INF! depth=1 score=-30000
DEBUG EVAL: material=-32400 pst=90 total=-32310
DEBUG: evaluate returned crazy score! stand_pat=32310
DEBUG: child returned INF! depth=1 score=-30000
DEBUG EVAL: material=-32400 pst=85 total=-32315
DEBUG: evaluate returned crazy score! stand_pat=32315
DEBUG: child returned INF! depth=1 score=-30000
DEBUG EVAL: material=-32400 pst=70 total=-32330
DEBUG: evaluate returned crazy score! stand_pat=32330
DEBUG: child returned INF! depth=1 score=-30000
DEBUG EVAL: material=-32400 pst=120 total=-32280
DEBUG: evaluate returned crazy score! stand_pat=32280
DEBUG: child returned INF! depth=1 score=-30000
DEBUG EVAL: material=-32400 pst=80 total=-32320
DEBUG: evaluate returned crazy score! stand_pat=32320
DEBUG: child returned INF! depth=1 score=-30000
DEBUG EVAL: material=-32400 pst=50 total=-32350
DEBUG: evaluate returned crazy score! stand_pat=32350
DEBUG: child returned INF! depth=1 score=-30000
DEBUG EVAL: material=-32400 pst=50 total=-32350
DEBUG: evaluate returned crazy score! stand_pat=32350
DEBUG: child returned INF! depth=1 score=-30000
DEBUG EVAL: material=-32400 pst=50 total=-32350
DEBUG: evaluate returned crazy score! stand_pat=32350
DEBUG: child returned INF! depth=1 score=-30000
DEBUG EVAL: material=-32400 pst=70 total=-32330
DEBUG: evaluate returned crazy score! stand_pat=32330
DEBUG: child returned INF! depth=1 score=-30000
DEBUG EVAL: material=-32400 pst=50 total=-32350
DEBUG: evaluate returned crazy score! stand_pat=32350
DEBUG: child returned INF! depth=1 score=-30000
DEBUG EVAL: material=-32400 pst=50 total=-32350
DEBUG: evaluate returned crazy score! stand_pat=32350
DEBUG: child returned INF! depth=1 score=-30000
DEBUG EVAL: material=-32400 pst=25 total=-32375
DEBUG: evaluate returned crazy score! stand_pat=32375
DEBUG: child returned INF! depth=1 score=-30000
DEBUG EVAL: material=-32400 pst=70 total=-32330
DEBUG: evaluate returned crazy score! stand_pat=32330
DEBUG: child returned INF! depth=1 score=-30000
DEBUG EVAL: material=-32400 pst=75 total=-32325
DEBUG: evaluate returned crazy score! stand_pat=32325
DEBUG: child returned INF! depth=1 score=-30000
DEBUG EVAL: material=-32400 pst=80 total=-32320
DEBUG: evaluate returned crazy score! stand_pat=32320
DEBUG: child returned INF! depth=1 score=-30000
DEBUG EVAL: material=-32400 pst=85 total=-32315
DEBUG: evaluate returned crazy score! stand_pat=32315
DEBUG: child returned INF! depth=1 score=-30000
DEBUG EVAL: material=-32400 pst=50 total=-32350
DEBUG: evaluate returned crazy score! stand_pat=32350
DEBUG: child returned INF! depth=1 score=-30000
DEBUG EVAL: material=-32400 pst=50 total=-32350
DEBUG: evaluate returned crazy score! stand_pat=32350
DEBUG: child returned INF! depth=1 score=-30000
DEBUG EVAL: material=-32400 pst=50 total=-32350
DEBUG: evaluate returned crazy score! stand_pat=32350
DEBUG: child returned INF! depth=1 score=-30000
DEBUG EVAL: material=-32400 pst=50 total=-32350
DEBUG: evaluate returned crazy score! stand_pat=32350
DEBUG: child returned INF! depth=1 score=-30000
DEBUG EVAL: material=-32400 pst=50 total=-32350
DEBUG: evaluate returned crazy score! stand_pat=32350
DEBUG: child returned INF! depth=1 score=-30000
DEBUG EVAL: material=-32400 pst=100 total=-32300
DEBUG: evaluate returned crazy score! stand_pat=32300
DEBUG: child returned INF! depth=1 score=-30000
DEBUG EVAL: material=-32400 pst=50 total=-32350
DEBUG: evaluate returned crazy score! stand_pat=32350
DEBUG: child returned INF! depth=1 score=-30000
DEBUG: negamax returning -INF! depth=1 ply=5 legal_moves=27 alpha=-30000 beta=-28690
DEBUG: child returned INF! depth=3 score=-30000
DEBUG EVAL: material=-31270 pst=80 total=-31190
DEBUG: evaluate returned crazy score! stand_pat=31190
DEBUG: child returned INF! depth=1 score=-30000
DEBUG EVAL: material=-31500 pst=55 total=-31445
DEBUG: evaluate returned crazy score! stand_pat=31445
DEBUG: child returned INF! depth=1 score=-30000
DEBUG EVAL: material=-31500 pst=65 total=-31435
DEBUG: evaluate returned crazy score! stand_pat=31435
DEBUG: child returned INF! depth=1 score=-30000
DEBUG EVAL: material=-31600 pst=105 total=-31495
DEBUG: evaluate returned crazy score! stand_pat=31495
DEBUG: child returned INF! depth=1 score=-30000
DEBUG EVAL: material=-31600 pst=80 total=-31520
DEBUG: evaluate returned crazy score! stand_pat=31520
DEBUG: child returned INF! depth=1 score=-30000
DEBUG EVAL: material=-31600 pst=80 total=-31520
DEBUG: evaluate returned crazy score! stand_pat=31520
DEBUG: child returned INF! depth=1 score=-30000
DEBUG EVAL: material=-31600 pst=75 total=-31525
DEBUG: evaluate returned crazy score! stand_pat=31525
DEBUG: child returned INF! depth=1 score=-30000
DEBUG EVAL: material=-31600 pst=60 total=-31540
DEBUG: evaluate returned crazy score! stand_pat=31540
DEBUG: child returned INF! depth=1 score=-30000
DEBUG EVAL: material=-31600 pst=70 total=-31530
DEBUG: evaluate returned crazy score! stand_pat=31530
DEBUG: child returned INF! depth=1 score=-30000
DEBUG EVAL: material=-31600 pst=110 total=-31490
DEBUG: evaluate returned crazy score! stand_pat=31490
DEBUG: child returned INF! depth=1 score=-30000
DEBUG EVAL: material=-31600 pst=70 total=-31530
DEBUG: evaluate returned crazy score! stand_pat=31530
DEBUG: child returned INF! depth=1 score=-30000
DEBUG EVAL: material=-31600 pst=40 total=-31560
DEBUG: evaluate returned crazy score! stand_pat=31560
DEBUG: child returned INF! depth=1 score=-30000
DEBUG EVAL: material=-31600 pst=40 total=-31560
DEBUG: evaluate returned crazy score! stand_pat=31560
DEBUG: child returned INF! depth=1 score=-30000
DEBUG EVAL: material=-31600 pst=40 total=-31560
DEBUG: evaluate returned crazy score! stand_pat=31560
DEBUG: child returned INF! depth=1 score=-30000
DEBUG EVAL: material=-31600 pst=40 total=-31560
DEBUG: evaluate returned crazy score! stand_pat=31560
DEBUG: child returned INF! depth=1 score=-30000
DEBUG EVAL: material=-31600 pst=40 total=-31560
DEBUG: evaluate returned crazy score! stand_pat=31560
DEBUG: child returned INF! depth=1 score=-30000
DEBUG EVAL: material=-31600 pst=40 total=-31560
DEBUG: evaluate returned crazy score! stand_pat=31560
DEBUG: child returned INF! depth=1 score=-30000
DEBUG EVAL: material=-31600 pst=15 total=-31585
DEBUG: evaluate returned crazy score! stand_pat=31585
DEBUG: child returned INF! depth=1 score=-30000
DEBUG EVAL: material=-31600 pst=60 total=-31540
DEBUG: evaluate returned crazy score! stand_pat=31540
DEBUG: child returned INF! depth=1 score=-30000
DEBUG EVAL: material=-31600 pst=65 total=-31535
DEBUG: evaluate returned crazy score! stand_pat=31535
DEBUG: child returned INF! depth=1 score=-30000
DEBUG EVAL: material=-31600 pst=60 total=-31540
DEBUG: evaluate returned crazy score! stand_pat=31540
DEBUG: child returned INF! depth=1 score=-30000
DEBUG EVAL: material=-31600 pst=75 total=-31525
DEBUG: evaluate returned crazy score! stand_pat=31525
DEBUG: child returned INF! depth=1 score=-30000
DEBUG EVAL: material=-31600 pst=40 total=-31560
DEBUG: evaluate returned crazy score! stand_pat=31560
DEBUG: child returned INF! depth=1 score=-30000
DEBUG EVAL: material=-31600 pst=40 total=-31560
DEBUG: evaluate returned crazy score! stand_pat=31560
DEBUG: child returned INF! depth=1 score=-30000
DEBUG EVAL: material=-31600 pst=40 total=-31560
DEBUG: evaluate returned crazy score! stand_pat=31560
DEBUG: child returned INF! depth=1 score=-30000
DEBUG EVAL: material=-31600 pst=40 total=-31560
DEBUG: evaluate returned crazy score! stand_pat=31560
DEBUG: child returned INF! depth=1 score=-30000
DEBUG EVAL: material=-31600 pst=40 total=-31560
DEBUG: evaluate returned crazy score! stand_pat=31560
DEBUG: child returned INF! depth=1 score=-30000
DEBUG EVAL: material=-31600 pst=40 total=-31560
DEBUG: evaluate returned crazy score! stand_pat=31560
DEBUG: child returned INF! depth=1 score=-30000
DEBUG EVAL: material=-31600 pst=65 total=-31535
DEBUG: evaluate returned crazy score! stand_pat=31535
DEBUG: child returned INF! depth=1 score=-30000
DEBUG EVAL: material=-31600 pst=70 total=-31530
DEBUG: evaluate returned crazy score! stand_pat=31530
DEBUG: child returned INF! depth=1 score=-30000
DEBUG EVAL: material=-31600 pst=65 total=-31535
DEBUG: evaluate returned crazy score! stand_pat=31535
DEBUG: child returned INF! depth=1 score=-30000
DEBUG EVAL: material=-31600 pst=60 total=-31540
DEBUG: evaluate returned crazy score! stand_pat=31540
DEBUG: child returned INF! depth=1 score=-30000
DEBUG EVAL: material=-31600 pst=65 total=-31535
DEBUG: evaluate returned crazy score! stand_pat=31535
DEBUG: child returned INF! depth=1 score=-30000
DEBUG EVAL: material=-31600 pst=60 total=-31540
DEBUG: evaluate returned crazy score! stand_pat=31540
DEBUG: child returned INF! depth=1 score=-30000
DEBUG EVAL: material=-31600 pst=60 total=-31540
DEBUG: evaluate returned crazy score! stand_pat=31540
DEBUG: child returned INF! depth=1 score=-30000
DEBUG EVAL: material=-31600 pst=55 total=-31545
DEBUG: evaluate returned crazy score! stand_pat=31545
DEBUG: child returned INF! depth=1 score=-30000
DEBUG EVAL: material=-31600 pst=65 total=-31535
DEBUG: evaluate returned crazy score! stand_pat=31535
DEBUG: child returned INF! depth=1 score=-30000
DEBUG EVAL: material=-31600 pst=60 total=-31540
DEBUG: evaluate returned crazy score! stand_pat=31540
DEBUG: child returned INF! depth=1 score=-30000
DEBUG EVAL: material=-31600 pst=55 total=-31545
DEBUG: evaluate returned crazy score! stand_pat=31545
DEBUG: child returned INF! depth=1 score=-30000
DEBUG EVAL: material=-31600 pst=70 total=-31530
DEBUG: evaluate returned crazy score! stand_pat=31530
DEBUG: child returned INF! depth=1 score=-30000
DEBUG: negamax returning -INF! depth=1 ply=5 legal_moves=40 alpha=-30000 beta=-28690
DEBUG: child returned INF! depth=3 score=-30000
DEBUG EVAL: material=-31600 pst=60 total=-31540
DEBUG: evaluate returned crazy score! stand_pat=31540
DEBUG: child returned INF! depth=1 score=-30000
DEBUG EVAL: material=-31600 pst=60 total=-31540
DEBUG: evaluate returned crazy score! stand_pat=31540
DEBUG: child returned INF! depth=1 score=-30000
DEBUG EVAL: material=-31600 pst=110 total=-31490
DEBUG: evaluate returned crazy score! stand_pat=31490
DEBUG: child returned INF! depth=1 score=-30000
DEBUG EVAL: material=-31600 pst=70 total=-31530
DEBUG: evaluate returned crazy score! stand_pat=31530
DEBUG: child returned INF! depth=1 score=-30000
DEBUG EVAL: material=-31600 pst=40 total=-31560
DEBUG: evaluate returned crazy score! stand_pat=31560
DEBUG: child returned INF! depth=1 score=-30000
DEBUG EVAL: material=-31600 pst=40 total=-31560
DEBUG: evaluate returned crazy score! stand_pat=31560
DEBUG: child returned INF! depth=1 score=-30000
DEBUG EVAL: material=-31600 pst=40 total=-31560
DEBUG: evaluate returned crazy score! stand_pat=31560
DEBUG: child returned INF! depth=1 score=-30000
DEBUG EVAL: material=-31600 pst=40 total=-31560
DEBUG: evaluate returned crazy score! stand_pat=31560
DEBUG: child returned INF! depth=1 score=-30000
DEBUG EVAL: material=-31600 pst=40 total=-31560
DEBUG: evaluate returned crazy score! stand_pat=31560
DEBUG: child returned INF! depth=1 score=-30000
DEBUG EVAL: material=-31600 pst=40 total=-31560
DEBUG: evaluate returned crazy score! stand_pat=31560
DEBUG: child returned INF! depth=1 score=-30000
DEBUG EVAL: material=-31600 pst=15 total=-31585
DEBUG: evaluate returned crazy score! stand_pat=31585
DEBUG: child returned INF! depth=1 score=-30000
DEBUG EVAL: material=-31600 pst=60 total=-31540
DEBUG: evaluate returned crazy score! stand_pat=31540
DEBUG: child returned INF! depth=1 score=-30000
DEBUG EVAL: material=-31600 pst=65 total=-31535
DEBUG: evaluate returned crazy score! stand_pat=31535
DEBUG: child returned INF! depth=1 score=-30000
DEBUG EVAL: material=-31600 pst=70 total=-31530
DEBUG: evaluate returned crazy score! stand_pat=31530
DEBUG: child returned INF! depth=1 score=-30000
DEBUG EVAL: material=-31600 pst=75 total=-31525
DEBUG: evaluate returned crazy score! stand_pat=31525
DEBUG: child returned INF! depth=1 score=-30000
DEBUG EVAL: material=-31600 pst=60 total=-31540
DEBUG: evaluate returned crazy score! stand_pat=31540
DEBUG: child returned INF! depth=1 score=-30000
DEBUG EVAL: material=-31600 pst=40 total=-31560
DEBUG: evaluate returned crazy score! stand_pat=31560
DEBUG: child returned INF! depth=1 score=-30000
DEBUG EVAL: material=-31600 pst=40 total=-31560
DEBUG: evaluate returned crazy score! stand_pat=31560
DEBUG: child returned INF! depth=1 score=-30000
DEBUG EVAL: material=-31600 pst=40 total=-31560
DEBUG: evaluate returned crazy score! stand_pat=31560
DEBUG: child returned INF! depth=1 score=-30000
DEBUG EVAL: material=-31600 pst=40 total=-31560
DEBUG: evaluate returned crazy score! stand_pat=31560
DEBUG: child returned INF! depth=1 score=-30000
DEBUG EVAL: material=-31600 pst=40 total=-31560
DEBUG: evaluate returned crazy score! stand_pat=31560
DEBUG: child returned INF! depth=1 score=-30000
DEBUG EVAL: material=-31600 pst=40 total=-31560
DEBUG: evaluate returned crazy score! stand_pat=31560
DEBUG: child returned INF! depth=1 score=-30000
DEBUG EVAL: material=-31600 pst=40 total=-31560
DEBUG: evaluate returned crazy score! stand_pat=31560
DEBUG: child returned INF! depth=1 score=-30000
DEBUG EVAL: material=-31600 pst=40 total=-31560
DEBUG: evaluate returned crazy score! stand_pat=31560
DEBUG: child returned INF! depth=1 score=-30000
DEBUG: negamax returning -INF! depth=1 ply=5 legal_moves=24 alpha=-30000 beta=-28690
DEBUG: child returned INF! depth=3 score=-30000
DEBUG EVAL: material=-31600 pst=70 total=-31530
DEBUG: evaluate returned crazy score! stand_pat=31530
DEBUG: child returned INF! depth=1 score=-30000
DEBUG EVAL: material=-31600 pst=80 total=-31520
DEBUG: evaluate returned crazy score! stand_pat=31520
DEBUG: child returned INF! depth=1 score=-30000
DEBUG EVAL: material=-31600 pst=120 total=-31480
DEBUG: evaluate returned crazy score! stand_pat=31480
DEBUG: child returned INF! depth=1 score=-30000
DEBUG EVAL: material=-31600 pst=80 total=-31520
DEBUG: evaluate returned crazy score! stand_pat=31520
DEBUG: child returned INF! depth=1 score=-30000
DEBUG EVAL: material=-31600 pst=50 total=-31550
DEBUG: evaluate returned crazy score! stand_pat=31550
DEBUG: child returned INF! depth=1 score=-30000
DEBUG EVAL: material=-31600 pst=50 total=-31550
DEBUG: evaluate returned crazy score! stand_pat=31550
DEBUG: child returned INF! depth=1 score=-30000
DEBUG EVAL: material=-31600 pst=50 total=-31550
DEBUG: evaluate returned crazy score! stand_pat=31550
DEBUG: child returned INF! depth=1 score=-30000
DEBUG EVAL: material=-31600 pst=50 total=-31550
DEBUG: evaluate returned crazy score! stand_pat=31550
DEBUG: child returned INF! depth=1 score=-30000
DEBUG EVAL: material=-31600 pst=50 total=-31550
DEBUG: evaluate returned crazy score! stand_pat=31550
DEBUG: child returned INF! depth=1 score=-30000
DEBUG EVAL: material=-31600 pst=50 total=-31550
DEBUG: evaluate returned crazy score! stand_pat=31550
DEBUG: child returned INF! depth=1 score=-30000
DEBUG EVAL: material=-31600 pst=25 total=-31575
DEBUG: evaluate returned crazy score! stand_pat=31575
DEBUG: child returned INF! depth=1 score=-30000
DEBUG EVAL: material=-31600 pst=35 total=-31565
DEBUG: evaluate returned crazy score! stand_pat=31565
DEBUG: child returned INF! depth=1 score=-30000
DEBUG EVAL: material=-31600 pst=70 total=-31530
DEBUG: evaluate returned crazy score! stand_pat=31530
DEBUG: child returned INF! depth=1 score=-30000
DEBUG EVAL: material=-31600 pst=75 total=-31525
DEBUG: evaluate returned crazy score! stand_pat=31525
DEBUG: child returned INF! depth=1 score=-30000
DEBUG EVAL: material=-31600 pst=80 total=-31520
DEBUG: evaluate returned crazy score! stand_pat=31520
DEBUG: child returned INF! depth=1 score=-30000
DEBUG EVAL: material=-31600 pst=85 total=-31515
DEBUG: evaluate returned crazy score! stand_pat=31515
DEBUG: child returned INF! depth=1 score=-30000
DEBUG EVAL: material=-31600 pst=60 total=-31540
DEBUG: evaluate returned crazy score! stand_pat=31540
DEBUG: child returned INF! depth=1 score=-30000
DEBUG EVAL: material=-31600 pst=80 total=-31520
DEBUG: evaluate returned crazy score! stand_pat=31520
DEBUG: child returned INF! depth=1 score=-30000
DEBUG EVAL: material=-31600 pst=80 total=-31520
DEBUG: evaluate returned crazy score! stand_pat=31520
DEBUG: child returned INF! depth=1 score=-30000
DEBUG EVAL: material=-31600 pst=75 total=-31525
DEBUG: evaluate returned crazy score! stand_pat=31525
DEBUG: child returned INF! depth=1 score=-30000
DEBUG EVAL: material=-31600 pst=60 total=-31540
DEBUG: evaluate returned crazy score! stand_pat=31540
DEBUG: child returned INF! depth=1 score=-30000
DEBUG EVAL: material=-31600 pst=80 total=-31520
DEBUG: evaluate returned crazy score! stand_pat=31520
DEBUG: child returned INF! depth=1 score=-30000
DEBUG EVAL: material=-31600 pst=70 total=-31530
DEBUG: evaluate returned crazy score! stand_pat=31530
DEBUG: child returned INF! depth=1 score=-30000
DEBUG EVAL: material=-31600 pst=60 total=-31540
DEBUG: evaluate returned crazy score! stand_pat=31540
DEBUG: child returned INF! depth=1 score=-30000
DEBUG EVAL: material=-31600 pst=50 total=-31550
DEBUG: evaluate returned crazy score! stand_pat=31550
DEBUG: child returned INF! depth=1 score=-30000
DEBUG EVAL: material=-31600 pst=50 total=-31550
DEBUG: evaluate returned crazy score! stand_pat=31550
DEBUG: child returned INF! depth=1 score=-30000
DEBUG EVAL: material=-31600 pst=50 total=-31550
DEBUG: evaluate returned crazy score! stand_pat=31550
DEBUG: child returned INF! depth=1 score=-30000
DEBUG EVAL: material=-31600 pst=50 total=-31550
DEBUG: evaluate returned crazy score! stand_pat=31550
DEBUG: child returned INF! depth=1 score=-30000
DEBUG EVAL: material=-31600 pst=50 total=-31550
DEBUG: evaluate returned crazy score! stand_pat=31550
DEBUG: child returned INF! depth=1 score=-30000
DEBUG EVAL: material=-31600 pst=50 total=-31550
DEBUG: evaluate returned crazy score! stand_pat=31550
DEBUG: child returned INF! depth=1 score=-30000
DEBUG: negamax returning -INF! depth=1 ply=5 legal_moves=30 alpha=-30000 beta=-28690
DEBUG: child returned INF! depth=3 score=-30000
DEBUG EVAL: material=-31500 pst=90 total=-31410
DEBUG: evaluate returned crazy score! stand_pat=31410
DEBUG: child returned INF! depth=1 score=-30000
DEBUG EVAL: material=-31730 pst=100 total=-31630
DEBUG: evaluate returned crazy score! stand_pat=31630
DEBUG: child returned INF! depth=1 score=-30000
DEBUG EVAL: material=-31830 pst=80 total=-31750
DEBUG: evaluate returned crazy score! stand_pat=31750
DEBUG: child returned INF! depth=1 score=-30000
DEBUG EVAL: material=-31830 pst=115 total=-31715
DEBUG: evaluate returned crazy score! stand_pat=31715
DEBUG: child returned INF! depth=1 score=-30000
DEBUG EVAL: material=-31830 pst=70 total=-31760
DEBUG: evaluate returned crazy score! stand_pat=31760
DEBUG: child returned INF! depth=1 score=-30000
DEBUG EVAL: material=-31830 pst=75 total=-31755
DEBUG: evaluate returned crazy score! stand_pat=31755
DEBUG: child returned INF! depth=1 score=-30000
DEBUG EVAL: material=-31830 pst=120 total=-31710
DEBUG: evaluate returned crazy score! stand_pat=31710
DEBUG: child returned INF! depth=1 score=-30000
DEBUG EVAL: material=-31830 pst=80 total=-31750
DEBUG: evaluate returned crazy score! stand_pat=31750
DEBUG: child returned INF! depth=1 score=-30000
DEBUG EVAL: material=-31830 pst=50 total=-31780
DEBUG: evaluate returned crazy score! stand_pat=31780
DEBUG: child returned INF! depth=1 score=-30000
DEBUG EVAL: material=-31830 pst=50 total=-31780
DEBUG: evaluate returned crazy score! stand_pat=31780
DEBUG: child returned INF! depth=1 score=-30000
DEBUG EVAL: material=-31830 pst=50 total=-31780
DEBUG: evaluate returned crazy score! stand_pat=31780
DEBUG: child returned INF! depth=1 score=-30000
DEBUG EVAL: material=-31830 pst=50 total=-31780
DEBUG: evaluate returned crazy score! stand_pat=31780
DEBUG: child returned INF! depth=1 score=-30000
DEBUG EVAL: material=-31830 pst=50 total=-31780
DEBUG: evaluate returned crazy score! stand_pat=31780
DEBUG: child returned INF! depth=1 score=-30000
DEBUG EVAL: material=-31830 pst=70 total=-31760
DEBUG: evaluate returned crazy score! stand_pat=31760
DEBUG: child returned INF! depth=1 score=-30000
DEBUG EVAL: material=-31830 pst=75 total=-31755
DEBUG: evaluate returned crazy score! stand_pat=31755
DEBUG: child returned INF! depth=1 score=-30000
DEBUG EVAL: material=-31830 pst=25 total=-31805
DEBUG: evaluate returned crazy score! stand_pat=31805
DEBUG: child returned INF! depth=1 score=-30000
DEBUG EVAL: material=-31830 pst=35 total=-31795
DEBUG: evaluate returned crazy score! stand_pat=31795
DEBUG: child returned INF! depth=1 score=-30000
DEBUG EVAL: material=-31830 pst=70 total=-31760
DEBUG: evaluate returned crazy score! stand_pat=31760
DEBUG: child returned INF! depth=1 score=-30000
DEBUG EVAL: material=-31830 pst=75 total=-31755
DEBUG: evaluate returned crazy score! stand_pat=31755
DEBUG: child returned INF! depth=1 score=-30000
DEBUG EVAL: material=-31830 pst=80 total=-31750
DEBUG: evaluate returned crazy score! stand_pat=31750
DEBUG: child returned INF! depth=1 score=-30000
DEBUG EVAL: material=-31830 pst=85 total=-31745
DEBUG: evaluate returned crazy score! stand_pat=31745
DEBUG: child returned INF! depth=1 score=-30000
DEBUG EVAL: material=-31830 pst=50 total=-31780
DEBUG: evaluate returned crazy score! stand_pat=31780
DEBUG: child returned INF! depth=1 score=-30000
DEBUG EVAL: material=-31830 pst=50 total=-31780
DEBUG: evaluate returned crazy score! stand_pat=31780
DEBUG: child returned INF! depth=1 score=-30000
DEBUG EVAL: material=-31830 pst=50 total=-31780
DEBUG: evaluate returned crazy score! stand_pat=31780
DEBUG: child returned INF! depth=1 score=-30000
DEBUG EVAL: material=-31830 pst=50 total=-31780
DEBUG: evaluate returned crazy score! stand_pat=31780
DEBUG: child returned INF! depth=1 score=-30000
DEBUG EVAL: material=-31830 pst=50 total=-31780
DEBUG: evaluate returned crazy score! stand_pat=31780
DEBUG: child returned INF! depth=1 score=-30000
DEBUG EVAL: material=-31830 pst=50 total=-31780
DEBUG: evaluate returned crazy score! stand_pat=31780
DEBUG: child returned INF! depth=1 score=-30000
DEBUG EVAL: material=-31830 pst=100 total=-31730
DEBUG: evaluate returned crazy score! stand_pat=31730
DEBUG: child returned INF! depth=1 score=-30000
DEBUG EVAL: material=-31830 pst=50 total=-31780
DEBUG: evaluate returned crazy score! stand_pat=31780
DEBUG: child returned INF! depth=1 score=-30000
DEBUG: negamax returning -INF! depth=1 ply=5 legal_moves=29 alpha=-30000 beta=-28690
DEBUG: child returned INF! depth=3 score=-30000
DEBUG EVAL: material=-31500 pst=70 total=-31430
DEBUG: evaluate returned crazy score! stand_pat=31430
DEBUG: child returned INF! depth=1 score=-30000
DEBUG EVAL: material=-31600 pst=90 total=-31510
DEBUG: evaluate returned crazy score! stand_pat=31510
DEBUG: child returned INF! depth=1 score=-30000
DEBUG EVAL: material=-31600 pst=125 total=-31475
DEBUG: evaluate returned crazy score! stand_pat=31475
DEBUG: child returned INF! depth=1 score=-30000
DEBUG EVAL: material=-31600 pst=85 total=-31515
DEBUG: evaluate returned crazy score! stand_pat=31515
DEBUG: child returned INF! depth=1 score=-30000
DEBUG EVAL: material=-31600 pst=80 total=-31520
DEBUG: evaluate returned crazy score! stand_pat=31520
DEBUG: child returned INF! depth=1 score=-30000
DEBUG EVAL: material=-31600 pst=90 total=-31510
DEBUG: evaluate returned crazy score! stand_pat=31510
DEBUG: child returned INF! depth=1 score=-30000
DEBUG EVAL: material=-31600 pst=80 total=-31520
DEBUG: evaluate returned crazy score! stand_pat=31520
DEBUG: child returned INF! depth=1 score=-30000
DEBUG EVAL: material=-31600 pst=85 total=-31515
DEBUG: evaluate returned crazy score! stand_pat=31515
DEBUG: child returned INF! depth=1 score=-30000
DEBUG EVAL: material=-31600 pst=130 total=-31470
DEBUG: evaluate returned crazy score! stand_pat=31470
DEBUG: child returned INF! depth=1 score=-30000
DEBUG EVAL: material=-31600 pst=90 total=-31510
DEBUG: evaluate returned crazy score! stand_pat=31510
DEBUG: child returned INF! depth=1 score=-30000
DEBUG EVAL: material=-31600 pst=60 total=-31540
DEBUG: evaluate returned crazy score! stand_pat=31540
DEBUG: child returned INF! depth=1 score=-30000
DEBUG EVAL: material=-31600 pst=60 total=-31540
DEBUG: evaluate returned crazy score! stand_pat=31540
DEBUG: child returned INF! depth=1 score=-30000
DEBUG EVAL: material=-31600 pst=60 total=-31540
DEBUG: evaluate returned crazy score! stand_pat=31540
DEBUG: child returned INF! depth=1 score=-30000
DEBUG EVAL: material=-31600 pst=60 total=-31540
DEBUG: evaluate returned crazy score! stand_pat=31540
DEBUG: child returned INF! depth=1 score=-30000
DEBUG EVAL: material=-31600 pst=60 total=-31540
DEBUG: evaluate returned crazy score! stand_pat=31540
DEBUG: child returned INF! depth=1 score=-30000
DEBUG EVAL: material=-31600 pst=35 total=-31565
DEBUG: evaluate returned crazy score! stand_pat=31565
DEBUG: child returned INF! depth=1 score=-30000
DEBUG EVAL: material=-31600 pst=45 total=-31555
DEBUG: evaluate returned crazy score! stand_pat=31555
DEBUG: child returned INF! depth=1 score=-30000
DEBUG EVAL: material=-31600 pst=80 total=-31520
DEBUG: evaluate returned crazy score! stand_pat=31520
DEBUG: child returned INF! depth=1 score=-30000
DEBUG EVAL: material=-31600 pst=85 total=-31515
DEBUG: evaluate returned crazy score! stand_pat=31515
DEBUG: child returned INF! depth=1 score=-30000
DEBUG EVAL: material=-31600 pst=95 total=-31505
DEBUG: evaluate returned crazy score! stand_pat=31505
DEBUG: child returned INF! depth=1 score=-30000
DEBUG EVAL: material=-31600 pst=60 total=-31540
DEBUG: evaluate returned crazy score! stand_pat=31540
DEBUG: child returned INF! depth=1 score=-30000
DEBUG EVAL: material=-31600 pst=60 total=-31540
DEBUG: evaluate returned crazy score! stand_pat=31540
DEBUG: child returned INF! depth=1 score=-30000
DEBUG EVAL: material=-31600 pst=60 total=-31540
DEBUG: evaluate returned crazy score! stand_pat=31540
DEBUG: child returned INF! depth=1 score=-30000
DEBUG EVAL: material=-31600 pst=60 total=-31540
DEBUG: evaluate returned crazy score! stand_pat=31540
DEBUG: child returned INF! depth=1 score=-30000
DEBUG EVAL: material=-31600 pst=60 total=-31540
DEBUG: evaluate returned crazy score! stand_pat=31540
DEBUG: child returned INF! depth=1 score=-30000
DEBUG EVAL: material=-31600 pst=60 total=-31540
DEBUG: evaluate returned crazy score! stand_pat=31540
DEBUG: child returned INF! depth=1 score=-30000
DEBUG EVAL: material=-31600 pst=80 total=-31520
DEBUG: evaluate returned crazy score! stand_pat=31520
DEBUG: child returned INF! depth=1 score=-30000
DEBUG EVAL: material=-31600 pst=80 total=-31520
DEBUG: evaluate returned crazy score! stand_pat=31520
DEBUG: child returned INF! depth=1 score=-30000
DEBUG EVAL: material=-31600 pst=70 total=-31530
DEBUG: evaluate returned crazy score! stand_pat=31530
DEBUG: child returned INF! depth=1 score=-30000
DEBUG EVAL: material=-31600 pst=60 total=-31540
DEBUG: evaluate returned crazy score! stand_pat=31540
DEBUG: child returned INF! depth=1 score=-30000
DEBUG EVAL: material=-31600 pst=75 total=-31525
DEBUG: evaluate returned crazy score! stand_pat=31525
DEBUG: child returned INF! depth=1 score=-30000
DEBUG EVAL: material=-31600 pst=60 total=-31540
DEBUG: evaluate returned crazy score! stand_pat=31540
DEBUG: child returned INF! depth=1 score=-30000
DEBUG EVAL: material=-31600 pst=80 total=-31520
DEBUG: evaluate returned crazy score! stand_pat=31520
DEBUG: child returned INF! depth=1 score=-30000
DEBUG EVAL: material=-31600 pst=80 total=-31520
DEBUG: evaluate returned crazy score! stand_pat=31520
DEBUG: child returned INF! depth=1 score=-30000
DEBUG EVAL: material=-31600 pst=80 total=-31520
DEBUG: evaluate returned crazy score! stand_pat=31520
DEBUG: child returned INF! depth=1 score=-30000
DEBUG: negamax returning -INF! depth=1 ply=5 legal_moves=35 alpha=-30000 beta=-28690
DEBUG: child returned INF! depth=3 score=-30000
DEBUG EVAL: material=-31500 pst=55 total=-31445
DEBUG: evaluate returned crazy score! stand_pat=31445
DEBUG: child returned INF! depth=1 score=-30000
DEBUG EVAL: material=-31600 pst=85 total=-31515
DEBUG: evaluate returned crazy score! stand_pat=31515
DEBUG: child returned INF! depth=1 score=-30000
DEBUG EVAL: material=-31600 pst=120 total=-31480
DEBUG: evaluate returned crazy score! stand_pat=31480
DEBUG: child returned INF! depth=1 score=-30000
DEBUG EVAL: material=-31600 pst=80 total=-31520
DEBUG: evaluate returned crazy score! stand_pat=31520
DEBUG: child returned INF! depth=1 score=-30000
DEBUG EVAL: material=-31600 pst=75 total=-31525
DEBUG: evaluate returned crazy score! stand_pat=31525
DEBUG: child returned INF! depth=1 score=-30000
DEBUG EVAL: material=-31600 pst=85 total=-31515
DEBUG: evaluate returned crazy score! stand_pat=31515
DEBUG: child returned INF! depth=1 score=-30000
DEBUG EVAL: material=-31600 pst=75 total=-31525
DEBUG: evaluate returned crazy score! stand_pat=31525
DEBUG: child returned INF! depth=1 score=-30000
DEBUG EVAL: material=-31600 pst=80 total=-31520
DEBUG: evaluate returned crazy score! stand_pat=31520
DEBUG: child returned INF! depth=1 score=-30000
DEBUG EVAL: material=-31600 pst=125 total=-31475
DEBUG: evaluate returned crazy score! stand_pat=31475
DEBUG: child returned INF! depth=1 score=-30000
DEBUG EVAL: material=-31600 pst=85 total=-31515
DEBUG: evaluate returned crazy score! stand_pat=31515
DEBUG: child returned INF! depth=1 score=-30000
DEBUG EVAL: material=-31600 pst=55 total=-31545
DEBUG: evaluate returned crazy score! stand_pat=31545
DEBUG: child returned INF! depth=1 score=-30000
DEBUG EVAL: material=-31600 pst=55 total=-31545
DEBUG: evaluate returned crazy score! stand_pat=31545
DEBUG: child returned INF! depth=1 score=-30000
DEBUG EVAL: material=-31600 pst=55 total=-31545
DEBUG: evaluate returned crazy score! stand_pat=31545
DEBUG: child returned INF! depth=1 score=-30000
DEBUG EVAL: material=-31600 pst=55 total=-31545
DEBUG: evaluate returned crazy score! stand_pat=31545
DEBUG: child returned INF! depth=1 score=-30000
DEBUG EVAL: material=-31600 pst=55 total=-31545
DEBUG: evaluate returned crazy score! stand_pat=31545
DEBUG: child returned INF! depth=1 score=-30000
DEBUG EVAL: material=-31600 pst=55 total=-31545
DEBUG: evaluate returned crazy score! stand_pat=31545
DEBUG: child returned INF! depth=1 score=-30000
DEBUG EVAL: material=-31600 pst=30 total=-31570
DEBUG: evaluate returned crazy score! stand_pat=31570
DEBUG: child returned INF! depth=1 score=-30000
DEBUG EVAL: material=-31600 pst=75 total=-31525
DEBUG: evaluate returned crazy score! stand_pat=31525
DEBUG: child returned INF! depth=1 score=-30000
DEBUG EVAL: material=-31600 pst=75 total=-31525
DEBUG: evaluate returned crazy score! stand_pat=31525
DEBUG: child returned INF! depth=1 score=-30000
DEBUG EVAL: material=-31600 pst=80 total=-31520
DEBUG: evaluate returned crazy score! stand_pat=31520
DEBUG: child returned INF! depth=1 score=-30000
DEBUG EVAL: material=-31600 pst=85 total=-31515
DEBUG: evaluate returned crazy score! stand_pat=31515
DEBUG: child returned INF! depth=1 score=-30000
DEBUG EVAL: material=-31600 pst=90 total=-31510
DEBUG: evaluate returned crazy score! stand_pat=31510
DEBUG: child returned INF! depth=1 score=-30000
DEBUG EVAL: material=-31600 pst=55 total=-31545
DEBUG: evaluate returned crazy score! stand_pat=31545
DEBUG: child returned INF! depth=1 score=-30000
DEBUG EVAL: material=-31600 pst=55 total=-31545
DEBUG: evaluate returned crazy score! stand_pat=31545
DEBUG: child returned INF! depth=1 score=-30000
DEBUG EVAL: material=-31600 pst=55 total=-31545
DEBUG: evaluate returned crazy score! stand_pat=31545
DEBUG: child returned INF! depth=1 score=-30000
DEBUG EVAL: material=-31600 pst=55 total=-31545
DEBUG: evaluate returned crazy score! stand_pat=31545
DEBUG: child returned INF! depth=1 score=-30000
DEBUG EVAL: material=-31600 pst=55 total=-31545
DEBUG: evaluate returned crazy score! stand_pat=31545
DEBUG: child returned INF! depth=1 score=-30000
DEBUG EVAL: material=-31600 pst=55 total=-31545
DEBUG: evaluate returned crazy score! stand_pat=31545
DEBUG: child returned INF! depth=1 score=-30000
DEBUG EVAL: material=-31600 pst=60 total=-31540
DEBUG: evaluate returned crazy score! stand_pat=31540
DEBUG: child returned INF! depth=1 score=-30000
DEBUG EVAL: material=-31600 pst=80 total=-31520
DEBUG: evaluate returned crazy score! stand_pat=31520
DEBUG: child returned INF! depth=1 score=-30000
DEBUG EVAL: material=-31600 pst=80 total=-31520
DEBUG: evaluate returned crazy score! stand_pat=31520
DEBUG: child returned INF! depth=1 score=-30000
DEBUG EVAL: material=-31600 pst=70 total=-31530
DEBUG: evaluate returned crazy score! stand_pat=31530
DEBUG: child returned INF! depth=1 score=-30000
DEBUG EVAL: material=-31600 pst=60 total=-31540
DEBUG: evaluate returned crazy score! stand_pat=31540
DEBUG: child returned INF! depth=1 score=-30000
DEBUG EVAL: material=-31600 pst=60 total=-31540
DEBUG: evaluate returned crazy score! stand_pat=31540
DEBUG: child returned INF! depth=1 score=-30000
DEBUG EVAL: material=-31600 pst=40 total=-31560
DEBUG: evaluate returned crazy score! stand_pat=31560
DEBUG: child returned INF! depth=1 score=-30000
DEBUG: negamax returning -INF! depth=1 ply=5 legal_moves=35 alpha=-30000 beta=-28690
DEBUG: child returned INF! depth=3 score=-30000
DEBUG EVAL: material=-31830 pst=100 total=-31730
DEBUG: evaluate returned crazy score! stand_pat=31730
DEBUG: child returned INF! depth=1 score=-30000
DEBUG EVAL: material=-31830 pst=135 total=-31695
DEBUG: evaluate returned crazy score! stand_pat=31695
DEBUG: child returned INF! depth=1 score=-30000
DEBUG EVAL: material=-31830 pst=95 total=-31735
DEBUG: evaluate returned crazy score! stand_pat=31735
DEBUG: child returned INF! depth=1 score=-30000
DEBUG EVAL: material=-31830 pst=95 total=-31735
DEBUG: evaluate returned crazy score! stand_pat=31735
DEBUG: child returned INF! depth=1 score=-30000
DEBUG EVAL: material=-31830 pst=90 total=-31740
DEBUG: evaluate returned crazy score! stand_pat=31740
DEBUG: child returned INF! depth=1 score=-30000
DEBUG EVAL: material=-31830 pst=100 total=-31730
DEBUG: evaluate returned crazy score! stand_pat=31730
DEBUG: child returned INF! depth=1 score=-30000
DEBUG EVAL: material=-31830 pst=90 total=-31740
DEBUG: evaluate returned crazy score! stand_pat=31740
DEBUG: child returned INF! depth=1 score=-30000
DEBUG EVAL: material=-31830 pst=90 total=-31740
DEBUG: evaluate returned crazy score! stand_pat=31740
DEBUG: child returned INF! depth=1 score=-30000
DEBUG EVAL: material=-31830 pst=140 total=-31690
DEBUG: evaluate returned crazy score! stand_pat=31690
DEBUG: child returned INF! depth=1 score=-30000
DEBUG EVAL: material=-31830 pst=100 total=-31730
DEBUG: evaluate returned crazy score! stand_pat=31730
DEBUG: child returned INF! depth=1 score=-30000
DEBUG EVAL: material=-31830 pst=70 total=-31760
DEBUG: evaluate returned crazy score! stand_pat=31760
DEBUG: child returned INF! depth=1 score=-30000
DEBUG EVAL: material=-31830 pst=70 total=-31760
DEBUG: evaluate returned crazy score! stand_pat=31760
DEBUG: child returned INF! depth=1 score=-30000
DEBUG EVAL: material=-31830 pst=70 total=-31760
DEBUG: evaluate returned crazy score! stand_pat=31760
DEBUG: child returned INF! depth=1 score=-30000
DEBUG EVAL: material=-31830 pst=70 total=-31760
DEBUG: evaluate returned crazy score! stand_pat=31760
DEBUG: child returned INF! depth=1 score=-30000
DEBUG EVAL: material=-31830 pst=70 total=-31760
DEBUG: evaluate returned crazy score! stand_pat=31760
DEBUG: child returned INF! depth=1 score=-30000
DEBUG EVAL: material=-31830 pst=70 total=-31760
DEBUG: evaluate returned crazy score! stand_pat=31760
DEBUG: child returned INF! depth=1 score=-30000
DEBUG EVAL: material=-31830 pst=45 total=-31785
DEBUG: evaluate returned crazy score! stand_pat=31785
DEBUG: child returned INF! depth=1 score=-30000
DEBUG EVAL: material=-31830 pst=55 total=-31775
DEBUG: evaluate returned crazy score! stand_pat=31775
DEBUG: child returned INF! depth=1 score=-30000
DEBUG EVAL: material=-31830 pst=90 total=-31740
DEBUG: evaluate returned crazy score! stand_pat=31740
DEBUG: child returned INF! depth=1 score=-30000
DEBUG EVAL: material=-31830 pst=95 total=-31735
DEBUG: evaluate returned crazy score! stand_pat=31735
DEBUG: child returned INF! depth=1 score=-30000
DEBUG EVAL: material=-31830 pst=100 total=-31730
DEBUG: evaluate returned crazy score! stand_pat=31730
DEBUG: child returned INF! depth=1 score=-30000
DEBUG EVAL: material=-31830 pst=105 total=-31725
DEBUG: evaluate returned crazy score! stand_pat=31725
DEBUG: child returned INF! depth=1 score=-30000
DEBUG EVAL: material=-31830 pst=70 total=-31760
DEBUG: evaluate returned crazy score! stand_pat=31760
DEBUG: child returned INF! depth=1 score=-30000
DEBUG EVAL: material=-31830 pst=70 total=-31760
DEBUG: evaluate returned crazy score! stand_pat=31760
DEBUG: child returned INF! depth=1 score=-30000
DEBUG EVAL: material=-31830 pst=70 total=-31760
DEBUG: evaluate returned crazy score! stand_pat=31760
DEBUG: child returned INF! depth=1 score=-30000
DEBUG EVAL: material=-31830 pst=70 total=-31760
DEBUG: evaluate returned crazy score! stand_pat=31760
DEBUG: child returned INF! depth=1 score=-30000
DEBUG EVAL: material=-31830 pst=70 total=-31760
DEBUG: evaluate returned crazy score! stand_pat=31760
DEBUG: child returned INF! depth=1 score=-30000
DEBUG EVAL: material=-31830 pst=70 total=-31760
DEBUG: evaluate returned crazy score! stand_pat=31760
DEBUG: child returned INF! depth=1 score=-30000
DEBUG EVAL: material=-31830 pst=120 total=-31710
DEBUG: evaluate returned crazy score! stand_pat=31710
DEBUG: child returned INF! depth=1 score=-30000
DEBUG: negamax returning -INF! depth=1 ply=5 legal_moves=29 alpha=-30000 beta=-28690
DEBUG: child returned INF! depth=3 score=-30000
DEBUG EVAL: material=-31600 pst=105 total=-31495
DEBUG: evaluate returned crazy score! stand_pat=31495
DEBUG: child returned INF! depth=1 score=-30000
DEBUG EVAL: material=-31600 pst=105 total=-31495
DEBUG: evaluate returned crazy score! stand_pat=31495
DEBUG: child returned INF! depth=1 score=-30000
DEBUG EVAL: material=-31600 pst=85 total=-31515
DEBUG: evaluate returned crazy score! stand_pat=31515
DEBUG: child returned INF! depth=1 score=-30000
DEBUG EVAL: material=-31600 pst=85 total=-31515
DEBUG: evaluate returned crazy score! stand_pat=31515
DEBUG: child returned INF! depth=1 score=-30000
DEBUG EVAL: material=-31600 pst=85 total=-31515
DEBUG: evaluate returned crazy score! stand_pat=31515
DEBUG: child returned INF! depth=1 score=-30000
DEBUG EVAL: material=-31600 pst=85 total=-31515
DEBUG: evaluate returned crazy score! stand_pat=31515
DEBUG: child returned INF! depth=1 score=-30000
DEBUG EVAL: material=-31600 pst=85 total=-31515
DEBUG: evaluate returned crazy score! stand_pat=31515
DEBUG: child returned INF! depth=1 score=-30000
DEBUG EVAL: material=-31600 pst=85 total=-31515
DEBUG: evaluate returned crazy score! stand_pat=31515
DEBUG: child returned INF! depth=1 score=-30000
DEBUG EVAL: material=-31600 pst=60 total=-31540
DEBUG: evaluate returned crazy score! stand_pat=31540
DEBUG: child returned INF! depth=1 score=-30000
DEBUG EVAL: material=-31600 pst=105 total=-31495
DEBUG: evaluate returned crazy score! stand_pat=31495
DEBUG: child returned INF! depth=1 score=-30000
DEBUG EVAL: material=-31600 pst=110 total=-31490
DEBUG: evaluate returned crazy score! stand_pat=31490
DEBUG: child returned INF! depth=1 score=-30000
DEBUG EVAL: material=-31600 pst=115 total=-31485
DEBUG: evaluate returned crazy score! stand_pat=31485
DEBUG: child returned INF! depth=1 score=-30000
DEBUG EVAL: material=-31600 pst=120 total=-31480
DEBUG: evaluate returned crazy score! stand_pat=31480
DEBUG: child returned INF! depth=1 score=-30000
DEBUG EVAL: material=-31600 pst=60 total=-31540
DEBUG: evaluate returned crazy score! stand_pat=31540
DEBUG: child returned INF! depth=1 score=-30000
DEBUG EVAL: material=-31600 pst=110 total=-31490
DEBUG: evaluate returned crazy score! stand_pat=31490
DEBUG: child returned INF! depth=1 score=-30000
DEBUG EVAL: material=-31600 pst=105 total=-31495
DEBUG: evaluate returned crazy score! stand_pat=31495
DEBUG: child returned INF! depth=1 score=-30000
DEBUG EVAL: material=-31600 pst=120 total=-31480
DEBUG: evaluate returned crazy score! stand_pat=31480
DEBUG: child returned INF! depth=1 score=-30000
DEBUG EVAL: material=-31600 pst=115 total=-31485
DEBUG: evaluate returned crazy score! stand_pat=31485
DEBUG: child returned INF! depth=1 score=-30000
DEBUG EVAL: material=-31600 pst=85 total=-31515
DEBUG: evaluate returned crazy score! stand_pat=31515
DEBUG: child returned INF! depth=1 score=-30000
DEBUG EVAL: material=-31600 pst=85 total=-31515
DEBUG: evaluate returned crazy score! stand_pat=31515
DEBUG: child returned INF! depth=1 score=-30000
DEBUG EVAL: material=-31600 pst=85 total=-31515
DEBUG: evaluate returned crazy score! stand_pat=31515
DEBUG: child returned INF! depth=1 score=-30000
DEBUG EVAL: material=-31600 pst=85 total=-31515
DEBUG: evaluate returned crazy score! stand_pat=31515
DEBUG: child returned INF! depth=1 score=-30000
DEBUG EVAL: material=-31600 pst=85 total=-31515
DEBUG: evaluate returned crazy score! stand_pat=31515
DEBUG: child returned INF! depth=1 score=-30000
DEBUG EVAL: material=-31600 pst=85 total=-31515
DEBUG: evaluate returned crazy score! stand_pat=31515
DEBUG: child returned INF! depth=1 score=-30000
DEBUG: negamax returning -INF! depth=1 ply=5 legal_moves=24 alpha=-30000 beta=-28690
DEBUG: child returned INF! depth=3 score=-30000
DEBUG EVAL: material=-31500 pst=45 total=-31455
DEBUG: evaluate returned crazy score! stand_pat=31455
DEBUG: child returned INF! depth=1 score=-30000
DEBUG EVAL: material=-31600 pst=65 total=-31535
DEBUG: evaluate returned crazy score! stand_pat=31535
DEBUG: child returned INF! depth=1 score=-30000
DEBUG EVAL: material=-31600 pst=115 total=-31485
DEBUG: evaluate returned crazy score! stand_pat=31485
DEBUG: child returned INF! depth=1 score=-30000
DEBUG EVAL: material=-31600 pst=75 total=-31525
DEBUG: evaluate returned crazy score! stand_pat=31525
DEBUG: child returned INF! depth=1 score=-30000
DEBUG EVAL: material=-31600 pst=45 total=-31555
DEBUG: evaluate returned crazy score! stand_pat=31555
DEBUG: child returned INF! depth=1 score=-30000
DEBUG EVAL: material=-31600 pst=45 total=-31555
DEBUG: evaluate returned crazy score! stand_pat=31555
DEBUG: child returned INF! depth=1 score=-30000
DEBUG EVAL: material=-31600 pst=45 total=-31555
DEBUG: evaluate returned crazy score! stand_pat=31555
DEBUG: child returned INF! depth=1 score=-30000
DEBUG EVAL: material=-31600 pst=45 total=-31555
DEBUG: evaluate returned crazy score! stand_pat=31555
DEBUG: child returned INF! depth=1 score=-30000
DEBUG EVAL: material=-31600 pst=45 total=-31555
DEBUG: evaluate returned crazy score! stand_pat=31555
DEBUG: child returned INF! depth=1 score=-30000
DEBUG EVAL: material=-31600 pst=45 total=-31555
DEBUG: evaluate returned crazy score! stand_pat=31555
DEBUG: child returned INF! depth=1 score=-30000
DEBUG EVAL: material=-31600 pst=20 total=-31580
DEBUG: evaluate returned crazy score! stand_pat=31580
DEBUG: child returned INF! depth=1 score=-30000
DEBUG EVAL: material=-31600 pst=65 total=-31535
DEBUG: evaluate returned crazy score! stand_pat=31535
DEBUG: child returned INF! depth=1 score=-30000
DEBUG EVAL: material=-31600 pst=70 total=-31530
DEBUG: evaluate returned crazy score! stand_pat=31530
DEBUG: child returned INF! depth=1 score=-30000
DEBUG EVAL: material=-31600 pst=75 total=-31525
DEBUG: evaluate returned crazy score! stand_pat=31525
DEBUG: child returned INF! depth=1 score=-30000
DEBUG EVAL: material=-31600 pst=80 total=-31520
DEBUG: evaluate returned crazy score! stand_pat=31520
DEBUG: child returned INF! depth=1 score=-30000
DEBUG EVAL: material=-31600 pst=60 total=-31540
DEBUG: evaluate returned crazy score! stand_pat=31540
DEBUG: child returned INF! depth=1 score=-30000
DEBUG EVAL: material=-31600 pst=70 total=-31530
DEBUG: evaluate returned crazy score! stand_pat=31530
DEBUG: child returned INF! depth=1 score=-30000
DEBUG EVAL: material=-31600 pst=70 total=-31530
DEBUG: evaluate returned crazy score! stand_pat=31530
DEBUG: child returned INF! depth=1 score=-30000
DEBUG EVAL: material=-31600 pst=65 total=-31535
DEBUG: evaluate returned crazy score! stand_pat=31535
DEBUG: child returned INF! depth=1 score=-30000
DEBUG EVAL: material=-31600 pst=55 total=-31545
DEBUG: evaluate returned crazy score! stand_pat=31545
DEBUG: child returned INF! depth=1 score=-30000
DEBUG EVAL: material=-31600 pst=70 total=-31530
DEBUG: evaluate returned crazy score! stand_pat=31530
DEBUG: child returned INF! depth=1 score=-30000
DEBUG EVAL: material=-31600 pst=65 total=-31535
DEBUG: evaluate returned crazy score! stand_pat=31535
DEBUG: child returned INF! depth=1 score=-30000
DEBUG EVAL: material=-31600 pst=60 total=-31540
DEBUG: evaluate returned crazy score! stand_pat=31540
DEBUG: child returned INF! depth=1 score=-30000
DEBUG EVAL: material=-31600 pst=70 total=-31530
DEBUG: evaluate returned crazy score! stand_pat=31530
DEBUG: child returned INF! depth=1 score=-30000
DEBUG EVAL: material=-31600 pst=70 total=-31530
DEBUG: evaluate returned crazy score! stand_pat=31530
DEBUG: child returned INF! depth=1 score=-30000
DEBUG EVAL: material=-31600 pst=70 total=-31530
DEBUG: evaluate returned crazy score! stand_pat=31530
DEBUG: child returned INF! depth=1 score=-30000
DEBUG EVAL: material=-31600 pst=70 total=-31530
DEBUG: evaluate returned crazy score! stand_pat=31530
DEBUG: child returned INF! depth=1 score=-30000
DEBUG EVAL: material=-31600 pst=65 total=-31535
DEBUG: evaluate returned crazy score! stand_pat=31535
DEBUG: child returned INF! depth=1 score=-30000
DEBUG EVAL: material=-31600 pst=45 total=-31555
DEBUG: evaluate returned crazy score! stand_pat=31555
DEBUG: child returned INF! depth=1 score=-30000
DEBUG EVAL: material=-31600 pst=45 total=-31555
DEBUG: evaluate returned crazy score! stand_pat=31555
DEBUG: child returned INF! depth=1 score=-30000
DEBUG EVAL: material=-31600 pst=45 total=-31555
DEBUG: evaluate returned crazy score! stand_pat=31555
DEBUG: child returned INF! depth=1 score=-30000
DEBUG EVAL: material=-31600 pst=45 total=-31555
DEBUG: evaluate returned crazy score! stand_pat=31555
DEBUG: child returned INF! depth=1 score=-30000
DEBUG EVAL: material=-31600 pst=45 total=-31555
DEBUG: evaluate returned crazy score! stand_pat=31555
DEBUG: child returned INF! depth=1 score=-30000
DEBUG EVAL: material=-31600 pst=45 total=-31555
DEBUG: evaluate returned crazy score! stand_pat=31555
DEBUG: child returned INF! depth=1 score=-30000
DEBUG: negamax returning -INF! depth=1 ply=5 legal_moves=34 alpha=-30000 beta=-28690
DEBUG: child returned INF! depth=3 score=-30000
DEBUG EVAL: material=-31490 pst=90 total=-31400
DEBUG: evaluate returned crazy score! stand_pat=31400
DEBUG: child returned INF! depth=1 score=-30000
DEBUG EVAL: material=-31720 pst=150 total=-31570
DEBUG: evaluate returned crazy score! stand_pat=31570
DEBUG: child returned INF! depth=1 score=-30000
DEBUG EVAL: material=-31820 pst=130 total=-31690
DEBUG: evaluate returned crazy score! stand_pat=31690
DEBUG: child returned INF! depth=1 score=-30000
DEBUG EVAL: material=-31820 pst=125 total=-31695
DEBUG: evaluate returned crazy score! stand_pat=31695
DEBUG: child returned INF! depth=1 score=-30000
DEBUG EVAL: material=-31820 pst=120 total=-31700
DEBUG: evaluate returned crazy score! stand_pat=31700
DEBUG: child returned INF! depth=1 score=-30000
DEBUG EVAL: material=-31820 pst=120 total=-31700
DEBUG: evaluate returned crazy score! stand_pat=31700
DEBUG: child returned INF! depth=1 score=-30000
DEBUG EVAL: material=-31820 pst=130 total=-31690
DEBUG: evaluate returned crazy score! stand_pat=31690
DEBUG: child returned INF! depth=1 score=-30000
DEBUG EVAL: material=-31820 pst=140 total=-31680
DEBUG: evaluate returned crazy score! stand_pat=31680
DEBUG: child returned INF! depth=1 score=-30000
DEBUG EVAL: material=-31820 pst=140 total=-31680
DEBUG: evaluate returned crazy score! stand_pat=31680
DEBUG: child returned INF! depth=1 score=-30000
DEBUG EVAL: material=-31820 pst=135 total=-31685
DEBUG: evaluate returned crazy score! stand_pat=31685
DEBUG: child returned INF! depth=1 score=-30000
DEBUG EVAL: material=-31820 pst=120 total=-31700
DEBUG: evaluate returned crazy score! stand_pat=31700
DEBUG: child returned INF! depth=1 score=-30000
DEBUG EVAL: material=-31820 pst=120 total=-31700
DEBUG: evaluate returned crazy score! stand_pat=31700
DEBUG: child returned INF! depth=1 score=-30000
DEBUG EVAL: material=-31820 pst=100 total=-31720
DEBUG: evaluate returned crazy score! stand_pat=31720
DEBUG: child returned INF! depth=1 score=-30000
DEBUG EVAL: material=-31820 pst=100 total=-31720
DEBUG: evaluate returned crazy score! stand_pat=31720
DEBUG: child returned INF! depth=1 score=-30000
DEBUG EVAL: material=-31820 pst=100 total=-31720
DEBUG: evaluate returned crazy score! stand_pat=31720
DEBUG: child returned INF! depth=1 score=-30000
DEBUG EVAL: material=-31820 pst=120 total=-31700
DEBUG: evaluate returned crazy score! stand_pat=31700
DEBUG: child returned INF! depth=1 score=-30000
DEBUG EVAL: material=-31820 pst=100 total=-31720
DEBUG: evaluate returned crazy score! stand_pat=31720
DEBUG: child returned INF! depth=1 score=-30000
DEBUG EVAL: material=-31820 pst=100 total=-31720
DEBUG: evaluate returned crazy score! stand_pat=31720
DEBUG: child returned INF! depth=1 score=-30000
DEBUG EVAL: material=-31820 pst=75 total=-31745
DEBUG: evaluate returned crazy score! stand_pat=31745
DEBUG: child returned INF! depth=1 score=-30000
DEBUG EVAL: material=-31820 pst=120 total=-31700
DEBUG: evaluate returned crazy score! stand_pat=31700
DEBUG: child returned INF! depth=1 score=-30000
DEBUG EVAL: material=-31820 pst=125 total=-31695
DEBUG: evaluate returned crazy score! stand_pat=31695
DEBUG: child returned INF! depth=1 score=-30000
DEBUG EVAL: material=-31820 pst=130 total=-31690
DEBUG: evaluate returned crazy score! stand_pat=31690
DEBUG: child returned INF! depth=1 score=-30000
DEBUG EVAL: material=-31820 pst=135 total=-31685
DEBUG: evaluate returned crazy score! stand_pat=31685
DEBUG: child returned INF! depth=1 score=-30000
DEBUG EVAL: material=-31820 pst=100 total=-31720
DEBUG: evaluate returned crazy score! stand_pat=31720
DEBUG: child returned INF! depth=1 score=-30000
DEBUG EVAL: material=-31820 pst=100 total=-31720
DEBUG: evaluate returned crazy score! stand_pat=31720
DEBUG: child returned INF! depth=1 score=-30000
DEBUG EVAL: material=-31820 pst=100 total=-31720
DEBUG: evaluate returned crazy score! stand_pat=31720
DEBUG: child returned INF! depth=1 score=-30000
DEBUG EVAL: material=-31820 pst=100 total=-31720
DEBUG: evaluate returned crazy score! stand_pat=31720
DEBUG: child returned INF! depth=1 score=-30000
DEBUG EVAL: material=-31820 pst=125 total=-31695
DEBUG: evaluate returned crazy score! stand_pat=31695
DEBUG: child returned INF! depth=1 score=-30000
DEBUG EVAL: material=-31820 pst=150 total=-31670
DEBUG: evaluate returned crazy score! stand_pat=31670
DEBUG: child returned INF! depth=1 score=-30000
DEBUG EVAL: material=-31820 pst=100 total=-31720
DEBUG: evaluate returned crazy score! stand_pat=31720
DEBUG: child returned INF! depth=1 score=-30000
DEBUG: negamax returning -INF! depth=1 ply=5 legal_moves=30 alpha=-30000 beta=-28690
DEBUG: child returned INF! depth=3 score=-30000
DEBUG EVAL: material=-31600 pst=50 total=-31550
DEBUG: evaluate returned crazy score! stand_pat=31550
DEBUG: child returned INF! depth=1 score=-30000
DEBUG EVAL: material=-31600 pst=85 total=-31515
DEBUG: evaluate returned crazy score! stand_pat=31515
DEBUG: child returned INF! depth=1 score=-30000
DEBUG EVAL: material=-31600 pst=45 total=-31555
DEBUG: evaluate returned crazy score! stand_pat=31555
DEBUG: child returned INF! depth=1 score=-30000
DEBUG EVAL: material=-31600 pst=35 total=-31565
DEBUG: evaluate returned crazy score! stand_pat=31565
DEBUG: child returned INF! depth=1 score=-30000
DEBUG EVAL: material=-31600 pst=45 total=-31555
DEBUG: evaluate returned crazy score! stand_pat=31555
DEBUG: child returned INF! depth=1 score=-30000
DEBUG EVAL: material=-31600 pst=40 total=-31560
DEBUG: evaluate returned crazy score! stand_pat=31560
DEBUG: child returned INF! depth=1 score=-30000
DEBUG EVAL: material=-31600 pst=40 total=-31560
DEBUG: evaluate returned crazy score! stand_pat=31560
DEBUG: child returned INF! depth=1 score=-30000
DEBUG EVAL: material=-31600 pst=50 total=-31550
DEBUG: evaluate returned crazy score! stand_pat=31550
DEBUG: child returned INF! depth=1 score=-30000
DEBUG EVAL: material=-31600 pst=60 total=-31540
DEBUG: evaluate returned crazy score! stand_pat=31540
DEBUG: child returned INF! depth=1 score=-30000
DEBUG EVAL: material=-31600 pst=60 total=-31540
DEBUG: evaluate returned crazy score! stand_pat=31540
DEBUG: child returned INF! depth=1 score=-30000
DEBUG EVAL: material=-31600 pst=55 total=-31545
DEBUG: evaluate returned crazy score! stand_pat=31545
DEBUG: child returned INF! depth=1 score=-30000
DEBUG EVAL: material=-31600 pst=40 total=-31560
DEBUG: evaluate returned crazy score! stand_pat=31560
DEBUG: child returned INF! depth=1 score=-30000
DEBUG EVAL: material=-31600 pst=40 total=-31560
DEBUG: evaluate returned crazy score! stand_pat=31560
DEBUG: child returned INF! depth=1 score=-30000
DEBUG EVAL: material=-31600 pst=90 total=-31510
DEBUG: evaluate returned crazy score! stand_pat=31510
DEBUG: child returned INF! depth=1 score=-30000
DEBUG EVAL: material=-31600 pst=50 total=-31550
DEBUG: evaluate returned crazy score! stand_pat=31550
DEBUG: child returned INF! depth=1 score=-30000
DEBUG EVAL: material=-31600 pst=20 total=-31580
DEBUG: evaluate returned crazy score! stand_pat=31580
DEBUG: child returned INF! depth=1 score=-30000
DEBUG EVAL: material=-31600 pst=20 total=-31580
DEBUG: evaluate returned crazy score! stand_pat=31580
DEBUG: child returned INF! depth=1 score=-30000
DEBUG EVAL: material=-31600 pst=20 total=-31580
DEBUG: evaluate returned crazy score! stand_pat=31580
DEBUG: child returned INF! depth=1 score=-30000
DEBUG EVAL: material=-31600 pst=20 total=-31580
DEBUG: evaluate returned crazy score! stand_pat=31580
DEBUG: child returned INF! depth=1 score=-30000
DEBUG EVAL: material=-31600 pst=-5 total=-31605
DEBUG: evaluate returned crazy score! stand_pat=31605
DEBUG: child returned INF! depth=1 score=-30000
DEBUG EVAL: material=-31600 pst=40 total=-31560
DEBUG: evaluate returned crazy score! stand_pat=31560
DEBUG: child returned INF! depth=1 score=-30000
DEBUG EVAL: material=-31600 pst=45 total=-31555
DEBUG: evaluate returned crazy score! stand_pat=31555
DEBUG: child returned INF! depth=1 score=-30000
DEBUG EVAL: material=-31600 pst=50 total=-31550
DEBUG: evaluate returned crazy score! stand_pat=31550
DEBUG: child returned INF! depth=1 score=-30000
DEBUG EVAL: material=-31600 pst=55 total=-31545
DEBUG: evaluate returned crazy score! stand_pat=31545
DEBUG: child returned INF! depth=1 score=-30000
DEBUG EVAL: material=-31600 pst=20 total=-31580
DEBUG: evaluate returned crazy score! stand_pat=31580
DEBUG: child returned INF! depth=1 score=-30000
DEBUG EVAL: material=-31600 pst=20 total=-31580
DEBUG: evaluate returned crazy score! stand_pat=31580
DEBUG: child returned INF! depth=1 score=-30000
DEBUG EVAL: material=-31600 pst=20 total=-31580
DEBUG: evaluate returned crazy score! stand_pat=31580
DEBUG: child returned INF! depth=1 score=-30000
DEBUG EVAL: material=-31600 pst=20 total=-31580
DEBUG: evaluate returned crazy score! stand_pat=31580
DEBUG: child returned INF! depth=1 score=-30000
DEBUG EVAL: material=-31600 pst=20 total=-31580
DEBUG: evaluate returned crazy score! stand_pat=31580
DEBUG: child returned INF! depth=1 score=-30000
DEBUG EVAL: material=-31600 pst=20 total=-31580
DEBUG: evaluate returned crazy score! stand_pat=31580
DEBUG: child returned INF! depth=1 score=-30000
DEBUG EVAL: material=-31600 pst=40 total=-31560
DEBUG: evaluate returned crazy score! stand_pat=31560
DEBUG: child returned INF! depth=1 score=-30000
DEBUG: negamax returning -INF! depth=1 ply=5 legal_moves=31 alpha=-30000 beta=-28690
DEBUG: child returned INF! depth=3 score=-30000
DEBUG EVAL: material=-31600 pst=50 total=-31550
DEBUG: evaluate returned crazy score! stand_pat=31550
DEBUG: child returned INF! depth=1 score=-30000
DEBUG EVAL: material=-31600 pst=85 total=-31515
DEBUG: evaluate returned crazy score! stand_pat=31515
DEBUG: child returned INF! depth=1 score=-30000
DEBUG EVAL: material=-31600 pst=35 total=-31565
DEBUG: evaluate returned crazy score! stand_pat=31565
DEBUG: child returned INF! depth=1 score=-30000
DEBUG EVAL: material=-31600 pst=45 total=-31555
DEBUG: evaluate returned crazy score! stand_pat=31555
DEBUG: child returned INF! depth=1 score=-30000
DEBUG EVAL: material=-31600 pst=35 total=-31565
DEBUG: evaluate returned crazy score! stand_pat=31565
DEBUG: child returned INF! depth=1 score=-30000
DEBUG EVAL: material=-31600 pst=45 total=-31555
DEBUG: evaluate returned crazy score! stand_pat=31555
DEBUG: child returned INF! depth=1 score=-30000
DEBUG EVAL: material=-31600 pst=40 total=-31560
DEBUG: evaluate returned crazy score! stand_pat=31560
DEBUG: child returned INF! depth=1 score=-30000
DEBUG EVAL: material=-31600 pst=40 total=-31560
DEBUG: evaluate returned crazy score! stand_pat=31560
DEBUG: child returned INF! depth=1 score=-30000
DEBUG EVAL: material=-31600 pst=50 total=-31550
DEBUG: evaluate returned crazy score! stand_pat=31550
DEBUG: child returned INF! depth=1 score=-30000
DEBUG EVAL: material=-31600 pst=60 total=-31540
DEBUG: evaluate returned crazy score! stand_pat=31540
DEBUG: child returned INF! depth=1 score=-30000
DEBUG EVAL: material=-31600 pst=60 total=-31540
DEBUG: evaluate returned crazy score! stand_pat=31540
DEBUG: child returned INF! depth=1 score=-30000
DEBUG EVAL: material=-31600 pst=55 total=-31545
DEBUG: evaluate returned crazy score! stand_pat=31545
DEBUG: child returned INF! depth=1 score=-30000
DEBUG EVAL: material=-31600 pst=40 total=-31560
DEBUG: evaluate returned crazy score! stand_pat=31560
DEBUG: child returned INF! depth=1 score=-30000
DEBUG EVAL: material=-31600 pst=40 total=-31560
DEBUG: evaluate returned crazy score! stand_pat=31560
DEBUG: child returned INF! depth=1 score=-30000
DEBUG EVAL: material=-31600 pst=90 total=-31510
DEBUG: evaluate returned crazy score! stand_pat=31510
DEBUG: child returned INF! depth=1 score=-30000
DEBUG EVAL: material=-31600 pst=50 total=-31550
DEBUG: evaluate returned crazy score! stand_pat=31550
DEBUG: child returned INF! depth=1 score=-30000
DEBUG EVAL: material=-31600 pst=20 total=-31580
DEBUG: evaluate returned crazy score! stand_pat=31580
DEBUG: child returned INF! depth=1 score=-30000
DEBUG EVAL: material=-31600 pst=20 total=-31580
DEBUG: evaluate returned crazy score! stand_pat=31580
DEBUG: child returned INF! depth=1 score=-30000
DEBUG EVAL: material=-31600 pst=20 total=-31580
DEBUG: evaluate returned crazy score! stand_pat=31580
DEBUG: child returned INF! depth=1 score=-30000
DEBUG EVAL: material=-31600 pst=20 total=-31580
DEBUG: evaluate returned crazy score! stand_pat=31580
DEBUG: child returned INF! depth=1 score=-30000
DEBUG EVAL: material=-31600 pst=-5 total=-31605
DEBUG: evaluate returned crazy score! stand_pat=31605
DEBUG: child returned INF! depth=1 score=-30000
DEBUG EVAL: material=-31600 pst=40 total=-31560
DEBUG: evaluate returned crazy score! stand_pat=31560
DEBUG: child returned INF! depth=1 score=-30000
DEBUG EVAL: material=-31600 pst=45 total=-31555
DEBUG: evaluate returned crazy score! stand_pat=31555
DEBUG: child returned INF! depth=1 score=-30000
DEBUG EVAL: material=-31600 pst=50 total=-31550
DEBUG: evaluate returned crazy score! stand_pat=31550
DEBUG: child returned INF! depth=1 score=-30000
DEBUG EVAL: material=-31600 pst=55 total=-31545
DEBUG: evaluate returned crazy score! stand_pat=31545
DEBUG: child returned INF! depth=1 score=-30000
DEBUG EVAL: material=-31600 pst=20 total=-31580
DEBUG: evaluate returned crazy score! stand_pat=31580
DEBUG: child returned INF! depth=1 score=-30000
DEBUG EVAL: material=-31600 pst=20 total=-31580
DEBUG: evaluate returned crazy score! stand_pat=31580
DEBUG: child returned INF! depth=1 score=-30000
DEBUG EVAL: material=-31600 pst=20 total=-31580
DEBUG: evaluate returned crazy score! stand_pat=31580
DEBUG: child returned INF! depth=1 score=-30000
DEBUG EVAL: material=-31600 pst=20 total=-31580
DEBUG: evaluate returned crazy score! stand_pat=31580
DEBUG: child returned INF! depth=1 score=-30000
DEBUG EVAL: material=-31600 pst=20 total=-31580
DEBUG: evaluate returned crazy score! stand_pat=31580
DEBUG: child returned INF! depth=1 score=-30000
DEBUG EVAL: material=-31600 pst=20 total=-31580
DEBUG: evaluate returned crazy score! stand_pat=31580
DEBUG: child returned INF! depth=1 score=-30000
DEBUG EVAL: material=-31600 pst=65 total=-31535
DEBUG: evaluate returned crazy score! stand_pat=31535
DEBUG: child returned INF! depth=1 score=-30000
DEBUG: negamax returning -INF! depth=1 ply=5 legal_moves=32 alpha=-30000 beta=-28690
DEBUG: child returned INF! depth=3 score=-30000
DEBUG EVAL: material=-31600 pst=70 total=-31530
DEBUG: evaluate returned crazy score! stand_pat=31530
DEBUG: child returned INF! depth=1 score=-30000
DEBUG EVAL: material=-31600 pst=105 total=-31495
DEBUG: evaluate returned crazy score! stand_pat=31495
DEBUG: child returned INF! depth=1 score=-30000
DEBUG EVAL: material=-31600 pst=65 total=-31535
DEBUG: evaluate returned crazy score! stand_pat=31535
DEBUG: child returned INF! depth=1 score=-30000
DEBUG EVAL: material=-31600 pst=65 total=-31535
DEBUG: evaluate returned crazy score! stand_pat=31535
DEBUG: child returned INF! depth=1 score=-30000
DEBUG EVAL: material=-31600 pst=60 total=-31540
DEBUG: evaluate returned crazy score! stand_pat=31540
DEBUG: child returned INF! depth=1 score=-30000
DEBUG EVAL: material=-31600 pst=60 total=-31540
DEBUG: evaluate returned crazy score! stand_pat=31540
DEBUG: child returned INF! depth=1 score=-30000
DEBUG EVAL: material=-31600 pst=70 total=-31530
DEBUG: evaluate returned crazy score! stand_pat=31530
DEBUG: child returned INF! depth=1 score=-30000
DEBUG EVAL: material=-31600 pst=80 total=-31520
DEBUG: evaluate returned crazy score! stand_pat=31520
DEBUG: child returned INF! depth=1 score=-30000
DEBUG EVAL: material=-31600 pst=80 total=-31520
DEBUG: evaluate returned crazy score! stand_pat=31520
DEBUG: child returned INF! depth=1 score=-30000
DEBUG EVAL: material=-31600 pst=75 total=-31525
DEBUG: evaluate returned crazy score! stand_pat=31525
DEBUG: child returned INF! depth=1 score=-30000
DEBUG EVAL: material=-31600 pst=60 total=-31540
DEBUG: evaluate returned crazy score! stand_pat=31540
DEBUG: child returned INF! depth=1 score=-30000
DEBUG EVAL: material=-31600 pst=60 total=-31540
DEBUG: evaluate returned crazy score! stand_pat=31540
DEBUG: child returned INF! depth=1 score=-30000
DEBUG EVAL: material=-31600 pst=110 total=-31490
DEBUG: evaluate returned crazy score! stand_pat=31490
DEBUG: child returned INF! depth=1 score=-30000
DEBUG EVAL: material=-31600 pst=70 total=-31530
DEBUG: evaluate returned crazy score! stand_pat=31530
DEBUG: child returned INF! depth=1 score=-30000
DEBUG EVAL: material=-31600 pst=40 total=-31560
DEBUG: evaluate returned crazy score! stand_pat=31560
DEBUG: child returned INF! depth=1 score=-30000
DEBUG EVAL: material=-31600 pst=40 total=-31560
DEBUG: evaluate returned crazy score! stand_pat=31560
DEBUG: child returned INF! depth=1 score=-30000
DEBUG EVAL: material=-31600 pst=40 total=-31560
DEBUG: evaluate returned crazy score! stand_pat=31560
DEBUG: child returned INF! depth=1 score=-30000
DEBUG EVAL: material=-31600 pst=40 total=-31560
DEBUG: evaluate returned crazy score! stand_pat=31560
DEBUG: child returned INF! depth=1 score=-30000
DEBUG EVAL: material=-31600 pst=40 total=-31560
DEBUG: evaluate returned crazy score! stand_pat=31560
DEBUG: child returned INF! depth=1 score=-30000
DEBUG EVAL: material=-31600 pst=40 total=-31560
DEBUG: evaluate returned crazy score! stand_pat=31560
DEBUG: child returned INF! depth=1 score=-30000
DEBUG EVAL: material=-31600 pst=60 total=-31540
DEBUG: evaluate returned crazy score! stand_pat=31540
DEBUG: child returned INF! depth=1 score=-30000
DEBUG EVAL: material=-31600 pst=65 total=-31535
DEBUG: evaluate returned crazy score! stand_pat=31535
DEBUG: child returned INF! depth=1 score=-30000
DEBUG EVAL: material=-31600 pst=70 total=-31530
DEBUG: evaluate returned crazy score! stand_pat=31530
DEBUG: child returned INF! depth=1 score=-30000
DEBUG EVAL: material=-31600 pst=75 total=-31525
DEBUG: evaluate returned crazy score! stand_pat=31525
DEBUG: child returned INF! depth=1 score=-30000
DEBUG EVAL: material=-31600 pst=40 total=-31560
DEBUG: evaluate returned crazy score! stand_pat=31560
DEBUG: child returned INF! depth=1 score=-30000
DEBUG EVAL: material=-31600 pst=40 total=-31560
DEBUG: evaluate returned crazy score! stand_pat=31560
DEBUG: child returned INF! depth=1 score=-30000
DEBUG EVAL: material=-31600 pst=40 total=-31560
DEBUG: evaluate returned crazy score! stand_pat=31560
DEBUG: child returned INF! depth=1 score=-30000
DEBUG EVAL: material=-31600 pst=40 total=-31560
DEBUG: evaluate returned crazy score! stand_pat=31560
DEBUG: child returned INF! depth=1 score=-30000
DEBUG EVAL: material=-31600 pst=40 total=-31560
DEBUG: evaluate returned crazy score! stand_pat=31560
DEBUG: child returned INF! depth=1 score=-30000
DEBUG EVAL: material=-31600 pst=40 total=-31560
DEBUG: evaluate returned crazy score! stand_pat=31560
DEBUG: child returned INF! depth=1 score=-30000
DEBUG: negamax returning -INF! depth=1 ply=5 legal_moves=30 alpha=-30000 beta=-28690
DEBUG: child returned INF! depth=3 score=-30000
DEBUG EVAL: material=-31600 pst=50 total=-31550
DEBUG: evaluate returned crazy score! stand_pat=31550
DEBUG: child returned INF! depth=1 score=-30000
DEBUG EVAL: material=-31600 pst=85 total=-31515
DEBUG: evaluate returned crazy score! stand_pat=31515
DEBUG: child returned INF! depth=1 score=-30000
DEBUG EVAL: material=-31600 pst=40 total=-31560
DEBUG: evaluate returned crazy score! stand_pat=31560
DEBUG: child returned INF! depth=1 score=-30000
DEBUG EVAL: material=-31600 pst=45 total=-31555
DEBUG: evaluate returned crazy score! stand_pat=31555
DEBUG: child returned INF! depth=1 score=-30000
DEBUG EVAL: material=-31600 pst=55 total=-31545
DEBUG: evaluate returned crazy score! stand_pat=31545
DEBUG: child returned INF! depth=1 score=-30000
DEBUG EVAL: material=-31600 pst=45 total=-31555
DEBUG: evaluate returned crazy score! stand_pat=31555
DEBUG: child returned INF! depth=1 score=-30000
DEBUG EVAL: material=-31600 pst=40 total=-31560
DEBUG: evaluate returned crazy score! stand_pat=31560
DEBUG: child returned INF! depth=1 score=-30000
DEBUG EVAL: material=-31600 pst=40 total=-31560
DEBUG: evaluate returned crazy score! stand_pat=31560
DEBUG: child returned INF! depth=1 score=-30000
DEBUG EVAL: material=-31600 pst=50 total=-31550
DEBUG: evaluate returned crazy score! stand_pat=31550
DEBUG: child returned INF! depth=1 score=-30000
DEBUG EVAL: material=-31600 pst=60 total=-31540
DEBUG: evaluate returned crazy score! stand_pat=31540
DEBUG: child returned INF! depth=1 score=-30000
DEBUG EVAL: material=-31600 pst=60 total=-31540
DEBUG: evaluate returned crazy score! stand_pat=31540
DEBUG: child returned INF! depth=1 score=-30000
DEBUG EVAL: material=-31600 pst=55 total=-31545
DEBUG: evaluate returned crazy score! stand_pat=31545
DEBUG: child returned INF! depth=1 score=-30000
DEBUG EVAL: material=-31600 pst=40 total=-31560
DEBUG: evaluate returned crazy score! stand_pat=31560
DEBUG: child returned INF! depth=1 score=-30000
DEBUG EVAL: material=-31600 pst=40 total=-31560
DEBUG: evaluate returned crazy score! stand_pat=31560
DEBUG: child returned INF! depth=1 score=-30000
DEBUG EVAL: material=-31600 pst=90 total=-31510
DEBUG: evaluate returned crazy score! stand_pat=31510
DEBUG: child returned INF! depth=1 score=-30000
DEBUG EVAL: material=-31600 pst=50 total=-31550
DEBUG: evaluate returned crazy score! stand_pat=31550
DEBUG: child returned INF! depth=1 score=-30000
DEBUG EVAL: material=-31600 pst=20 total=-31580
DEBUG: evaluate returned crazy score! stand_pat=31580
DEBUG: child returned INF! depth=1 score=-30000
DEBUG EVAL: material=-31600 pst=20 total=-31580
DEBUG: evaluate returned crazy score! stand_pat=31580
DEBUG: child returned INF! depth=1 score=-30000
DEBUG EVAL: material=-31600 pst=20 total=-31580
DEBUG: evaluate returned crazy score! stand_pat=31580
DEBUG: child returned INF! depth=1 score=-30000
DEBUG EVAL: material=-31600 pst=20 total=-31580
DEBUG: evaluate returned crazy score! stand_pat=31580
DEBUG: child returned INF! depth=1 score=-30000
DEBUG EVAL: material=-31600 pst=-5 total=-31605
DEBUG: evaluate returned crazy score! stand_pat=31605
DEBUG: child returned INF! depth=1 score=-30000
DEBUG EVAL: material=-31600 pst=40 total=-31560
DEBUG: evaluate returned crazy score! stand_pat=31560
DEBUG: child returned INF! depth=1 score=-30000
DEBUG EVAL: material=-31600 pst=45 total=-31555
DEBUG: evaluate returned crazy score! stand_pat=31555
DEBUG: child returned INF! depth=1 score=-30000
DEBUG EVAL: material=-31600 pst=50 total=-31550
DEBUG: evaluate returned crazy score! stand_pat=31550
DEBUG: child returned INF! depth=1 score=-30000
DEBUG EVAL: material=-31600 pst=55 total=-31545
DEBUG: evaluate returned crazy score! stand_pat=31545
DEBUG: child returned INF! depth=1 score=-30000
DEBUG EVAL: material=-31600 pst=20 total=-31580
DEBUG: evaluate returned crazy score! stand_pat=31580
DEBUG: child returned INF! depth=1 score=-30000
DEBUG EVAL: material=-31600 pst=20 total=-31580
DEBUG: evaluate returned crazy score! stand_pat=31580
DEBUG: child returned INF! depth=1 score=-30000
DEBUG EVAL: material=-31600 pst=20 total=-31580
DEBUG: evaluate returned crazy score! stand_pat=31580
DEBUG: child returned INF! depth=1 score=-30000
DEBUG EVAL: material=-31600 pst=20 total=-31580
DEBUG: evaluate returned crazy score! stand_pat=31580
DEBUG: child returned INF! depth=1 score=-30000
DEBUG EVAL: material=-31600 pst=20 total=-31580
DEBUG: evaluate returned crazy score! stand_pat=31580
DEBUG: child returned INF! depth=1 score=-30000
DEBUG EVAL: material=-31600 pst=20 total=-31580
DEBUG: evaluate returned crazy score! stand_pat=31580
DEBUG: child returned INF! depth=1 score=-30000
DEBUG EVAL: material=-31600 pst=65 total=-31535
DEBUG: evaluate returned crazy score! stand_pat=31535
DEBUG: child returned INF! depth=1 score=-30000
DEBUG: negamax returning -INF! depth=1 ply=5 legal_moves=32 alpha=-30000 beta=-28690
DEBUG: child returned INF! depth=3 score=-30000
DEBUG EVAL: material=-31600 pst=50 total=-31550
DEBUG: evaluate returned crazy score! stand_pat=31550
DEBUG: child returned INF! depth=1 score=-30000
DEBUG EVAL: material=-31600 pst=85 total=-31515
DEBUG: evaluate returned crazy score! stand_pat=31515
DEBUG: child returned INF! depth=1 score=-30000
DEBUG EVAL: material=-31600 pst=50 total=-31550
DEBUG: evaluate returned crazy score! stand_pat=31550
DEBUG: child returned INF! depth=1 score=-30000
DEBUG EVAL: material=-31600 pst=45 total=-31555
DEBUG: evaluate returned crazy score! stand_pat=31555
DEBUG: child returned INF! depth=1 score=-30000
DEBUG EVAL: material=-31600 pst=45 total=-31555
DEBUG: evaluate returned crazy score! stand_pat=31555
DEBUG: child returned INF! depth=1 score=-30000
DEBUG EVAL: material=-31600 pst=50 total=-31550
DEBUG: evaluate returned crazy score! stand_pat=31550
DEBUG: child returned INF! depth=1 score=-30000
DEBUG EVAL: material=-31600 pst=45 total=-31555
DEBUG: evaluate returned crazy score! stand_pat=31555
DEBUG: child returned INF! depth=1 score=-30000
DEBUG EVAL: material=-31600 pst=40 total=-31560
DEBUG: evaluate returned crazy score! stand_pat=31560
DEBUG: child returned INF! depth=1 score=-30000
DEBUG EVAL: material=-31600 pst=40 total=-31560
DEBUG: evaluate returned crazy score! stand_pat=31560
DEBUG: child returned INF! depth=1 score=-30000
DEBUG EVAL: material=-31600 pst=50 total=-31550
DEBUG: evaluate returned crazy score! stand_pat=31550
DEBUG: child returned INF! depth=1 score=-30000
DEBUG EVAL: material=-31600 pst=60 total=-31540
DEBUG: evaluate returned crazy score! stand_pat=31540
DEBUG: child returned INF! depth=1 score=-30000
DEBUG EVAL: material=-31600 pst=60 total=-31540
DEBUG: evaluate returned crazy score! stand_pat=31540
DEBUG: child returned INF! depth=1 score=-30000
DEBUG EVAL: material=-31600 pst=55 total=-31545
DEBUG: evaluate returned crazy score! stand_pat=31545
DEBUG: child returned INF! depth=1 score=-30000
DEBUG EVAL: material=-31600 pst=40 total=-31560
DEBUG: evaluate returned crazy score! stand_pat=31560
DEBUG: child returned INF! depth=1 score=-30000
DEBUG EVAL: material=-31600 pst=40 total=-31560
DEBUG: evaluate returned crazy score! stand_pat=31560
DEBUG: child returned INF! depth=1 score=-30000
DEBUG EVAL: material=-31600 pst=90 total=-31510
DEBUG: evaluate returned crazy score! stand_pat=31510
DEBUG: child returned INF! depth=1 score=-30000
DEBUG EVAL: material=-31600 pst=50 total=-31550
DEBUG: evaluate returned crazy score! stand_pat=31550
DEBUG: child returned INF! depth=1 score=-30000
DEBUG EVAL: material=-31600 pst=20 total=-31580
DEBUG: evaluate returned crazy score! stand_pat=31580
DEBUG: child returned INF! depth=1 score=-30000
DEBUG EVAL: material=-31600 pst=20 total=-31580
DEBUG: evaluate returned crazy score! stand_pat=31580
DEBUG: child returned INF! depth=1 score=-30000
DEBUG EVAL: material=-31600 pst=20 total=-31580
DEBUG: evaluate returned crazy score! stand_pat=31580
DEBUG: child returned INF! depth=1 score=-30000
DEBUG EVAL: material=-31600 pst=20 total=-31580
DEBUG: evaluate returned crazy score! stand_pat=31580
DEBUG: child returned INF! depth=1 score=-30000
DEBUG EVAL: material=-31600 pst=-5 total=-31605
DEBUG: evaluate returned crazy score! stand_pat=31605
DEBUG: child returned INF! depth=1 score=-30000
DEBUG EVAL: material=-31600 pst=40 total=-31560
DEBUG: evaluate returned crazy score! stand_pat=31560
DEBUG: child returned INF! depth=1 score=-30000
DEBUG EVAL: material=-31600 pst=45 total=-31555
DEBUG: evaluate returned crazy score! stand_pat=31555
DEBUG: child returned INF! depth=1 score=-30000
DEBUG EVAL: material=-31600 pst=50 total=-31550
DEBUG: evaluate returned crazy score! stand_pat=31550
DEBUG: child returned INF! depth=1 score=-30000
DEBUG EVAL: material=-31600 pst=55 total=-31545
DEBUG: evaluate returned crazy score! stand_pat=31545
DEBUG: child returned INF! depth=1 score=-30000
DEBUG EVAL: material=-31600 pst=20 total=-31580
DEBUG: evaluate returned crazy score! stand_pat=31580
DEBUG: child returned INF! depth=1 score=-30000
DEBUG EVAL: material=-31600 pst=20 total=-31580
DEBUG: evaluate returned crazy score! stand_pat=31580
DEBUG: child returned INF! depth=1 score=-30000
DEBUG EVAL: material=-31600 pst=20 total=-31580
DEBUG: evaluate returned crazy score! stand_pat=31580
DEBUG: child returned INF! depth=1 score=-30000
DEBUG EVAL: material=-31600 pst=20 total=-31580
DEBUG: evaluate returned crazy score! stand_pat=31580
DEBUG: child returned INF! depth=1 score=-30000
DEBUG EVAL: material=-31600 pst=20 total=-31580
DEBUG: evaluate returned crazy score! stand_pat=31580
DEBUG: child returned INF! depth=1 score=-30000
DEBUG EVAL: material=-31600 pst=20 total=-31580
DEBUG: evaluate returned crazy score! stand_pat=31580
DEBUG: child returned INF! depth=1 score=-30000
DEBUG EVAL: material=-31600 pst=40 total=-31560
DEBUG: evaluate returned crazy score! stand_pat=31560
DEBUG: child returned INF! depth=1 score=-30000
DEBUG: negamax returning -INF! depth=1 ply=5 legal_moves=33 alpha=-30000 beta=-28690
DEBUG: child returned INF! depth=3 score=-30000
DEBUG EVAL: material=-31600 pst=50 total=-31550
DEBUG: evaluate returned crazy score! stand_pat=31550
DEBUG: child returned INF! depth=1 score=-30000
DEBUG EVAL: material=-31600 pst=85 total=-31515
DEBUG: evaluate returned crazy score! stand_pat=31515
DEBUG: child returned INF! depth=1 score=-30000
DEBUG EVAL: material=-31600 pst=50 total=-31550
DEBUG: evaluate returned crazy score! stand_pat=31550
DEBUG: child returned INF! depth=1 score=-30000
DEBUG EVAL: material=-31600 pst=45 total=-31555
DEBUG: evaluate returned crazy score! stand_pat=31555
DEBUG: child returned INF! depth=1 score=-30000
DEBUG EVAL: material=-31600 pst=45 total=-31555
DEBUG: evaluate returned crazy score! stand_pat=31555
DEBUG: child returned INF! depth=1 score=-30000
DEBUG EVAL: material=-31600 pst=50 total=-31550
DEBUG: evaluate returned crazy score! stand_pat=31550
DEBUG: child returned INF! depth=1 score=-30000
DEBUG EVAL: material=-31600 pst=45 total=-31555
DEBUG: evaluate returned crazy score! stand_pat=31555
DEBUG: child returned INF! depth=1 score=-30000
DEBUG EVAL: material=-31600 pst=40 total=-31560
DEBUG: evaluate returned crazy score! stand_pat=31560
DEBUG: child returned INF! depth=1 score=-30000
DEBUG EVAL: material=-31600 pst=40 total=-31560
DEBUG: evaluate returned crazy score! stand_pat=31560
DEBUG: child returned INF! depth=1 score=-30000
DEBUG EVAL: material=-31600 pst=50 total=-31550
DEBUG: evaluate returned crazy score! stand_pat=31550
DEBUG: child returned INF! depth=1 score=-30000
DEBUG EVAL: material=-31600 pst=60 total=-31540
DEBUG: evaluate returned crazy score! stand_pat=31540
DEBUG: child returned INF! depth=1 score=-30000
DEBUG EVAL: material=-31600 pst=40 total=-31560
DEBUG: evaluate returned crazy score! stand_pat=31560
DEBUG: child returned INF! depth=1 score=-30000
DEBUG EVAL: material=-31600 pst=90 total=-31510
DEBUG: evaluate returned crazy score! stand_pat=31510
DEBUG: child returned INF! depth=1 score=-30000
DEBUG EVAL: material=-31600 pst=50 total=-31550
DEBUG: evaluate returned crazy score! stand_pat=31550
DEBUG: child returned INF! depth=1 score=-30000
DEBUG EVAL: material=-31600 pst=20 total=-31580
DEBUG: evaluate returned crazy score! stand_pat=31580
DEBUG: child returned INF! depth=1 score=-30000
DEBUG EVAL: material=-31600 pst=20 total=-31580
DEBUG: evaluate returned crazy score! stand_pat=31580
DEBUG: child returned INF! depth=1 score=-30000
DEBUG EVAL: material=-31600 pst=20 total=-31580
DEBUG: evaluate returned crazy score! stand_pat=31580
DEBUG: child returned INF! depth=1 score=-30000
DEBUG EVAL: material=-31600 pst=20 total=-31580
DEBUG: evaluate returned crazy score! stand_pat=31580
DEBUG: child returned INF! depth=1 score=-30000
DEBUG EVAL: material=-31600 pst=-5 total=-31605
DEBUG: evaluate returned crazy score! stand_pat=31605
DEBUG: child returned INF! depth=1 score=-30000
DEBUG EVAL: material=-31600 pst=40 total=-31560
DEBUG: evaluate returned crazy score! stand_pat=31560
DEBUG: child returned INF! depth=1 score=-30000
DEBUG EVAL: material=-31600 pst=45 total=-31555
DEBUG: evaluate returned crazy score! stand_pat=31555
DEBUG: child returned INF! depth=1 score=-30000
DEBUG EVAL: material=-31600 pst=55 total=-31545
DEBUG: evaluate returned crazy score! stand_pat=31545
DEBUG: child returned INF! depth=1 score=-30000
DEBUG EVAL: material=-31600 pst=20 total=-31580
DEBUG: evaluate returned crazy score! stand_pat=31580
DEBUG: child returned INF! depth=1 score=-30000
DEBUG EVAL: material=-31600 pst=20 total=-31580
DEBUG: evaluate returned crazy score! stand_pat=31580
DEBUG: child returned INF! depth=1 score=-30000
DEBUG EVAL: material=-31600 pst=20 total=-31580
DEBUG: evaluate returned crazy score! stand_pat=31580
DEBUG: child returned INF! depth=1 score=-30000
DEBUG EVAL: material=-31600 pst=20 total=-31580
DEBUG: evaluate returned crazy score! stand_pat=31580
DEBUG: child returned INF! depth=1 score=-30000
DEBUG EVAL: material=-31600 pst=20 total=-31580
DEBUG: evaluate returned crazy score! stand_pat=31580
DEBUG: child returned INF! depth=1 score=-30000
DEBUG EVAL: material=-31600 pst=20 total=-31580
DEBUG: evaluate returned crazy score! stand_pat=31580
DEBUG: child returned INF! depth=1 score=-30000
DEBUG EVAL: material=-31600 pst=70 total=-31530
DEBUG: evaluate returned crazy score! stand_pat=31530
DEBUG: child returned INF! depth=1 score=-30000
DEBUG: negamax returning -INF! depth=1 ply=5 legal_moves=29 alpha=-30000 beta=-28690
DEBUG: child returned INF! depth=3 score=-30000
DEBUG EVAL: material=-31600 pst=25 total=-31575
DEBUG: evaluate returned crazy score! stand_pat=31575
DEBUG: child returned INF! depth=1 score=-30000
DEBUG EVAL: material=-31600 pst=60 total=-31540
DEBUG: evaluate returned crazy score! stand_pat=31540
DEBUG: child returned INF! depth=1 score=-30000
DEBUG EVAL: material=-31600 pst=65 total=-31535
DEBUG: evaluate returned crazy score! stand_pat=31535
DEBUG: child returned INF! depth=1 score=-30000
DEBUG EVAL: material=-31600 pst=25 total=-31575
DEBUG: evaluate returned crazy score! stand_pat=31575
DEBUG: child returned INF! depth=1 score=-30000
DEBUG EVAL: material=-31600 pst=35 total=-31565
DEBUG: evaluate returned crazy score! stand_pat=31565
DEBUG: child returned INF! depth=1 score=-30000
DEBUG EVAL: material=-31600 pst=35 total=-31565
DEBUG: evaluate returned crazy score! stand_pat=31565
DEBUG: child returned INF! depth=1 score=-30000
DEBUG EVAL: material=-31600 pst=30 total=-31570
DEBUG: evaluate returned crazy score! stand_pat=31570
DEBUG: child returned INF! depth=1 score=-30000
DEBUG EVAL: material=-31600 pst=15 total=-31585
DEBUG: evaluate returned crazy score! stand_pat=31585
DEBUG: child returned INF! depth=1 score=-30000
DEBUG EVAL: material=-31600 pst=20 total=-31580
DEBUG: evaluate returned crazy score! stand_pat=31580
DEBUG: child returned INF! depth=1 score=-30000
DEBUG EVAL: material=-31600 pst=25 total=-31575
DEBUG: evaluate returned crazy score! stand_pat=31575
DEBUG: child returned INF! depth=1 score=-30000
DEBUG EVAL: material=-31600 pst=20 total=-31580
DEBUG: evaluate returned crazy score! stand_pat=31580
DEBUG: child returned INF! depth=1 score=-30000
DEBUG EVAL: material=-31600 pst=15 total=-31585
DEBUG: evaluate returned crazy score! stand_pat=31585
DEBUG: child returned INF! depth=1 score=-30000
DEBUG EVAL: material=-31600 pst=20 total=-31580
DEBUG: evaluate returned crazy score! stand_pat=31580
DEBUG: child returned INF! depth=1 score=-30000
DEBUG EVAL: material=-31600 pst=25 total=-31575
DEBUG: evaluate returned crazy score! stand_pat=31575
DEBUG: child returned INF! depth=1 score=-30000
DEBUG EVAL: material=-31600 pst=25 total=-31575
DEBUG: evaluate returned crazy score! stand_pat=31575
DEBUG: child returned INF! depth=1 score=-30000
DEBUG EVAL: material=-31600 pst=25 total=-31575
DEBUG: evaluate returned crazy score! stand_pat=31575
DEBUG: child returned INF! depth=1 score=-30000
DEBUG EVAL: material=-31600 pst=25 total=-31575
DEBUG: evaluate returned crazy score! stand_pat=31575
DEBUG: child returned INF! depth=1 score=-30000
DEBUG EVAL: material=-31600 pst=20 total=-31580
DEBUG: evaluate returned crazy score! stand_pat=31580
DEBUG: child returned INF! depth=1 score=-30000
DEBUG EVAL: material=-31600 pst=15 total=-31585
DEBUG: evaluate returned crazy score! stand_pat=31585
DEBUG: child returned INF! depth=1 score=-30000
DEBUG EVAL: material=-31600 pst=15 total=-31585
DEBUG: evaluate returned crazy score! stand_pat=31585
DEBUG: child returned INF! depth=1 score=-30000
DEBUG EVAL: material=-31600 pst=15 total=-31585
DEBUG: evaluate returned crazy score! stand_pat=31585
DEBUG: child returned INF! depth=1 score=-30000
DEBUG EVAL: material=-31600 pst=25 total=-31575
DEBUG: evaluate returned crazy score! stand_pat=31575
DEBUG: child returned INF! depth=1 score=-30000
DEBUG EVAL: material=-31600 pst=35 total=-31565
DEBUG: evaluate returned crazy score! stand_pat=31565
DEBUG: child returned INF! depth=1 score=-30000
DEBUG EVAL: material=-31600 pst=35 total=-31565
DEBUG: evaluate returned crazy score! stand_pat=31565
DEBUG: child returned INF! depth=1 score=-30000
DEBUG EVAL: material=-31600 pst=30 total=-31570
DEBUG: evaluate returned crazy score! stand_pat=31570
DEBUG: child returned INF! depth=1 score=-30000
DEBUG EVAL: material=-31600 pst=15 total=-31585
DEBUG: evaluate returned crazy score! stand_pat=31585
DEBUG: child returned INF! depth=1 score=-30000
DEBUG EVAL: material=-31600 pst=60 total=-31540
DEBUG: evaluate returned crazy score! stand_pat=31540
DEBUG: child returned INF! depth=1 score=-30000
DEBUG EVAL: material=-31600 pst=65 total=-31535
DEBUG: evaluate returned crazy score! stand_pat=31535
DEBUG: child returned INF! depth=1 score=-30000
DEBUG EVAL: material=-31600 pst=25 total=-31575
DEBUG: evaluate returned crazy score! stand_pat=31575
DEBUG: child returned INF! depth=1 score=-30000
DEBUG EVAL: material=-31600 pst=-5 total=-31605
DEBUG: evaluate returned crazy score! stand_pat=31605
DEBUG: child returned INF! depth=1 score=-30000
DEBUG EVAL: material=-31600 pst=-5 total=-31605
DEBUG: evaluate returned crazy score! stand_pat=31605
DEBUG: child returned INF! depth=1 score=-30000
DEBUG EVAL: material=-31600 pst=-5 total=-31605
DEBUG: evaluate returned crazy score! stand_pat=31605
DEBUG: child returned INF! depth=1 score=-30000
DEBUG EVAL: material=-31600 pst=-5 total=-31605
DEBUG: evaluate returned crazy score! stand_pat=31605
DEBUG: child returned INF! depth=1 score=-30000
DEBUG EVAL: material=-31600 pst=-5 total=-31605
DEBUG: evaluate returned crazy score! stand_pat=31605
DEBUG: child returned INF! depth=1 score=-30000
DEBUG EVAL: material=-31600 pst=-5 total=-31605
DEBUG: evaluate returned crazy score! stand_pat=31605
DEBUG: child returned INF! depth=1 score=-30000
DEBUG EVAL: material=-31600 pst=-5 total=-31605
DEBUG: evaluate returned crazy score! stand_pat=31605
DEBUG: child returned INF! depth=1 score=-30000
DEBUG EVAL: material=-31600 pst=-5 total=-31605
DEBUG: evaluate returned crazy score! stand_pat=31605
DEBUG: child returned INF! depth=1 score=-30000
DEBUG EVAL: material=-31600 pst=-5 total=-31605
DEBUG: evaluate returned crazy score! stand_pat=31605
DEBUG: child returned INF! depth=1 score=-30000
DEBUG EVAL: material=-31600 pst=-5 total=-31605
DEBUG: evaluate returned crazy score! stand_pat=31605
DEBUG: child returned INF! depth=1 score=-30000
DEBUG EVAL: material=-31600 pst=-5 total=-31605
DEBUG: evaluate returned crazy score! stand_pat=31605
DEBUG: child returned INF! depth=1 score=-30000
DEBUG EVAL: material=-31600 pst=-5 total=-31605
DEBUG: evaluate returned crazy score! stand_pat=31605
DEBUG: child returned INF! depth=1 score=-30000
DEBUG: negamax returning -INF! depth=1 ply=5 legal_moves=41 alpha=-30000 beta=-28690
DEBUG: child returned INF! depth=3 score=-30000
DEBUG EVAL: material=-31600 pst=70 total=-31530
DEBUG: evaluate returned crazy score! stand_pat=31530
DEBUG: child returned INF! depth=1 score=-30000
DEBUG EVAL: material=-31600 pst=105 total=-31495
DEBUG: evaluate returned crazy score! stand_pat=31495
DEBUG: child returned INF! depth=1 score=-30000
DEBUG EVAL: material=-31600 pst=80 total=-31520
DEBUG: evaluate returned crazy score! stand_pat=31520
DEBUG: child returned INF! depth=1 score=-30000
DEBUG EVAL: material=-31600 pst=80 total=-31520
DEBUG: evaluate returned crazy score! stand_pat=31520
DEBUG: child returned INF! depth=1 score=-30000
DEBUG EVAL: material=-31600 pst=75 total=-31525
DEBUG: evaluate returned crazy score! stand_pat=31525
DEBUG: child returned INF! depth=1 score=-30000
DEBUG EVAL: material=-31600 pst=60 total=-31540
DEBUG: evaluate returned crazy score! stand_pat=31540
DEBUG: child returned INF! depth=1 score=-30000
DEBUG EVAL: material=-31600 pst=65 total=-31535
DEBUG: evaluate returned crazy score! stand_pat=31535
DEBUG: child returned INF! depth=1 score=-30000
DEBUG EVAL: material=-31600 pst=70 total=-31530
DEBUG: evaluate returned crazy score! stand_pat=31530
DEBUG: child returned INF! depth=1 score=-30000
DEBUG EVAL: material=-31600 pst=65 total=-31535
DEBUG: evaluate returned crazy score! stand_pat=31535
DEBUG: child returned INF! depth=1 score=-30000
DEBUG EVAL: material=-31600 pst=60 total=-31540
DEBUG: evaluate returned crazy score! stand_pat=31540
DEBUG: child returned INF! depth=1 score=-30000
DEBUG EVAL: material=-31600 pst=65 total=-31535
DEBUG: evaluate returned crazy score! stand_pat=31535
DEBUG: child returned INF! depth=1 score=-30000
DEBUG EVAL: material=-31600 pst=70 total=-31530
DEBUG: evaluate returned crazy score! stand_pat=31530
DEBUG: child returned INF! depth=1 score=-30000
DEBUG EVAL: material=-31600 pst=70 total=-31530
DEBUG: evaluate returned crazy score! stand_pat=31530
DEBUG: child returned INF! depth=1 score=-30000
DEBUG EVAL: material=-31600 pst=70 total=-31530
DEBUG: evaluate returned crazy score! stand_pat=31530
DEBUG: child returned INF! depth=1 score=-30000
DEBUG EVAL: material=-31600 pst=70 total=-31530
DEBUG: evaluate returned crazy score! stand_pat=31530
DEBUG: child returned INF! depth=1 score=-30000
DEBUG EVAL: material=-31600 pst=65 total=-31535
DEBUG: evaluate returned crazy score! stand_pat=31535
DEBUG: child returned INF! depth=1 score=-30000
DEBUG EVAL: material=-31600 pst=60 total=-31540
DEBUG: evaluate returned crazy score! stand_pat=31540
DEBUG: child returned INF! depth=1 score=-30000
DEBUG EVAL: material=-31600 pst=60 total=-31540
DEBUG: evaluate returned crazy score! stand_pat=31540
DEBUG: child returned INF! depth=1 score=-30000
DEBUG EVAL: material=-31600 pst=60 total=-31540
DEBUG: evaluate returned crazy score! stand_pat=31540
DEBUG: child returned INF! depth=1 score=-30000
DEBUG EVAL: material=-31600 pst=70 total=-31530
DEBUG: evaluate returned crazy score! stand_pat=31530
DEBUG: child returned INF! depth=1 score=-30000
DEBUG EVAL: material=-31600 pst=80 total=-31520
DEBUG: evaluate returned crazy score! stand_pat=31520
DEBUG: child returned INF! depth=1 score=-30000
DEBUG EVAL: material=-31600 pst=80 total=-31520
DEBUG: evaluate returned crazy score! stand_pat=31520
DEBUG: child returned INF! depth=1 score=-30000
DEBUG EVAL: material=-31600 pst=75 total=-31525
DEBUG: evaluate returned crazy score! stand_pat=31525
DEBUG: child returned INF! depth=1 score=-30000
DEBUG EVAL: material=-31600 pst=60 total=-31540
DEBUG: evaluate returned crazy score! stand_pat=31540
DEBUG: child returned INF! depth=1 score=-30000
DEBUG EVAL: material=-31600 pst=60 total=-31540
DEBUG: evaluate returned crazy score! stand_pat=31540
DEBUG: child returned INF! depth=1 score=-30000
DEBUG EVAL: material=-31600 pst=110 total=-31490
DEBUG: evaluate returned crazy score! stand_pat=31490
DEBUG: child returned INF! depth=1 score=-30000
DEBUG EVAL: material=-31600 pst=70 total=-31530
DEBUG: evaluate returned crazy score! stand_pat=31530
DEBUG: child returned INF! depth=1 score=-30000
DEBUG EVAL: material=-31600 pst=40 total=-31560
DEBUG: evaluate returned crazy score! stand_pat=31560
DEBUG: child returned INF! depth=1 score=-30000
DEBUG EVAL: material=-31600 pst=40 total=-31560
DEBUG: evaluate returned crazy score! stand_pat=31560
DEBUG: child returned INF! depth=1 score=-30000
DEBUG EVAL: material=-31600 pst=40 total=-31560
DEBUG: evaluate returned crazy score! stand_pat=31560
DEBUG: child returned INF! depth=1 score=-30000
DEBUG EVAL: material=-31600 pst=40 total=-31560
DEBUG: evaluate returned crazy score! stand_pat=31560
DEBUG: child returned INF! depth=1 score=-30000
DEBUG EVAL: material=-31600 pst=40 total=-31560
DEBUG: evaluate returned crazy score! stand_pat=31560
DEBUG: child returned INF! depth=1 score=-30000
DEBUG EVAL: material=-31600 pst=40 total=-31560
DEBUG: evaluate returned crazy score! stand_pat=31560
DEBUG: child returned INF! depth=1 score=-30000
DEBUG EVAL: material=-31600 pst=40 total=-31560
DEBUG: evaluate returned crazy score! stand_pat=31560
DEBUG: child returned INF! depth=1 score=-30000
DEBUG EVAL: material=-31600 pst=40 total=-31560
DEBUG: evaluate returned crazy score! stand_pat=31560
DEBUG: child returned INF! depth=1 score=-30000
DEBUG EVAL: material=-31600 pst=40 total=-31560
DEBUG: evaluate returned crazy score! stand_pat=31560
DEBUG: child returned INF! depth=1 score=-30000
DEBUG EVAL: material=-31600 pst=40 total=-31560
DEBUG: evaluate returned crazy score! stand_pat=31560
DEBUG: child returned INF! depth=1 score=-30000
DEBUG EVAL: material=-31600 pst=60 total=-31540
DEBUG: evaluate returned crazy score! stand_pat=31540
DEBUG: child returned INF! depth=1 score=-30000
DEBUG EVAL: material=-31600 pst=75 total=-31525
DEBUG: evaluate returned crazy score! stand_pat=31525
DEBUG: child returned INF! depth=1 score=-30000
DEBUG EVAL: material=-31600 pst=25 total=-31575
DEBUG: evaluate returned crazy score! stand_pat=31575
DEBUG: child returned INF! depth=1 score=-30000
DEBUG EVAL: material=-31600 pst=70 total=-31530
DEBUG: evaluate returned crazy score! stand_pat=31530
DEBUG: child returned INF! depth=1 score=-30000
DEBUG: negamax returning -INF! depth=1 ply=5 legal_moves=41 alpha=-30000 beta=-28690
DEBUG: child returned INF! depth=3 score=-30000
DEBUG EVAL: material=-31600 pst=110 total=-31490
DEBUG: evaluate returned crazy score! stand_pat=31490
DEBUG: child returned INF! depth=1 score=-30000
DEBUG EVAL: material=-31600 pst=75 total=-31525
DEBUG: evaluate returned crazy score! stand_pat=31525
DEBUG: child returned INF! depth=1 score=-30000
DEBUG EVAL: material=-31600 pst=85 total=-31515
DEBUG: evaluate returned crazy score! stand_pat=31515
DEBUG: child returned INF! depth=1 score=-30000
DEBUG EVAL: material=-31600 pst=85 total=-31515
DEBUG: evaluate returned crazy score! stand_pat=31515
DEBUG: child returned INF! depth=1 score=-30000
DEBUG EVAL: material=-31600 pst=80 total=-31520
DEBUG: evaluate returned crazy score! stand_pat=31520
DEBUG: child returned INF! depth=1 score=-30000
DEBUG EVAL: material=-31600 pst=65 total=-31535
DEBUG: evaluate returned crazy score! stand_pat=31535
DEBUG: child returned INF! depth=1 score=-30000
DEBUG EVAL: material=-31600 pst=70 total=-31530
DEBUG: evaluate returned crazy score! stand_pat=31530
DEBUG: child returned INF! depth=1 score=-30000
DEBUG EVAL: material=-31600 pst=70 total=-31530
DEBUG: evaluate returned crazy score! stand_pat=31530
DEBUG: child returned INF! depth=1 score=-30000
DEBUG EVAL: material=-31600 pst=75 total=-31525
DEBUG: evaluate returned crazy score! stand_pat=31525
DEBUG: child returned INF! depth=1 score=-30000
DEBUG EVAL: material=-31600 pst=75 total=-31525
DEBUG: evaluate returned crazy score! stand_pat=31525
DEBUG: child returned INF! depth=1 score=-30000
DEBUG EVAL: material=-31600 pst=75 total=-31525
DEBUG: evaluate returned crazy score! stand_pat=31525
DEBUG: child returned INF! depth=1 score=-30000
DEBUG EVAL: material=-31600 pst=75 total=-31525
DEBUG: evaluate returned crazy score! stand_pat=31525
DEBUG: child returned INF! depth=1 score=-30000
DEBUG EVAL: material=-31600 pst=70 total=-31530
DEBUG: evaluate returned crazy score! stand_pat=31530
DEBUG: child returned INF! depth=1 score=-30000
DEBUG EVAL: material=-31600 pst=65 total=-31535
DEBUG: evaluate returned crazy score! stand_pat=31535
DEBUG: child returned INF! depth=1 score=-30000
DEBUG EVAL: material=-31600 pst=65 total=-31535
DEBUG: evaluate returned crazy score! stand_pat=31535
DEBUG: child returned INF! depth=1 score=-30000
DEBUG EVAL: material=-31600 pst=65 total=-31535
DEBUG: evaluate returned crazy score! stand_pat=31535
DEBUG: child returned INF! depth=1 score=-30000
DEBUG EVAL: material=-31600 pst=75 total=-31525
DEBUG: evaluate returned crazy score! stand_pat=31525
DEBUG: child returned INF! depth=1 score=-30000
DEBUG EVAL: material=-31600 pst=85 total=-31515
DEBUG: evaluate returned crazy score! stand_pat=31515
DEBUG: child returned INF! depth=1 score=-30000
DEBUG EVAL: material=-31600 pst=85 total=-31515
DEBUG: evaluate returned crazy score! stand_pat=31515
DEBUG: child returned INF! depth=1 score=-30000
DEBUG EVAL: material=-31600 pst=80 total=-31520
DEBUG: evaluate returned crazy score! stand_pat=31520
DEBUG: child returned INF! depth=1 score=-30000
DEBUG EVAL: material=-31600 pst=65 total=-31535
DEBUG: evaluate returned crazy score! stand_pat=31535
DEBUG: child returned INF! depth=1 score=-30000
DEBUG EVAL: material=-31600 pst=65 total=-31535
DEBUG: evaluate returned crazy score! stand_pat=31535
DEBUG: child returned INF! depth=1 score=-30000
DEBUG EVAL: material=-31600 pst=75 total=-31525
DEBUG: evaluate returned crazy score! stand_pat=31525
DEBUG: child returned INF! depth=1 score=-30000
DEBUG EVAL: material=-31600 pst=45 total=-31555
DEBUG: evaluate returned crazy score! stand_pat=31555
DEBUG: child returned INF! depth=1 score=-30000
DEBUG EVAL: material=-31600 pst=45 total=-31555
DEBUG: evaluate returned crazy score! stand_pat=31555
DEBUG: child returned INF! depth=1 score=-30000
DEBUG EVAL: material=-31600 pst=45 total=-31555
DEBUG: evaluate returned crazy score! stand_pat=31555
DEBUG: child returned INF! depth=1 score=-30000
DEBUG EVAL: material=-31600 pst=45 total=-31555
DEBUG: evaluate returned crazy score! stand_pat=31555
DEBUG: child returned INF! depth=1 score=-30000
DEBUG EVAL: material=-31600 pst=45 total=-31555
DEBUG: evaluate returned crazy score! stand_pat=31555
DEBUG: child returned INF! depth=1 score=-30000
DEBUG EVAL: material=-31600 pst=45 total=-31555
DEBUG: evaluate returned crazy score! stand_pat=31555
DEBUG: child returned INF! depth=1 score=-30000
DEBUG EVAL: material=-31600 pst=45 total=-31555
DEBUG: evaluate returned crazy score! stand_pat=31555
DEBUG: child returned INF! depth=1 score=-30000
DEBUG EVAL: material=-31600 pst=45 total=-31555
DEBUG: evaluate returned crazy score! stand_pat=31555
DEBUG: child returned INF! depth=1 score=-30000
DEBUG EVAL: material=-31600 pst=45 total=-31555
DEBUG: evaluate returned crazy score! stand_pat=31555
DEBUG: child returned INF! depth=1 score=-30000
DEBUG EVAL: material=-31600 pst=45 total=-31555
DEBUG: evaluate returned crazy score! stand_pat=31555
DEBUG: child returned INF! depth=1 score=-30000
DEBUG EVAL: material=-31600 pst=60 total=-31540
DEBUG: evaluate returned crazy score! stand_pat=31540
DEBUG: child returned INF! depth=1 score=-30000
DEBUG EVAL: material=-31600 pst=75 total=-31525
DEBUG: evaluate returned crazy score! stand_pat=31525
DEBUG: child returned INF! depth=1 score=-30000
DEBUG EVAL: material=-31600 pst=25 total=-31575
DEBUG: evaluate returned crazy score! stand_pat=31575
DEBUG: child returned INF! depth=1 score=-30000
DEBUG EVAL: material=-31600 pst=75 total=-31525
DEBUG: evaluate returned crazy score! stand_pat=31525
DEBUG: child returned INF! depth=1 score=-30000
DEBUG EVAL: material=-31600 pst=60 total=-31540
DEBUG: evaluate returned crazy score! stand_pat=31540
DEBUG: child returned INF! depth=1 score=-30000
DEBUG: negamax returning -INF! depth=1 ply=5 legal_moves=38 alpha=-30000 beta=-28690
DEBUG: child returned INF! depth=3 score=-30000
DEBUG EVAL: material=-31600 pst=80 total=-31520
DEBUG: evaluate returned crazy score! stand_pat=31520
DEBUG: child returned INF! depth=1 score=-30000
DEBUG EVAL: material=-31600 pst=115 total=-31485
DEBUG: evaluate returned crazy score! stand_pat=31485
DEBUG: child returned INF! depth=1 score=-30000
DEBUG EVAL: material=-31600 pst=90 total=-31510
DEBUG: evaluate returned crazy score! stand_pat=31510
DEBUG: child returned INF! depth=1 score=-30000
DEBUG EVAL: material=-31600 pst=90 total=-31510
DEBUG: evaluate returned crazy score! stand_pat=31510
DEBUG: child returned INF! depth=1 score=-30000
DEBUG EVAL: material=-31600 pst=85 total=-31515
DEBUG: evaluate returned crazy score! stand_pat=31515
DEBUG: child returned INF! depth=1 score=-30000
DEBUG EVAL: material=-31600 pst=70 total=-31530
DEBUG: evaluate returned crazy score! stand_pat=31530
DEBUG: child returned INF! depth=1 score=-30000
DEBUG EVAL: material=-31600 pst=75 total=-31525
DEBUG: evaluate returned crazy score! stand_pat=31525
DEBUG: child returned INF! depth=1 score=-30000
DEBUG EVAL: material=-31600 pst=80 total=-31520
DEBUG: evaluate returned crazy score! stand_pat=31520
DEBUG: child returned INF! depth=1 score=-30000
DEBUG EVAL: material=-31600 pst=75 total=-31525
DEBUG: evaluate returned crazy score! stand_pat=31525
DEBUG: child returned INF! depth=1 score=-30000
DEBUG EVAL: material=-31600 pst=70 total=-31530
DEBUG: evaluate returned crazy score! stand_pat=31530
DEBUG: child returned INF! depth=1 score=-30000
DEBUG EVAL: material=-31600 pst=75 total=-31525
DEBUG: evaluate returned crazy score! stand_pat=31525
DEBUG: child returned INF! depth=1 score=-30000
DEBUG EVAL: material=-31600 pst=80 total=-31520
DEBUG: evaluate returned crazy score! stand_pat=31520
DEBUG: child returned INF! depth=1 score=-30000
DEBUG EVAL: material=-31600 pst=80 total=-31520
DEBUG: evaluate returned crazy score! stand_pat=31520
DEBUG: child returned INF! depth=1 score=-30000
DEBUG EVAL: material=-31600 pst=80 total=-31520
DEBUG: evaluate returned crazy score! stand_pat=31520
DEBUG: child returned INF! depth=1 score=-30000
DEBUG EVAL: material=-31600 pst=80 total=-31520
DEBUG: evaluate returned crazy score! stand_pat=31520
DEBUG: child returned INF! depth=1 score=-30000
DEBUG EVAL: material=-31600 pst=75 total=-31525
DEBUG: evaluate returned crazy score! stand_pat=31525
DEBUG: child returned INF! depth=1 score=-30000
DEBUG EVAL: material=-31600 pst=70 total=-31530
DEBUG: evaluate returned crazy score! stand_pat=31530
DEBUG: child returned INF! depth=1 score=-30000
DEBUG EVAL: material=-31600 pst=70 total=-31530
DEBUG: evaluate returned crazy score! stand_pat=31530
DEBUG: child returned INF! depth=1 score=-30000
DEBUG EVAL: material=-31600 pst=70 total=-31530
DEBUG: evaluate returned crazy score! stand_pat=31530
DEBUG: child returned INF! depth=1 score=-30000
DEBUG EVAL: material=-31600 pst=80 total=-31520
DEBUG: evaluate returned crazy score! stand_pat=31520
DEBUG: child returned INF! depth=1 score=-30000
DEBUG EVAL: material=-31600 pst=90 total=-31510
DEBUG: evaluate returned crazy score! stand_pat=31510
DEBUG: child returned INF! depth=1 score=-30000
DEBUG EVAL: material=-31600 pst=70 total=-31530
DEBUG: evaluate returned crazy score! stand_pat=31530
DEBUG: child returned INF! depth=1 score=-30000
DEBUG EVAL: material=-31600 pst=120 total=-31480
DEBUG: evaluate returned crazy score! stand_pat=31480
DEBUG: child returned INF! depth=1 score=-30000
DEBUG EVAL: material=-31600 pst=80 total=-31520
DEBUG: evaluate returned crazy score! stand_pat=31520
DEBUG: child returned INF! depth=1 score=-30000
DEBUG EVAL: material=-31600 pst=50 total=-31550
DEBUG: evaluate returned crazy score! stand_pat=31550
DEBUG: child returned INF! depth=1 score=-30000
DEBUG EVAL: material=-31600 pst=50 total=-31550
DEBUG: evaluate returned crazy score! stand_pat=31550
DEBUG: child returned INF! depth=1 score=-30000
DEBUG EVAL: material=-31600 pst=50 total=-31550
DEBUG: evaluate returned crazy score! stand_pat=31550
DEBUG: child returned INF! depth=1 score=-30000
DEBUG EVAL: material=-31600 pst=50 total=-31550
DEBUG: evaluate returned crazy score! stand_pat=31550
DEBUG: child returned INF! depth=1 score=-30000
DEBUG EVAL: material=-31600 pst=50 total=-31550
DEBUG: evaluate returned crazy score! stand_pat=31550
DEBUG: child returned INF! depth=1 score=-30000
DEBUG EVAL: material=-31600 pst=50 total=-31550
DEBUG: evaluate returned crazy score! stand_pat=31550
DEBUG: child returned INF! depth=1 score=-30000
DEBUG EVAL: material=-31600 pst=50 total=-31550
DEBUG: evaluate returned crazy score! stand_pat=31550
DEBUG: child returned INF! depth=1 score=-30000
DEBUG EVAL: material=-31600 pst=50 total=-31550
DEBUG: evaluate returned crazy score! stand_pat=31550
DEBUG: child returned INF! depth=1 score=-30000
DEBUG EVAL: material=-31600 pst=50 total=-31550
DEBUG: evaluate returned crazy score! stand_pat=31550
DEBUG: child returned INF! depth=1 score=-30000
DEBUG EVAL: material=-31600 pst=50 total=-31550
DEBUG: evaluate returned crazy score! stand_pat=31550
DEBUG: child returned INF! depth=1 score=-30000
DEBUG EVAL: material=-31600 pst=50 total=-31550
DEBUG: evaluate returned crazy score! stand_pat=31550
DEBUG: child returned INF! depth=1 score=-30000
DEBUG EVAL: material=-31600 pst=60 total=-31540
DEBUG: evaluate returned crazy score! stand_pat=31540
DEBUG: child returned INF! depth=1 score=-30000
DEBUG EVAL: material=-31600 pst=25 total=-31575
DEBUG: evaluate returned crazy score! stand_pat=31575
DEBUG: child returned INF! depth=1 score=-30000
DEBUG EVAL: material=-31600 pst=70 total=-31530
DEBUG: evaluate returned crazy score! stand_pat=31530
DEBUG: child returned INF! depth=1 score=-30000
DEBUG EVAL: material=-31600 pst=25 total=-31575
DEBUG: evaluate returned crazy score! stand_pat=31575
DEBUG: child returned INF! depth=1 score=-30000
DEBUG EVAL: material=-31600 pst=75 total=-31525
DEBUG: evaluate returned crazy score! stand_pat=31525
DEBUG: child returned INF! depth=1 score=-30000
DEBUG EVAL: material=-31600 pst=55 total=-31545
DEBUG: evaluate returned crazy score! stand_pat=31545
DEBUG: child returned INF! depth=1 score=-30000
DEBUG EVAL: material=-31600 pst=70 total=-31530
DEBUG: evaluate returned crazy score! stand_pat=31530
DEBUG: child returned INF! depth=1 score=-30000
DEBUG: negamax returning -INF! depth=1 ply=5 legal_moves=42 alpha=-30000 beta=-28690
DEBUG: child returned INF! depth=3 score=-30000
DEBUG EVAL: material=-31720 pst=85 total=-31635
DEBUG: evaluate returned crazy score! stand_pat=31635
DEBUG: child returned INF! depth=1 score=-30000
DEBUG EVAL: material=-31820 pst=65 total=-31755
DEBUG: evaluate returned crazy score! stand_pat=31755
DEBUG: child returned INF! depth=1 score=-30000
DEBUG EVAL: material=-31820 pst=100 total=-31720
DEBUG: evaluate returned crazy score! stand_pat=31720
DEBUG: child returned INF! depth=1 score=-30000
DEBUG EVAL: material=-31820 pst=75 total=-31745
DEBUG: evaluate returned crazy score! stand_pat=31745
DEBUG: child returned INF! depth=1 score=-30000
DEBUG EVAL: material=-31820 pst=70 total=-31750
DEBUG: evaluate returned crazy score! stand_pat=31750
DEBUG: child returned INF! depth=1 score=-30000
DEBUG EVAL: material=-31820 pst=55 total=-31765
DEBUG: evaluate returned crazy score! stand_pat=31765
DEBUG: child returned INF! depth=1 score=-30000
DEBUG EVAL: material=-31820 pst=60 total=-31760
DEBUG: evaluate returned crazy score! stand_pat=31760
DEBUG: child returned INF! depth=1 score=-30000
DEBUG EVAL: material=-31820 pst=75 total=-31745
DEBUG: evaluate returned crazy score! stand_pat=31745
DEBUG: child returned INF! depth=1 score=-30000
DEBUG EVAL: material=-31820 pst=60 total=-31760
DEBUG: evaluate returned crazy score! stand_pat=31760
DEBUG: child returned INF! depth=1 score=-30000
DEBUG EVAL: material=-31820 pst=55 total=-31765
DEBUG: evaluate returned crazy score! stand_pat=31765
DEBUG: child returned INF! depth=1 score=-30000
DEBUG EVAL: material=-31820 pst=60 total=-31760
DEBUG: evaluate returned crazy score! stand_pat=31760
DEBUG: child returned INF! depth=1 score=-30000
DEBUG EVAL: material=-31820 pst=65 total=-31755
DEBUG: evaluate returned crazy score! stand_pat=31755
DEBUG: child returned INF! depth=1 score=-30000
DEBUG EVAL: material=-31820 pst=65 total=-31755
DEBUG: evaluate returned crazy score! stand_pat=31755
DEBUG: child returned INF! depth=1 score=-30000
DEBUG EVAL: material=-31820 pst=65 total=-31755
DEBUG: evaluate returned crazy score! stand_pat=31755
DEBUG: child returned INF! depth=1 score=-30000
DEBUG EVAL: material=-31820 pst=65 total=-31755
DEBUG: evaluate returned crazy score! stand_pat=31755
DEBUG: child returned INF! depth=1 score=-30000
DEBUG EVAL: material=-31820 pst=60 total=-31760
DEBUG: evaluate returned crazy score! stand_pat=31760
DEBUG: child returned INF! depth=1 score=-30000
DEBUG EVAL: material=-31820 pst=55 total=-31765
DEBUG: evaluate returned crazy score! stand_pat=31765
DEBUG: child returned INF! depth=1 score=-30000
DEBUG EVAL: material=-31820 pst=55 total=-31765
DEBUG: evaluate returned crazy score! stand_pat=31765
DEBUG: child returned INF! depth=1 score=-30000
DEBUG EVAL: material=-31820 pst=55 total=-31765
DEBUG: evaluate returned crazy score! stand_pat=31765
DEBUG: child returned INF! depth=1 score=-30000
DEBUG EVAL: material=-31820 pst=65 total=-31755
DEBUG: evaluate returned crazy score! stand_pat=31755
DEBUG: child returned INF! depth=1 score=-30000
DEBUG EVAL: material=-31820 pst=55 total=-31765
DEBUG: evaluate returned crazy score! stand_pat=31765
DEBUG: child returned INF! depth=1 score=-30000
DEBUG EVAL: material=-31820 pst=75 total=-31745
DEBUG: evaluate returned crazy score! stand_pat=31745
DEBUG: child returned INF! depth=1 score=-30000
DEBUG EVAL: material=-31820 pst=70 total=-31750
DEBUG: evaluate returned crazy score! stand_pat=31750
DEBUG: child returned INF! depth=1 score=-30000
DEBUG EVAL: material=-31820 pst=55 total=-31765
DEBUG: evaluate returned crazy score! stand_pat=31765
DEBUG: child returned INF! depth=1 score=-30000
DEBUG EVAL: material=-31820 pst=65 total=-31755
DEBUG: evaluate returned crazy score! stand_pat=31755
DEBUG: child returned INF! depth=1 score=-30000
DEBUG EVAL: material=-31820 pst=105 total=-31715
DEBUG: evaluate returned crazy score! stand_pat=31715
DEBUG: child returned INF! depth=1 score=-30000
DEBUG EVAL: material=-31820 pst=65 total=-31755
DEBUG: evaluate returned crazy score! stand_pat=31755
DEBUG: child returned INF! depth=1 score=-30000
DEBUG EVAL: material=-31820 pst=35 total=-31785
DEBUG: evaluate returned crazy score! stand_pat=31785
DEBUG: child returned INF! depth=1 score=-30000
DEBUG EVAL: material=-31820 pst=35 total=-31785
DEBUG: evaluate returned crazy score! stand_pat=31785
DEBUG: child returned INF! depth=1 score=-30000
DEBUG EVAL: material=-31820 pst=35 total=-31785
DEBUG: evaluate returned crazy score! stand_pat=31785
DEBUG: child returned INF! depth=1 score=-30000
DEBUG EVAL: material=-31820 pst=35 total=-31785
DEBUG: evaluate returned crazy score! stand_pat=31785
DEBUG: child returned INF! depth=1 score=-30000
DEBUG EVAL: material=-31820 pst=35 total=-31785
DEBUG: evaluate returned crazy score! stand_pat=31785
DEBUG: child returned INF! depth=1 score=-30000
DEBUG EVAL: material=-31820 pst=35 total=-31785
DEBUG: evaluate returned crazy score! stand_pat=31785
DEBUG: child returned INF! depth=1 score=-30000
DEBUG EVAL: material=-31820 pst=35 total=-31785
DEBUG: evaluate returned crazy score! stand_pat=31785
DEBUG: child returned INF! depth=1 score=-30000
DEBUG EVAL: material=-31820 pst=35 total=-31785
DEBUG: evaluate returned crazy score! stand_pat=31785
DEBUG: child returned INF! depth=1 score=-30000
DEBUG EVAL: material=-31820 pst=35 total=-31785
DEBUG: evaluate returned crazy score! stand_pat=31785
DEBUG: child returned INF! depth=1 score=-30000
DEBUG EVAL: material=-31820 pst=35 total=-31785
DEBUG: evaluate returned crazy score! stand_pat=31785
DEBUG: child returned INF! depth=1 score=-30000
DEBUG EVAL: material=-31820 pst=35 total=-31785
DEBUG: evaluate returned crazy score! stand_pat=31785
DEBUG: child returned INF! depth=1 score=-30000
DEBUG EVAL: material=-31820 pst=35 total=-31785
DEBUG: evaluate returned crazy score! stand_pat=31785
DEBUG: child returned INF! depth=1 score=-30000
DEBUG EVAL: material=-31820 pst=85 total=-31735
DEBUG: evaluate returned crazy score! stand_pat=31735
DEBUG: child returned INF! depth=1 score=-30000
DEBUG EVAL: material=-31820 pst=75 total=-31745
DEBUG: evaluate returned crazy score! stand_pat=31745
DEBUG: child returned INF! depth=1 score=-30000
DEBUG: negamax returning -INF! depth=1 ply=5 legal_moves=41 alpha=-30000 beta=-28690
DEBUG: child returned INF! depth=3 score=-30000
DEBUG EVAL: material=-31600 pst=85 total=-31515
DEBUG: evaluate returned crazy score! stand_pat=31515
DEBUG: child returned INF! depth=1 score=-30000
DEBUG EVAL: material=-31600 pst=45 total=-31555
DEBUG: evaluate returned crazy score! stand_pat=31555
DEBUG: child returned INF! depth=1 score=-30000
DEBUG EVAL: material=-31600 pst=40 total=-31560
DEBUG: evaluate returned crazy score! stand_pat=31560
DEBUG: child returned INF! depth=1 score=-30000
DEBUG EVAL: material=-31600 pst=40 total=-31560
DEBUG: evaluate returned crazy score! stand_pat=31560
DEBUG: child returned INF! depth=1 score=-30000
DEBUG EVAL: material=-31600 pst=50 total=-31550
DEBUG: evaluate returned crazy score! stand_pat=31550
DEBUG: child returned INF! depth=1 score=-30000
DEBUG EVAL: material=-31600 pst=60 total=-31540
DEBUG: evaluate returned crazy score! stand_pat=31540
DEBUG: child returned INF! depth=1 score=-30000
DEBUG EVAL: material=-31600 pst=60 total=-31540
DEBUG: evaluate returned crazy score! stand_pat=31540
DEBUG: child returned INF! depth=1 score=-30000
DEBUG EVAL: material=-31600 pst=55 total=-31545
DEBUG: evaluate returned crazy score! stand_pat=31545
DEBUG: child returned INF! depth=1 score=-30000
DEBUG EVAL: material=-31600 pst=40 total=-31560
DEBUG: evaluate returned crazy score! stand_pat=31560
DEBUG: child returned INF! depth=1 score=-30000
DEBUG EVAL: material=-31600 pst=40 total=-31560
DEBUG: evaluate returned crazy score! stand_pat=31560
DEBUG: child returned INF! depth=1 score=-30000
DEBUG EVAL: material=-31600 pst=50 total=-31550
DEBUG: evaluate returned crazy score! stand_pat=31550
DEBUG: child returned INF! depth=1 score=-30000
DEBUG EVAL: material=-31600 pst=20 total=-31580
DEBUG: evaluate returned crazy score! stand_pat=31580
DEBUG: child returned INF! depth=1 score=-30000
DEBUG EVAL: material=-31600 pst=20 total=-31580
DEBUG: evaluate returned crazy score! stand_pat=31580
DEBUG: child returned INF! depth=1 score=-30000
DEBUG EVAL: material=-31600 pst=20 total=-31580
DEBUG: evaluate returned crazy score! stand_pat=31580
DEBUG: child returned INF! depth=1 score=-30000
DEBUG EVAL: material=-31600 pst=20 total=-31580
DEBUG: evaluate returned crazy score! stand_pat=31580
DEBUG: child returned INF! depth=1 score=-30000
DEBUG EVAL: material=-31600 pst=20 total=-31580
DEBUG: evaluate returned crazy score! stand_pat=31580
DEBUG: child returned INF! depth=1 score=-30000
DEBUG EVAL: material=-31600 pst=20 total=-31580
DEBUG: evaluate returned crazy score! stand_pat=31580
DEBUG: child returned INF! depth=1 score=-30000
DEBUG EVAL: material=-31600 pst=-5 total=-31605
DEBUG: evaluate returned crazy score! stand_pat=31605
DEBUG: child returned INF! depth=1 score=-30000
DEBUG EVAL: material=-31600 pst=40 total=-31560
DEBUG: evaluate returned crazy score! stand_pat=31560
DEBUG: child returned INF! depth=1 score=-30000
DEBUG EVAL: material=-31600 pst=50 total=-31550
DEBUG: evaluate returned crazy score! stand_pat=31550
DEBUG: child returned INF! depth=1 score=-30000
DEBUG EVAL: material=-31600 pst=55 total=-31545
DEBUG: evaluate returned crazy score! stand_pat=31545
DEBUG: child returned INF! depth=1 score=-30000
DEBUG EVAL: material=-31600 pst=20 total=-31580
DEBUG: evaluate returned crazy score! stand_pat=31580
DEBUG: child returned INF! depth=1 score=-30000
DEBUG EVAL: material=-31600 pst=20 total=-31580
DEBUG: evaluate returned crazy score! stand_pat=31580
DEBUG: child returned INF! depth=1 score=-30000
DEBUG EVAL: material=-31600 pst=20 total=-31580
DEBUG: evaluate returned crazy score! stand_pat=31580
DEBUG: child returned INF! depth=1 score=-30000
DEBUG EVAL: material=-31600 pst=20 total=-31580
DEBUG: evaluate returned crazy score! stand_pat=31580
DEBUG: child returned INF! depth=1 score=-30000
DEBUG EVAL: material=-31600 pst=40 total=-31560
DEBUG: evaluate returned crazy score! stand_pat=31560
DEBUG: child returned INF! depth=1 score=-30000
DEBUG: negamax returning -INF! depth=1 ply=5 legal_moves=26 alpha=-30000 beta=-28690
DEBUG: child returned INF! depth=3 score=-30000
DEBUG EVAL: material=-31600 pst=50 total=-31550
DEBUG: evaluate returned crazy score! stand_pat=31550
DEBUG: child returned INF! depth=1 score=-30000
DEBUG EVAL: material=-31600 pst=85 total=-31515
DEBUG: evaluate returned crazy score! stand_pat=31515
DEBUG: child returned INF! depth=1 score=-30000
DEBUG EVAL: material=-31600 pst=45 total=-31555
DEBUG: evaluate returned crazy score! stand_pat=31555
DEBUG: child returned INF! depth=1 score=-30000
DEBUG EVAL: material=-31600 pst=45 total=-31555
DEBUG: evaluate returned crazy score! stand_pat=31555
DEBUG: child returned INF! depth=1 score=-30000
DEBUG EVAL: material=-31600 pst=40 total=-31560
DEBUG: evaluate returned crazy score! stand_pat=31560
DEBUG: child returned INF! depth=1 score=-30000
DEBUG EVAL: material=-31600 pst=40 total=-31560
DEBUG: evaluate returned crazy score! stand_pat=31560
DEBUG: child returned INF! depth=1 score=-30000
DEBUG EVAL: material=-31600 pst=40 total=-31560
DEBUG: evaluate returned crazy score! stand_pat=31560
DEBUG: child returned INF! depth=1 score=-30000
DEBUG EVAL: material=-31600 pst=50 total=-31550
DEBUG: evaluate returned crazy score! stand_pat=31550
DEBUG: child returned INF! depth=1 score=-30000
DEBUG EVAL: material=-31600 pst=60 total=-31540
DEBUG: evaluate returned crazy score! stand_pat=31540
DEBUG: child returned INF! depth=1 score=-30000
DEBUG EVAL: material=-31600 pst=60 total=-31540
DEBUG: evaluate returned crazy score! stand_pat=31540
DEBUG: child returned INF! depth=1 score=-30000
DEBUG EVAL: material=-31600 pst=55 total=-31545
DEBUG: evaluate returned crazy score! stand_pat=31545
DEBUG: child returned INF! depth=1 score=-30000
DEBUG EVAL: material=-31600 pst=40 total=-31560
DEBUG: evaluate returned crazy score! stand_pat=31560
DEBUG: child returned INF! depth=1 score=-30000
DEBUG EVAL: material=-31600 pst=40 total=-31560
DEBUG: evaluate returned crazy score! stand_pat=31560
DEBUG: child returned INF! depth=1 score=-30000
DEBUG EVAL: material=-31600 pst=90 total=-31510
DEBUG: evaluate returned crazy score! stand_pat=31510
DEBUG: child returned INF! depth=1 score=-30000
DEBUG EVAL: material=-31600 pst=50 total=-31550
DEBUG: evaluate returned crazy score! stand_pat=31550
DEBUG: child returned INF! depth=1 score=-30000
DEBUG EVAL: material=-31600 pst=20 total=-31580
DEBUG: evaluate returned crazy score! stand_pat=31580
DEBUG: child returned INF! depth=1 score=-30000
DEBUG EVAL: material=-31600 pst=20 total=-31580
DEBUG: evaluate returned crazy score! stand_pat=31580
DEBUG: child returned INF! depth=1 score=-30000
DEBUG EVAL: material=-31600 pst=20 total=-31580
DEBUG: evaluate returned crazy score! stand_pat=31580
DEBUG: child returned INF! depth=1 score=-30000
DEBUG EVAL: material=-31600 pst=20 total=-31580
DEBUG: evaluate returned crazy score! stand_pat=31580
DEBUG: child returned INF! depth=1 score=-30000
DEBUG EVAL: material=-31600 pst=20 total=-31580
DEBUG: evaluate returned crazy score! stand_pat=31580
DEBUG: child returned INF! depth=1 score=-30000
DEBUG EVAL: material=-31600 pst=20 total=-31580
DEBUG: evaluate returned crazy score! stand_pat=31580
DEBUG: child returned INF! depth=1 score=-30000
DEBUG EVAL: material=-31600 pst=-5 total=-31605
DEBUG: evaluate returned crazy score! stand_pat=31605
DEBUG: child returned INF! depth=1 score=-30000
DEBUG EVAL: material=-31600 pst=40 total=-31560
DEBUG: evaluate returned crazy score! stand_pat=31560
DEBUG: child returned INF! depth=1 score=-30000
DEBUG EVAL: material=-31600 pst=45 total=-31555
DEBUG: evaluate returned crazy score! stand_pat=31555
DEBUG: child returned INF! depth=1 score=-30000
DEBUG EVAL: material=-31600 pst=50 total=-31550
DEBUG: evaluate returned crazy score! stand_pat=31550
DEBUG: child returned INF! depth=1 score=-30000
DEBUG EVAL: material=-31600 pst=55 total=-31545
DEBUG: evaluate returned crazy score! stand_pat=31545
DEBUG: child returned INF! depth=1 score=-30000
DEBUG EVAL: material=-31600 pst=20 total=-31580
DEBUG: evaluate returned crazy score! stand_pat=31580
DEBUG: child returned INF! depth=1 score=-30000
DEBUG EVAL: material=-31600 pst=20 total=-31580
DEBUG: evaluate returned crazy score! stand_pat=31580
DEBUG: child returned INF! depth=1 score=-30000
DEBUG EVAL: material=-31600 pst=20 total=-31580
DEBUG: evaluate returned crazy score! stand_pat=31580
DEBUG: child returned INF! depth=1 score=-30000
DEBUG EVAL: material=-31600 pst=20 total=-31580
DEBUG: evaluate returned crazy score! stand_pat=31580
DEBUG: child returned INF! depth=1 score=-30000
DEBUG: negamax returning -INF! depth=1 ply=5 legal_moves=30 alpha=-30000 beta=-28690
DEBUG: child returned INF! depth=3 score=-30000
DEBUG EVAL: material=-31600 pst=50 total=-31550
DEBUG: evaluate returned crazy score! stand_pat=31550
DEBUG: child returned INF! depth=1 score=-30000
DEBUG EVAL: material=-31600 pst=85 total=-31515
DEBUG: evaluate returned crazy score! stand_pat=31515
DEBUG: child returned INF! depth=1 score=-30000
DEBUG EVAL: material=-31600 pst=45 total=-31555
DEBUG: evaluate returned crazy score! stand_pat=31555
DEBUG: child returned INF! depth=1 score=-30000
DEBUG EVAL: material=-31600 pst=45 total=-31555
DEBUG: evaluate returned crazy score! stand_pat=31555
DEBUG: child returned INF! depth=1 score=-30000
DEBUG EVAL: material=-31600 pst=40 total=-31560
DEBUG: evaluate returned crazy score! stand_pat=31560
DEBUG: child returned INF! depth=1 score=-30000
DEBUG EVAL: material=-31600 pst=40 total=-31560
DEBUG: evaluate returned crazy score! stand_pat=31560
DEBUG: child returned INF! depth=1 score=-30000
DEBUG EVAL: material=-31600 pst=50 total=-31550
DEBUG: evaluate returned crazy score! stand_pat=31550
DEBUG: child returned INF! depth=1 score=-30000
DEBUG EVAL: material=-31600 pst=60 total=-31540
DEBUG: evaluate returned crazy score! stand_pat=31540
DEBUG: child returned INF! depth=1 score=-30000
DEBUG EVAL: material=-31600 pst=60 total=-31540
DEBUG: evaluate returned crazy score! stand_pat=31540
DEBUG: child returned INF! depth=1 score=-30000
DEBUG EVAL: material=-31600 pst=55 total=-31545
DEBUG: evaluate returned crazy score! stand_pat=31545
DEBUG: child returned INF! depth=1 score=-30000
DEBUG EVAL: material=-31600 pst=40 total=-31560
DEBUG: evaluate returned crazy score! stand_pat=31560
DEBUG: child returned INF! depth=1 score=-30000
DEBUG EVAL: material=-31600 pst=55 total=-31545
DEBUG: evaluate returned crazy score! stand_pat=31545
DEBUG: child returned INF! depth=1 score=-30000
DEBUG EVAL: material=-31600 pst=40 total=-31560
DEBUG: evaluate returned crazy score! stand_pat=31560
DEBUG: child returned INF! depth=1 score=-30000
DEBUG EVAL: material=-31600 pst=40 total=-31560
DEBUG: evaluate returned crazy score! stand_pat=31560
DEBUG: child returned INF! depth=1 score=-30000
DEBUG EVAL: material=-31600 pst=90 total=-31510
DEBUG: evaluate returned crazy score! stand_pat=31510
DEBUG: child returned INF! depth=1 score=-30000
DEBUG EVAL: material=-31600 pst=50 total=-31550
DEBUG: evaluate returned crazy score! stand_pat=31550
DEBUG: child returned INF! depth=1 score=-30000
DEBUG EVAL: material=-31600 pst=20 total=-31580
DEBUG: evaluate returned crazy score! stand_pat=31580
DEBUG: child returned INF! depth=1 score=-30000
DEBUG EVAL: material=-31600 pst=20 total=-31580
DEBUG: evaluate returned crazy score! stand_pat=31580
DEBUG: child returned INF! depth=1 score=-30000
DEBUG EVAL: material=-31600 pst=20 total=-31580
DEBUG: evaluate returned crazy score! stand_pat=31580
DEBUG: child returned INF! depth=1 score=-30000
DEBUG EVAL: material=-31600 pst=20 total=-31580
DEBUG: evaluate returned crazy score! stand_pat=31580
DEBUG: child returned INF! depth=1 score=-30000
DEBUG EVAL: material=-31600 pst=20 total=-31580
DEBUG: evaluate returned crazy score! stand_pat=31580
DEBUG: child returned INF! depth=1 score=-30000
DEBUG EVAL: material=-31600 pst=20 total=-31580
DEBUG: evaluate returned crazy score! stand_pat=31580
DEBUG: child returned INF! depth=1 score=-30000
DEBUG EVAL: material=-31600 pst=-5 total=-31605
DEBUG: evaluate returned crazy score! stand_pat=31605
DEBUG: child returned INF! depth=1 score=-30000
DEBUG EVAL: material=-31600 pst=40 total=-31560
DEBUG: evaluate returned crazy score! stand_pat=31560
DEBUG: child returned INF! depth=1 score=-30000
DEBUG EVAL: material=-31600 pst=45 total=-31555
DEBUG: evaluate returned crazy score! stand_pat=31555
DEBUG: child returned INF! depth=1 score=-30000
DEBUG EVAL: material=-31600 pst=50 total=-31550
DEBUG: evaluate returned crazy score! stand_pat=31550
DEBUG: child returned INF! depth=1 score=-30000
DEBUG EVAL: material=-31600 pst=55 total=-31545
DEBUG: evaluate returned crazy score! stand_pat=31545
DEBUG: child returned INF! depth=1 score=-30000
DEBUG EVAL: material=-31600 pst=20 total=-31580
DEBUG: evaluate returned crazy score! stand_pat=31580
DEBUG: child returned INF! depth=1 score=-30000
DEBUG EVAL: material=-31600 pst=20 total=-31580
DEBUG: evaluate returned crazy score! stand_pat=31580
DEBUG: child returned INF! depth=1 score=-30000
DEBUG EVAL: material=-31600 pst=20 total=-31580
DEBUG: evaluate returned crazy score! stand_pat=31580
DEBUG: child returned INF! depth=1 score=-30000
DEBUG EVAL: material=-31600 pst=20 total=-31580
DEBUG: evaluate returned crazy score! stand_pat=31580
DEBUG: child returned INF! depth=1 score=-30000
DEBUG EVAL: material=-31600 pst=40 total=-31560
DEBUG: evaluate returned crazy score! stand_pat=31560
DEBUG: child returned INF! depth=1 score=-30000
DEBUG: negamax returning -INF! depth=1 ply=5 legal_moves=32 alpha=-30000 beta=-28690
DEBUG: child returned INF! depth=3 score=-30000
DEBUG EVAL: material=-31270 pst=80 total=-31190
DEBUG: evaluate returned crazy score! stand_pat=31190
DEBUG: child returned INF! depth=1 score=-30000
DEBUG EVAL: material=-31600 pst=50 total=-31550
DEBUG: evaluate returned crazy score! stand_pat=31550
DEBUG: child returned INF! depth=1 score=-30000
DEBUG EVAL: material=-31600 pst=85 total=-31515
DEBUG: evaluate returned crazy score! stand_pat=31515
DEBUG: child returned INF! depth=1 score=-30000
DEBUG EVAL: material=-31600 pst=40 total=-31560
DEBUG: evaluate returned crazy score! stand_pat=31560
DEBUG: child returned INF! depth=1 score=-30000
DEBUG EVAL: material=-31600 pst=50 total=-31550
DEBUG: evaluate returned crazy score! stand_pat=31550
DEBUG: child returned INF! depth=1 score=-30000
DEBUG EVAL: material=-31600 pst=60 total=-31540
DEBUG: evaluate returned crazy score! stand_pat=31540
DEBUG: child returned INF! depth=1 score=-30000
DEBUG EVAL: material=-31600 pst=60 total=-31540
DEBUG: evaluate returned crazy score! stand_pat=31540
DEBUG: child returned INF! depth=1 score=-30000
DEBUG EVAL: material=-31600 pst=55 total=-31545
DEBUG: evaluate returned crazy score! stand_pat=31545
DEBUG: child returned INF! depth=1 score=-30000
DEBUG EVAL: material=-31600 pst=40 total=-31560
DEBUG: evaluate returned crazy score! stand_pat=31560
DEBUG: child returned INF! depth=1 score=-30000
DEBUG EVAL: material=-31600 pst=55 total=-31545
DEBUG: evaluate returned crazy score! stand_pat=31545
DEBUG: child returned INF! depth=1 score=-30000
DEBUG EVAL: material=-31600 pst=40 total=-31560
DEBUG: evaluate returned crazy score! stand_pat=31560
DEBUG: child returned INF! depth=1 score=-30000
DEBUG EVAL: material=-31600 pst=45 total=-31555
DEBUG: evaluate returned crazy score! stand_pat=31555
DEBUG: child returned INF! depth=1 score=-30000
DEBUG EVAL: material=-31600 pst=90 total=-31510
DEBUG: evaluate returned crazy score! stand_pat=31510
DEBUG: child returned INF! depth=1 score=-30000
DEBUG EVAL: material=-31600 pst=50 total=-31550
DEBUG: evaluate returned crazy score! stand_pat=31550
DEBUG: child returned INF! depth=1 score=-30000
DEBUG EVAL: material=-31600 pst=20 total=-31580
DEBUG: evaluate returned crazy score! stand_pat=31580
DEBUG: child returned INF! depth=1 score=-30000
DEBUG EVAL: material=-31600 pst=40 total=-31560
DEBUG: evaluate returned crazy score! stand_pat=31560
DEBUG: child returned INF! depth=1 score=-30000
DEBUG EVAL: material=-31600 pst=20 total=-31580
DEBUG: evaluate returned crazy score! stand_pat=31580
DEBUG: child returned INF! depth=1 score=-30000
DEBUG EVAL: material=-31600 pst=20 total=-31580
DEBUG: evaluate returned crazy score! stand_pat=31580
DEBUG: child returned INF! depth=1 score=-30000
DEBUG EVAL: material=-31600 pst=20 total=-31580
DEBUG: evaluate returned crazy score! stand_pat=31580
DEBUG: child returned INF! depth=1 score=-30000
DEBUG EVAL: material=-31600 pst=20 total=-31580
DEBUG: evaluate returned crazy score! stand_pat=31580
DEBUG: child returned INF! depth=1 score=-30000
DEBUG EVAL: material=-31600 pst=-5 total=-31605
DEBUG: evaluate returned crazy score! stand_pat=31605
DEBUG: child returned INF! depth=1 score=-30000
DEBUG EVAL: material=-31600 pst=40 total=-31560
DEBUG: evaluate returned crazy score! stand_pat=31560
DEBUG: child returned INF! depth=1 score=-30000
DEBUG EVAL: material=-31600 pst=45 total=-31555
DEBUG: evaluate returned crazy score! stand_pat=31555
DEBUG: child returned INF! depth=1 score=-30000
DEBUG EVAL: material=-31600 pst=50 total=-31550
DEBUG: evaluate returned crazy score! stand_pat=31550
DEBUG: child returned INF! depth=1 score=-30000
DEBUG EVAL: material=-31600 pst=55 total=-31545
DEBUG: evaluate returned crazy score! stand_pat=31545
DEBUG: child returned INF! depth=1 score=-30000
DEBUG EVAL: material=-31600 pst=20 total=-31580
DEBUG: evaluate returned crazy score! stand_pat=31580
DEBUG: child returned INF! depth=1 score=-30000
DEBUG EVAL: material=-31600 pst=20 total=-31580
DEBUG: evaluate returned crazy score! stand_pat=31580
DEBUG: child returned INF! depth=1 score=-30000
DEBUG EVAL: material=-31600 pst=20 total=-31580
DEBUG: evaluate returned crazy score! stand_pat=31580
DEBUG: child returned INF! depth=1 score=-30000
DEBUG EVAL: material=-31600 pst=20 total=-31580
DEBUG: evaluate returned crazy score! stand_pat=31580
DEBUG: child returned INF! depth=1 score=-30000
DEBUG EVAL: material=-31600 pst=65 total=-31535
DEBUG: evaluate returned crazy score! stand_pat=31535
DEBUG: child returned INF! depth=1 score=-30000
DEBUG EVAL: material=-31600 pst=20 total=-31580
DEBUG: evaluate returned crazy score! stand_pat=31580
DEBUG: child returned INF! depth=1 score=-30000
DEBUG: negamax returning -INF! depth=1 ply=5 legal_moves=31 alpha=-30000 beta=-28690
DEBUG: child returned INF! depth=3 score=-30000
DEBUG EVAL: material=-31600 pst=50 total=-31550
DEBUG: evaluate returned crazy score! stand_pat=31550
DEBUG: child returned INF! depth=1 score=-30000
DEBUG EVAL: material=-31600 pst=85 total=-31515
DEBUG: evaluate returned crazy score! stand_pat=31515
DEBUG: child returned INF! depth=1 score=-30000
DEBUG EVAL: material=-31600 pst=45 total=-31555
DEBUG: evaluate returned crazy score! stand_pat=31555
DEBUG: child returned INF! depth=1 score=-30000
DEBUG EVAL: material=-31600 pst=45 total=-31555
DEBUG: evaluate returned crazy score! stand_pat=31555
DEBUG: child returned INF! depth=1 score=-30000
DEBUG EVAL: material=-31600 pst=40 total=-31560
DEBUG: evaluate returned crazy score! stand_pat=31560
DEBUG: child returned INF! depth=1 score=-30000
DEBUG EVAL: material=-31600 pst=40 total=-31560
DEBUG: evaluate returned crazy score! stand_pat=31560
DEBUG: child returned INF! depth=1 score=-30000
DEBUG EVAL: material=-31600 pst=50 total=-31550
DEBUG: evaluate returned crazy score! stand_pat=31550
DEBUG: child returned INF! depth=1 score=-30000
DEBUG EVAL: material=-31600 pst=60 total=-31540
DEBUG: evaluate returned crazy score! stand_pat=31540
DEBUG: child returned INF! depth=1 score=-30000
DEBUG EVAL: material=-31600 pst=60 total=-31540
DEBUG: evaluate returned crazy score! stand_pat=31540
DEBUG: child returned INF! depth=1 score=-30000
DEBUG EVAL: material=-31600 pst=55 total=-31545
DEBUG: evaluate returned crazy score! stand_pat=31545
DEBUG: child returned INF! depth=1 score=-30000
DEBUG EVAL: material=-31600 pst=40 total=-31560
DEBUG: evaluate returned crazy score! stand_pat=31560
DEBUG: child returned INF! depth=1 score=-30000
DEBUG EVAL: material=-31600 pst=40 total=-31560
DEBUG: evaluate returned crazy score! stand_pat=31560
DEBUG: child returned INF! depth=1 score=-30000
DEBUG EVAL: material=-31600 pst=90 total=-31510
DEBUG: evaluate returned crazy score! stand_pat=31510
DEBUG: child returned INF! depth=1 score=-30000
DEBUG EVAL: material=-31600 pst=35 total=-31565
DEBUG: evaluate returned crazy score! stand_pat=31565
DEBUG: child returned INF! depth=1 score=-30000
DEBUG EVAL: material=-31600 pst=20 total=-31580
DEBUG: evaluate returned crazy score! stand_pat=31580
DEBUG: child returned INF! depth=1 score=-30000
DEBUG EVAL: material=-31600 pst=20 total=-31580
DEBUG: evaluate returned crazy score! stand_pat=31580
DEBUG: child returned INF! depth=1 score=-30000
DEBUG EVAL: material=-31600 pst=20 total=-31580
DEBUG: evaluate returned crazy score! stand_pat=31580
DEBUG: child returned INF! depth=1 score=-30000
DEBUG EVAL: material=-31600 pst=20 total=-31580
DEBUG: evaluate returned crazy score! stand_pat=31580
DEBUG: child returned INF! depth=1 score=-30000
DEBUG EVAL: material=-31600 pst=20 total=-31580
DEBUG: evaluate returned crazy score! stand_pat=31580
DEBUG: child returned INF! depth=1 score=-30000
DEBUG EVAL: material=-31600 pst=20 total=-31580
DEBUG: evaluate returned crazy score! stand_pat=31580
DEBUG: child returned INF! depth=1 score=-30000
DEBUG EVAL: material=-31600 pst=-5 total=-31605
DEBUG: evaluate returned crazy score! stand_pat=31605
DEBUG: child returned INF! depth=1 score=-30000
DEBUG EVAL: material=-31600 pst=40 total=-31560
DEBUG: evaluate returned crazy score! stand_pat=31560
DEBUG: child returned INF! depth=1 score=-30000
DEBUG EVAL: material=-31600 pst=45 total=-31555
DEBUG: evaluate returned crazy score! stand_pat=31555
DEBUG: child returned INF! depth=1 score=-30000
DEBUG EVAL: material=-31600 pst=50 total=-31550
DEBUG: evaluate returned crazy score! stand_pat=31550
DEBUG: child returned INF! depth=1 score=-30000
DEBUG EVAL: material=-31600 pst=55 total=-31545
DEBUG: evaluate returned crazy score! stand_pat=31545
DEBUG: child returned INF! depth=1 score=-30000
DEBUG EVAL: material=-31600 pst=20 total=-31580
DEBUG: evaluate returned crazy score! stand_pat=31580
DEBUG: child returned INF! depth=1 score=-30000
DEBUG EVAL: material=-31600 pst=20 total=-31580
DEBUG: evaluate returned crazy score! stand_pat=31580
DEBUG: child returned INF! depth=1 score=-30000
DEBUG EVAL: material=-31600 pst=20 total=-31580
DEBUG: evaluate returned crazy score! stand_pat=31580
DEBUG: child returned INF! depth=1 score=-30000
DEBUG EVAL: material=-31600 pst=20 total=-31580
DEBUG: evaluate returned crazy score! stand_pat=31580
DEBUG: child returned INF! depth=1 score=-30000
DEBUG EVAL: material=-31600 pst=40 total=-31560
DEBUG: evaluate returned crazy score! stand_pat=31560
DEBUG: child returned INF! depth=1 score=-30000
DEBUG: negamax returning -INF! depth=1 ply=5 legal_moves=30 alpha=-30000 beta=-28690
DEBUG: child returned INF! depth=3 score=-30000
DEBUG EVAL: material=-31600 pst=50 total=-31550
DEBUG: evaluate returned crazy score! stand_pat=31550
DEBUG: child returned INF! depth=1 score=-30000
DEBUG EVAL: material=-31600 pst=85 total=-31515
DEBUG: evaluate returned crazy score! stand_pat=31515
DEBUG: child returned INF! depth=1 score=-30000
DEBUG EVAL: material=-31600 pst=45 total=-31555
DEBUG: evaluate returned crazy score! stand_pat=31555
DEBUG: child returned INF! depth=1 score=-30000
DEBUG EVAL: material=-31600 pst=45 total=-31555
DEBUG: evaluate returned crazy score! stand_pat=31555
DEBUG: child returned INF! depth=1 score=-30000
DEBUG EVAL: material=-31600 pst=40 total=-31560
DEBUG: evaluate returned crazy score! stand_pat=31560
DEBUG: child returned INF! depth=1 score=-30000
DEBUG EVAL: material=-31600 pst=40 total=-31560
DEBUG: evaluate returned crazy score! stand_pat=31560
DEBUG: child returned INF! depth=1 score=-30000
DEBUG EVAL: material=-31600 pst=50 total=-31550
DEBUG: evaluate returned crazy score! stand_pat=31550
DEBUG: child returned INF! depth=1 score=-30000
DEBUG EVAL: material=-31600 pst=60 total=-31540
DEBUG: evaluate returned crazy score! stand_pat=31540
DEBUG: child returned INF! depth=1 score=-30000
DEBUG EVAL: material=-31600 pst=60 total=-31540
DEBUG: evaluate returned crazy score! stand_pat=31540
DEBUG: child returned INF! depth=1 score=-30000
DEBUG EVAL: material=-31600 pst=55 total=-31545
DEBUG: evaluate returned crazy score! stand_pat=31545
DEBUG: child returned INF! depth=1 score=-30000
DEBUG EVAL: material=-31600 pst=40 total=-31560
DEBUG: evaluate returned crazy score! stand_pat=31560
DEBUG: child returned INF! depth=1 score=-30000
DEBUG EVAL: material=-31600 pst=40 total=-31560
DEBUG: evaluate returned crazy score! stand_pat=31560
DEBUG: child returned INF! depth=1 score=-30000
DEBUG EVAL: material=-31600 pst=90 total=-31510
DEBUG: evaluate returned crazy score! stand_pat=31510
DEBUG: child returned INF! depth=1 score=-30000
DEBUG EVAL: material=-31600 pst=50 total=-31550
DEBUG: evaluate returned crazy score! stand_pat=31550
DEBUG: child returned INF! depth=1 score=-30000
DEBUG EVAL: material=-31600 pst=35 total=-31565
DEBUG: evaluate returned crazy score! stand_pat=31565
DEBUG: child returned INF! depth=1 score=-30000
DEBUG EVAL: material=-31600 pst=35 total=-31565
DEBUG: evaluate returned crazy score! stand_pat=31565
DEBUG: child returned INF! depth=1 score=-30000
DEBUG EVAL: material=-31600 pst=20 total=-31580
DEBUG: evaluate returned crazy score! stand_pat=31580
DEBUG: child returned INF! depth=1 score=-30000
DEBUG EVAL: material=-31600 pst=20 total=-31580
DEBUG: evaluate returned crazy score! stand_pat=31580
DEBUG: child returned INF! depth=1 score=-30000
DEBUG EVAL: material=-31600 pst=20 total=-31580
DEBUG: evaluate returned crazy score! stand_pat=31580
DEBUG: child returned INF! depth=1 score=-30000
DEBUG EVAL: material=-31600 pst=20 total=-31580
DEBUG: evaluate returned crazy score! stand_pat=31580
DEBUG: child returned INF! depth=1 score=-30000
DEBUG EVAL: material=-31600 pst=20 total=-31580
DEBUG: evaluate returned crazy score! stand_pat=31580
DEBUG: child returned INF! depth=1 score=-30000
DEBUG EVAL: material=-31600 pst=20 total=-31580
DEBUG: evaluate returned crazy score! stand_pat=31580
DEBUG: child returned INF! depth=1 score=-30000
DEBUG EVAL: material=-31600 pst=-5 total=-31605
DEBUG: evaluate returned crazy score! stand_pat=31605
DEBUG: child returned INF! depth=1 score=-30000
DEBUG EVAL: material=-31600 pst=40 total=-31560
DEBUG: evaluate returned crazy score! stand_pat=31560
DEBUG: child returned INF! depth=1 score=-30000
DEBUG EVAL: material=-31600 pst=45 total=-31555
DEBUG: evaluate returned crazy score! stand_pat=31555
DEBUG: child returned INF! depth=1 score=-30000
DEBUG EVAL: material=-31600 pst=50 total=-31550
DEBUG: evaluate returned crazy score! stand_pat=31550
DEBUG: child returned INF! depth=1 score=-30000
DEBUG EVAL: material=-31600 pst=55 total=-31545
DEBUG: evaluate returned crazy score! stand_pat=31545
DEBUG: child returned INF! depth=1 score=-30000
DEBUG EVAL: material=-31600 pst=20 total=-31580
DEBUG: evaluate returned crazy score! stand_pat=31580
DEBUG: child returned INF! depth=1 score=-30000
DEBUG EVAL: material=-31600 pst=20 total=-31580
DEBUG: evaluate returned crazy score! stand_pat=31580
DEBUG: child returned INF! depth=1 score=-30000
DEBUG EVAL: material=-31600 pst=20 total=-31580
DEBUG: evaluate returned crazy score! stand_pat=31580
DEBUG: child returned INF! depth=1 score=-30000
DEBUG EVAL: material=-31600 pst=20 total=-31580
DEBUG: evaluate returned crazy score! stand_pat=31580
DEBUG: child returned INF! depth=1 score=-30000
DEBUG EVAL: material=-31600 pst=65 total=-31535
DEBUG: evaluate returned crazy score! stand_pat=31535
DEBUG: child returned INF! depth=1 score=-30000
DEBUG: negamax returning -INF! depth=1 ply=5 legal_moves=32 alpha=-30000 beta=-28690
DEBUG: child returned INF! depth=3 score=-30000
DEBUG EVAL: material=-30580 pst=0 total=-30580
DEBUG: evaluate returned crazy score! stand_pat=30580
DEBUG: child returned INF! depth=1 score=-30000
DEBUG EVAL: material=-31000 pst=40 total=-30960
DEBUG: evaluate returned crazy score! stand_pat=30960
DEBUG: child returned INF! depth=1 score=-30000
DEBUG EVAL: material=-31470 pst=110 total=-31360
DEBUG: evaluate returned crazy score! stand_pat=31360
DEBUG: child returned INF! depth=1 score=-30000
DEBUG EVAL: material=-31800 pst=110 total=-31690
DEBUG: evaluate returned crazy score! stand_pat=31690
DEBUG: child returned INF! depth=1 score=-30000
DEBUG EVAL: material=-31800 pst=145 total=-31655
DEBUG: evaluate returned crazy score! stand_pat=31655
DEBUG: child returned INF! depth=1 score=-30000
DEBUG EVAL: material=-31800 pst=100 total=-31700
DEBUG: evaluate returned crazy score! stand_pat=31700
DEBUG: child returned INF! depth=1 score=-30000
DEBUG EVAL: material=-31800 pst=100 total=-31700
DEBUG: evaluate returned crazy score! stand_pat=31700
DEBUG: child returned INF! depth=1 score=-30000
DEBUG EVAL: material=-31800 pst=110 total=-31690
DEBUG: evaluate returned crazy score! stand_pat=31690
DEBUG: child returned INF! depth=1 score=-30000
DEBUG EVAL: material=-31800 pst=120 total=-31680
DEBUG: evaluate returned crazy score! stand_pat=31680
DEBUG: child returned INF! depth=1 score=-30000
DEBUG EVAL: material=-31800 pst=120 total=-31680
DEBUG: evaluate returned crazy score! stand_pat=31680
DEBUG: child returned INF! depth=1 score=-30000
DEBUG EVAL: material=-31800 pst=115 total=-31685
DEBUG: evaluate returned crazy score! stand_pat=31685
DEBUG: child returned INF! depth=1 score=-30000
DEBUG EVAL: material=-31800 pst=100 total=-31700
DEBUG: evaluate returned crazy score! stand_pat=31700
DEBUG: child returned INF! depth=1 score=-30000
DEBUG EVAL: material=-31800 pst=105 total=-31695
DEBUG: evaluate returned crazy score! stand_pat=31695
DEBUG: child returned INF! depth=1 score=-30000
DEBUG EVAL: material=-31800 pst=150 total=-31650
DEBUG: evaluate returned crazy score! stand_pat=31650
DEBUG: child returned INF! depth=1 score=-30000
DEBUG EVAL: material=-31800 pst=110 total=-31690
DEBUG: evaluate returned crazy score! stand_pat=31690
DEBUG: child returned INF! depth=1 score=-30000
DEBUG EVAL: material=-31800 pst=80 total=-31720
DEBUG: evaluate returned crazy score! stand_pat=31720
DEBUG: child returned INF! depth=1 score=-30000
DEBUG EVAL: material=-31800 pst=100 total=-31700
DEBUG: evaluate returned crazy score! stand_pat=31700
DEBUG: child returned INF! depth=1 score=-30000
DEBUG EVAL: material=-31800 pst=80 total=-31720
DEBUG: evaluate returned crazy score! stand_pat=31720
DEBUG: child returned INF! depth=1 score=-30000
DEBUG EVAL: material=-31800 pst=80 total=-31720
DEBUG: evaluate returned crazy score! stand_pat=31720
DEBUG: child returned INF! depth=1 score=-30000
DEBUG EVAL: material=-31800 pst=55 total=-31745
DEBUG: evaluate returned crazy score! stand_pat=31745
DEBUG: child returned INF! depth=1 score=-30000
DEBUG EVAL: material=-31800 pst=100 total=-31700
DEBUG: evaluate returned crazy score! stand_pat=31700
DEBUG: child returned INF! depth=1 score=-30000
DEBUG EVAL: material=-31800 pst=105 total=-31695
DEBUG: evaluate returned crazy score! stand_pat=31695
DEBUG: child returned INF! depth=1 score=-30000
DEBUG EVAL: material=-31800 pst=110 total=-31690
DEBUG: evaluate returned crazy score! stand_pat=31690
DEBUG: child returned INF! depth=1 score=-30000
DEBUG EVAL: material=-31800 pst=115 total=-31685
DEBUG: evaluate returned crazy score! stand_pat=31685
DEBUG: child returned INF! depth=1 score=-30000
DEBUG EVAL: material=-31800 pst=80 total=-31720
DEBUG: evaluate returned crazy score! stand_pat=31720
DEBUG: child returned INF! depth=1 score=-30000
DEBUG EVAL: material=-31800 pst=80 total=-31720
DEBUG: evaluate returned crazy score! stand_pat=31720
DEBUG: child returned INF! depth=1 score=-30000
DEBUG EVAL: material=-31800 pst=80 total=-31720
DEBUG: evaluate returned crazy score! stand_pat=31720
DEBUG: child returned INF! depth=1 score=-30000
DEBUG EVAL: material=-31800 pst=80 total=-31720
DEBUG: evaluate returned crazy score! stand_pat=31720
DEBUG: child returned INF! depth=1 score=-30000
DEBUG EVAL: material=-31800 pst=80 total=-31720
DEBUG: evaluate returned crazy score! stand_pat=31720
DEBUG: child returned INF! depth=1 score=-30000
DEBUG EVAL: material=-31800 pst=80 total=-31720
DEBUG: evaluate returned crazy score! stand_pat=31720
DEBUG: child returned INF! depth=1 score=-30000
DEBUG EVAL: material=-31800 pst=105 total=-31695
DEBUG: evaluate returned crazy score! stand_pat=31695
DEBUG: child returned INF! depth=1 score=-30000
DEBUG EVAL: material=-31800 pst=80 total=-31720
DEBUG: evaluate returned crazy score! stand_pat=31720
DEBUG: child returned INF! depth=1 score=-30000
DEBUG: negamax returning -INF! depth=1 ply=5 legal_moves=32 alpha=-30000 beta=-28690
DEBUG: child returned INF! depth=3 score=-30000
DEBUG EVAL: material=-31800 pst=50 total=-31750
DEBUG: evaluate returned crazy score! stand_pat=31750
DEBUG: child returned INF! depth=1 score=-30000
DEBUG EVAL: material=-31800 pst=85 total=-31715
DEBUG: evaluate returned crazy score! stand_pat=31715
DEBUG: child returned INF! depth=1 score=-30000
DEBUG EVAL: material=-31800 pst=40 total=-31760
DEBUG: evaluate returned crazy score! stand_pat=31760
DEBUG: child returned INF! depth=1 score=-30000
DEBUG EVAL: material=-31800 pst=45 total=-31755
DEBUG: evaluate returned crazy score! stand_pat=31755
DEBUG: child returned INF! depth=1 score=-30000
DEBUG EVAL: material=-31800 pst=55 total=-31745
DEBUG: evaluate returned crazy score! stand_pat=31745
DEBUG: child returned INF! depth=1 score=-30000
DEBUG EVAL: material=-31800 pst=45 total=-31755
DEBUG: evaluate returned crazy score! stand_pat=31755
DEBUG: child returned INF! depth=1 score=-30000
DEBUG EVAL: material=-31800 pst=40 total=-31760
DEBUG: evaluate returned crazy score! stand_pat=31760
DEBUG: child returned INF! depth=1 score=-30000
DEBUG EVAL: material=-31800 pst=40 total=-31760
DEBUG: evaluate returned crazy score! stand_pat=31760
DEBUG: child returned INF! depth=1 score=-30000
DEBUG EVAL: material=-31800 pst=50 total=-31750
DEBUG: evaluate returned crazy score! stand_pat=31750
DEBUG: child returned INF! depth=1 score=-30000
DEBUG EVAL: material=-31800 pst=60 total=-31740
DEBUG: evaluate returned crazy score! stand_pat=31740
DEBUG: child returned INF! depth=1 score=-30000
DEBUG EVAL: material=-31800 pst=60 total=-31740
DEBUG: evaluate returned crazy score! stand_pat=31740
DEBUG: child returned INF! depth=1 score=-30000
DEBUG EVAL: material=-31800 pst=55 total=-31745
DEBUG: evaluate returned crazy score! stand_pat=31745
DEBUG: child returned INF! depth=1 score=-30000
DEBUG EVAL: material=-31800 pst=40 total=-31760
DEBUG: evaluate returned crazy score! stand_pat=31760
DEBUG: child returned INF! depth=1 score=-30000
DEBUG EVAL: material=-31800 pst=40 total=-31760
DEBUG: evaluate returned crazy score! stand_pat=31760
DEBUG: child returned INF! depth=1 score=-30000
DEBUG EVAL: material=-31800 pst=90 total=-31710
DEBUG: evaluate returned crazy score! stand_pat=31710
DEBUG: child returned INF! depth=1 score=-30000
DEBUG EVAL: material=-31800 pst=50 total=-31750
DEBUG: evaluate returned crazy score! stand_pat=31750
DEBUG: child returned INF! depth=1 score=-30000
DEBUG EVAL: material=-31800 pst=20 total=-31780
DEBUG: evaluate returned crazy score! stand_pat=31780
DEBUG: child returned INF! depth=1 score=-30000
DEBUG EVAL: material=-31800 pst=20 total=-31780
DEBUG: evaluate returned crazy score! stand_pat=31780
DEBUG: child returned INF! depth=1 score=-30000
DEBUG EVAL: material=-31800 pst=20 total=-31780
DEBUG: evaluate returned crazy score! stand_pat=31780
DEBUG: child returned INF! depth=1 score=-30000
DEBUG EVAL: material=-31800 pst=20 total=-31780
DEBUG: evaluate returned crazy score! stand_pat=31780
DEBUG: child returned INF! depth=1 score=-30000
DEBUG EVAL: material=-31800 pst=-5 total=-31805
DEBUG: evaluate returned crazy score! stand_pat=31805
DEBUG: child returned INF! depth=1 score=-30000
DEBUG EVAL: material=-31800 pst=45 total=-31755
DEBUG: evaluate returned crazy score! stand_pat=31755
DEBUG: child returned INF! depth=1 score=-30000
DEBUG EVAL: material=-31800 pst=50 total=-31750
DEBUG: evaluate returned crazy score! stand_pat=31750
DEBUG: child returned INF! depth=1 score=-30000
DEBUG EVAL: material=-31800 pst=55 total=-31745
DEBUG: evaluate returned crazy score! stand_pat=31745
DEBUG: child returned INF! depth=1 score=-30000
DEBUG EVAL: material=-31800 pst=20 total=-31780
DEBUG: evaluate returned crazy score! stand_pat=31780
DEBUG: child returned INF! depth=1 score=-30000
DEBUG EVAL: material=-31800 pst=20 total=-31780
DEBUG: evaluate returned crazy score! stand_pat=31780
DEBUG: child returned INF! depth=1 score=-30000
DEBUG EVAL: material=-31800 pst=20 total=-31780
DEBUG: evaluate returned crazy score! stand_pat=31780
DEBUG: child returned INF! depth=1 score=-30000
DEBUG EVAL: material=-31800 pst=20 total=-31780
DEBUG: evaluate returned crazy score! stand_pat=31780
DEBUG: child returned INF! depth=1 score=-30000
DEBUG EVAL: material=-31800 pst=20 total=-31780
DEBUG: evaluate returned crazy score! stand_pat=31780
DEBUG: child returned INF! depth=1 score=-30000
DEBUG EVAL: material=-31800 pst=20 total=-31780
DEBUG: evaluate returned crazy score! stand_pat=31780
DEBUG: child returned INF! depth=1 score=-30000
DEBUG EVAL: material=-31800 pst=40 total=-31760
DEBUG: evaluate returned crazy score! stand_pat=31760
DEBUG: child returned INF! depth=1 score=-30000
DEBUG: negamax returning -INF! depth=1 ply=5 legal_moves=31 alpha=-30000 beta=-28690
DEBUG: child returned INF! depth=3 score=-30000
DEBUG: negamax returning -INF! depth=3 ply=3 legal_moves=33 alpha=-30000 beta=-28690
DEBUG: child returned INF! depth=5 score=-30000
DEBUG EVAL: material=-31800 pst=75 total=-31725
DEBUG: evaluate returned crazy score! stand_pat=31725
DEBUG: child returned INF! depth=1 score=-30000
DEBUG EVAL: material=-31800 pst=115 total=-31685
DEBUG: evaluate returned crazy score! stand_pat=31685
DEBUG: child returned INF! depth=1 score=-30000
DEBUG EVAL: material=-31800 pst=70 total=-31730
DEBUG: evaluate returned crazy score! stand_pat=31730
DEBUG: child returned INF! depth=1 score=-30000
DEBUG EVAL: material=-31800 pst=60 total=-31740
DEBUG: evaluate returned crazy score! stand_pat=31740
DEBUG: child returned INF! depth=1 score=-30000
DEBUG EVAL: material=-31800 pst=65 total=-31735
DEBUG: evaluate returned crazy score! stand_pat=31735
DEBUG: child returned INF! depth=1 score=-30000
DEBUG EVAL: material=-31800 pst=75 total=-31725
DEBUG: evaluate returned crazy score! stand_pat=31725
DEBUG: child returned INF! depth=1 score=-30000
DEBUG EVAL: material=-31800 pst=85 total=-31715
DEBUG: evaluate returned crazy score! stand_pat=31715
DEBUG: child returned INF! depth=1 score=-30000
DEBUG EVAL: material=-31800 pst=85 total=-31715
DEBUG: evaluate returned crazy score! stand_pat=31715
DEBUG: child returned INF! depth=1 score=-30000
DEBUG EVAL: material=-31800 pst=80 total=-31720
DEBUG: evaluate returned crazy score! stand_pat=31720
DEBUG: child returned INF! depth=1 score=-30000
DEBUG EVAL: material=-31800 pst=65 total=-31735
DEBUG: evaluate returned crazy score! stand_pat=31735
DEBUG: child returned INF! depth=1 score=-30000
DEBUG EVAL: material=-31800 pst=65 total=-31735
DEBUG: evaluate returned crazy score! stand_pat=31735
DEBUG: child returned INF! depth=1 score=-30000
DEBUG EVAL: material=-31800 pst=45 total=-31755
DEBUG: evaluate returned crazy score! stand_pat=31755
DEBUG: child returned INF! depth=1 score=-30000
DEBUG EVAL: material=-31800 pst=45 total=-31755
DEBUG: evaluate returned crazy score! stand_pat=31755
DEBUG: child returned INF! depth=1 score=-30000
DEBUG EVAL: material=-31800 pst=45 total=-31755
DEBUG: evaluate returned crazy score! stand_pat=31755
DEBUG: child returned INF! depth=1 score=-30000
DEBUG EVAL: material=-31800 pst=45 total=-31755
DEBUG: evaluate returned crazy score! stand_pat=31755
DEBUG: child returned INF! depth=1 score=-30000
DEBUG EVAL: material=-31800 pst=45 total=-31755
DEBUG: evaluate returned crazy score! stand_pat=31755
DEBUG: child returned INF! depth=1 score=-30000
DEBUG EVAL: material=-31800 pst=45 total=-31755
DEBUG: evaluate returned crazy score! stand_pat=31755
DEBUG: child returned INF! depth=1 score=-30000
DEBUG EVAL: material=-31800 pst=55 total=-31745
DEBUG: evaluate returned crazy score! stand_pat=31745
DEBUG: child returned INF! depth=1 score=-30000
DEBUG EVAL: material=-31800 pst=75 total=-31725
DEBUG: evaluate returned crazy score! stand_pat=31725
DEBUG: child returned INF! depth=1 score=-30000
DEBUG EVAL: material=-31800 pst=65 total=-31735
DEBUG: evaluate returned crazy score! stand_pat=31735
DEBUG: child returned INF! depth=1 score=-30000
DEBUG EVAL: material=-31800 pst=55 total=-31745
DEBUG: evaluate returned crazy score! stand_pat=31745
DEBUG: child returned INF! depth=1 score=-30000
DEBUG EVAL: material=-31800 pst=75 total=-31725
DEBUG: evaluate returned crazy score! stand_pat=31725
DEBUG: child returned INF! depth=1 score=-30000
DEBUG EVAL: material=-31800 pst=75 total=-31725
DEBUG: evaluate returned crazy score! stand_pat=31725
DEBUG: child returned INF! depth=1 score=-30000
DEBUG EVAL: material=-31800 pst=70 total=-31730
DEBUG: evaluate returned crazy score! stand_pat=31730
DEBUG: child returned INF! depth=1 score=-30000
DEBUG EVAL: material=-31800 pst=55 total=-31745
DEBUG: evaluate returned crazy score! stand_pat=31745
DEBUG: child returned INF! depth=1 score=-30000
DEBUG EVAL: material=-31800 pst=45 total=-31755
DEBUG: evaluate returned crazy score! stand_pat=31755
DEBUG: child returned INF! depth=1 score=-30000
DEBUG EVAL: material=-31800 pst=45 total=-31755
DEBUG: evaluate returned crazy score! stand_pat=31755
DEBUG: child returned INF! depth=1 score=-30000
DEBUG EVAL: material=-31800 pst=45 total=-31755
DEBUG: evaluate returned crazy score! stand_pat=31755
DEBUG: child returned INF! depth=1 score=-30000
DEBUG EVAL: material=-31800 pst=45 total=-31755
DEBUG: evaluate returned crazy score! stand_pat=31755
DEBUG: child returned INF! depth=1 score=-30000
DEBUG EVAL: material=-31800 pst=15 total=-31785
DEBUG: evaluate returned crazy score! stand_pat=31785
DEBUG: child returned INF! depth=1 score=-30000
DEBUG EVAL: material=-31800 pst=75 total=-31725
DEBUG: evaluate returned crazy score! stand_pat=31725
DEBUG: child returned INF! depth=1 score=-30000
DEBUG EVAL: material=-31800 pst=25 total=-31775
DEBUG: evaluate returned crazy score! stand_pat=31775
DEBUG: child returned INF! depth=1 score=-30000
DEBUG EVAL: material=-31800 pst=75 total=-31725
DEBUG: evaluate returned crazy score! stand_pat=31725
DEBUG: child returned INF! depth=1 score=-30000
DEBUG EVAL: material=-31800 pst=60 total=-31740
DEBUG: evaluate returned crazy score! stand_pat=31740
DEBUG: child returned INF! depth=1 score=-30000
DEBUG: negamax returning -INF! depth=1 ply=5 legal_moves=34 alpha=-30000 beta=90
DEBUG: child returned INF! depth=3 score=-30000
DEBUG EVAL: material=-31800 pst=75 total=-31725
DEBUG: evaluate returned crazy score! stand_pat=31725
DEBUG: child returned INF! depth=1 score=-30000
DEBUG EVAL: material=-31800 pst=110 total=-31690
DEBUG: evaluate returned crazy score! stand_pat=31690
DEBUG: child returned INF! depth=1 score=-30000
DEBUG EVAL: material=-31800 pst=70 total=-31730
DEBUG: evaluate returned crazy score! stand_pat=31730
DEBUG: child returned INF! depth=1 score=-30000
DEBUG EVAL: material=-31800 pst=65 total=-31735
DEBUG: evaluate returned crazy score! stand_pat=31735
DEBUG: child returned INF! depth=1 score=-30000
DEBUG EVAL: material=-31800 pst=70 total=-31730
DEBUG: evaluate returned crazy score! stand_pat=31730
DEBUG: child returned INF! depth=1 score=-30000
DEBUG EVAL: material=-31800 pst=65 total=-31735
DEBUG: evaluate returned crazy score! stand_pat=31735
DEBUG: child returned INF! depth=1 score=-30000
DEBUG EVAL: material=-31800 pst=60 total=-31740
DEBUG: evaluate returned crazy score! stand_pat=31740
DEBUG: child returned INF! depth=1 score=-30000
DEBUG EVAL: material=-31800 pst=60 total=-31740
DEBUG: evaluate returned crazy score! stand_pat=31740
DEBUG: child returned INF! depth=1 score=-30000
DEBUG EVAL: material=-31800 pst=65 total=-31735
DEBUG: evaluate returned crazy score! stand_pat=31735
DEBUG: child returned INF! depth=1 score=-30000
DEBUG EVAL: material=-31800 pst=75 total=-31725
DEBUG: evaluate returned crazy score! stand_pat=31725
DEBUG: child returned INF! depth=1 score=-30000
DEBUG EVAL: material=-31800 pst=85 total=-31715
DEBUG: evaluate returned crazy score! stand_pat=31715
DEBUG: child returned INF! depth=1 score=-30000
DEBUG EVAL: material=-31800 pst=85 total=-31715
DEBUG: evaluate returned crazy score! stand_pat=31715
DEBUG: child returned INF! depth=1 score=-30000
DEBUG EVAL: material=-31800 pst=80 total=-31720
DEBUG: evaluate returned crazy score! stand_pat=31720
DEBUG: child returned INF! depth=1 score=-30000
DEBUG EVAL: material=-31800 pst=65 total=-31735
DEBUG: evaluate returned crazy score! stand_pat=31735
DEBUG: child returned INF! depth=1 score=-30000
DEBUG EVAL: material=-31800 pst=65 total=-31735
DEBUG: evaluate returned crazy score! stand_pat=31735
DEBUG: child returned INF! depth=1 score=-30000
DEBUG EVAL: material=-31800 pst=115 total=-31685
DEBUG: evaluate returned crazy score! stand_pat=31685
DEBUG: child returned INF! depth=1 score=-30000
DEBUG EVAL: material=-31800 pst=75 total=-31725
DEBUG: evaluate returned crazy score! stand_pat=31725
DEBUG: child returned INF! depth=1 score=-30000
DEBUG EVAL: material=-31800 pst=45 total=-31755
DEBUG: evaluate returned crazy score! stand_pat=31755
DEBUG: child returned INF! depth=1 score=-30000
DEBUG EVAL: material=-31800 pst=45 total=-31755
DEBUG: evaluate returned crazy score! stand_pat=31755
DEBUG: child returned INF! depth=1 score=-30000
DEBUG EVAL: material=-31800 pst=45 total=-31755
DEBUG: evaluate returned crazy score! stand_pat=31755
DEBUG: child returned INF! depth=1 score=-30000
DEBUG EVAL: material=-31800 pst=45 total=-31755
DEBUG: evaluate returned crazy score! stand_pat=31755
DEBUG: child returned INF! depth=1 score=-30000
DEBUG EVAL: material=-31800 pst=55 total=-31745
DEBUG: evaluate returned crazy score! stand_pat=31745
DEBUG: child returned INF! depth=1 score=-30000
DEBUG EVAL: material=-31800 pst=75 total=-31725
DEBUG: evaluate returned crazy score! stand_pat=31725
DEBUG: child returned INF! depth=1 score=-30000
DEBUG EVAL: material=-31800 pst=75 total=-31725
DEBUG: evaluate returned crazy score! stand_pat=31725
DEBUG: child returned INF! depth=1 score=-30000
DEBUG EVAL: material=-31800 pst=70 total=-31730
DEBUG: evaluate returned crazy score! stand_pat=31730
DEBUG: child returned INF! depth=1 score=-30000
DEBUG EVAL: material=-31800 pst=55 total=-31745
DEBUG: evaluate returned crazy score! stand_pat=31745
DEBUG: child returned INF! depth=1 score=-30000
DEBUG EVAL: material=-31800 pst=45 total=-31755
DEBUG: evaluate returned crazy score! stand_pat=31755
DEBUG: child returned INF! depth=1 score=-30000
DEBUG EVAL: material=-31800 pst=45 total=-31755
DEBUG: evaluate returned crazy score! stand_pat=31755
DEBUG: child returned INF! depth=1 score=-30000
DEBUG EVAL: material=-31800 pst=45 total=-31755
DEBUG: evaluate returned crazy score! stand_pat=31755
DEBUG: child returned INF! depth=1 score=-30000
DEBUG EVAL: material=-31800 pst=45 total=-31755
DEBUG: evaluate returned crazy score! stand_pat=31755
DEBUG: child returned INF! depth=1 score=-30000
DEBUG EVAL: material=-31800 pst=45 total=-31755
DEBUG: evaluate returned crazy score! stand_pat=31755
DEBUG: child returned INF! depth=1 score=-30000
DEBUG EVAL: material=-31800 pst=45 total=-31755
DEBUG: evaluate returned crazy score! stand_pat=31755
DEBUG: child returned INF! depth=1 score=-30000
DEBUG EVAL: material=-31800 pst=15 total=-31785
DEBUG: evaluate returned crazy score! stand_pat=31785
DEBUG: child returned INF! depth=1 score=-30000
DEBUG EVAL: material=-31800 pst=60 total=-31740
DEBUG: evaluate returned crazy score! stand_pat=31740
DEBUG: child returned INF! depth=1 score=-30000
DEBUG EVAL: material=-31800 pst=25 total=-31775
DEBUG: evaluate returned crazy score! stand_pat=31775
DEBUG: child returned INF! depth=1 score=-30000
DEBUG EVAL: material=-31800 pst=75 total=-31725
DEBUG: evaluate returned crazy score! stand_pat=31725
DEBUG: child returned INF! depth=1 score=-30000
DEBUG EVAL: material=-31800 pst=60 total=-31740
DEBUG: evaluate returned crazy score! stand_pat=31740
DEBUG: child returned INF! depth=1 score=-30000
DEBUG EVAL: material=-31800 pst=75 total=-31725
DEBUG: evaluate returned crazy score! stand_pat=31725
DEBUG: child returned INF! depth=1 score=-30000
DEBUG: negamax returning -INF! depth=1 ply=5 legal_moves=38 alpha=-30000 beta=90
DEBUG: child returned INF! depth=3 score=-30000
DEBUG EVAL: material=-31700 pst=35 total=-31665
DEBUG: evaluate returned crazy score! stand_pat=31665
DEBUG: child returned INF! depth=1 score=-30000
DEBUG EVAL: material=-31800 pst=70 total=-31730
DEBUG: evaluate returned crazy score! stand_pat=31730
DEBUG: child returned INF! depth=1 score=-30000
DEBUG EVAL: material=-31800 pst=20 total=-31780
DEBUG: evaluate returned crazy score! stand_pat=31780
DEBUG: child returned INF! depth=1 score=-30000
DEBUG EVAL: material=-31800 pst=70 total=-31730
DEBUG: evaluate returned crazy score! stand_pat=31730
DEBUG: child returned INF! depth=1 score=-30000
DEBUG EVAL: material=-31800 pst=30 total=-31770
DEBUG: evaluate returned crazy score! stand_pat=31770
DEBUG: child returned INF! depth=1 score=-30000
DEBUG EVAL: material=-31800 pst=0 total=-31800
DEBUG: evaluate returned crazy score! stand_pat=31800
DEBUG: child returned INF! depth=1 score=-30000
DEBUG EVAL: material=-31800 pst=0 total=-31800
DEBUG: evaluate returned crazy score! stand_pat=31800
DEBUG: child returned INF! depth=1 score=-30000
DEBUG EVAL: material=-31800 pst=0 total=-31800
DEBUG: evaluate returned crazy score! stand_pat=31800
DEBUG: child returned INF! depth=1 score=-30000
DEBUG EVAL: material=-31800 pst=0 total=-31800
DEBUG: evaluate returned crazy score! stand_pat=31800
DEBUG: child returned INF! depth=1 score=-30000
DEBUG EVAL: material=-31800 pst=0 total=-31800
DEBUG: evaluate returned crazy score! stand_pat=31800
DEBUG: child returned INF! depth=1 score=-30000
DEBUG EVAL: material=-31800 pst=0 total=-31800
DEBUG: evaluate returned crazy score! stand_pat=31800
DEBUG: child returned INF! depth=1 score=-30000
DEBUG EVAL: material=-31800 pst=10 total=-31790
DEBUG: evaluate returned crazy score! stand_pat=31790
DEBUG: child returned INF! depth=1 score=-30000
DEBUG EVAL: material=-31800 pst=30 total=-31770
DEBUG: evaluate returned crazy score! stand_pat=31770
DEBUG: child returned INF! depth=1 score=-30000
DEBUG EVAL: material=-31800 pst=20 total=-31780
DEBUG: evaluate returned crazy score! stand_pat=31780
DEBUG: child returned INF! depth=1 score=-30000
DEBUG EVAL: material=-31800 pst=10 total=-31790
DEBUG: evaluate returned crazy score! stand_pat=31790
DEBUG: child returned INF! depth=1 score=-30000
DEBUG EVAL: material=-31800 pst=30 total=-31770
DEBUG: evaluate returned crazy score! stand_pat=31770
DEBUG: child returned INF! depth=1 score=-30000
DEBUG EVAL: material=-31800 pst=30 total=-31770
DEBUG: evaluate returned crazy score! stand_pat=31770
DEBUG: child returned INF! depth=1 score=-30000
DEBUG EVAL: material=-31800 pst=25 total=-31775
DEBUG: evaluate returned crazy score! stand_pat=31775
DEBUG: child returned INF! depth=1 score=-30000
DEBUG EVAL: material=-31800 pst=10 total=-31790
DEBUG: evaluate returned crazy score! stand_pat=31790
DEBUG: child returned INF! depth=1 score=-30000
DEBUG EVAL: material=-31800 pst=15 total=-31785
DEBUG: evaluate returned crazy score! stand_pat=31785
DEBUG: child returned INF! depth=1 score=-30000
DEBUG EVAL: material=-31800 pst=25 total=-31775
DEBUG: evaluate returned crazy score! stand_pat=31775
DEBUG: child returned INF! depth=1 score=-30000
DEBUG EVAL: material=-31800 pst=25 total=-31775
DEBUG: evaluate returned crazy score! stand_pat=31775
DEBUG: child returned INF! depth=1 score=-30000
DEBUG EVAL: material=-31800 pst=20 total=-31780
DEBUG: evaluate returned crazy score! stand_pat=31780
DEBUG: child returned INF! depth=1 score=-30000
DEBUG EVAL: material=-31800 pst=10 total=-31790
DEBUG: evaluate returned crazy score! stand_pat=31790
DEBUG: child returned INF! depth=1 score=-30000
DEBUG EVAL: material=-31800 pst=25 total=-31775
DEBUG: evaluate returned crazy score! stand_pat=31775
DEBUG: child returned INF! depth=1 score=-30000
DEBUG EVAL: material=-31800 pst=20 total=-31780
DEBUG: evaluate returned crazy score! stand_pat=31780
DEBUG: child returned INF! depth=1 score=-30000
DEBUG EVAL: material=-31800 pst=15 total=-31785
DEBUG: evaluate returned crazy score! stand_pat=31785
DEBUG: child returned INF! depth=1 score=-30000
DEBUG EVAL: material=-31800 pst=25 total=-31775
DEBUG: evaluate returned crazy score! stand_pat=31775
DEBUG: child returned INF! depth=1 score=-30000
DEBUG EVAL: material=-31800 pst=25 total=-31775
DEBUG: evaluate returned crazy score! stand_pat=31775
DEBUG: child returned INF! depth=1 score=-30000
DEBUG EVAL: material=-31800 pst=25 total=-31775
DEBUG: evaluate returned crazy score! stand_pat=31775
DEBUG: child returned INF! depth=1 score=-30000
DEBUG EVAL: material=-31800 pst=30 total=-31770
DEBUG: evaluate returned crazy score! stand_pat=31770
DEBUG: child returned INF! depth=1 score=-30000
DEBUG EVAL: material=-31800 pst=0 total=-31800
DEBUG: evaluate returned crazy score! stand_pat=31800
DEBUG: child returned INF! depth=1 score=-30000
DEBUG EVAL: material=-31800 pst=0 total=-31800
DEBUG: evaluate returned crazy score! stand_pat=31800
DEBUG: child returned INF! depth=1 score=-30000
DEBUG EVAL: material=-31800 pst=0 total=-31800
DEBUG: evaluate returned crazy score! stand_pat=31800
DEBUG: child returned INF! depth=1 score=-30000
DEBUG EVAL: material=-31800 pst=0 total=-31800
DEBUG: evaluate returned crazy score! stand_pat=31800
DEBUG: child returned INF! depth=1 score=-30000
DEBUG EVAL: material=-31800 pst=0 total=-31800
DEBUG: evaluate returned crazy score! stand_pat=31800
DEBUG: child returned INF! depth=1 score=-30000
DEBUG EVAL: material=-31800 pst=0 total=-31800
DEBUG: evaluate returned crazy score! stand_pat=31800
DEBUG: child returned INF! depth=1 score=-30000
DEBUG: negamax returning -INF! depth=1 ply=5 legal_moves=37 alpha=-30000 beta=90
DEBUG: child returned INF! depth=3 score=-30000
DEBUG EVAL: material=-31700 pst=20 total=-31680
DEBUG: evaluate returned crazy score! stand_pat=31680
DEBUG: child returned INF! depth=1 score=-30000
DEBUG EVAL: material=-31700 pst=5 total=-31695
DEBUG: evaluate returned crazy score! stand_pat=31695
DEBUG: child returned INF! depth=1 score=-30000
DEBUG EVAL: material=-31800 pst=70 total=-31730
DEBUG: evaluate returned crazy score! stand_pat=31730
DEBUG: child returned INF! depth=1 score=-30000
DEBUG EVAL: material=-31800 pst=25 total=-31775
DEBUG: evaluate returned crazy score! stand_pat=31775
DEBUG: child returned INF! depth=1 score=-30000
DEBUG EVAL: material=-31800 pst=35 total=-31765
DEBUG: evaluate returned crazy score! stand_pat=31765
DEBUG: child returned INF! depth=1 score=-30000
DEBUG EVAL: material=-31800 pst=45 total=-31755
DEBUG: evaluate returned crazy score! stand_pat=31755
DEBUG: child returned INF! depth=1 score=-30000
DEBUG EVAL: material=-31800 pst=45 total=-31755
DEBUG: evaluate returned crazy score! stand_pat=31755
DEBUG: child returned INF! depth=1 score=-30000
DEBUG EVAL: material=-31800 pst=40 total=-31760
DEBUG: evaluate returned crazy score! stand_pat=31760
DEBUG: child returned INF! depth=1 score=-30000
DEBUG EVAL: material=-31800 pst=25 total=-31775
DEBUG: evaluate returned crazy score! stand_pat=31775
DEBUG: child returned INF! depth=1 score=-30000
DEBUG EVAL: material=-31800 pst=25 total=-31775
DEBUG: evaluate returned crazy score! stand_pat=31775
DEBUG: child returned INF! depth=1 score=-30000
DEBUG EVAL: material=-31800 pst=35 total=-31765
DEBUG: evaluate returned crazy score! stand_pat=31765
DEBUG: child returned INF! depth=1 score=-30000
DEBUG EVAL: material=-31800 pst=5 total=-31795
DEBUG: evaluate returned crazy score! stand_pat=31795
DEBUG: child returned INF! depth=1 score=-30000
DEBUG EVAL: material=-31800 pst=5 total=-31795
DEBUG: evaluate returned crazy score! stand_pat=31795
DEBUG: child returned INF! depth=1 score=-30000
DEBUG EVAL: material=-31800 pst=5 total=-31795
DEBUG: evaluate returned crazy score! stand_pat=31795
DEBUG: child returned INF! depth=1 score=-30000
DEBUG EVAL: material=-31800 pst=5 total=-31795
DEBUG: evaluate returned crazy score! stand_pat=31795
DEBUG: child returned INF! depth=1 score=-30000
DEBUG EVAL: material=-31800 pst=5 total=-31795
DEBUG: evaluate returned crazy score! stand_pat=31795
DEBUG: child returned INF! depth=1 score=-30000
DEBUG EVAL: material=-31800 pst=5 total=-31795
DEBUG: evaluate returned crazy score! stand_pat=31795
DEBUG: child returned INF! depth=1 score=-30000
DEBUG EVAL: material=-31800 pst=15 total=-31785
DEBUG: evaluate returned crazy score! stand_pat=31785
DEBUG: child returned INF! depth=1 score=-30000
DEBUG EVAL: material=-31800 pst=35 total=-31765
DEBUG: evaluate returned crazy score! stand_pat=31765
DEBUG: child returned INF! depth=1 score=-30000
DEBUG EVAL: material=-31800 pst=25 total=-31775
DEBUG: evaluate returned crazy score! stand_pat=31775
DEBUG: child returned INF! depth=1 score=-30000
DEBUG EVAL: material=-31800 pst=15 total=-31785
DEBUG: evaluate returned crazy score! stand_pat=31785
DEBUG: child returned INF! depth=1 score=-30000
DEBUG EVAL: material=-31800 pst=35 total=-31765
DEBUG: evaluate returned crazy score! stand_pat=31765
DEBUG: child returned INF! depth=1 score=-30000
DEBUG EVAL: material=-31800 pst=35 total=-31765
DEBUG: evaluate returned crazy score! stand_pat=31765
DEBUG: child returned INF! depth=1 score=-30000
DEBUG EVAL: material=-31800 pst=35 total=-31765
DEBUG: evaluate returned crazy score! stand_pat=31765
DEBUG: child returned INF! depth=1 score=-30000
DEBUG EVAL: material=-31800 pst=15 total=-31785
DEBUG: evaluate returned crazy score! stand_pat=31785
DEBUG: child returned INF! depth=1 score=-30000
DEBUG EVAL: material=-31800 pst=5 total=-31795
DEBUG: evaluate returned crazy score! stand_pat=31795
DEBUG: child returned INF! depth=1 score=-30000
DEBUG EVAL: material=-31800 pst=5 total=-31795
DEBUG: evaluate returned crazy score! stand_pat=31795
DEBUG: child returned INF! depth=1 score=-30000
DEBUG EVAL: material=-31800 pst=5 total=-31795
DEBUG: evaluate returned crazy score! stand_pat=31795
DEBUG: child returned INF! depth=1 score=-30000
DEBUG EVAL: material=-31800 pst=5 total=-31795
DEBUG: evaluate returned crazy score! stand_pat=31795
DEBUG: child returned INF! depth=1 score=-30000
DEBUG EVAL: material=-31800 pst=20 total=-31780
DEBUG: evaluate returned crazy score! stand_pat=31780
DEBUG: child returned INF! depth=1 score=-30000
DEBUG EVAL: material=-31800 pst=15 total=-31785
DEBUG: evaluate returned crazy score! stand_pat=31785
DEBUG: child returned INF! depth=1 score=-30000
DEBUG EVAL: material=-31800 pst=25 total=-31775
DEBUG: evaluate returned crazy score! stand_pat=31775
DEBUG: child returned INF! depth=1 score=-30000
DEBUG EVAL: material=-31800 pst=25 total=-31775
DEBUG: evaluate returned crazy score! stand_pat=31775
DEBUG: child returned INF! depth=1 score=-30000
DEBUG EVAL: material=-31800 pst=75 total=-31725
DEBUG: evaluate returned crazy score! stand_pat=31725
DEBUG: child returned INF! depth=1 score=-30000
DEBUG EVAL: material=-31800 pst=20 total=-31780
DEBUG: evaluate returned crazy score! stand_pat=31780
DEBUG: child returned INF! depth=1 score=-30000
DEBUG EVAL: material=-31800 pst=15 total=-31785
DEBUG: evaluate returned crazy score! stand_pat=31785
DEBUG: child returned INF! depth=1 score=-30000
DEBUG EVAL: material=-31800 pst=25 total=-31775
DEBUG: evaluate returned crazy score! stand_pat=31775
DEBUG: child returned INF! depth=1 score=-30000
DEBUG EVAL: material=-31800 pst=25 total=-31775
DEBUG: evaluate returned crazy score! stand_pat=31775
DEBUG: child returned INF! depth=1 score=-30000
DEBUG EVAL: material=-31800 pst=25 total=-31775
DEBUG: evaluate returned crazy score! stand_pat=31775
DEBUG: child returned INF! depth=1 score=-30000
DEBUG EVAL: material=-31800 pst=25 total=-31775
DEBUG: evaluate returned crazy score! stand_pat=31775
DEBUG: child returned INF! depth=1 score=-30000
DEBUG EVAL: material=-31800 pst=10 total=-31790
DEBUG: evaluate returned crazy score! stand_pat=31790
DEBUG: child returned INF! depth=1 score=-30000
DEBUG EVAL: material=-31800 pst=20 total=-31780
DEBUG: evaluate returned crazy score! stand_pat=31780
DEBUG: child returned INF! depth=1 score=-30000
DEBUG EVAL: material=-31800 pst=10 total=-31790
DEBUG: evaluate returned crazy score! stand_pat=31790
DEBUG: child returned INF! depth=1 score=-30000
DEBUG EVAL: material=-31800 pst=25 total=-31775
DEBUG: evaluate returned crazy score! stand_pat=31775
DEBUG: child returned INF! depth=1 score=-30000
DEBUG EVAL: material=-31800 pst=25 total=-31775
DEBUG: evaluate returned crazy score! stand_pat=31775
DEBUG: child returned INF! depth=1 score=-30000
DEBUG EVAL: material=-31800 pst=25 total=-31775
DEBUG: evaluate returned crazy score! stand_pat=31775
DEBUG: child returned INF! depth=1 score=-30000
DEBUG EVAL: material=-31800 pst=30 total=-31770
DEBUG: evaluate returned crazy score! stand_pat=31770
DEBUG: child returned INF! depth=1 score=-30000
DEBUG: negamax returning -INF! depth=1 ply=5 legal_moves=47 alpha=-30000 beta=90
DEBUG: child returned INF! depth=3 score=-30000
DEBUG EVAL: material=-32700 pst=80 total=-32620
DEBUG: evaluate returned crazy score! stand_pat=32620
DEBUG: child returned INF! depth=1 score=-30000
DEBUG EVAL: material=-32700 pst=85 total=-32615
DEBUG: evaluate returned crazy score! stand_pat=32615
DEBUG: child returned INF! depth=1 score=-30000
DEBUG EVAL: material=-32700 pst=45 total=-32655
DEBUG: evaluate returned crazy score! stand_pat=32655
DEBUG: child returned INF! depth=1 score=-30000
DEBUG EVAL: material=-32700 pst=55 total=-32645
DEBUG: evaluate returned crazy score! stand_pat=32645
DEBUG: child returned INF! depth=1 score=-30000
DEBUG EVAL: material=-32700 pst=55 total=-32645
DEBUG: evaluate returned crazy score! stand_pat=32645
DEBUG: child returned INF! depth=1 score=-30000
DEBUG EVAL: material=-32700 pst=50 total=-32650
DEBUG: evaluate returned crazy score! stand_pat=32650
DEBUG: child returned INF! depth=1 score=-30000
DEBUG EVAL: material=-32700 pst=35 total=-32665
DEBUG: evaluate returned crazy score! stand_pat=32665
DEBUG: child returned INF! depth=1 score=-30000
DEBUG EVAL: material=-32700 pst=45 total=-32655
DEBUG: evaluate returned crazy score! stand_pat=32655
DEBUG: child returned INF! depth=1 score=-30000
DEBUG EVAL: material=-32700 pst=85 total=-32615
DEBUG: evaluate returned crazy score! stand_pat=32615
DEBUG: child returned INF! depth=1 score=-30000
DEBUG EVAL: material=-32700 pst=45 total=-32655
DEBUG: evaluate returned crazy score! stand_pat=32655
DEBUG: child returned INF! depth=1 score=-30000
DEBUG EVAL: material=-32700 pst=15 total=-32685
DEBUG: evaluate returned crazy score! stand_pat=32685
DEBUG: child returned INF! depth=1 score=-30000
DEBUG EVAL: material=-32700 pst=15 total=-32685
DEBUG: evaluate returned crazy score! stand_pat=32685
DEBUG: child returned INF! depth=1 score=-30000
DEBUG EVAL: material=-32700 pst=15 total=-32685
DEBUG: evaluate returned crazy score! stand_pat=32685
DEBUG: child returned INF! depth=1 score=-30000
DEBUG EVAL: material=-32700 pst=15 total=-32685
DEBUG: evaluate returned crazy score! stand_pat=32685
DEBUG: child returned INF! depth=1 score=-30000
DEBUG EVAL: material=-32700 pst=15 total=-32685
DEBUG: evaluate returned crazy score! stand_pat=32685
DEBUG: child returned INF! depth=1 score=-30000
DEBUG EVAL: material=-32700 pst=15 total=-32685
DEBUG: evaluate returned crazy score! stand_pat=32685
DEBUG: child returned INF! depth=1 score=-30000
DEBUG EVAL: material=-32700 pst=25 total=-32675
DEBUG: evaluate returned crazy score! stand_pat=32675
DEBUG: child returned INF! depth=1 score=-30000
DEBUG EVAL: material=-32700 pst=45 total=-32655
DEBUG: evaluate returned crazy score! stand_pat=32655
DEBUG: child returned INF! depth=1 score=-30000
DEBUG EVAL: material=-32700 pst=35 total=-32665
DEBUG: evaluate returned crazy score! stand_pat=32665
DEBUG: child returned INF! depth=1 score=-30000
DEBUG EVAL: material=-32700 pst=25 total=-32675
DEBUG: evaluate returned crazy score! stand_pat=32675
DEBUG: child returned INF! depth=1 score=-30000
DEBUG EVAL: material=-32700 pst=45 total=-32655
DEBUG: evaluate returned crazy score! stand_pat=32655
DEBUG: child returned INF! depth=1 score=-30000
DEBUG EVAL: material=-32700 pst=45 total=-32655
DEBUG: evaluate returned crazy score! stand_pat=32655
DEBUG: child returned INF! depth=1 score=-30000
DEBUG EVAL: material=-32700 pst=40 total=-32660
DEBUG: evaluate returned crazy score! stand_pat=32660
DEBUG: child returned INF! depth=1 score=-30000
DEBUG EVAL: material=-32700 pst=25 total=-32675
DEBUG: evaluate returned crazy score! stand_pat=32675
DEBUG: child returned INF! depth=1 score=-30000
DEBUG EVAL: material=-32700 pst=15 total=-32685
DEBUG: evaluate returned crazy score! stand_pat=32685
DEBUG: child returned INF! depth=1 score=-30000
DEBUG EVAL: material=-32700 pst=15 total=-32685
DEBUG: evaluate returned crazy score! stand_pat=32685
DEBUG: child returned INF! depth=1 score=-30000
DEBUG EVAL: material=-32700 pst=15 total=-32685
DEBUG: evaluate returned crazy score! stand_pat=32685
DEBUG: child returned INF! depth=1 score=-30000
DEBUG EVAL: material=-32700 pst=15 total=-32685
DEBUG: evaluate returned crazy score! stand_pat=32685
DEBUG: child returned INF! depth=1 score=-30000
DEBUG EVAL: material=-32700 pst=15 total=-32685
DEBUG: evaluate returned crazy score! stand_pat=32685
DEBUG: child returned INF! depth=1 score=-30000
DEBUG: negamax returning -INF! depth=1 ply=5 legal_moves=29 alpha=-30000 beta=90
DEBUG: child returned INF! depth=3 score=-30000
DEBUG EVAL: material=-31700 pst=10 total=-31690
DEBUG: evaluate returned crazy score! stand_pat=31690
DEBUG: child returned INF! depth=1 score=-30000
DEBUG EVAL: material=-31700 pst=20 total=-31680
DEBUG: evaluate returned crazy score! stand_pat=31680
DEBUG: child returned INF! depth=1 score=-30000
DEBUG EVAL: material=-31800 pst=60 total=-31740
DEBUG: evaluate returned crazy score! stand_pat=31740
DEBUG: child returned INF! depth=1 score=-30000
DEBUG EVAL: material=-31800 pst=15 total=-31785
DEBUG: evaluate returned crazy score! stand_pat=31785
DEBUG: child returned INF! depth=1 score=-30000
DEBUG EVAL: material=-31800 pst=25 total=-31775
DEBUG: evaluate returned crazy score! stand_pat=31775
DEBUG: child returned INF! depth=1 score=-30000
DEBUG EVAL: material=-31800 pst=35 total=-31765
DEBUG: evaluate returned crazy score! stand_pat=31765
DEBUG: child returned INF! depth=1 score=-30000
DEBUG EVAL: material=-31800 pst=35 total=-31765
DEBUG: evaluate returned crazy score! stand_pat=31765
DEBUG: child returned INF! depth=1 score=-30000
DEBUG EVAL: material=-31800 pst=30 total=-31770
DEBUG: evaluate returned crazy score! stand_pat=31770
DEBUG: child returned INF! depth=1 score=-30000
DEBUG EVAL: material=-31800 pst=15 total=-31785
DEBUG: evaluate returned crazy score! stand_pat=31785
DEBUG: child returned INF! depth=1 score=-30000
DEBUG EVAL: material=-31800 pst=15 total=-31785
DEBUG: evaluate returned crazy score! stand_pat=31785
DEBUG: child returned INF! depth=1 score=-30000
DEBUG EVAL: material=-31800 pst=65 total=-31735
DEBUG: evaluate returned crazy score! stand_pat=31735
DEBUG: child returned INF! depth=1 score=-30000
DEBUG EVAL: material=-31800 pst=25 total=-31775
DEBUG: evaluate returned crazy score! stand_pat=31775
DEBUG: child returned INF! depth=1 score=-30000
DEBUG EVAL: material=-31800 pst=-5 total=-31805
DEBUG: evaluate returned crazy score! stand_pat=31805
DEBUG: child returned INF! depth=1 score=-30000
DEBUG EVAL: material=-31800 pst=-5 total=-31805
DEBUG: evaluate returned crazy score! stand_pat=31805
DEBUG: child returned INF! depth=1 score=-30000
DEBUG EVAL: material=-31800 pst=-5 total=-31805
DEBUG: evaluate returned crazy score! stand_pat=31805
DEBUG: child returned INF! depth=1 score=-30000
DEBUG EVAL: material=-31800 pst=-5 total=-31805
DEBUG: evaluate returned crazy score! stand_pat=31805
DEBUG: child returned INF! depth=1 score=-30000
DEBUG EVAL: material=-31800 pst=-5 total=-31805
DEBUG: evaluate returned crazy score! stand_pat=31805
DEBUG: child returned INF! depth=1 score=-30000
DEBUG EVAL: material=-31800 pst=-5 total=-31805
DEBUG: evaluate returned crazy score! stand_pat=31805
DEBUG: child returned INF! depth=1 score=-30000
DEBUG EVAL: material=-31800 pst=5 total=-31795
DEBUG: evaluate returned crazy score! stand_pat=31795
DEBUG: child returned INF! depth=1 score=-30000
DEBUG EVAL: material=-31800 pst=25 total=-31775
DEBUG: evaluate returned crazy score! stand_pat=31775
DEBUG: child returned INF! depth=1 score=-30000
DEBUG EVAL: material=-31800 pst=15 total=-31785
DEBUG: evaluate returned crazy score! stand_pat=31785
DEBUG: child returned INF! depth=1 score=-30000
DEBUG EVAL: material=-31800 pst=5 total=-31795
DEBUG: evaluate returned crazy score! stand_pat=31795
DEBUG: child returned INF! depth=1 score=-30000
DEBUG EVAL: material=-31800 pst=25 total=-31775
DEBUG: evaluate returned crazy score! stand_pat=31775
DEBUG: child returned INF! depth=1 score=-30000
DEBUG EVAL: material=-31800 pst=25 total=-31775
DEBUG: evaluate returned crazy score! stand_pat=31775
DEBUG: child returned INF! depth=1 score=-30000
DEBUG EVAL: material=-31800 pst=25 total=-31775
DEBUG: evaluate returned crazy score! stand_pat=31775
DEBUG: child returned INF! depth=1 score=-30000
DEBUG EVAL: material=-31800 pst=5 total=-31795
DEBUG: evaluate returned crazy score! stand_pat=31795
DEBUG: child returned INF! depth=1 score=-30000
DEBUG EVAL: material=-31800 pst=-5 total=-31805
DEBUG: evaluate returned crazy score! stand_pat=31805
DEBUG: child returned INF! depth=1 score=-30000
DEBUG EVAL: material=-31800 pst=-5 total=-31805
DEBUG: evaluate returned crazy score! stand_pat=31805
DEBUG: child returned INF! depth=1 score=-30000
DEBUG EVAL: material=-31800 pst=-5 total=-31805
DEBUG: evaluate returned crazy score! stand_pat=31805
DEBUG: child returned INF! depth=1 score=-30000
DEBUG EVAL: material=-31800 pst=-5 total=-31805
DEBUG: evaluate returned crazy score! stand_pat=31805
DEBUG: child returned INF! depth=1 score=-30000
DEBUG EVAL: material=-31800 pst=-5 total=-31805
DEBUG: evaluate returned crazy score! stand_pat=31805
DEBUG: child returned INF! depth=1 score=-30000
DEBUG EVAL: material=-31800 pst=-5 total=-31805
DEBUG: evaluate returned crazy score! stand_pat=31805
DEBUG: child returned INF! depth=1 score=-30000
DEBUG EVAL: material=-31800 pst=20 total=-31780
DEBUG: evaluate returned crazy score! stand_pat=31780
DEBUG: child returned INF! depth=1 score=-30000
DEBUG EVAL: material=-31800 pst=25 total=-31775
DEBUG: evaluate returned crazy score! stand_pat=31775
DEBUG: child returned INF! depth=1 score=-30000
DEBUG EVAL: material=-31800 pst=20 total=-31780
DEBUG: evaluate returned crazy score! stand_pat=31780
DEBUG: child returned INF! depth=1 score=-30000
DEBUG EVAL: material=-31800 pst=15 total=-31785
DEBUG: evaluate returned crazy score! stand_pat=31785
DEBUG: child returned INF! depth=1 score=-30000
DEBUG EVAL: material=-31800 pst=20 total=-31780
DEBUG: evaluate returned crazy score! stand_pat=31780
DEBUG: child returned INF! depth=1 score=-30000
DEBUG EVAL: material=-31800 pst=65 total=-31735
DEBUG: evaluate returned crazy score! stand_pat=31735
DEBUG: child returned INF! depth=1 score=-30000
DEBUG EVAL: material=-31800 pst=15 total=-31785
DEBUG: evaluate returned crazy score! stand_pat=31785
DEBUG: child returned INF! depth=1 score=-30000
DEBUG EVAL: material=-31800 pst=10 total=-31790
DEBUG: evaluate returned crazy score! stand_pat=31790
DEBUG: child returned INF! depth=1 score=-30000
DEBUG EVAL: material=-31800 pst=20 total=-31780
DEBUG: evaluate returned crazy score! stand_pat=31780
DEBUG: child returned INF! depth=1 score=-30000
DEBUG EVAL: material=-31800 pst=25 total=-31775
DEBUG: evaluate returned crazy score! stand_pat=31775
DEBUG: child returned INF! depth=1 score=-30000
DEBUG EVAL: material=-31800 pst=25 total=-31775
DEBUG: evaluate returned crazy score! stand_pat=31775
DEBUG: child returned INF! depth=1 score=-30000
DEBUG EVAL: material=-31800 pst=25 total=-31775
DEBUG: evaluate returned crazy score! stand_pat=31775
DEBUG: child returned INF! depth=1 score=-30000
DEBUG EVAL: material=-31800 pst=25 total=-31775
DEBUG: evaluate returned crazy score! stand_pat=31775
DEBUG: child returned INF! depth=1 score=-30000
DEBUG EVAL: material=-31800 pst=20 total=-31780
DEBUG: evaluate returned crazy score! stand_pat=31780
DEBUG: child returned INF! depth=1 score=-30000
DEBUG EVAL: material=-31800 pst=15 total=-31785
DEBUG: evaluate returned crazy score! stand_pat=31785
DEBUG: child returned INF! depth=1 score=-30000
DEBUG EVAL: material=-31800 pst=10 total=-31790
DEBUG: evaluate returned crazy score! stand_pat=31790
DEBUG: child returned INF! depth=1 score=-30000
DEBUG EVAL: material=-31800 pst=20 total=-31780
DEBUG: evaluate returned crazy score! stand_pat=31780
DEBUG: child returned INF! depth=1 score=-30000
DEBUG: negamax returning -INF! depth=1 ply=5 legal_moves=49 alpha=-30000 beta=90
DEBUG: child returned INF! depth=3 score=-30000
DEBUG EVAL: material=-31800 pst=55 total=-31745
DEBUG: evaluate returned crazy score! stand_pat=31745
DEBUG: child returned INF! depth=1 score=-30000
DEBUG EVAL: material=-31800 pst=60 total=-31740
DEBUG: evaluate returned crazy score! stand_pat=31740
DEBUG: child returned INF! depth=1 score=-30000
DEBUG EVAL: material=-31800 pst=15 total=-31785
DEBUG: evaluate returned crazy score! stand_pat=31785
DEBUG: child returned INF! depth=1 score=-30000
DEBUG EVAL: material=-31800 pst=10 total=-31790
DEBUG: evaluate returned crazy score! stand_pat=31790
DEBUG: child returned INF! depth=1 score=-30000
DEBUG EVAL: material=-31800 pst=10 total=-31790
DEBUG: evaluate returned crazy score! stand_pat=31790
DEBUG: child returned INF! depth=1 score=-30000
DEBUG EVAL: material=-31800 pst=20 total=-31780
DEBUG: evaluate returned crazy score! stand_pat=31780
DEBUG: child returned INF! depth=1 score=-30000
DEBUG EVAL: material=-31800 pst=30 total=-31770
DEBUG: evaluate returned crazy score! stand_pat=31770
DEBUG: child returned INF! depth=1 score=-30000
DEBUG EVAL: material=-31800 pst=30 total=-31770
DEBUG: evaluate returned crazy score! stand_pat=31770
DEBUG: child returned INF! depth=1 score=-30000
DEBUG EVAL: material=-31800 pst=25 total=-31775
DEBUG: evaluate returned crazy score! stand_pat=31775
DEBUG: child returned INF! depth=1 score=-30000
DEBUG EVAL: material=-31800 pst=10 total=-31790
DEBUG: evaluate returned crazy score! stand_pat=31790
DEBUG: child returned INF! depth=1 score=-30000
DEBUG EVAL: material=-31800 pst=20 total=-31780
DEBUG: evaluate returned crazy score! stand_pat=31780
DEBUG: child returned INF! depth=1 score=-30000
DEBUG EVAL: material=-31800 pst=60 total=-31740
DEBUG: evaluate returned crazy score! stand_pat=31740
DEBUG: child returned INF! depth=1 score=-30000
DEBUG EVAL: material=-31800 pst=20 total=-31780
DEBUG: evaluate returned crazy score! stand_pat=31780
DEBUG: child returned INF! depth=1 score=-30000
DEBUG EVAL: material=-31800 pst=-10 total=-31810
DEBUG: evaluate returned crazy score! stand_pat=31810
DEBUG: child returned INF! depth=1 score=-30000
DEBUG EVAL: material=-31800 pst=-10 total=-31810
DEBUG: evaluate returned crazy score! stand_pat=31810
DEBUG: child returned INF! depth=1 score=-30000
DEBUG EVAL: material=-31800 pst=-10 total=-31810
DEBUG: evaluate returned crazy score! stand_pat=31810
DEBUG: child returned INF! depth=1 score=-30000
DEBUG EVAL: material=-31800 pst=-10 total=-31810
DEBUG: evaluate returned crazy score! stand_pat=31810
DEBUG: child returned INF! depth=1 score=-30000
DEBUG EVAL: material=-31800 pst=-10 total=-31810
DEBUG: evaluate returned crazy score! stand_pat=31810
DEBUG: child returned INF! depth=1 score=-30000
DEBUG EVAL: material=-31800 pst=-10 total=-31810
DEBUG: evaluate returned crazy score! stand_pat=31810
DEBUG: child returned INF! depth=1 score=-30000
DEBUG EVAL: material=-31800 pst=20 total=-31780
DEBUG: evaluate returned crazy score! stand_pat=31780
DEBUG: child returned INF! depth=1 score=-30000
DEBUG EVAL: material=-31800 pst=10 total=-31790
DEBUG: evaluate returned crazy score! stand_pat=31790
DEBUG: child returned INF! depth=1 score=-30000
DEBUG EVAL: material=-31800 pst=0 total=-31800
DEBUG: evaluate returned crazy score! stand_pat=31800
DEBUG: child returned INF! depth=1 score=-30000
DEBUG EVAL: material=-31800 pst=20 total=-31780
DEBUG: evaluate returned crazy score! stand_pat=31780
DEBUG: child returned INF! depth=1 score=-30000
DEBUG EVAL: material=-31800 pst=20 total=-31780
DEBUG: evaluate returned crazy score! stand_pat=31780
DEBUG: child returned INF! depth=1 score=-30000
DEBUG EVAL: material=-31800 pst=15 total=-31785
DEBUG: evaluate returned crazy score! stand_pat=31785
DEBUG: child returned INF! depth=1 score=-30000
DEBUG EVAL: material=-31800 pst=0 total=-31800
DEBUG: evaluate returned crazy score! stand_pat=31800
DEBUG: child returned INF! depth=1 score=-30000
DEBUG EVAL: material=-31800 pst=-10 total=-31810
DEBUG: evaluate returned crazy score! stand_pat=31810
DEBUG: child returned INF! depth=1 score=-30000
DEBUG EVAL: material=-31800 pst=-10 total=-31810
DEBUG: evaluate returned crazy score! stand_pat=31810
DEBUG: child returned INF! depth=1 score=-30000
DEBUG EVAL: material=-31800 pst=-10 total=-31810
DEBUG: evaluate returned crazy score! stand_pat=31810
DEBUG: child returned INF! depth=1 score=-30000
DEBUG EVAL: material=-31800 pst=-10 total=-31810
DEBUG: evaluate returned crazy score! stand_pat=31810
DEBUG: child returned INF! depth=1 score=-30000
DEBUG EVAL: material=-31800 pst=-10 total=-31810
DEBUG: evaluate returned crazy score! stand_pat=31810
DEBUG: child returned INF! depth=1 score=-30000
DEBUG EVAL: material=-31800 pst=-10 total=-31810
DEBUG: evaluate returned crazy score! stand_pat=31810
DEBUG: child returned INF! depth=1 score=-30000
DEBUG: negamax returning -INF! depth=1 ply=5 legal_moves=32 alpha=-30000 beta=90
DEBUG: child returned INF! depth=3 score=-30000
DEBUG EVAL: material=-31800 pst=25 total=-31775
DEBUG: evaluate returned crazy score! stand_pat=31775
DEBUG: child returned INF! depth=1 score=-30000
DEBUG EVAL: material=-31800 pst=65 total=-31735
DEBUG: evaluate returned crazy score! stand_pat=31735
DEBUG: child returned INF! depth=1 score=-30000
DEBUG EVAL: material=-31800 pst=10 total=-31790
DEBUG: evaluate returned crazy score! stand_pat=31790
DEBUG: child returned INF! depth=1 score=-30000
DEBUG EVAL: material=-31800 pst=15 total=-31785
DEBUG: evaluate returned crazy score! stand_pat=31785
DEBUG: child returned INF! depth=1 score=-30000
DEBUG EVAL: material=-31800 pst=65 total=-31735
DEBUG: evaluate returned crazy score! stand_pat=31735
DEBUG: child returned INF! depth=1 score=-30000
DEBUG EVAL: material=-31800 pst=25 total=-31775
DEBUG: evaluate returned crazy score! stand_pat=31775
DEBUG: child returned INF! depth=1 score=-30000
DEBUG EVAL: material=-31800 pst=-5 total=-31805
DEBUG: evaluate returned crazy score! stand_pat=31805
DEBUG: child returned INF! depth=1 score=-30000
DEBUG EVAL: material=-31800 pst=-5 total=-31805
DEBUG: evaluate returned crazy score! stand_pat=31805
DEBUG: child returned INF! depth=1 score=-30000
DEBUG EVAL: material=-31800 pst=-5 total=-31805
DEBUG: evaluate returned crazy score! stand_pat=31805
DEBUG: child returned INF! depth=1 score=-30000
DEBUG EVAL: material=-31800 pst=-5 total=-31805
DEBUG: evaluate returned crazy score! stand_pat=31805
DEBUG: child returned INF! depth=1 score=-30000
DEBUG EVAL: material=-31800 pst=-5 total=-31805
DEBUG: evaluate returned crazy score! stand_pat=31805
DEBUG: child returned INF! depth=1 score=-30000
DEBUG EVAL: material=-31800 pst=-5 total=-31805
DEBUG: evaluate returned crazy score! stand_pat=31805
DEBUG: child returned INF! depth=1 score=-30000
DEBUG EVAL: material=-31800 pst=5 total=-31795
DEBUG: evaluate returned crazy score! stand_pat=31795
DEBUG: child returned INF! depth=1 score=-30000
DEBUG EVAL: material=-31800 pst=5 total=-31795
DEBUG: evaluate returned crazy score! stand_pat=31795
DEBUG: child returned INF! depth=1 score=-30000
DEBUG EVAL: material=-31800 pst=25 total=-31775
DEBUG: evaluate returned crazy score! stand_pat=31775
DEBUG: child returned INF! depth=1 score=-30000
DEBUG EVAL: material=-31800 pst=15 total=-31785
DEBUG: evaluate returned crazy score! stand_pat=31785
DEBUG: child returned INF! depth=1 score=-30000
DEBUG EVAL: material=-31800 pst=5 total=-31795
DEBUG: evaluate returned crazy score! stand_pat=31795
DEBUG: child returned INF! depth=1 score=-30000
DEBUG EVAL: material=-31800 pst=25 total=-31775
DEBUG: evaluate returned crazy score! stand_pat=31775
DEBUG: child returned INF! depth=1 score=-30000
DEBUG EVAL: material=-31800 pst=25 total=-31775
DEBUG: evaluate returned crazy score! stand_pat=31775
DEBUG: child returned INF! depth=1 score=-30000
DEBUG EVAL: material=-31800 pst=20 total=-31780
DEBUG: evaluate returned crazy score! stand_pat=31780
DEBUG: child returned INF! depth=1 score=-30000
DEBUG EVAL: material=-31800 pst=5 total=-31795
DEBUG: evaluate returned crazy score! stand_pat=31795
DEBUG: child returned INF! depth=1 score=-30000
DEBUG EVAL: material=-31800 pst=15 total=-31785
DEBUG: evaluate returned crazy score! stand_pat=31785
DEBUG: child returned INF! depth=1 score=-30000
DEBUG EVAL: material=-31800 pst=-5 total=-31805
DEBUG: evaluate returned crazy score! stand_pat=31805
DEBUG: child returned INF! depth=1 score=-30000
DEBUG EVAL: material=-31800 pst=-5 total=-31805
DEBUG: evaluate returned crazy score! stand_pat=31805
DEBUG: child returned INF! depth=1 score=-30000
DEBUG EVAL: material=-31800 pst=-5 total=-31805
DEBUG: evaluate returned crazy score! stand_pat=31805
DEBUG: child returned INF! depth=1 score=-30000
DEBUG EVAL: material=-31800 pst=-5 total=-31805
DEBUG: evaluate returned crazy score! stand_pat=31805
DEBUG: child returned INF! depth=1 score=-30000
DEBUG EVAL: material=-31800 pst=-5 total=-31805
DEBUG: evaluate returned crazy score! stand_pat=31805
DEBUG: child returned INF! depth=1 score=-30000
DEBUG EVAL: material=-31800 pst=-5 total=-31805
DEBUG: evaluate returned crazy score! stand_pat=31805
DEBUG: child returned INF! depth=1 score=-30000
DEBUG EVAL: material=-31800 pst=-5 total=-31805
DEBUG: evaluate returned crazy score! stand_pat=31805
DEBUG: child returned INF! depth=1 score=-30000
DEBUG EVAL: material=-31800 pst=-5 total=-31805
DEBUG: evaluate returned crazy score! stand_pat=31805
DEBUG: child returned INF! depth=1 score=-30000
DEBUG EVAL: material=-31800 pst=-5 total=-31805
DEBUG: evaluate returned crazy score! stand_pat=31805
DEBUG: child returned INF! depth=1 score=-30000
DEBUG: negamax returning -INF! depth=1 ply=5 legal_moves=31 alpha=-30000 beta=90
DEBUG: child returned INF! depth=3 score=-30000
DEBUG EVAL: material=-31800 pst=35 total=-31765
DEBUG: evaluate returned crazy score! stand_pat=31765
DEBUG: child returned INF! depth=1 score=-30000
DEBUG EVAL: material=-31800 pst=75 total=-31725
DEBUG: evaluate returned crazy score! stand_pat=31725
DEBUG: child returned INF! depth=1 score=-30000
DEBUG EVAL: material=-31800 pst=20 total=-31780
DEBUG: evaluate returned crazy score! stand_pat=31780
DEBUG: child returned INF! depth=1 score=-30000
DEBUG EVAL: material=-31800 pst=35 total=-31765
DEBUG: evaluate returned crazy score! stand_pat=31765
DEBUG: child returned INF! depth=1 score=-30000
DEBUG EVAL: material=-31800 pst=75 total=-31725
DEBUG: evaluate returned crazy score! stand_pat=31725
DEBUG: child returned INF! depth=1 score=-30000
DEBUG EVAL: material=-31800 pst=35 total=-31765
DEBUG: evaluate returned crazy score! stand_pat=31765
DEBUG: child returned INF! depth=1 score=-30000
DEBUG EVAL: material=-31800 pst=5 total=-31795
DEBUG: evaluate returned crazy score! stand_pat=31795
DEBUG: child returned INF! depth=1 score=-30000
DEBUG EVAL: material=-31800 pst=5 total=-31795
DEBUG: evaluate returned crazy score! stand_pat=31795
DEBUG: child returned INF! depth=1 score=-30000
DEBUG EVAL: material=-31800 pst=5 total=-31795
DEBUG: evaluate returned crazy score! stand_pat=31795
DEBUG: child returned INF! depth=1 score=-30000
DEBUG EVAL: material=-31800 pst=5 total=-31795
DEBUG: evaluate returned crazy score! stand_pat=31795
DEBUG: child returned INF! depth=1 score=-30000
DEBUG EVAL: material=-31800 pst=5 total=-31795
DEBUG: evaluate returned crazy score! stand_pat=31795
DEBUG: child returned INF! depth=1 score=-30000
DEBUG EVAL: material=-31800 pst=5 total=-31795
DEBUG: evaluate returned crazy score! stand_pat=31795
DEBUG: child returned INF! depth=1 score=-30000
DEBUG EVAL: material=-31800 pst=15 total=-31785
DEBUG: evaluate returned crazy score! stand_pat=31785
DEBUG: child returned INF! depth=1 score=-30000
DEBUG EVAL: material=-31800 pst=35 total=-31765
DEBUG: evaluate returned crazy score! stand_pat=31765
DEBUG: child returned INF! depth=1 score=-30000
DEBUG EVAL: material=-31800 pst=25 total=-31775
DEBUG: evaluate returned crazy score! stand_pat=31775
DEBUG: child returned INF! depth=1 score=-30000
DEBUG EVAL: material=-31800 pst=15 total=-31785
DEBUG: evaluate returned crazy score! stand_pat=31785
DEBUG: child returned INF! depth=1 score=-30000
DEBUG EVAL: material=-31800 pst=35 total=-31765
DEBUG: evaluate returned crazy score! stand_pat=31765
DEBUG: child returned INF! depth=1 score=-30000
DEBUG EVAL: material=-31800 pst=35 total=-31765
DEBUG: evaluate returned crazy score! stand_pat=31765
DEBUG: child returned INF! depth=1 score=-30000
DEBUG EVAL: material=-31800 pst=30 total=-31770
DEBUG: evaluate returned crazy score! stand_pat=31770
DEBUG: child returned INF! depth=1 score=-30000
DEBUG EVAL: material=-31800 pst=15 total=-31785
DEBUG: evaluate returned crazy score! stand_pat=31785
DEBUG: child returned INF! depth=1 score=-30000
DEBUG EVAL: material=-31800 pst=15 total=-31785
DEBUG: evaluate returned crazy score! stand_pat=31785
DEBUG: child returned INF! depth=1 score=-30000
DEBUG EVAL: material=-31800 pst=35 total=-31765
DEBUG: evaluate returned crazy score! stand_pat=31765
DEBUG: child returned INF! depth=1 score=-30000
DEBUG EVAL: material=-31800 pst=35 total=-31765
DEBUG: evaluate returned crazy score! stand_pat=31765
DEBUG: child returned INF! depth=1 score=-30000
DEBUG EVAL: material=-31800 pst=30 total=-31770
DEBUG: evaluate returned crazy score! stand_pat=31770
DEBUG: child returned INF! depth=1 score=-30000
DEBUG EVAL: material=-31800 pst=15 total=-31785
DEBUG: evaluate returned crazy score! stand_pat=31785
DEBUG: child returned INF! depth=1 score=-30000
DEBUG EVAL: material=-31800 pst=35 total=-31765
DEBUG: evaluate returned crazy score! stand_pat=31765
DEBUG: child returned INF! depth=1 score=-30000
DEBUG EVAL: material=-31800 pst=25 total=-31775
DEBUG: evaluate returned crazy score! stand_pat=31775
DEBUG: child returned INF! depth=1 score=-30000
DEBUG EVAL: material=-31800 pst=15 total=-31785
DEBUG: evaluate returned crazy score! stand_pat=31785
DEBUG: child returned INF! depth=1 score=-30000
DEBUG EVAL: material=-31800 pst=5 total=-31795
DEBUG: evaluate returned crazy score! stand_pat=31795
DEBUG: child returned INF! depth=1 score=-30000
DEBUG EVAL: material=-31800 pst=5 total=-31795
DEBUG: evaluate returned crazy score! stand_pat=31795
DEBUG: child returned INF! depth=1 score=-30000
DEBUG EVAL: material=-31800 pst=5 total=-31795
DEBUG: evaluate returned crazy score! stand_pat=31795
DEBUG: child returned INF! depth=1 score=-30000
DEBUG EVAL: material=-31800 pst=5 total=-31795
DEBUG: evaluate returned crazy score! stand_pat=31795
DEBUG: child returned INF! depth=1 score=-30000
DEBUG EVAL: material=-31800 pst=5 total=-31795
DEBUG: evaluate returned crazy score! stand_pat=31795
DEBUG: child returned INF! depth=1 score=-30000
DEBUG EVAL: material=-31800 pst=5 total=-31795
DEBUG: evaluate returned crazy score! stand_pat=31795
DEBUG: child returned INF! depth=1 score=-30000
DEBUG: negamax returning -INF! depth=1 ply=5 legal_moves=34 alpha=-30000 beta=90
DEBUG: child returned INF! depth=3 score=-30000
DEBUG EVAL: material=-31700 pst=15 total=-31685
DEBUG: evaluate returned crazy score! stand_pat=31685
DEBUG: child returned INF! depth=1 score=-30000
DEBUG EVAL: material=-31800 pst=45 total=-31755
DEBUG: evaluate returned crazy score! stand_pat=31755
DEBUG: child returned INF! depth=1 score=-30000
DEBUG EVAL: material=-31800 pst=80 total=-31720
DEBUG: evaluate returned crazy score! stand_pat=31720
DEBUG: child returned INF! depth=1 score=-30000
DEBUG EVAL: material=-31800 pst=40 total=-31760
DEBUG: evaluate returned crazy score! stand_pat=31760
DEBUG: child returned INF! depth=1 score=-30000
DEBUG EVAL: material=-31800 pst=40 total=-31760
DEBUG: evaluate returned crazy score! stand_pat=31760
DEBUG: child returned INF! depth=1 score=-30000
DEBUG EVAL: material=-31800 pst=35 total=-31765
DEBUG: evaluate returned crazy score! stand_pat=31765
DEBUG: child returned INF! depth=1 score=-30000
DEBUG EVAL: material=-31800 pst=30 total=-31770
DEBUG: evaluate returned crazy score! stand_pat=31770
DEBUG: child returned INF! depth=1 score=-30000
DEBUG EVAL: material=-31800 pst=45 total=-31755
DEBUG: evaluate returned crazy score! stand_pat=31755
DEBUG: child returned INF! depth=1 score=-30000
DEBUG EVAL: material=-31800 pst=35 total=-31765
DEBUG: evaluate returned crazy score! stand_pat=31765
DEBUG: child returned INF! depth=1 score=-30000
DEBUG EVAL: material=-31800 pst=85 total=-31715
DEBUG: evaluate returned crazy score! stand_pat=31715
DEBUG: child returned INF! depth=1 score=-30000
DEBUG EVAL: material=-31800 pst=85 total=-31715
DEBUG: evaluate returned crazy score! stand_pat=31715
DEBUG: child returned INF! depth=1 score=-30000
DEBUG EVAL: material=-31800 pst=45 total=-31755
DEBUG: evaluate returned crazy score! stand_pat=31755
DEBUG: child returned INF! depth=1 score=-30000
DEBUG EVAL: material=-31800 pst=15 total=-31785
DEBUG: evaluate returned crazy score! stand_pat=31785
DEBUG: child returned INF! depth=1 score=-30000
DEBUG EVAL: material=-31800 pst=15 total=-31785
DEBUG: evaluate returned crazy score! stand_pat=31785
DEBUG: child returned INF! depth=1 score=-30000
DEBUG EVAL: material=-31800 pst=15 total=-31785
DEBUG: evaluate returned crazy score! stand_pat=31785
DEBUG: child returned INF! depth=1 score=-30000
DEBUG EVAL: material=-31800 pst=15 total=-31785
DEBUG: evaluate returned crazy score! stand_pat=31785
DEBUG: child returned INF! depth=1 score=-30000
DEBUG EVAL: material=-31800 pst=15 total=-31785
DEBUG: evaluate returned crazy score! stand_pat=31785
DEBUG: child returned INF! depth=1 score=-30000
DEBUG EVAL: material=-31800 pst=15 total=-31785
DEBUG: evaluate returned crazy score! stand_pat=31785
DEBUG: child returned INF! depth=1 score=-30000
DEBUG EVAL: material=-31800 pst=25 total=-31775
DEBUG: evaluate returned crazy score! stand_pat=31775
DEBUG: child returned INF! depth=1 score=-30000
DEBUG EVAL: material=-31800 pst=45 total=-31755
DEBUG: evaluate returned crazy score! stand_pat=31755
DEBUG: child returned INF! depth=1 score=-30000
DEBUG EVAL: material=-31800 pst=45 total=-31755
DEBUG: evaluate returned crazy score! stand_pat=31755
DEBUG: child returned INF! depth=1 score=-30000
DEBUG EVAL: material=-31800 pst=25 total=-31775
DEBUG: evaluate returned crazy score! stand_pat=31775
DEBUG: child returned INF! depth=1 score=-30000
DEBUG EVAL: material=-31800 pst=45 total=-31755
DEBUG: evaluate returned crazy score! stand_pat=31755
DEBUG: child returned INF! depth=1 score=-30000
DEBUG EVAL: material=-31800 pst=45 total=-31755
DEBUG: evaluate returned crazy score! stand_pat=31755
DEBUG: child returned INF! depth=1 score=-30000
DEBUG EVAL: material=-31800 pst=40 total=-31760
DEBUG: evaluate returned crazy score! stand_pat=31760
DEBUG: child returned INF! depth=1 score=-30000
DEBUG EVAL: material=-31800 pst=25 total=-31775
DEBUG: evaluate returned crazy score! stand_pat=31775
DEBUG: child returned INF! depth=1 score=-30000
DEBUG EVAL: material=-31800 pst=15 total=-31785
DEBUG: evaluate returned crazy score! stand_pat=31785
DEBUG: child returned INF! depth=1 score=-30000
DEBUG EVAL: material=-31800 pst=15 total=-31785
DEBUG: evaluate returned crazy score! stand_pat=31785
DEBUG: child returned INF! depth=1 score=-30000
DEBUG EVAL: material=-31800 pst=15 total=-31785
DEBUG: evaluate returned crazy score! stand_pat=31785
DEBUG: child returned INF! depth=1 score=-30000
DEBUG EVAL: material=-31800 pst=15 total=-31785
DEBUG: evaluate returned crazy score! stand_pat=31785
DEBUG: child returned INF! depth=1 score=-30000
DEBUG EVAL: material=-31800 pst=15 total=-31785
DEBUG: evaluate returned crazy score! stand_pat=31785
DEBUG: child returned INF! depth=1 score=-30000
DEBUG EVAL: material=-31800 pst=15 total=-31785
DEBUG: evaluate returned crazy score! stand_pat=31785
DEBUG: child returned INF! depth=1 score=-30000
DEBUG EVAL: material=-31800 pst=25 total=-31775
DEBUG: evaluate returned crazy score! stand_pat=31775
DEBUG: child returned INF! depth=1 score=-30000
DEBUG EVAL: material=-31800 pst=15 total=-31785
DEBUG: evaluate returned crazy score! stand_pat=31785
DEBUG: child returned INF! depth=1 score=-30000
DEBUG EVAL: material=-31800 pst=35 total=-31765
DEBUG: evaluate returned crazy score! stand_pat=31765
DEBUG: child returned INF! depth=1 score=-30000
DEBUG EVAL: material=-31800 pst=30 total=-31770
DEBUG: evaluate returned crazy score! stand_pat=31770
DEBUG: child returned INF! depth=1 score=-30000
DEBUG EVAL: material=-31800 pst=15 total=-31785
DEBUG: evaluate returned crazy score! stand_pat=31785
DEBUG: child returned INF! depth=1 score=-30000
DEBUG EVAL: material=-31800 pst=35 total=-31765
DEBUG: evaluate returned crazy score! stand_pat=31765
DEBUG: child returned INF! depth=1 score=-30000
DEBUG EVAL: material=-31800 pst=30 total=-31770
DEBUG: evaluate returned crazy score! stand_pat=31770
DEBUG: child returned INF! depth=1 score=-30000
DEBUG EVAL: material=-31800 pst=25 total=-31775
DEBUG: evaluate returned crazy score! stand_pat=31775
DEBUG: child returned INF! depth=1 score=-30000
DEBUG EVAL: material=-31800 pst=35 total=-31765
DEBUG: evaluate returned crazy score! stand_pat=31765
DEBUG: child returned INF! depth=1 score=-30000
DEBUG: negamax returning -INF! depth=1 ply=5 legal_moves=41 alpha=-30000 beta=90
DEBUG: child returned INF! depth=3 score=-30000
DEBUG EVAL: material=-31700 pst=45 total=-31655
DEBUG: evaluate returned crazy score! stand_pat=31655
DEBUG: child returned INF! depth=1 score=-30000
DEBUG EVAL: material=-31800 pst=45 total=-31755
DEBUG: evaluate returned crazy score! stand_pat=31755
DEBUG: child returned INF! depth=1 score=-30000
DEBUG EVAL: material=-31800 pst=80 total=-31720
DEBUG: evaluate returned crazy score! stand_pat=31720
DEBUG: child returned INF! depth=1 score=-30000
DEBUG EVAL: material=-31800 pst=40 total=-31760
DEBUG: evaluate returned crazy score! stand_pat=31760
DEBUG: child returned INF! depth=1 score=-30000
DEBUG EVAL: material=-31800 pst=40 total=-31760
DEBUG: evaluate returned crazy score! stand_pat=31760
DEBUG: child returned INF! depth=1 score=-30000
DEBUG EVAL: material=-31800 pst=35 total=-31765
DEBUG: evaluate returned crazy score! stand_pat=31765
DEBUG: child returned INF! depth=1 score=-30000
DEBUG EVAL: material=-31800 pst=30 total=-31770
DEBUG: evaluate returned crazy score! stand_pat=31770
DEBUG: child returned INF! depth=1 score=-30000
DEBUG EVAL: material=-31800 pst=45 total=-31755
DEBUG: evaluate returned crazy score! stand_pat=31755
DEBUG: child returned INF! depth=1 score=-30000
DEBUG EVAL: material=-31800 pst=35 total=-31765
DEBUG: evaluate returned crazy score! stand_pat=31765
DEBUG: child returned INF! depth=1 score=-30000
DEBUG EVAL: material=-31800 pst=85 total=-31715
DEBUG: evaluate returned crazy score! stand_pat=31715
DEBUG: child returned INF! depth=1 score=-30000
DEBUG EVAL: material=-31800 pst=85 total=-31715
DEBUG: evaluate returned crazy score! stand_pat=31715
DEBUG: child returned INF! depth=1 score=-30000
DEBUG EVAL: material=-31800 pst=45 total=-31755
DEBUG: evaluate returned crazy score! stand_pat=31755
DEBUG: child returned INF! depth=1 score=-30000
DEBUG EVAL: material=-31800 pst=15 total=-31785
DEBUG: evaluate returned crazy score! stand_pat=31785
DEBUG: child returned INF! depth=1 score=-30000
DEBUG EVAL: material=-31800 pst=15 total=-31785
DEBUG: evaluate returned crazy score! stand_pat=31785
DEBUG: child returned INF! depth=1 score=-30000
DEBUG EVAL: material=-31800 pst=15 total=-31785
DEBUG: evaluate returned crazy score! stand_pat=31785
DEBUG: child returned INF! depth=1 score=-30000
DEBUG EVAL: material=-31800 pst=15 total=-31785
DEBUG: evaluate returned crazy score! stand_pat=31785
DEBUG: child returned INF! depth=1 score=-30000
DEBUG EVAL: material=-31800 pst=15 total=-31785
DEBUG: evaluate returned crazy score! stand_pat=31785
DEBUG: child returned INF! depth=1 score=-30000
DEBUG EVAL: material=-31800 pst=25 total=-31775
DEBUG: evaluate returned crazy score! stand_pat=31775
DEBUG: child returned INF! depth=1 score=-30000
DEBUG EVAL: material=-31800 pst=45 total=-31755
DEBUG: evaluate returned crazy score! stand_pat=31755
DEBUG: child returned INF! depth=1 score=-30000
DEBUG EVAL: material=-31800 pst=45 total=-31755
DEBUG: evaluate returned crazy score! stand_pat=31755
DEBUG: child returned INF! depth=1 score=-30000
DEBUG EVAL: material=-31800 pst=25 total=-31775
DEBUG: evaluate returned crazy score! stand_pat=31775
DEBUG: child returned INF! depth=1 score=-30000
DEBUG EVAL: material=-31800 pst=45 total=-31755
DEBUG: evaluate returned crazy score! stand_pat=31755
DEBUG: child returned INF! depth=1 score=-30000
DEBUG EVAL: material=-31800 pst=45 total=-31755
DEBUG: evaluate returned crazy score! stand_pat=31755
DEBUG: child returned INF! depth=1 score=-30000
DEBUG EVAL: material=-31800 pst=40 total=-31760
DEBUG: evaluate returned crazy score! stand_pat=31760
DEBUG: child returned INF! depth=1 score=-30000
DEBUG EVAL: material=-31800 pst=25 total=-31775
DEBUG: evaluate returned crazy score! stand_pat=31775
DEBUG: child returned INF! depth=1 score=-30000
DEBUG EVAL: material=-31800 pst=15 total=-31785
DEBUG: evaluate returned crazy score! stand_pat=31785
DEBUG: child returned INF! depth=1 score=-30000
DEBUG EVAL: material=-31800 pst=15 total=-31785
DEBUG: evaluate returned crazy score! stand_pat=31785
DEBUG: child returned INF! depth=1 score=-30000
DEBUG EVAL: material=-31800 pst=15 total=-31785
DEBUG: evaluate returned crazy score! stand_pat=31785
DEBUG: child returned INF! depth=1 score=-30000
DEBUG EVAL: material=-31800 pst=15 total=-31785
DEBUG: evaluate returned crazy score! stand_pat=31785
DEBUG: child returned INF! depth=1 score=-30000
DEBUG EVAL: material=-31800 pst=15 total=-31785
DEBUG: evaluate returned crazy score! stand_pat=31785
DEBUG: child returned INF! depth=1 score=-30000
DEBUG EVAL: material=-31800 pst=15 total=-31785
DEBUG: evaluate returned crazy score! stand_pat=31785
DEBUG: child returned INF! depth=1 score=-30000
DEBUG EVAL: material=-31800 pst=35 total=-31765
DEBUG: evaluate returned crazy score! stand_pat=31765
DEBUG: child returned INF! depth=1 score=-30000
DEBUG EVAL: material=-31800 pst=35 total=-31765
DEBUG: evaluate returned crazy score! stand_pat=31765
DEBUG: child returned INF! depth=1 score=-30000
DEBUG EVAL: material=-31800 pst=25 total=-31775
DEBUG: evaluate returned crazy score! stand_pat=31775
DEBUG: child returned INF! depth=1 score=-30000
DEBUG EVAL: material=-31800 pst=15 total=-31785
DEBUG: evaluate returned crazy score! stand_pat=31785
DEBUG: child returned INF! depth=1 score=-30000
DEBUG EVAL: material=-31800 pst=30 total=-31770
DEBUG: evaluate returned crazy score! stand_pat=31770
DEBUG: child returned INF! depth=1 score=-30000
DEBUG EVAL: material=-31800 pst=15 total=-31785
DEBUG: evaluate returned crazy score! stand_pat=31785
DEBUG: child returned INF! depth=1 score=-30000
DEBUG EVAL: material=-31800 pst=35 total=-31765
DEBUG: evaluate returned crazy score! stand_pat=31765
DEBUG: child returned INF! depth=1 score=-30000
DEBUG EVAL: material=-31800 pst=35 total=-31765
DEBUG: evaluate returned crazy score! stand_pat=31765
DEBUG: child returned INF! depth=1 score=-30000
DEBUG: negamax returning -INF! depth=1 ply=5 legal_moves=39 alpha=-30000 beta=90
DEBUG: child returned INF! depth=3 score=-30000
DEBUG EVAL: material=-32130 pst=65 total=-32065
DEBUG: evaluate returned crazy score! stand_pat=32065
DEBUG: child returned INF! depth=1 score=-30000
DEBUG EVAL: material=-32130 pst=100 total=-32030
DEBUG: evaluate returned crazy score! stand_pat=32030
DEBUG: child returned INF! depth=1 score=-30000
DEBUG EVAL: material=-32130 pst=60 total=-32070
DEBUG: evaluate returned crazy score! stand_pat=32070
DEBUG: child returned INF! depth=1 score=-30000
DEBUG EVAL: material=-32130 pst=105 total=-32025
DEBUG: evaluate returned crazy score! stand_pat=32025
DEBUG: child returned INF! depth=1 score=-30000
DEBUG EVAL: material=-32130 pst=60 total=-32070
DEBUG: evaluate returned crazy score! stand_pat=32070
DEBUG: child returned INF! depth=1 score=-30000
DEBUG EVAL: material=-32130 pst=55 total=-32075
DEBUG: evaluate returned crazy score! stand_pat=32075
DEBUG: child returned INF! depth=1 score=-30000
DEBUG EVAL: material=-32130 pst=50 total=-32080
DEBUG: evaluate returned crazy score! stand_pat=32080
DEBUG: child returned INF! depth=1 score=-30000
DEBUG EVAL: material=-32130 pst=65 total=-32065
DEBUG: evaluate returned crazy score! stand_pat=32065
DEBUG: child returned INF! depth=1 score=-30000
DEBUG EVAL: material=-32130 pst=55 total=-32075
DEBUG: evaluate returned crazy score! stand_pat=32075
DEBUG: child returned INF! depth=1 score=-30000
DEBUG EVAL: material=-32130 pst=65 total=-32065
DEBUG: evaluate returned crazy score! stand_pat=32065
DEBUG: child returned INF! depth=1 score=-30000
DEBUG EVAL: material=-32130 pst=105 total=-32025
DEBUG: evaluate returned crazy score! stand_pat=32025
DEBUG: child returned INF! depth=1 score=-30000
DEBUG EVAL: material=-32130 pst=65 total=-32065
DEBUG: evaluate returned crazy score! stand_pat=32065
DEBUG: child returned INF! depth=1 score=-30000
DEBUG EVAL: material=-32130 pst=35 total=-32095
DEBUG: evaluate returned crazy score! stand_pat=32095
DEBUG: child returned INF! depth=1 score=-30000
DEBUG EVAL: material=-32130 pst=35 total=-32095
DEBUG: evaluate returned crazy score! stand_pat=32095
DEBUG: child returned INF! depth=1 score=-30000
DEBUG EVAL: material=-32130 pst=35 total=-32095
DEBUG: evaluate returned crazy score! stand_pat=32095
DEBUG: child returned INF! depth=1 score=-30000
DEBUG EVAL: material=-32130 pst=35 total=-32095
DEBUG: evaluate returned crazy score! stand_pat=32095
DEBUG: child returned INF! depth=1 score=-30000
DEBUG EVAL: material=-32130 pst=35 total=-32095
DEBUG: evaluate returned crazy score! stand_pat=32095
DEBUG: child returned INF! depth=1 score=-30000
DEBUG EVAL: material=-32130 pst=35 total=-32095
DEBUG: evaluate returned crazy score! stand_pat=32095
DEBUG: child returned INF! depth=1 score=-30000
DEBUG EVAL: material=-32130 pst=45 total=-32085
DEBUG: evaluate returned crazy score! stand_pat=32085
DEBUG: child returned INF! depth=1 score=-30000
DEBUG EVAL: material=-32130 pst=65 total=-32065
DEBUG: evaluate returned crazy score! stand_pat=32065
DEBUG: child returned INF! depth=1 score=-30000
DEBUG EVAL: material=-32130 pst=55 total=-32075
DEBUG: evaluate returned crazy score! stand_pat=32075
DEBUG: child returned INF! depth=1 score=-30000
DEBUG EVAL: material=-32130 pst=45 total=-32085
DEBUG: evaluate returned crazy score! stand_pat=32085
DEBUG: child returned INF! depth=1 score=-30000
DEBUG EVAL: material=-32130 pst=65 total=-32065
DEBUG: evaluate returned crazy score! stand_pat=32065
DEBUG: child returned INF! depth=1 score=-30000
DEBUG EVAL: material=-32130 pst=65 total=-32065
DEBUG: evaluate returned crazy score! stand_pat=32065
DEBUG: child returned INF! depth=1 score=-30000
DEBUG EVAL: material=-32130 pst=60 total=-32070
DEBUG: evaluate returned crazy score! stand_pat=32070
DEBUG: child returned INF! depth=1 score=-30000
DEBUG EVAL: material=-32130 pst=45 total=-32085
DEBUG: evaluate returned crazy score! stand_pat=32085
DEBUG: child returned INF! depth=1 score=-30000
DEBUG EVAL: material=-32130 pst=35 total=-32095
DEBUG: evaluate returned crazy score! stand_pat=32095
DEBUG: child returned INF! depth=1 score=-30000
DEBUG EVAL: material=-32130 pst=35 total=-32095
DEBUG: evaluate returned crazy score! stand_pat=32095
DEBUG: child returned INF! depth=1 score=-30000
DEBUG EVAL: material=-32130 pst=35 total=-32095
DEBUG: evaluate returned crazy score! stand_pat=32095
DEBUG: child returned INF! depth=1 score=-30000
DEBUG EVAL: material=-32130 pst=35 total=-32095
DEBUG: evaluate returned crazy score! stand_pat=32095
DEBUG: child returned INF! depth=1 score=-30000
DEBUG EVAL: material=-32130 pst=35 total=-32095
DEBUG: evaluate returned crazy score! stand_pat=32095
DEBUG: child returned INF! depth=1 score=-30000
DEBUG EVAL: material=-32130 pst=35 total=-32095
DEBUG: evaluate returned crazy score! stand_pat=32095
DEBUG: child returned INF! depth=1 score=-30000
DEBUG: negamax returning -INF! depth=1 ply=5 legal_moves=32 alpha=-30000 beta=90
DEBUG: child returned INF! depth=3 score=-30000
DEBUG EVAL: material=-32130 pst=55 total=-32075
DEBUG: evaluate returned crazy score! stand_pat=32075
DEBUG: child returned INF! depth=1 score=-30000
DEBUG EVAL: material=-32130 pst=90 total=-32040
DEBUG: evaluate returned crazy score! stand_pat=32040
DEBUG: child returned INF! depth=1 score=-30000
DEBUG EVAL: material=-32130 pst=50 total=-32080
DEBUG: evaluate returned crazy score! stand_pat=32080
DEBUG: child returned INF! depth=1 score=-30000
DEBUG EVAL: material=-32130 pst=95 total=-32035
DEBUG: evaluate returned crazy score! stand_pat=32035
DEBUG: child returned INF! depth=1 score=-30000
DEBUG EVAL: material=-32130 pst=50 total=-32080
DEBUG: evaluate returned crazy score! stand_pat=32080
DEBUG: child returned INF! depth=1 score=-30000
DEBUG EVAL: material=-32130 pst=45 total=-32085
DEBUG: evaluate returned crazy score! stand_pat=32085
DEBUG: child returned INF! depth=1 score=-30000
DEBUG EVAL: material=-32130 pst=40 total=-32090
DEBUG: evaluate returned crazy score! stand_pat=32090
DEBUG: child returned INF! depth=1 score=-30000
DEBUG EVAL: material=-32130 pst=55 total=-32075
DEBUG: evaluate returned crazy score! stand_pat=32075
DEBUG: child returned INF! depth=1 score=-30000
DEBUG EVAL: material=-32130 pst=45 total=-32085
DEBUG: evaluate returned crazy score! stand_pat=32085
DEBUG: child returned INF! depth=1 score=-30000
DEBUG EVAL: material=-32130 pst=55 total=-32075
DEBUG: evaluate returned crazy score! stand_pat=32075
DEBUG: child returned INF! depth=1 score=-30000
DEBUG EVAL: material=-32130 pst=95 total=-32035
DEBUG: evaluate returned crazy score! stand_pat=32035
DEBUG: child returned INF! depth=1 score=-30000
DEBUG EVAL: material=-32130 pst=55 total=-32075
DEBUG: evaluate returned crazy score! stand_pat=32075
DEBUG: child returned INF! depth=1 score=-30000
DEBUG EVAL: material=-32130 pst=25 total=-32105
DEBUG: evaluate returned crazy score! stand_pat=32105
DEBUG: child returned INF! depth=1 score=-30000
DEBUG EVAL: material=-32130 pst=25 total=-32105
DEBUG: evaluate returned crazy score! stand_pat=32105
DEBUG: child returned INF! depth=1 score=-30000
DEBUG EVAL: material=-32130 pst=25 total=-32105
DEBUG: evaluate returned crazy score! stand_pat=32105
DEBUG: child returned INF! depth=1 score=-30000
DEBUG EVAL: material=-32130 pst=25 total=-32105
DEBUG: evaluate returned crazy score! stand_pat=32105
DEBUG: child returned INF! depth=1 score=-30000
DEBUG EVAL: material=-32130 pst=25 total=-32105
DEBUG: evaluate returned crazy score! stand_pat=32105
DEBUG: child returned INF! depth=1 score=-30000
DEBUG EVAL: material=-32130 pst=25 total=-32105
DEBUG: evaluate returned crazy score! stand_pat=32105
DEBUG: child returned INF! depth=1 score=-30000
DEBUG EVAL: material=-32130 pst=35 total=-32095
DEBUG: evaluate returned crazy score! stand_pat=32095
DEBUG: child returned INF! depth=1 score=-30000
DEBUG EVAL: material=-32130 pst=55 total=-32075
DEBUG: evaluate returned crazy score! stand_pat=32075
DEBUG: child returned INF! depth=1 score=-30000
DEBUG EVAL: material=-32130 pst=45 total=-32085
DEBUG: evaluate returned crazy score! stand_pat=32085
DEBUG: child returned INF! depth=1 score=-30000
DEBUG EVAL: material=-32130 pst=35 total=-32095
DEBUG: evaluate returned crazy score! stand_pat=32095
DEBUG: child returned INF! depth=1 score=-30000
DEBUG EVAL: material=-32130 pst=55 total=-32075
DEBUG: evaluate returned crazy score! stand_pat=32075
DEBUG: child returned INF! depth=1 score=-30000
DEBUG EVAL: material=-32130 pst=55 total=-32075
DEBUG: evaluate returned crazy score! stand_pat=32075
DEBUG: child returned INF! depth=1 score=-30000
DEBUG EVAL: material=-32130 pst=50 total=-32080
DEBUG: evaluate returned crazy score! stand_pat=32080
DEBUG: child returned INF! depth=1 score=-30000
DEBUG EVAL: material=-32130 pst=35 total=-32095
DEBUG: evaluate returned crazy score! stand_pat=32095
DEBUG: child returned INF! depth=1 score=-30000
DEBUG EVAL: material=-32130 pst=25 total=-32105
DEBUG: evaluate returned crazy score! stand_pat=32105
DEBUG: child returned INF! depth=1 score=-30000
DEBUG EVAL: material=-32130 pst=25 total=-32105
DEBUG: evaluate returned crazy score! stand_pat=32105
DEBUG: child returned INF! depth=1 score=-30000
DEBUG EVAL: material=-32130 pst=25 total=-32105
DEBUG: evaluate returned crazy score! stand_pat=32105
DEBUG: child returned INF! depth=1 score=-30000
DEBUG EVAL: material=-32130 pst=25 total=-32105
DEBUG: evaluate returned crazy score! stand_pat=32105
DEBUG: child returned INF! depth=1 score=-30000
DEBUG EVAL: material=-32130 pst=25 total=-32105
DEBUG: evaluate returned crazy score! stand_pat=32105
DEBUG: child returned INF! depth=1 score=-30000
DEBUG EVAL: material=-32130 pst=25 total=-32105
DEBUG: evaluate returned crazy score! stand_pat=32105
DEBUG: child returned INF! depth=1 score=-30000
DEBUG: negamax returning -INF! depth=1 ply=5 legal_moves=32 alpha=-30000 beta=90
DEBUG: child returned INF! depth=3 score=-30000
DEBUG EVAL: material=-31800 pst=70 total=-31730
DEBUG: evaluate returned crazy score! stand_pat=31730
DEBUG: child returned INF! depth=1 score=-30000
DEBUG EVAL: material=-31800 pst=110 total=-31690
DEBUG: evaluate returned crazy score! stand_pat=31690
DEBUG: child returned INF! depth=1 score=-30000
DEBUG EVAL: material=-31800 pst=55 total=-31745
DEBUG: evaluate returned crazy score! stand_pat=31745
DEBUG: child returned INF! depth=1 score=-30000
DEBUG EVAL: material=-31800 pst=60 total=-31740
DEBUG: evaluate returned crazy score! stand_pat=31740
DEBUG: child returned INF! depth=1 score=-30000
DEBUG EVAL: material=-31800 pst=40 total=-31760
DEBUG: evaluate returned crazy score! stand_pat=31760
DEBUG: child returned INF! depth=1 score=-30000
DEBUG EVAL: material=-31800 pst=40 total=-31760
DEBUG: evaluate returned crazy score! stand_pat=31760
DEBUG: child returned INF! depth=1 score=-30000
DEBUG EVAL: material=-31800 pst=40 total=-31760
DEBUG: evaluate returned crazy score! stand_pat=31760
DEBUG: child returned INF! depth=1 score=-30000
DEBUG EVAL: material=-31800 pst=40 total=-31760
DEBUG: evaluate returned crazy score! stand_pat=31760
DEBUG: child returned INF! depth=1 score=-30000
DEBUG EVAL: material=-31800 pst=40 total=-31760
DEBUG: evaluate returned crazy score! stand_pat=31760
DEBUG: child returned INF! depth=1 score=-30000
DEBUG EVAL: material=-31800 pst=40 total=-31760
DEBUG: evaluate returned crazy score! stand_pat=31760
DEBUG: child returned INF! depth=1 score=-30000
DEBUG EVAL: material=-31800 pst=50 total=-31750
DEBUG: evaluate returned crazy score! stand_pat=31750
DEBUG: child returned INF! depth=1 score=-30000
DEBUG EVAL: material=-31800 pst=70 total=-31730
DEBUG: evaluate returned crazy score! stand_pat=31730
DEBUG: child returned INF! depth=1 score=-30000
DEBUG EVAL: material=-31800 pst=60 total=-31740
DEBUG: evaluate returned crazy score! stand_pat=31740
DEBUG: child returned INF! depth=1 score=-30000
DEBUG EVAL: material=-31800 pst=50 total=-31750
DEBUG: evaluate returned crazy score! stand_pat=31750
DEBUG: child returned INF! depth=1 score=-30000
DEBUG EVAL: material=-31800 pst=70 total=-31730
DEBUG: evaluate returned crazy score! stand_pat=31730
DEBUG: child returned INF! depth=1 score=-30000
DEBUG EVAL: material=-31800 pst=70 total=-31730
DEBUG: evaluate returned crazy score! stand_pat=31730
DEBUG: child returned INF! depth=1 score=-30000
DEBUG EVAL: material=-31800 pst=65 total=-31735
DEBUG: evaluate returned crazy score! stand_pat=31735
DEBUG: child returned INF! depth=1 score=-30000
DEBUG EVAL: material=-31800 pst=50 total=-31750
DEBUG: evaluate returned crazy score! stand_pat=31750
DEBUG: child returned INF! depth=1 score=-30000
DEBUG EVAL: material=-31800 pst=25 total=-31775
DEBUG: evaluate returned crazy score! stand_pat=31775
DEBUG: child returned INF! depth=1 score=-30000
DEBUG EVAL: material=-31800 pst=15 total=-31785
DEBUG: evaluate returned crazy score! stand_pat=31785
DEBUG: child returned INF! depth=1 score=-30000
DEBUG EVAL: material=-31800 pst=65 total=-31735
DEBUG: evaluate returned crazy score! stand_pat=31735
DEBUG: child returned INF! depth=1 score=-30000
DEBUG EVAL: material=-31800 pst=60 total=-31740
DEBUG: evaluate returned crazy score! stand_pat=31740
DEBUG: child returned INF! depth=1 score=-30000
DEBUG EVAL: material=-31800 pst=75 total=-31725
DEBUG: evaluate returned crazy score! stand_pat=31725
DEBUG: child returned INF! depth=1 score=-30000
DEBUG EVAL: material=-31800 pst=70 total=-31730
DEBUG: evaluate returned crazy score! stand_pat=31730
DEBUG: child returned INF! depth=1 score=-30000
DEBUG EVAL: material=-31800 pst=40 total=-31760
DEBUG: evaluate returned crazy score! stand_pat=31760
DEBUG: child returned INF! depth=1 score=-30000
DEBUG EVAL: material=-31800 pst=40 total=-31760
DEBUG: evaluate returned crazy score! stand_pat=31760
DEBUG: child returned INF! depth=1 score=-30000
DEBUG EVAL: material=-31800 pst=40 total=-31760
DEBUG: evaluate returned crazy score! stand_pat=31760
DEBUG: child returned INF! depth=1 score=-30000
DEBUG EVAL: material=-31800 pst=40 total=-31760
DEBUG: evaluate returned crazy score! stand_pat=31760
DEBUG: child returned INF! depth=1 score=-30000
DEBUG EVAL: material=-31800 pst=40 total=-31760
DEBUG: evaluate returned crazy score! stand_pat=31760
DEBUG: child returned INF! depth=1 score=-30000
DEBUG EVAL: material=-31800 pst=40 total=-31760
DEBUG: evaluate returned crazy score! stand_pat=31760
DEBUG: child returned INF! depth=1 score=-30000
DEBUG: negamax returning -INF! depth=1 ply=5 legal_moves=30 alpha=-30000 beta=90
DEBUG: child returned INF! depth=3 score=-30000
DEBUG EVAL: material=-31800 pst=35 total=-31765
DEBUG: evaluate returned crazy score! stand_pat=31765
DEBUG: child returned INF! depth=1 score=-30000
DEBUG EVAL: material=-31800 pst=70 total=-31730
DEBUG: evaluate returned crazy score! stand_pat=31730
DEBUG: child returned INF! depth=1 score=-30000
DEBUG EVAL: material=-31800 pst=30 total=-31770
DEBUG: evaluate returned crazy score! stand_pat=31770
DEBUG: child returned INF! depth=1 score=-30000
DEBUG EVAL: material=-31800 pst=25 total=-31775
DEBUG: evaluate returned crazy score! stand_pat=31775
DEBUG: child returned INF! depth=1 score=-30000
DEBUG EVAL: material=-31800 pst=30 total=-31770
DEBUG: evaluate returned crazy score! stand_pat=31770
DEBUG: child returned INF! depth=1 score=-30000
DEBUG EVAL: material=-31800 pst=25 total=-31775
DEBUG: evaluate returned crazy score! stand_pat=31775
DEBUG: child returned INF! depth=1 score=-30000
DEBUG EVAL: material=-31800 pst=20 total=-31780
DEBUG: evaluate returned crazy score! stand_pat=31780
DEBUG: child returned INF! depth=1 score=-30000
DEBUG EVAL: material=-31800 pst=20 total=-31780
DEBUG: evaluate returned crazy score! stand_pat=31780
DEBUG: child returned INF! depth=1 score=-30000
DEBUG EVAL: material=-31800 pst=25 total=-31775
DEBUG: evaluate returned crazy score! stand_pat=31775
DEBUG: child returned INF! depth=1 score=-30000
DEBUG EVAL: material=-31800 pst=35 total=-31765
DEBUG: evaluate returned crazy score! stand_pat=31765
DEBUG: child returned INF! depth=1 score=-30000
DEBUG EVAL: material=-31800 pst=45 total=-31755
DEBUG: evaluate returned crazy score! stand_pat=31755
DEBUG: child returned INF! depth=1 score=-30000
DEBUG EVAL: material=-31800 pst=45 total=-31755
DEBUG: evaluate returned crazy score! stand_pat=31755
DEBUG: child returned INF! depth=1 score=-30000
DEBUG EVAL: material=-31800 pst=40 total=-31760
DEBUG: evaluate returned crazy score! stand_pat=31760
DEBUG: child returned INF! depth=1 score=-30000
DEBUG EVAL: material=-31800 pst=25 total=-31775
DEBUG: evaluate returned crazy score! stand_pat=31775
DEBUG: child returned INF! depth=1 score=-30000
DEBUG EVAL: material=-31800 pst=25 total=-31775
DEBUG: evaluate returned crazy score! stand_pat=31775
DEBUG: child returned INF! depth=1 score=-30000
DEBUG EVAL: material=-31800 pst=75 total=-31725
DEBUG: evaluate returned crazy score! stand_pat=31725
DEBUG: child returned INF! depth=1 score=-30000
DEBUG EVAL: material=-31800 pst=35 total=-31765
DEBUG: evaluate returned crazy score! stand_pat=31765
DEBUG: child returned INF! depth=1 score=-30000
DEBUG EVAL: material=-31800 pst=5 total=-31795
DEBUG: evaluate returned crazy score! stand_pat=31795
DEBUG: child returned INF! depth=1 score=-30000
DEBUG EVAL: material=-31800 pst=5 total=-31795
DEBUG: evaluate returned crazy score! stand_pat=31795
DEBUG: child returned INF! depth=1 score=-30000
DEBUG EVAL: material=-31800 pst=5 total=-31795
DEBUG: evaluate returned crazy score! stand_pat=31795
DEBUG: child returned INF! depth=1 score=-30000
DEBUG EVAL: material=-31800 pst=5 total=-31795
DEBUG: evaluate returned crazy score! stand_pat=31795
DEBUG: child returned INF! depth=1 score=-30000
DEBUG EVAL: material=-31800 pst=15 total=-31785
DEBUG: evaluate returned crazy score! stand_pat=31785
DEBUG: child returned INF! depth=1 score=-30000
DEBUG EVAL: material=-31800 pst=35 total=-31765
DEBUG: evaluate returned crazy score! stand_pat=31765
DEBUG: child returned INF! depth=1 score=-30000
DEBUG EVAL: material=-31800 pst=25 total=-31775
DEBUG: evaluate returned crazy score! stand_pat=31775
DEBUG: child returned INF! depth=1 score=-30000
DEBUG EVAL: material=-31800 pst=15 total=-31785
DEBUG: evaluate returned crazy score! stand_pat=31785
DEBUG: child returned INF! depth=1 score=-30000
DEBUG EVAL: material=-31800 pst=35 total=-31765
DEBUG: evaluate returned crazy score! stand_pat=31765
DEBUG: child returned INF! depth=1 score=-30000
DEBUG EVAL: material=-31800 pst=35 total=-31765
DEBUG: evaluate returned crazy score! stand_pat=31765
DEBUG: child returned INF! depth=1 score=-30000
DEBUG EVAL: material=-31800 pst=30 total=-31770
DEBUG: evaluate returned crazy score! stand_pat=31770
DEBUG: child returned INF! depth=1 score=-30000
DEBUG EVAL: material=-31800 pst=15 total=-31785
DEBUG: evaluate returned crazy score! stand_pat=31785
DEBUG: child returned INF! depth=1 score=-30000
DEBUG EVAL: material=-31800 pst=5 total=-31795
DEBUG: evaluate returned crazy score! stand_pat=31795
DEBUG: child returned INF! depth=1 score=-30000
DEBUG EVAL: material=-31800 pst=5 total=-31795
DEBUG: evaluate returned crazy score! stand_pat=31795
DEBUG: child returned INF! depth=1 score=-30000
DEBUG EVAL: material=-31800 pst=5 total=-31795
DEBUG: evaluate returned crazy score! stand_pat=31795
DEBUG: child returned INF! depth=1 score=-30000
DEBUG EVAL: material=-31800 pst=5 total=-31795
DEBUG: evaluate returned crazy score! stand_pat=31795
DEBUG: child returned INF! depth=1 score=-30000
DEBUG EVAL: material=-31800 pst=5 total=-31795
DEBUG: evaluate returned crazy score! stand_pat=31795
DEBUG: child returned INF! depth=1 score=-30000
DEBUG EVAL: material=-31800 pst=5 total=-31795
DEBUG: evaluate returned crazy score! stand_pat=31795
DEBUG: child returned INF! depth=1 score=-30000
DEBUG EVAL: material=-31800 pst=15 total=-31785
DEBUG: evaluate returned crazy score! stand_pat=31785
DEBUG: child returned INF! depth=1 score=-30000
DEBUG EVAL: material=-31800 pst=70 total=-31730
DEBUG: evaluate returned crazy score! stand_pat=31730
DEBUG: child returned INF! depth=1 score=-30000
DEBUG EVAL: material=-31800 pst=60 total=-31740
DEBUG: evaluate returned crazy score! stand_pat=31740
DEBUG: child returned INF! depth=1 score=-30000
DEBUG: negamax returning -INF! depth=1 ply=5 legal_moves=38 alpha=-30000 beta=90
DEBUG: child returned INF! depth=3 score=-30000
DEBUG EVAL: material=-31790 pst=55 total=-31735
DEBUG: evaluate returned crazy score! stand_pat=31735
DEBUG: child returned INF! depth=1 score=-30000
DEBUG EVAL: material=-32120 pst=95 total=-32025
DEBUG: evaluate returned crazy score! stand_pat=32025
DEBUG: child returned INF! depth=1 score=-30000
DEBUG EVAL: material=-32120 pst=90 total=-32030
DEBUG: evaluate returned crazy score! stand_pat=32030
DEBUG: child returned INF! depth=1 score=-30000
DEBUG EVAL: material=-32120 pst=135 total=-31985
DEBUG: evaluate returned crazy score! stand_pat=31985
DEBUG: child returned INF! depth=1 score=-30000
DEBUG EVAL: material=-32120 pst=90 total=-32030
DEBUG: evaluate returned crazy score! stand_pat=32030
DEBUG: child returned INF! depth=1 score=-30000
DEBUG EVAL: material=-32120 pst=85 total=-32035
DEBUG: evaluate returned crazy score! stand_pat=32035
DEBUG: child returned INF! depth=1 score=-30000
DEBUG EVAL: material=-32120 pst=80 total=-32040
DEBUG: evaluate returned crazy score! stand_pat=32040
DEBUG: child returned INF! depth=1 score=-30000
DEBUG EVAL: material=-32120 pst=85 total=-32035
DEBUG: evaluate returned crazy score! stand_pat=32035
DEBUG: child returned INF! depth=1 score=-30000
DEBUG EVAL: material=-32120 pst=95 total=-32025
DEBUG: evaluate returned crazy score! stand_pat=32025
DEBUG: child returned INF! depth=1 score=-30000
DEBUG EVAL: material=-32120 pst=105 total=-32015
DEBUG: evaluate returned crazy score! stand_pat=32015
DEBUG: child returned INF! depth=1 score=-30000
DEBUG EVAL: material=-32120 pst=105 total=-32015
DEBUG: evaluate returned crazy score! stand_pat=32015
DEBUG: child returned INF! depth=1 score=-30000
DEBUG EVAL: material=-32120 pst=100 total=-32020
DEBUG: evaluate returned crazy score! stand_pat=32020
DEBUG: child returned INF! depth=1 score=-30000
DEBUG EVAL: material=-32120 pst=85 total=-32035
DEBUG: evaluate returned crazy score! stand_pat=32035
DEBUG: child returned INF! depth=1 score=-30000
DEBUG EVAL: material=-32120 pst=85 total=-32035
DEBUG: evaluate returned crazy score! stand_pat=32035
DEBUG: child returned INF! depth=1 score=-30000
DEBUG EVAL: material=-32120 pst=65 total=-32055
DEBUG: evaluate returned crazy score! stand_pat=32055
DEBUG: child returned INF! depth=1 score=-30000
DEBUG EVAL: material=-32120 pst=65 total=-32055
DEBUG: evaluate returned crazy score! stand_pat=32055
DEBUG: child returned INF! depth=1 score=-30000
DEBUG EVAL: material=-32120 pst=95 total=-32025
DEBUG: evaluate returned crazy score! stand_pat=32025
DEBUG: child returned INF! depth=1 score=-30000
DEBUG EVAL: material=-32120 pst=65 total=-32055
DEBUG: evaluate returned crazy score! stand_pat=32055
DEBUG: child returned INF! depth=1 score=-30000
DEBUG EVAL: material=-32120 pst=65 total=-32055
DEBUG: evaluate returned crazy score! stand_pat=32055
DEBUG: child returned INF! depth=1 score=-30000
DEBUG EVAL: material=-32120 pst=65 total=-32055
DEBUG: evaluate returned crazy score! stand_pat=32055
DEBUG: child returned INF! depth=1 score=-30000
DEBUG EVAL: material=-32120 pst=75 total=-32045
DEBUG: evaluate returned crazy score! stand_pat=32045
DEBUG: child returned INF! depth=1 score=-30000
DEBUG EVAL: material=-32120 pst=95 total=-32025
DEBUG: evaluate returned crazy score! stand_pat=32025
DEBUG: child returned INF! depth=1 score=-30000
DEBUG EVAL: material=-32120 pst=85 total=-32035
DEBUG: evaluate returned crazy score! stand_pat=32035
DEBUG: child returned INF! depth=1 score=-30000
DEBUG EVAL: material=-32120 pst=75 total=-32045
DEBUG: evaluate returned crazy score! stand_pat=32045
DEBUG: child returned INF! depth=1 score=-30000
DEBUG EVAL: material=-32120 pst=95 total=-32025
DEBUG: evaluate returned crazy score! stand_pat=32025
DEBUG: child returned INF! depth=1 score=-30000
DEBUG EVAL: material=-32120 pst=95 total=-32025
DEBUG: evaluate returned crazy score! stand_pat=32025
DEBUG: child returned INF! depth=1 score=-30000
DEBUG EVAL: material=-32120 pst=90 total=-32030
DEBUG: evaluate returned crazy score! stand_pat=32030
DEBUG: child returned INF! depth=1 score=-30000
DEBUG EVAL: material=-32120 pst=75 total=-32045
DEBUG: evaluate returned crazy score! stand_pat=32045
DEBUG: child returned INF! depth=1 score=-30000
DEBUG EVAL: material=-32120 pst=65 total=-32055
DEBUG: evaluate returned crazy score! stand_pat=32055
DEBUG: child returned INF! depth=1 score=-30000
DEBUG EVAL: material=-32120 pst=65 total=-32055
DEBUG: evaluate returned crazy score! stand_pat=32055
DEBUG: child returned INF! depth=1 score=-30000
DEBUG EVAL: material=-32120 pst=65 total=-32055
DEBUG: evaluate returned crazy score! stand_pat=32055
DEBUG: child returned INF! depth=1 score=-30000
DEBUG EVAL: material=-32120 pst=65 total=-32055
DEBUG: evaluate returned crazy score! stand_pat=32055
DEBUG: child returned INF! depth=1 score=-30000
DEBUG EVAL: material=-32120 pst=65 total=-32055
DEBUG: evaluate returned crazy score! stand_pat=32055
DEBUG: child returned INF! depth=1 score=-30000
DEBUG: negamax returning -INF! depth=1 ply=5 legal_moves=33 alpha=-30000 beta=90
DEBUG: child returned INF! depth=3 score=-30000
DEBUG EVAL: material=-31800 pst=5 total=-31795
DEBUG: evaluate returned crazy score! stand_pat=31795
DEBUG: child returned INF! depth=1 score=-30000
DEBUG EVAL: material=-31800 pst=40 total=-31760
DEBUG: evaluate returned crazy score! stand_pat=31760
DEBUG: child returned INF! depth=1 score=-30000
DEBUG EVAL: material=-31800 pst=0 total=-31800
DEBUG: evaluate returned crazy score! stand_pat=31800
DEBUG: child returned INF! depth=1 score=-30000
DEBUG EVAL: material=-31800 pst=45 total=-31755
DEBUG: evaluate returned crazy score! stand_pat=31755
DEBUG: child returned INF! depth=1 score=-30000
DEBUG EVAL: material=-31800 pst=0 total=-31800
DEBUG: evaluate returned crazy score! stand_pat=31800
DEBUG: child returned INF! depth=1 score=-30000
DEBUG EVAL: material=-31800 pst=-5 total=-31805
DEBUG: evaluate returned crazy score! stand_pat=31805
DEBUG: child returned INF! depth=1 score=-30000
DEBUG EVAL: material=-31800 pst=-10 total=-31810
DEBUG: evaluate returned crazy score! stand_pat=31810
DEBUG: child returned INF! depth=1 score=-30000
DEBUG EVAL: material=-31800 pst=-5 total=-31805
DEBUG: evaluate returned crazy score! stand_pat=31805
DEBUG: child returned INF! depth=1 score=-30000
DEBUG EVAL: material=-31800 pst=5 total=-31795
DEBUG: evaluate returned crazy score! stand_pat=31795
DEBUG: child returned INF! depth=1 score=-30000
DEBUG EVAL: material=-31800 pst=15 total=-31785
DEBUG: evaluate returned crazy score! stand_pat=31785
DEBUG: child returned INF! depth=1 score=-30000
DEBUG EVAL: material=-31800 pst=15 total=-31785
DEBUG: evaluate returned crazy score! stand_pat=31785
DEBUG: child returned INF! depth=1 score=-30000
DEBUG EVAL: material=-31800 pst=10 total=-31790
DEBUG: evaluate returned crazy score! stand_pat=31790
DEBUG: child returned INF! depth=1 score=-30000
DEBUG EVAL: material=-31800 pst=-5 total=-31805
DEBUG: evaluate returned crazy score! stand_pat=31805
DEBUG: child returned INF! depth=1 score=-30000
DEBUG EVAL: material=-31800 pst=-10 total=-31810
DEBUG: evaluate returned crazy score! stand_pat=31810
DEBUG: child returned INF! depth=1 score=-30000
DEBUG EVAL: material=-31800 pst=45 total=-31755
DEBUG: evaluate returned crazy score! stand_pat=31755
DEBUG: child returned INF! depth=1 score=-30000
DEBUG EVAL: material=-31800 pst=5 total=-31795
DEBUG: evaluate returned crazy score! stand_pat=31795
DEBUG: child returned INF! depth=1 score=-30000
DEBUG EVAL: material=-31800 pst=-25 total=-31825
DEBUG: evaluate returned crazy score! stand_pat=31825
DEBUG: child returned INF! depth=1 score=-30000
DEBUG EVAL: material=-31800 pst=-25 total=-31825
DEBUG: evaluate returned crazy score! stand_pat=31825
DEBUG: child returned INF! depth=1 score=-30000
DEBUG EVAL: material=-31800 pst=-25 total=-31825
DEBUG: evaluate returned crazy score! stand_pat=31825
DEBUG: child returned INF! depth=1 score=-30000
DEBUG EVAL: material=-31800 pst=-25 total=-31825
DEBUG: evaluate returned crazy score! stand_pat=31825
DEBUG: child returned INF! depth=1 score=-30000
DEBUG EVAL: material=-31800 pst=-15 total=-31815
DEBUG: evaluate returned crazy score! stand_pat=31815
DEBUG: child returned INF! depth=1 score=-30000
DEBUG EVAL: material=-31800 pst=5 total=-31795
DEBUG: evaluate returned crazy score! stand_pat=31795
DEBUG: child returned INF! depth=1 score=-30000
DEBUG EVAL: material=-31800 pst=-5 total=-31805
DEBUG: evaluate returned crazy score! stand_pat=31805
DEBUG: child returned INF! depth=1 score=-30000
DEBUG EVAL: material=-31800 pst=-15 total=-31815
DEBUG: evaluate returned crazy score! stand_pat=31815
DEBUG: child returned INF! depth=1 score=-30000
DEBUG EVAL: material=-31800 pst=5 total=-31795
DEBUG: evaluate returned crazy score! stand_pat=31795
DEBUG: child returned INF! depth=1 score=-30000
DEBUG EVAL: material=-31800 pst=5 total=-31795
DEBUG: evaluate returned crazy score! stand_pat=31795
DEBUG: child returned INF! depth=1 score=-30000
DEBUG EVAL: material=-31800 pst=0 total=-31800
DEBUG: evaluate returned crazy score! stand_pat=31800
DEBUG: child returned INF! depth=1 score=-30000
DEBUG EVAL: material=-31800 pst=-15 total=-31815
DEBUG: evaluate returned crazy score! stand_pat=31815
DEBUG: child returned INF! depth=1 score=-30000
DEBUG EVAL: material=-31800 pst=-25 total=-31825
DEBUG: evaluate returned crazy score! stand_pat=31825
DEBUG: child returned INF! depth=1 score=-30000
DEBUG EVAL: material=-31800 pst=-25 total=-31825
DEBUG: evaluate returned crazy score! stand_pat=31825
DEBUG: child returned INF! depth=1 score=-30000
DEBUG EVAL: material=-31800 pst=-25 total=-31825
DEBUG: evaluate returned crazy score! stand_pat=31825
DEBUG: child returned INF! depth=1 score=-30000
DEBUG EVAL: material=-31800 pst=-25 total=-31825
DEBUG: evaluate returned crazy score! stand_pat=31825
DEBUG: child returned INF! depth=1 score=-30000
DEBUG EVAL: material=-31800 pst=-25 total=-31825
DEBUG: evaluate returned crazy score! stand_pat=31825
DEBUG: child returned INF! depth=1 score=-30000
DEBUG EVAL: material=-31800 pst=-25 total=-31825
DEBUG: evaluate returned crazy score! stand_pat=31825
DEBUG: child returned INF! depth=1 score=-30000
DEBUG EVAL: material=-31800 pst=-5 total=-31805
DEBUG: evaluate returned crazy score! stand_pat=31805
DEBUG: child returned INF! depth=1 score=-30000
DEBUG: negamax returning -INF! depth=1 ply=5 legal_moves=35 alpha=-30000 beta=90
DEBUG: child returned INF! depth=3 score=-30000
DEBUG EVAL: material=-31800 pst=5 total=-31795
DEBUG: evaluate returned crazy score! stand_pat=31795
DEBUG: child returned INF! depth=1 score=-30000
DEBUG EVAL: material=-31800 pst=40 total=-31760
DEBUG: evaluate returned crazy score! stand_pat=31760
DEBUG: child returned INF! depth=1 score=-30000
DEBUG EVAL: material=-31800 pst=5 total=-31795
DEBUG: evaluate returned crazy score! stand_pat=31795
DEBUG: child returned INF! depth=1 score=-30000
DEBUG EVAL: material=-31800 pst=45 total=-31755
DEBUG: evaluate returned crazy score! stand_pat=31755
DEBUG: child returned INF! depth=1 score=-30000
DEBUG EVAL: material=-31800 pst=0 total=-31800
DEBUG: evaluate returned crazy score! stand_pat=31800
DEBUG: child returned INF! depth=1 score=-30000
DEBUG EVAL: material=-31800 pst=-10 total=-31810
DEBUG: evaluate returned crazy score! stand_pat=31810
DEBUG: child returned INF! depth=1 score=-30000
DEBUG EVAL: material=-31800 pst=0 total=-31800
DEBUG: evaluate returned crazy score! stand_pat=31800
DEBUG: child returned INF! depth=1 score=-30000
DEBUG EVAL: material=-31800 pst=-5 total=-31805
DEBUG: evaluate returned crazy score! stand_pat=31805
DEBUG: child returned INF! depth=1 score=-30000
DEBUG EVAL: material=-31800 pst=-10 total=-31810
DEBUG: evaluate returned crazy score! stand_pat=31810
DEBUG: child returned INF! depth=1 score=-30000
DEBUG EVAL: material=-31800 pst=-5 total=-31805
DEBUG: evaluate returned crazy score! stand_pat=31805
DEBUG: child returned INF! depth=1 score=-30000
DEBUG EVAL: material=-31800 pst=5 total=-31795
DEBUG: evaluate returned crazy score! stand_pat=31795
DEBUG: child returned INF! depth=1 score=-30000
DEBUG EVAL: material=-31800 pst=15 total=-31785
DEBUG: evaluate returned crazy score! stand_pat=31785
DEBUG: child returned INF! depth=1 score=-30000
DEBUG EVAL: material=-31800 pst=15 total=-31785
DEBUG: evaluate returned crazy score! stand_pat=31785
DEBUG: child returned INF! depth=1 score=-30000
DEBUG EVAL: material=-31800 pst=10 total=-31790
DEBUG: evaluate returned crazy score! stand_pat=31790
DEBUG: child returned INF! depth=1 score=-30000
DEBUG EVAL: material=-31800 pst=-5 total=-31805
DEBUG: evaluate returned crazy score! stand_pat=31805
DEBUG: child returned INF! depth=1 score=-30000
DEBUG EVAL: material=-31800 pst=-10 total=-31810
DEBUG: evaluate returned crazy score! stand_pat=31810
DEBUG: child returned INF! depth=1 score=-30000
DEBUG EVAL: material=-31800 pst=45 total=-31755
DEBUG: evaluate returned crazy score! stand_pat=31755
DEBUG: child returned INF! depth=1 score=-30000
DEBUG EVAL: material=-31800 pst=5 total=-31795
DEBUG: evaluate returned crazy score! stand_pat=31795
DEBUG: child returned INF! depth=1 score=-30000
DEBUG EVAL: material=-31800 pst=-25 total=-31825
DEBUG: evaluate returned crazy score! stand_pat=31825
DEBUG: child returned INF! depth=1 score=-30000
DEBUG EVAL: material=-31800 pst=-25 total=-31825
DEBUG: evaluate returned crazy score! stand_pat=31825
DEBUG: child returned INF! depth=1 score=-30000
DEBUG EVAL: material=-31800 pst=-25 total=-31825
DEBUG: evaluate returned crazy score! stand_pat=31825
DEBUG: child returned INF! depth=1 score=-30000
DEBUG EVAL: material=-31800 pst=-25 total=-31825
DEBUG: evaluate returned crazy score! stand_pat=31825
DEBUG: child returned INF! depth=1 score=-30000
DEBUG EVAL: material=-31800 pst=-15 total=-31815
DEBUG: evaluate returned crazy score! stand_pat=31815
DEBUG: child returned INF! depth=1 score=-30000
DEBUG EVAL: material=-31800 pst=5 total=-31795
DEBUG: evaluate returned crazy score! stand_pat=31795
DEBUG: child returned INF! depth=1 score=-30000
DEBUG EVAL: material=-31800 pst=-5 total=-31805
DEBUG: evaluate returned crazy score! stand_pat=31805
DEBUG: child returned INF! depth=1 score=-30000
DEBUG EVAL: material=-31800 pst=-15 total=-31815
DEBUG: evaluate returned crazy score! stand_pat=31815
DEBUG: child returned INF! depth=1 score=-30000
DEBUG EVAL: material=-31800 pst=5 total=-31795
DEBUG: evaluate returned crazy score! stand_pat=31795
DEBUG: child returned INF! depth=1 score=-30000
DEBUG EVAL: material=-31800 pst=5 total=-31795
DEBUG: evaluate returned crazy score! stand_pat=31795
DEBUG: child returned INF! depth=1 score=-30000
DEBUG EVAL: material=-31800 pst=0 total=-31800
DEBUG: evaluate returned crazy score! stand_pat=31800
DEBUG: child returned INF! depth=1 score=-30000
DEBUG EVAL: material=-31800 pst=-15 total=-31815
DEBUG: evaluate returned crazy score! stand_pat=31815
DEBUG: child returned INF! depth=1 score=-30000
DEBUG EVAL: material=-31800 pst=-25 total=-31825
DEBUG: evaluate returned crazy score! stand_pat=31825
DEBUG: child returned INF! depth=1 score=-30000
DEBUG EVAL: material=-31800 pst=-25 total=-31825
DEBUG: evaluate returned crazy score! stand_pat=31825
DEBUG: child returned INF! depth=1 score=-30000
DEBUG EVAL: material=-31800 pst=-25 total=-31825
DEBUG: evaluate returned crazy score! stand_pat=31825
DEBUG: child returned INF! depth=1 score=-30000
DEBUG EVAL: material=-31800 pst=-25 total=-31825
DEBUG: evaluate returned crazy score! stand_pat=31825
DEBUG: child returned INF! depth=1 score=-30000
DEBUG EVAL: material=-31800 pst=-25 total=-31825
DEBUG: evaluate returned crazy score! stand_pat=31825
DEBUG: child returned INF! depth=1 score=-30000
DEBUG EVAL: material=-31800 pst=-25 total=-31825
DEBUG: evaluate returned crazy score! stand_pat=31825
DEBUG: child returned INF! depth=1 score=-30000
DEBUG EVAL: material=-31800 pst=20 total=-31780
DEBUG: evaluate returned crazy score! stand_pat=31780
DEBUG: child returned INF! depth=1 score=-30000
DEBUG: negamax returning -INF! depth=1 ply=5 legal_moves=37 alpha=-30000 beta=90
DEBUG: child returned INF! depth=3 score=-30000
DEBUG EVAL: material=-31800 pst=5 total=-31795
DEBUG: evaluate returned crazy score! stand_pat=31795
DEBUG: child returned INF! depth=1 score=-30000
DEBUG EVAL: material=-31800 pst=40 total=-31760
DEBUG: evaluate returned crazy score! stand_pat=31760
DEBUG: child returned INF! depth=1 score=-30000
DEBUG EVAL: material=-31800 pst=0 total=-31800
DEBUG: evaluate returned crazy score! stand_pat=31800
DEBUG: child returned INF! depth=1 score=-30000
DEBUG EVAL: material=-31800 pst=45 total=-31755
DEBUG: evaluate returned crazy score! stand_pat=31755
DEBUG: child returned INF! depth=1 score=-30000
DEBUG EVAL: material=-31800 pst=0 total=-31800
DEBUG: evaluate returned crazy score! stand_pat=31800
DEBUG: child returned INF! depth=1 score=-30000
DEBUG EVAL: material=-31800 pst=-5 total=-31805
DEBUG: evaluate returned crazy score! stand_pat=31805
DEBUG: child returned INF! depth=1 score=-30000
DEBUG EVAL: material=-31800 pst=-10 total=-31810
DEBUG: evaluate returned crazy score! stand_pat=31810
DEBUG: child returned INF! depth=1 score=-30000
DEBUG EVAL: material=-31800 pst=-5 total=-31805
DEBUG: evaluate returned crazy score! stand_pat=31805
DEBUG: child returned INF! depth=1 score=-30000
DEBUG EVAL: material=-31800 pst=5 total=-31795
DEBUG: evaluate returned crazy score! stand_pat=31795
DEBUG: child returned INF! depth=1 score=-30000
DEBUG EVAL: material=-31800 pst=15 total=-31785
DEBUG: evaluate returned crazy score! stand_pat=31785
DEBUG: child returned INF! depth=1 score=-30000
DEBUG EVAL: material=-31800 pst=15 total=-31785
DEBUG: evaluate returned crazy score! stand_pat=31785
DEBUG: child returned INF! depth=1 score=-30000
DEBUG EVAL: material=-31800 pst=10 total=-31790
DEBUG: evaluate returned crazy score! stand_pat=31790
DEBUG: child returned INF! depth=1 score=-30000
DEBUG EVAL: material=-31800 pst=-5 total=-31805
DEBUG: evaluate returned crazy score! stand_pat=31805
DEBUG: child returned INF! depth=1 score=-30000
DEBUG EVAL: material=-31800 pst=5 total=-31795
DEBUG: evaluate returned crazy score! stand_pat=31795
DEBUG: child returned INF! depth=1 score=-30000
DEBUG EVAL: material=-31800 pst=45 total=-31755
DEBUG: evaluate returned crazy score! stand_pat=31755
DEBUG: child returned INF! depth=1 score=-30000
DEBUG EVAL: material=-31800 pst=5 total=-31795
DEBUG: evaluate returned crazy score! stand_pat=31795
DEBUG: child returned INF! depth=1 score=-30000
DEBUG EVAL: material=-31800 pst=-25 total=-31825
DEBUG: evaluate returned crazy score! stand_pat=31825
DEBUG: child returned INF! depth=1 score=-30000
DEBUG EVAL: material=-31800 pst=-25 total=-31825
DEBUG: evaluate returned crazy score! stand_pat=31825
DEBUG: child returned INF! depth=1 score=-30000
DEBUG EVAL: material=-31800 pst=-25 total=-31825
DEBUG: evaluate returned crazy score! stand_pat=31825
DEBUG: child returned INF! depth=1 score=-30000
DEBUG EVAL: material=-31800 pst=-25 total=-31825
DEBUG: evaluate returned crazy score! stand_pat=31825
DEBUG: child returned INF! depth=1 score=-30000
DEBUG EVAL: material=-31800 pst=-15 total=-31815
DEBUG: evaluate returned crazy score! stand_pat=31815
DEBUG: child returned INF! depth=1 score=-30000
DEBUG EVAL: material=-31800 pst=5 total=-31795
DEBUG: evaluate returned crazy score! stand_pat=31795
DEBUG: child returned INF! depth=1 score=-30000
DEBUG EVAL: material=-31800 pst=-5 total=-31805
DEBUG: evaluate returned crazy score! stand_pat=31805
DEBUG: child returned INF! depth=1 score=-30000
DEBUG EVAL: material=-31800 pst=-15 total=-31815
DEBUG: evaluate returned crazy score! stand_pat=31815
DEBUG: child returned INF! depth=1 score=-30000
DEBUG EVAL: material=-31800 pst=5 total=-31795
DEBUG: evaluate returned crazy score! stand_pat=31795
DEBUG: child returned INF! depth=1 score=-30000
DEBUG EVAL: material=-31800 pst=5 total=-31795
DEBUG: evaluate returned crazy score! stand_pat=31795
DEBUG: child returned INF! depth=1 score=-30000
DEBUG EVAL: material=-31800 pst=0 total=-31800
DEBUG: evaluate returned crazy score! stand_pat=31800
DEBUG: child returned INF! depth=1 score=-30000
DEBUG EVAL: material=-31800 pst=-15 total=-31815
DEBUG: evaluate returned crazy score! stand_pat=31815
DEBUG: child returned INF! depth=1 score=-30000
DEBUG EVAL: material=-31800 pst=-25 total=-31825
DEBUG: evaluate returned crazy score! stand_pat=31825
DEBUG: child returned INF! depth=1 score=-30000
DEBUG EVAL: material=-31800 pst=-25 total=-31825
DEBUG: evaluate returned crazy score! stand_pat=31825
DEBUG: child returned INF! depth=1 score=-30000
DEBUG EVAL: material=-31800 pst=-25 total=-31825
DEBUG: evaluate returned crazy score! stand_pat=31825
DEBUG: child returned INF! depth=1 score=-30000
DEBUG EVAL: material=-31800 pst=-25 total=-31825
DEBUG: evaluate returned crazy score! stand_pat=31825
DEBUG: child returned INF! depth=1 score=-30000
DEBUG EVAL: material=-31800 pst=-25 total=-31825
DEBUG: evaluate returned crazy score! stand_pat=31825
DEBUG: child returned INF! depth=1 score=-30000
DEBUG EVAL: material=-31800 pst=-25 total=-31825
DEBUG: evaluate returned crazy score! stand_pat=31825
DEBUG: child returned INF! depth=1 score=-30000
DEBUG EVAL: material=-31800 pst=-5 total=-31805
DEBUG: evaluate returned crazy score! stand_pat=31805
DEBUG: child returned INF! depth=1 score=-30000
DEBUG: negamax returning -INF! depth=1 ply=5 legal_moves=35 alpha=-30000 beta=90
DEBUG: child returned INF! depth=3 score=-30000
DEBUG EVAL: material=-31800 pst=5 total=-31795
DEBUG: evaluate returned crazy score! stand_pat=31795
DEBUG: child returned INF! depth=1 score=-30000
DEBUG EVAL: material=-31800 pst=40 total=-31760
DEBUG: evaluate returned crazy score! stand_pat=31760
DEBUG: child returned INF! depth=1 score=-30000
DEBUG EVAL: material=-31800 pst=0 total=-31800
DEBUG: evaluate returned crazy score! stand_pat=31800
DEBUG: child returned INF! depth=1 score=-30000
DEBUG EVAL: material=-31800 pst=45 total=-31755
DEBUG: evaluate returned crazy score! stand_pat=31755
DEBUG: child returned INF! depth=1 score=-30000
DEBUG EVAL: material=-31800 pst=0 total=-31800
DEBUG: evaluate returned crazy score! stand_pat=31800
DEBUG: child returned INF! depth=1 score=-30000
DEBUG EVAL: material=-31800 pst=-5 total=-31805
DEBUG: evaluate returned crazy score! stand_pat=31805
DEBUG: child returned INF! depth=1 score=-30000
DEBUG EVAL: material=-31800 pst=-10 total=-31810
DEBUG: evaluate returned crazy score! stand_pat=31810
DEBUG: child returned INF! depth=1 score=-30000
DEBUG EVAL: material=-31800 pst=-5 total=-31805
DEBUG: evaluate returned crazy score! stand_pat=31805
DEBUG: child returned INF! depth=1 score=-30000
DEBUG EVAL: material=-31800 pst=5 total=-31795
DEBUG: evaluate returned crazy score! stand_pat=31795
DEBUG: child returned INF! depth=1 score=-30000
DEBUG EVAL: material=-31800 pst=15 total=-31785
DEBUG: evaluate returned crazy score! stand_pat=31785
DEBUG: child returned INF! depth=1 score=-30000
DEBUG EVAL: material=-31800 pst=15 total=-31785
DEBUG: evaluate returned crazy score! stand_pat=31785
DEBUG: child returned INF! depth=1 score=-30000
DEBUG EVAL: material=-31800 pst=10 total=-31790
DEBUG: evaluate returned crazy score! stand_pat=31790
DEBUG: child returned INF! depth=1 score=-30000
DEBUG EVAL: material=-31800 pst=-5 total=-31805
DEBUG: evaluate returned crazy score! stand_pat=31805
DEBUG: child returned INF! depth=1 score=-30000
DEBUG EVAL: material=-31800 pst=5 total=-31795
DEBUG: evaluate returned crazy score! stand_pat=31795
DEBUG: child returned INF! depth=1 score=-30000
DEBUG EVAL: material=-31800 pst=45 total=-31755
DEBUG: evaluate returned crazy score! stand_pat=31755
DEBUG: child returned INF! depth=1 score=-30000
DEBUG EVAL: material=-31800 pst=5 total=-31795
DEBUG: evaluate returned crazy score! stand_pat=31795
DEBUG: child returned INF! depth=1 score=-30000
DEBUG EVAL: material=-31800 pst=-25 total=-31825
DEBUG: evaluate returned crazy score! stand_pat=31825
DEBUG: child returned INF! depth=1 score=-30000
DEBUG EVAL: material=-31800 pst=-25 total=-31825
DEBUG: evaluate returned crazy score! stand_pat=31825
DEBUG: child returned INF! depth=1 score=-30000
DEBUG EVAL: material=-31800 pst=-25 total=-31825
DEBUG: evaluate returned crazy score! stand_pat=31825
DEBUG: child returned INF! depth=1 score=-30000
DEBUG EVAL: material=-31800 pst=-25 total=-31825
DEBUG: evaluate returned crazy score! stand_pat=31825
DEBUG: child returned INF! depth=1 score=-30000
DEBUG EVAL: material=-31800 pst=-15 total=-31815
DEBUG: evaluate returned crazy score! stand_pat=31815
DEBUG: child returned INF! depth=1 score=-30000
DEBUG EVAL: material=-31800 pst=5 total=-31795
DEBUG: evaluate returned crazy score! stand_pat=31795
DEBUG: child returned INF! depth=1 score=-30000
DEBUG EVAL: material=-31800 pst=5 total=-31795
DEBUG: evaluate returned crazy score! stand_pat=31795
DEBUG: child returned INF! depth=1 score=-30000
DEBUG EVAL: material=-31800 pst=5 total=-31795
DEBUG: evaluate returned crazy score! stand_pat=31795
DEBUG: child returned INF! depth=1 score=-30000
DEBUG EVAL: material=-31800 pst=0 total=-31800
DEBUG: evaluate returned crazy score! stand_pat=31800
DEBUG: child returned INF! depth=1 score=-30000
DEBUG EVAL: material=-31800 pst=-15 total=-31815
DEBUG: evaluate returned crazy score! stand_pat=31815
DEBUG: child returned INF! depth=1 score=-30000
DEBUG EVAL: material=-31800 pst=-25 total=-31825
DEBUG: evaluate returned crazy score! stand_pat=31825
DEBUG: child returned INF! depth=1 score=-30000
DEBUG EVAL: material=-31800 pst=-25 total=-31825
DEBUG: evaluate returned crazy score! stand_pat=31825
DEBUG: child returned INF! depth=1 score=-30000
DEBUG EVAL: material=-31800 pst=-25 total=-31825
DEBUG: evaluate returned crazy score! stand_pat=31825
DEBUG: child returned INF! depth=1 score=-30000
DEBUG EVAL: material=-31800 pst=-25 total=-31825
DEBUG: evaluate returned crazy score! stand_pat=31825
DEBUG: child returned INF! depth=1 score=-30000
DEBUG EVAL: material=-31800 pst=-25 total=-31825
DEBUG: evaluate returned crazy score! stand_pat=31825
DEBUG: child returned INF! depth=1 score=-30000
DEBUG EVAL: material=-31800 pst=-25 total=-31825
DEBUG: evaluate returned crazy score! stand_pat=31825
DEBUG: child returned INF! depth=1 score=-30000
DEBUG EVAL: material=-31800 pst=20 total=-31780
DEBUG: evaluate returned crazy score! stand_pat=31780
DEBUG: child returned INF! depth=1 score=-30000
DEBUG: negamax returning -INF! depth=1 ply=5 legal_moves=33 alpha=-30000 beta=90
DEBUG: child returned INF! depth=3 score=-30000
DEBUG EVAL: material=-31800 pst=5 total=-31795
DEBUG: evaluate returned crazy score! stand_pat=31795
DEBUG: child returned INF! depth=1 score=-30000
DEBUG EVAL: material=-31800 pst=40 total=-31760
DEBUG: evaluate returned crazy score! stand_pat=31760
DEBUG: child returned INF! depth=1 score=-30000
DEBUG EVAL: material=-31800 pst=5 total=-31795
DEBUG: evaluate returned crazy score! stand_pat=31795
DEBUG: child returned INF! depth=1 score=-30000
DEBUG EVAL: material=-31800 pst=0 total=-31800
DEBUG: evaluate returned crazy score! stand_pat=31800
DEBUG: child returned INF! depth=1 score=-30000
DEBUG EVAL: material=-31800 pst=0 total=-31800
DEBUG: evaluate returned crazy score! stand_pat=31800
DEBUG: child returned INF! depth=1 score=-30000
DEBUG EVAL: material=-31800 pst=5 total=-31795
DEBUG: evaluate returned crazy score! stand_pat=31795
DEBUG: child returned INF! depth=1 score=-30000
DEBUG EVAL: material=-31800 pst=0 total=-31800
DEBUG: evaluate returned crazy score! stand_pat=31800
DEBUG: child returned INF! depth=1 score=-30000
DEBUG EVAL: material=-31800 pst=-5 total=-31805
DEBUG: evaluate returned crazy score! stand_pat=31805
DEBUG: child returned INF! depth=1 score=-30000
DEBUG EVAL: material=-31800 pst=-10 total=-31810
DEBUG: evaluate returned crazy score! stand_pat=31810
DEBUG: child returned INF! depth=1 score=-30000
DEBUG EVAL: material=-31800 pst=-5 total=-31805
DEBUG: evaluate returned crazy score! stand_pat=31805
DEBUG: child returned INF! depth=1 score=-30000
DEBUG EVAL: material=-31800 pst=5 total=-31795
DEBUG: evaluate returned crazy score! stand_pat=31795
DEBUG: child returned INF! depth=1 score=-30000
DEBUG EVAL: material=-31800 pst=15 total=-31785
DEBUG: evaluate returned crazy score! stand_pat=31785
DEBUG: child returned INF! depth=1 score=-30000
DEBUG EVAL: material=-31800 pst=15 total=-31785
DEBUG: evaluate returned crazy score! stand_pat=31785
DEBUG: child returned INF! depth=1 score=-30000
DEBUG EVAL: material=-31800 pst=10 total=-31790
DEBUG: evaluate returned crazy score! stand_pat=31790
DEBUG: child returned INF! depth=1 score=-30000
DEBUG EVAL: material=-31800 pst=-5 total=-31805
DEBUG: evaluate returned crazy score! stand_pat=31805
DEBUG: child returned INF! depth=1 score=-30000
DEBUG EVAL: material=-31800 pst=5 total=-31795
DEBUG: evaluate returned crazy score! stand_pat=31795
DEBUG: child returned INF! depth=1 score=-30000
DEBUG EVAL: material=-31800 pst=45 total=-31755
DEBUG: evaluate returned crazy score! stand_pat=31755
DEBUG: child returned INF! depth=1 score=-30000
DEBUG EVAL: material=-31800 pst=5 total=-31795
DEBUG: evaluate returned crazy score! stand_pat=31795
DEBUG: child returned INF! depth=1 score=-30000
DEBUG EVAL: material=-31800 pst=-25 total=-31825
DEBUG: evaluate returned crazy score! stand_pat=31825
DEBUG: child returned INF! depth=1 score=-30000
DEBUG EVAL: material=-31800 pst=-25 total=-31825
DEBUG: evaluate returned crazy score! stand_pat=31825
DEBUG: child returned INF! depth=1 score=-30000
DEBUG EVAL: material=-31800 pst=-25 total=-31825
DEBUG: evaluate returned crazy score! stand_pat=31825
DEBUG: child returned INF! depth=1 score=-30000
DEBUG EVAL: material=-31800 pst=-25 total=-31825
DEBUG: evaluate returned crazy score! stand_pat=31825
DEBUG: child returned INF! depth=1 score=-30000
DEBUG EVAL: material=-31800 pst=-15 total=-31815
DEBUG: evaluate returned crazy score! stand_pat=31815
DEBUG: child returned INF! depth=1 score=-30000
DEBUG EVAL: material=-31800 pst=5 total=-31795
DEBUG: evaluate returned crazy score! stand_pat=31795
DEBUG: child returned INF! depth=1 score=-30000
DEBUG EVAL: material=-31800 pst=5 total=-31795
DEBUG: evaluate returned crazy score! stand_pat=31795
DEBUG: child returned INF! depth=1 score=-30000
DEBUG EVAL: material=-31800 pst=0 total=-31800
DEBUG: evaluate returned crazy score! stand_pat=31800
DEBUG: child returned INF! depth=1 score=-30000
DEBUG EVAL: material=-31800 pst=-15 total=-31815
DEBUG: evaluate returned crazy score! stand_pat=31815
DEBUG: child returned INF! depth=1 score=-30000
DEBUG EVAL: material=-31800 pst=-25 total=-31825
DEBUG: evaluate returned crazy score! stand_pat=31825
DEBUG: child returned INF! depth=1 score=-30000
DEBUG EVAL: material=-31800 pst=-25 total=-31825
DEBUG: evaluate returned crazy score! stand_pat=31825
DEBUG: child returned INF! depth=1 score=-30000
DEBUG EVAL: material=-31800 pst=-25 total=-31825
DEBUG: evaluate returned crazy score! stand_pat=31825
DEBUG: child returned INF! depth=1 score=-30000
DEBUG EVAL: material=-31800 pst=-25 total=-31825
DEBUG: evaluate returned crazy score! stand_pat=31825
DEBUG: child returned INF! depth=1 score=-30000
DEBUG EVAL: material=-31800 pst=-25 total=-31825
DEBUG: evaluate returned crazy score! stand_pat=31825
DEBUG: child returned INF! depth=1 score=-30000
DEBUG EVAL: material=-31800 pst=-25 total=-31825
DEBUG: evaluate returned crazy score! stand_pat=31825
DEBUG: child returned INF! depth=1 score=-30000
DEBUG EVAL: material=-31800 pst=-5 total=-31805
DEBUG: evaluate returned crazy score! stand_pat=31805
DEBUG: child returned INF! depth=1 score=-30000
DEBUG: negamax returning -INF! depth=1 ply=5 legal_moves=34 alpha=-30000 beta=90
DEBUG: child returned INF! depth=3 score=-30000
DEBUG EVAL: material=-31800 pst=5 total=-31795
DEBUG: evaluate returned crazy score! stand_pat=31795
DEBUG: child returned INF! depth=1 score=-30000
DEBUG EVAL: material=-31800 pst=40 total=-31760
DEBUG: evaluate returned crazy score! stand_pat=31760
DEBUG: child returned INF! depth=1 score=-30000
DEBUG EVAL: material=-31800 pst=5 total=-31795
DEBUG: evaluate returned crazy score! stand_pat=31795
DEBUG: child returned INF! depth=1 score=-30000
DEBUG EVAL: material=-31800 pst=5 total=-31795
DEBUG: evaluate returned crazy score! stand_pat=31795
DEBUG: child returned INF! depth=1 score=-30000
DEBUG EVAL: material=-31800 pst=0 total=-31800
DEBUG: evaluate returned crazy score! stand_pat=31800
DEBUG: child returned INF! depth=1 score=-30000
DEBUG EVAL: material=-31800 pst=0 total=-31800
DEBUG: evaluate returned crazy score! stand_pat=31800
DEBUG: child returned INF! depth=1 score=-30000
DEBUG EVAL: material=-31800 pst=45 total=-31755
DEBUG: evaluate returned crazy score! stand_pat=31755
DEBUG: child returned INF! depth=1 score=-30000
DEBUG EVAL: material=-31800 pst=0 total=-31800
DEBUG: evaluate returned crazy score! stand_pat=31800
DEBUG: child returned INF! depth=1 score=-30000
DEBUG EVAL: material=-31800 pst=-5 total=-31805
DEBUG: evaluate returned crazy score! stand_pat=31805
DEBUG: child returned INF! depth=1 score=-30000
DEBUG EVAL: material=-31800 pst=-10 total=-31810
DEBUG: evaluate returned crazy score! stand_pat=31810
DEBUG: child returned INF! depth=1 score=-30000
DEBUG EVAL: material=-31800 pst=-5 total=-31805
DEBUG: evaluate returned crazy score! stand_pat=31805
DEBUG: child returned INF! depth=1 score=-30000
DEBUG EVAL: material=-31800 pst=5 total=-31795
DEBUG: evaluate returned crazy score! stand_pat=31795
DEBUG: child returned INF! depth=1 score=-30000
DEBUG EVAL: material=-31800 pst=15 total=-31785
DEBUG: evaluate returned crazy score! stand_pat=31785
DEBUG: child returned INF! depth=1 score=-30000
DEBUG EVAL: material=-31800 pst=5 total=-31795
DEBUG: evaluate returned crazy score! stand_pat=31795
DEBUG: child returned INF! depth=1 score=-30000
DEBUG EVAL: material=-31800 pst=45 total=-31755
DEBUG: evaluate returned crazy score! stand_pat=31755
DEBUG: child returned INF! depth=1 score=-30000
DEBUG EVAL: material=-31800 pst=5 total=-31795
DEBUG: evaluate returned crazy score! stand_pat=31795
DEBUG: child returned INF! depth=1 score=-30000
DEBUG EVAL: material=-31800 pst=-25 total=-31825
DEBUG: evaluate returned crazy score! stand_pat=31825
DEBUG: child returned INF! depth=1 score=-30000
DEBUG EVAL: material=-31800 pst=-25 total=-31825
DEBUG: evaluate returned crazy score! stand_pat=31825
DEBUG: child returned INF! depth=1 score=-30000
DEBUG EVAL: material=-31800 pst=-25 total=-31825
DEBUG: evaluate returned crazy score! stand_pat=31825
DEBUG: child returned INF! depth=1 score=-30000
DEBUG EVAL: material=-31800 pst=-25 total=-31825
DEBUG: evaluate returned crazy score! stand_pat=31825
DEBUG: child returned INF! depth=1 score=-30000
DEBUG EVAL: material=-31800 pst=-15 total=-31815
DEBUG: evaluate returned crazy score! stand_pat=31815
DEBUG: child returned INF! depth=1 score=-30000
DEBUG EVAL: material=-31800 pst=5 total=-31795
DEBUG: evaluate returned crazy score! stand_pat=31795
DEBUG: child returned INF! depth=1 score=-30000
DEBUG EVAL: material=-31800 pst=-5 total=-31805
DEBUG: evaluate returned crazy score! stand_pat=31805
DEBUG: child returned INF! depth=1 score=-30000
DEBUG EVAL: material=-31800 pst=-15 total=-31815
DEBUG: evaluate returned crazy score! stand_pat=31815
DEBUG: child returned INF! depth=1 score=-30000
DEBUG EVAL: material=-31800 pst=5 total=-31795
DEBUG: evaluate returned crazy score! stand_pat=31795
DEBUG: child returned INF! depth=1 score=-30000
DEBUG EVAL: material=-31800 pst=5 total=-31795
DEBUG: evaluate returned crazy score! stand_pat=31795
DEBUG: child returned INF! depth=1 score=-30000
DEBUG EVAL: material=-31800 pst=0 total=-31800
DEBUG: evaluate returned crazy score! stand_pat=31800
DEBUG: child returned INF! depth=1 score=-30000
DEBUG EVAL: material=-31800 pst=-15 total=-31815
DEBUG: evaluate returned crazy score! stand_pat=31815
DEBUG: child returned INF! depth=1 score=-30000
DEBUG EVAL: material=-31800 pst=-25 total=-31825
DEBUG: evaluate returned crazy score! stand_pat=31825
DEBUG: child returned INF! depth=1 score=-30000
DEBUG EVAL: material=-31800 pst=-25 total=-31825
DEBUG: evaluate returned crazy score! stand_pat=31825
DEBUG: child returned INF! depth=1 score=-30000
DEBUG EVAL: material=-31800 pst=-25 total=-31825
DEBUG: evaluate returned crazy score! stand_pat=31825
DEBUG: child returned INF! depth=1 score=-30000
DEBUG EVAL: material=-31800 pst=-25 total=-31825
DEBUG: evaluate returned crazy score! stand_pat=31825
DEBUG: child returned INF! depth=1 score=-30000
DEBUG EVAL: material=-31800 pst=-25 total=-31825
DEBUG: evaluate returned crazy score! stand_pat=31825
DEBUG: child returned INF! depth=1 score=-30000
DEBUG EVAL: material=-31800 pst=-25 total=-31825
DEBUG: evaluate returned crazy score! stand_pat=31825
DEBUG: child returned INF! depth=1 score=-30000
DEBUG EVAL: material=-31800 pst=25 total=-31775
DEBUG: evaluate returned crazy score! stand_pat=31775
DEBUG: child returned INF! depth=1 score=-30000
DEBUG: negamax returning -INF! depth=1 ply=5 legal_moves=35 alpha=-30000 beta=90
DEBUG: child returned INF! depth=3 score=-30000
DEBUG EVAL: material=-31800 pst=15 total=-31785
DEBUG: evaluate returned crazy score! stand_pat=31785
DEBUG: child returned INF! depth=1 score=-30000
DEBUG EVAL: material=-31800 pst=50 total=-31750
DEBUG: evaluate returned crazy score! stand_pat=31750
DEBUG: child returned INF! depth=1 score=-30000
DEBUG EVAL: material=-31800 pst=55 total=-31745
DEBUG: evaluate returned crazy score! stand_pat=31745
DEBUG: child returned INF! depth=1 score=-30000
DEBUG EVAL: material=-31800 pst=15 total=-31785
DEBUG: evaluate returned crazy score! stand_pat=31785
DEBUG: child returned INF! depth=1 score=-30000
DEBUG EVAL: material=-31800 pst=25 total=-31775
DEBUG: evaluate returned crazy score! stand_pat=31775
DEBUG: child returned INF! depth=1 score=-30000
DEBUG EVAL: material=-31800 pst=25 total=-31775
DEBUG: evaluate returned crazy score! stand_pat=31775
DEBUG: child returned INF! depth=1 score=-30000
DEBUG EVAL: material=-31800 pst=20 total=-31780
DEBUG: evaluate returned crazy score! stand_pat=31780
DEBUG: child returned INF! depth=1 score=-30000
DEBUG EVAL: material=-31800 pst=5 total=-31795
DEBUG: evaluate returned crazy score! stand_pat=31795
DEBUG: child returned INF! depth=1 score=-30000
DEBUG EVAL: material=-31800 pst=10 total=-31790
DEBUG: evaluate returned crazy score! stand_pat=31790
DEBUG: child returned INF! depth=1 score=-30000
DEBUG EVAL: material=-31800 pst=15 total=-31785
DEBUG: evaluate returned crazy score! stand_pat=31785
DEBUG: child returned INF! depth=1 score=-30000
DEBUG EVAL: material=-31800 pst=10 total=-31790
DEBUG: evaluate returned crazy score! stand_pat=31790
DEBUG: child returned INF! depth=1 score=-30000
DEBUG EVAL: material=-31800 pst=5 total=-31795
DEBUG: evaluate returned crazy score! stand_pat=31795
DEBUG: child returned INF! depth=1 score=-30000
DEBUG EVAL: material=-31800 pst=10 total=-31790
DEBUG: evaluate returned crazy score! stand_pat=31790
DEBUG: child returned INF! depth=1 score=-30000
DEBUG EVAL: material=-31800 pst=15 total=-31785
DEBUG: evaluate returned crazy score! stand_pat=31785
DEBUG: child returned INF! depth=1 score=-30000
DEBUG EVAL: material=-31800 pst=15 total=-31785
DEBUG: evaluate returned crazy score! stand_pat=31785
DEBUG: child returned INF! depth=1 score=-30000
DEBUG EVAL: material=-31800 pst=15 total=-31785
DEBUG: evaluate returned crazy score! stand_pat=31785
DEBUG: child returned INF! depth=1 score=-30000
DEBUG EVAL: material=-31800 pst=15 total=-31785
DEBUG: evaluate returned crazy score! stand_pat=31785
DEBUG: child returned INF! depth=1 score=-30000
DEBUG EVAL: material=-31800 pst=10 total=-31790
DEBUG: evaluate returned crazy score! stand_pat=31790
DEBUG: child returned INF! depth=1 score=-30000
DEBUG EVAL: material=-31800 pst=5 total=-31795
DEBUG: evaluate returned crazy score! stand_pat=31795
DEBUG: child returned INF! depth=1 score=-30000
DEBUG EVAL: material=-31800 pst=5 total=-31795
DEBUG: evaluate returned crazy score! stand_pat=31795
DEBUG: child returned INF! depth=1 score=-30000
DEBUG EVAL: material=-31800 pst=5 total=-31795
DEBUG: evaluate returned crazy score! stand_pat=31795
DEBUG: child returned INF! depth=1 score=-30000
DEBUG EVAL: material=-31800 pst=15 total=-31785
DEBUG: evaluate returned crazy score! stand_pat=31785
DEBUG: child returned INF! depth=1 score=-30000
DEBUG EVAL: material=-31800 pst=25 total=-31775
DEBUG: evaluate returned crazy score! stand_pat=31775
DEBUG: child returned INF! depth=1 score=-30000
DEBUG EVAL: material=-31800 pst=25 total=-31775
DEBUG: evaluate returned crazy score! stand_pat=31775
DEBUG: child returned INF! depth=1 score=-30000
DEBUG EVAL: material=-31800 pst=20 total=-31780
DEBUG: evaluate returned crazy score! stand_pat=31780
DEBUG: child returned INF! depth=1 score=-30000
DEBUG EVAL: material=-31800 pst=5 total=-31795
DEBUG: evaluate returned crazy score! stand_pat=31795
DEBUG: child returned INF! depth=1 score=-30000
DEBUG EVAL: material=-31800 pst=50 total=-31750
DEBUG: evaluate returned crazy score! stand_pat=31750
DEBUG: child returned INF! depth=1 score=-30000
DEBUG EVAL: material=-31800 pst=55 total=-31745
DEBUG: evaluate returned crazy score! stand_pat=31745
DEBUG: child returned INF! depth=1 score=-30000
DEBUG EVAL: material=-31800 pst=15 total=-31785
DEBUG: evaluate returned crazy score! stand_pat=31785
DEBUG: child returned INF! depth=1 score=-30000
DEBUG EVAL: material=-31800 pst=-15 total=-31815
DEBUG: evaluate returned crazy score! stand_pat=31815
DEBUG: child returned INF! depth=1 score=-30000
DEBUG EVAL: material=-31800 pst=-15 total=-31815
DEBUG: evaluate returned crazy score! stand_pat=31815
DEBUG: child returned INF! depth=1 score=-30000
DEBUG EVAL: material=-31800 pst=-15 total=-31815
DEBUG: evaluate returned crazy score! stand_pat=31815
DEBUG: child returned INF! depth=1 score=-30000
DEBUG EVAL: material=-31800 pst=-15 total=-31815
DEBUG: evaluate returned crazy score! stand_pat=31815
DEBUG: child returned INF! depth=1 score=-30000
DEBUG EVAL: material=-31800 pst=-15 total=-31815
DEBUG: evaluate returned crazy score! stand_pat=31815
DEBUG: child returned INF! depth=1 score=-30000
DEBUG EVAL: material=-31800 pst=-15 total=-31815
DEBUG: evaluate returned crazy score! stand_pat=31815
DEBUG: child returned INF! depth=1 score=-30000
DEBUG EVAL: material=-31800 pst=-15 total=-31815
DEBUG: evaluate returned crazy score! stand_pat=31815
DEBUG: child returned INF! depth=1 score=-30000
DEBUG EVAL: material=-31800 pst=-15 total=-31815
DEBUG: evaluate returned crazy score! stand_pat=31815
DEBUG: child returned INF! depth=1 score=-30000
DEBUG EVAL: material=-31800 pst=-15 total=-31815
DEBUG: evaluate returned crazy score! stand_pat=31815
DEBUG: child returned INF! depth=1 score=-30000
DEBUG EVAL: material=-31800 pst=-15 total=-31815
DEBUG: evaluate returned crazy score! stand_pat=31815
DEBUG: child returned INF! depth=1 score=-30000
DEBUG EVAL: material=-31800 pst=-15 total=-31815
DEBUG: evaluate returned crazy score! stand_pat=31815
DEBUG: child returned INF! depth=1 score=-30000
DEBUG EVAL: material=-31800 pst=-15 total=-31815
DEBUG: evaluate returned crazy score! stand_pat=31815
DEBUG: child returned INF! depth=1 score=-30000
DEBUG: negamax returning -INF! depth=1 ply=5 legal_moves=41 alpha=-30000 beta=90
DEBUG: child returned INF! depth=3 score=-30000
DEBUG EVAL: material=-31700 pst=15 total=-31685
DEBUG: evaluate returned crazy score! stand_pat=31685
DEBUG: child returned INF! depth=1 score=-30000
DEBUG EVAL: material=-31800 pst=35 total=-31765
DEBUG: evaluate returned crazy score! stand_pat=31765
DEBUG: child returned INF! depth=1 score=-30000
DEBUG EVAL: material=-31800 pst=70 total=-31730
DEBUG: evaluate returned crazy score! stand_pat=31730
DEBUG: child returned INF! depth=1 score=-30000
DEBUG EVAL: material=-31800 pst=30 total=-31770
DEBUG: evaluate returned crazy score! stand_pat=31770
DEBUG: child returned INF! depth=1 score=-30000
DEBUG EVAL: material=-31800 pst=30 total=-31770
DEBUG: evaluate returned crazy score! stand_pat=31770
DEBUG: child returned INF! depth=1 score=-30000
DEBUG EVAL: material=-31800 pst=25 total=-31775
DEBUG: evaluate returned crazy score! stand_pat=31775
DEBUG: child returned INF! depth=1 score=-30000
DEBUG EVAL: material=-31800 pst=20 total=-31780
DEBUG: evaluate returned crazy score! stand_pat=31780
DEBUG: child returned INF! depth=1 score=-30000
DEBUG EVAL: material=-31800 pst=30 total=-31770
DEBUG: evaluate returned crazy score! stand_pat=31770
DEBUG: child returned INF! depth=1 score=-30000
DEBUG EVAL: material=-31800 pst=35 total=-31765
DEBUG: evaluate returned crazy score! stand_pat=31765
DEBUG: child returned INF! depth=1 score=-30000
DEBUG EVAL: material=-31800 pst=35 total=-31765
DEBUG: evaluate returned crazy score! stand_pat=31765
DEBUG: child returned INF! depth=1 score=-30000
DEBUG EVAL: material=-31800 pst=35 total=-31765
DEBUG: evaluate returned crazy score! stand_pat=31765
DEBUG: child returned INF! depth=1 score=-30000
DEBUG EVAL: material=-31800 pst=35 total=-31765
DEBUG: evaluate returned crazy score! stand_pat=31765
DEBUG: child returned INF! depth=1 score=-30000
DEBUG EVAL: material=-31800 pst=30 total=-31770
DEBUG: evaluate returned crazy score! stand_pat=31770
DEBUG: child returned INF! depth=1 score=-30000
DEBUG EVAL: material=-31800 pst=25 total=-31775
DEBUG: evaluate returned crazy score! stand_pat=31775
DEBUG: child returned INF! depth=1 score=-30000
DEBUG EVAL: material=-31800 pst=25 total=-31775
DEBUG: evaluate returned crazy score! stand_pat=31775
DEBUG: child returned INF! depth=1 score=-30000
DEBUG EVAL: material=-31800 pst=25 total=-31775
DEBUG: evaluate returned crazy score! stand_pat=31775
DEBUG: child returned INF! depth=1 score=-30000
DEBUG EVAL: material=-31800 pst=35 total=-31765
DEBUG: evaluate returned crazy score! stand_pat=31765
DEBUG: child returned INF! depth=1 score=-30000
DEBUG EVAL: material=-31800 pst=45 total=-31755
DEBUG: evaluate returned crazy score! stand_pat=31755
DEBUG: child returned INF! depth=1 score=-30000
DEBUG EVAL: material=-31800 pst=45 total=-31755
DEBUG: evaluate returned crazy score! stand_pat=31755
DEBUG: child returned INF! depth=1 score=-30000
DEBUG EVAL: material=-31800 pst=40 total=-31760
DEBUG: evaluate returned crazy score! stand_pat=31760
DEBUG: child returned INF! depth=1 score=-30000
DEBUG EVAL: material=-31800 pst=70 total=-31730
DEBUG: evaluate returned crazy score! stand_pat=31730
DEBUG: child returned INF! depth=1 score=-30000
DEBUG EVAL: material=-31800 pst=35 total=-31765
DEBUG: evaluate returned crazy score! stand_pat=31765
DEBUG: child returned INF! depth=1 score=-30000
DEBUG EVAL: material=-31800 pst=75 total=-31725
DEBUG: evaluate returned crazy score! stand_pat=31725
DEBUG: child returned INF! depth=1 score=-30000
DEBUG EVAL: material=-31800 pst=35 total=-31765
DEBUG: evaluate returned crazy score! stand_pat=31765
DEBUG: child returned INF! depth=1 score=-30000
DEBUG EVAL: material=-31800 pst=5 total=-31795
DEBUG: evaluate returned crazy score! stand_pat=31795
DEBUG: child returned INF! depth=1 score=-30000
DEBUG EVAL: material=-31800 pst=5 total=-31795
DEBUG: evaluate returned crazy score! stand_pat=31795
DEBUG: child returned INF! depth=1 score=-30000
DEBUG EVAL: material=-31800 pst=5 total=-31795
DEBUG: evaluate returned crazy score! stand_pat=31795
DEBUG: child returned INF! depth=1 score=-30000
DEBUG EVAL: material=-31800 pst=5 total=-31795
DEBUG: evaluate returned crazy score! stand_pat=31795
DEBUG: child returned INF! depth=1 score=-30000
DEBUG EVAL: material=-31800 pst=5 total=-31795
DEBUG: evaluate returned crazy score! stand_pat=31795
DEBUG: child returned INF! depth=1 score=-30000
DEBUG EVAL: material=-31800 pst=5 total=-31795
DEBUG: evaluate returned crazy score! stand_pat=31795
DEBUG: child returned INF! depth=1 score=-30000
DEBUG EVAL: material=-31800 pst=5 total=-31795
DEBUG: evaluate returned crazy score! stand_pat=31795
DEBUG: child returned INF! depth=1 score=-30000
DEBUG EVAL: material=-31800 pst=5 total=-31795
DEBUG: evaluate returned crazy score! stand_pat=31795
DEBUG: child returned INF! depth=1 score=-30000
DEBUG EVAL: material=-31800 pst=5 total=-31795
DEBUG: evaluate returned crazy score! stand_pat=31795
DEBUG: child returned INF! depth=1 score=-30000
DEBUG EVAL: material=-31800 pst=5 total=-31795
DEBUG: evaluate returned crazy score! stand_pat=31795
DEBUG: child returned INF! depth=1 score=-30000
DEBUG EVAL: material=-31800 pst=15 total=-31785
DEBUG: evaluate returned crazy score! stand_pat=31785
DEBUG: child returned INF! depth=1 score=-30000
DEBUG EVAL: material=-31800 pst=15 total=-31785
DEBUG: evaluate returned crazy score! stand_pat=31785
DEBUG: child returned INF! depth=1 score=-30000
DEBUG EVAL: material=-31800 pst=5 total=-31795
DEBUG: evaluate returned crazy score! stand_pat=31795
DEBUG: child returned INF! depth=1 score=-30000
DEBUG EVAL: material=-31800 pst=25 total=-31775
DEBUG: evaluate returned crazy score! stand_pat=31775
DEBUG: child returned INF! depth=1 score=-30000
DEBUG EVAL: material=-31800 pst=25 total=-31775
DEBUG: evaluate returned crazy score! stand_pat=31775
DEBUG: child returned INF! depth=1 score=-30000
DEBUG EVAL: material=-31800 pst=20 total=-31780
DEBUG: evaluate returned crazy score! stand_pat=31780
DEBUG: child returned INF! depth=1 score=-30000
DEBUG EVAL: material=-31800 pst=25 total=-31775
DEBUG: evaluate returned crazy score! stand_pat=31775
DEBUG: child returned INF! depth=1 score=-30000
DEBUG: negamax returning -INF! depth=1 ply=5 legal_moves=41 alpha=-30000 beta=90
DEBUG: child returned INF! depth=3 score=-30000
DEBUG EVAL: material=-31470 pst=-5 total=-31475
DEBUG: evaluate returned crazy score! stand_pat=31475
DEBUG: child returned INF! depth=1 score=-30000
DEBUG EVAL: material=-31800 pst=25 total=-31775
DEBUG: evaluate returned crazy score! stand_pat=31775
DEBUG: child returned INF! depth=1 score=-30000
DEBUG EVAL: material=-31800 pst=60 total=-31740
DEBUG: evaluate returned crazy score! stand_pat=31740
DEBUG: child returned INF! depth=1 score=-30000
DEBUG EVAL: material=-31800 pst=20 total=-31780
DEBUG: evaluate returned crazy score! stand_pat=31780
DEBUG: child returned INF! depth=1 score=-30000
DEBUG EVAL: material=-31800 pst=25 total=-31775
DEBUG: evaluate returned crazy score! stand_pat=31775
DEBUG: child returned INF! depth=1 score=-30000
DEBUG EVAL: material=-31800 pst=20 total=-31780
DEBUG: evaluate returned crazy score! stand_pat=31780
DEBUG: child returned INF! depth=1 score=-30000
DEBUG EVAL: material=-31800 pst=15 total=-31785
DEBUG: evaluate returned crazy score! stand_pat=31785
DEBUG: child returned INF! depth=1 score=-30000
DEBUG EVAL: material=-31800 pst=10 total=-31790
DEBUG: evaluate returned crazy score! stand_pat=31790
DEBUG: child returned INF! depth=1 score=-30000
DEBUG EVAL: material=-31800 pst=20 total=-31780
DEBUG: evaluate returned crazy score! stand_pat=31780
DEBUG: child returned INF! depth=1 score=-30000
DEBUG EVAL: material=-31800 pst=25 total=-31775
DEBUG: evaluate returned crazy score! stand_pat=31775
DEBUG: child returned INF! depth=1 score=-30000
DEBUG EVAL: material=-31800 pst=25 total=-31775
DEBUG: evaluate returned crazy score! stand_pat=31775
DEBUG: child returned INF! depth=1 score=-30000
DEBUG EVAL: material=-31800 pst=25 total=-31775
DEBUG: evaluate returned crazy score! stand_pat=31775
DEBUG: child returned INF! depth=1 score=-30000
DEBUG EVAL: material=-31800 pst=25 total=-31775
DEBUG: evaluate returned crazy score! stand_pat=31775
DEBUG: child returned INF! depth=1 score=-30000
DEBUG EVAL: material=-31800 pst=20 total=-31780
DEBUG: evaluate returned crazy score! stand_pat=31780
DEBUG: child returned INF! depth=1 score=-30000
DEBUG EVAL: material=-31800 pst=15 total=-31785
DEBUG: evaluate returned crazy score! stand_pat=31785
DEBUG: child returned INF! depth=1 score=-30000
DEBUG EVAL: material=-31800 pst=15 total=-31785
DEBUG: evaluate returned crazy score! stand_pat=31785
DEBUG: child returned INF! depth=1 score=-30000
DEBUG EVAL: material=-31800 pst=15 total=-31785
DEBUG: evaluate returned crazy score! stand_pat=31785
DEBUG: child returned INF! depth=1 score=-30000
DEBUG EVAL: material=-31800 pst=25 total=-31775
DEBUG: evaluate returned crazy score! stand_pat=31775
DEBUG: child returned INF! depth=1 score=-30000
DEBUG EVAL: material=-31800 pst=35 total=-31765
DEBUG: evaluate returned crazy score! stand_pat=31765
DEBUG: child returned INF! depth=1 score=-30000
DEBUG EVAL: material=-31800 pst=35 total=-31765
DEBUG: evaluate returned crazy score! stand_pat=31765
DEBUG: child returned INF! depth=1 score=-30000
DEBUG EVAL: material=-31800 pst=30 total=-31770
DEBUG: evaluate returned crazy score! stand_pat=31770
DEBUG: child returned INF! depth=1 score=-30000
DEBUG EVAL: material=-31800 pst=15 total=-31785
DEBUG: evaluate returned crazy score! stand_pat=31785
DEBUG: child returned INF! depth=1 score=-30000
DEBUG EVAL: material=-31800 pst=65 total=-31735
DEBUG: evaluate returned crazy score! stand_pat=31735
DEBUG: child returned INF! depth=1 score=-30000
DEBUG EVAL: material=-31800 pst=65 total=-31735
DEBUG: evaluate returned crazy score! stand_pat=31735
DEBUG: child returned INF! depth=1 score=-30000
DEBUG EVAL: material=-31800 pst=25 total=-31775
DEBUG: evaluate returned crazy score! stand_pat=31775
DEBUG: child returned INF! depth=1 score=-30000
DEBUG EVAL: material=-31800 pst=-5 total=-31805
DEBUG: evaluate returned crazy score! stand_pat=31805
DEBUG: child returned INF! depth=1 score=-30000
DEBUG EVAL: material=-31800 pst=-5 total=-31805
DEBUG: evaluate returned crazy score! stand_pat=31805
DEBUG: child returned INF! depth=1 score=-30000
DEBUG EVAL: material=-31800 pst=-5 total=-31805
DEBUG: evaluate returned crazy score! stand_pat=31805
DEBUG: child returned INF! depth=1 score=-30000
DEBUG EVAL: material=-31800 pst=-5 total=-31805
DEBUG: evaluate returned crazy score! stand_pat=31805
DEBUG: child returned INF! depth=1 score=-30000
DEBUG EVAL: material=-31800 pst=-5 total=-31805
DEBUG: evaluate returned crazy score! stand_pat=31805
DEBUG: child returned INF! depth=1 score=-30000
DEBUG EVAL: material=-31800 pst=-5 total=-31805
DEBUG: evaluate returned crazy score! stand_pat=31805
DEBUG: child returned INF! depth=1 score=-30000
DEBUG EVAL: material=-31800 pst=-5 total=-31805
DEBUG: evaluate returned crazy score! stand_pat=31805
DEBUG: child returned INF! depth=1 score=-30000
DEBUG EVAL: material=-31800 pst=-5 total=-31805
DEBUG: evaluate returned crazy score! stand_pat=31805
DEBUG: child returned INF! depth=1 score=-30000
DEBUG EVAL: material=-31800 pst=-5 total=-31805
DEBUG: evaluate returned crazy score! stand_pat=31805
DEBUG: child returned INF! depth=1 score=-30000
DEBUG EVAL: material=-31800 pst=-5 total=-31805
DEBUG: evaluate returned crazy score! stand_pat=31805
DEBUG: child returned INF! depth=1 score=-30000
DEBUG EVAL: material=-31800 pst=-5 total=-31805
DEBUG: evaluate returned crazy score! stand_pat=31805
DEBUG: child returned INF! depth=1 score=-30000
DEBUG EVAL: material=-31800 pst=5 total=-31795
DEBUG: evaluate returned crazy score! stand_pat=31795
DEBUG: child returned INF! depth=1 score=-30000
DEBUG EVAL: material=-31800 pst=25 total=-31775
DEBUG: evaluate returned crazy score! stand_pat=31775
DEBUG: child returned INF! depth=1 score=-30000
DEBUG EVAL: material=-31800 pst=15 total=-31785
DEBUG: evaluate returned crazy score! stand_pat=31785
DEBUG: child returned INF! depth=1 score=-30000
DEBUG EVAL: material=-31800 pst=5 total=-31795
DEBUG: evaluate returned crazy score! stand_pat=31795
DEBUG: child returned INF! depth=1 score=-30000
DEBUG EVAL: material=-31800 pst=20 total=-31780
DEBUG: evaluate returned crazy score! stand_pat=31780
DEBUG: child returned INF! depth=1 score=-30000
DEBUG EVAL: material=-31800 pst=25 total=-31775
DEBUG: evaluate returned crazy score! stand_pat=31775
DEBUG: child returned INF! depth=1 score=-30000
DEBUG EVAL: material=-31800 pst=15 total=-31785
DEBUG: evaluate returned crazy score! stand_pat=31785
DEBUG: child returned INF! depth=1 score=-30000
DEBUG EVAL: material=-31800 pst=60 total=-31740
DEBUG: evaluate returned crazy score! stand_pat=31740
DEBUG: child returned INF! depth=1 score=-30000
DEBUG: negamax returning -INF! depth=1 ply=5 legal_moves=44 alpha=-30000 beta=90
DEBUG: child returned INF! depth=3 score=-30000
DEBUG EVAL: material=-31800 pst=15 total=-31785
DEBUG: evaluate returned crazy score! stand_pat=31785
DEBUG: child returned INF! depth=1 score=-30000
DEBUG EVAL: material=-31800 pst=50 total=-31750
DEBUG: evaluate returned crazy score! stand_pat=31750
DEBUG: child returned INF! depth=1 score=-30000
DEBUG EVAL: material=-31800 pst=55 total=-31745
DEBUG: evaluate returned crazy score! stand_pat=31745
DEBUG: child returned INF! depth=1 score=-30000
DEBUG EVAL: material=-31800 pst=10 total=-31790
DEBUG: evaluate returned crazy score! stand_pat=31790
DEBUG: child returned INF! depth=1 score=-30000
DEBUG EVAL: material=-31800 pst=15 total=-31785
DEBUG: evaluate returned crazy score! stand_pat=31785
DEBUG: child returned INF! depth=1 score=-30000
DEBUG EVAL: material=-31800 pst=10 total=-31790
DEBUG: evaluate returned crazy score! stand_pat=31790
DEBUG: child returned INF! depth=1 score=-30000
DEBUG EVAL: material=-31800 pst=5 total=-31795
DEBUG: evaluate returned crazy score! stand_pat=31795
DEBUG: child returned INF! depth=1 score=-30000
DEBUG EVAL: material=-31800 pst=0 total=-31800
DEBUG: evaluate returned crazy score! stand_pat=31800
DEBUG: child returned INF! depth=1 score=-30000
DEBUG EVAL: material=-31800 pst=10 total=-31790
DEBUG: evaluate returned crazy score! stand_pat=31790
DEBUG: child returned INF! depth=1 score=-30000
DEBUG EVAL: material=-31800 pst=15 total=-31785
DEBUG: evaluate returned crazy score! stand_pat=31785
DEBUG: child returned INF! depth=1 score=-30000
DEBUG EVAL: material=-31800 pst=15 total=-31785
DEBUG: evaluate returned crazy score! stand_pat=31785
DEBUG: child returned INF! depth=1 score=-30000
DEBUG EVAL: material=-31800 pst=15 total=-31785
DEBUG: evaluate returned crazy score! stand_pat=31785
DEBUG: child returned INF! depth=1 score=-30000
DEBUG EVAL: material=-31800 pst=15 total=-31785
DEBUG: evaluate returned crazy score! stand_pat=31785
DEBUG: child returned INF! depth=1 score=-30000
DEBUG EVAL: material=-31800 pst=10 total=-31790
DEBUG: evaluate returned crazy score! stand_pat=31790
DEBUG: child returned INF! depth=1 score=-30000
DEBUG EVAL: material=-31800 pst=5 total=-31795
DEBUG: evaluate returned crazy score! stand_pat=31795
DEBUG: child returned INF! depth=1 score=-30000
DEBUG EVAL: material=-31800 pst=5 total=-31795
DEBUG: evaluate returned crazy score! stand_pat=31795
DEBUG: child returned INF! depth=1 score=-30000
DEBUG EVAL: material=-31800 pst=5 total=-31795
DEBUG: evaluate returned crazy score! stand_pat=31795
DEBUG: child returned INF! depth=1 score=-30000
DEBUG EVAL: material=-31800 pst=15 total=-31785
DEBUG: evaluate returned crazy score! stand_pat=31785
DEBUG: child returned INF! depth=1 score=-30000
DEBUG EVAL: material=-31800 pst=25 total=-31775
DEBUG: evaluate returned crazy score! stand_pat=31775
DEBUG: child returned INF! depth=1 score=-30000
DEBUG EVAL: material=-31800 pst=25 total=-31775
DEBUG: evaluate returned crazy score! stand_pat=31775
DEBUG: child returned INF! depth=1 score=-30000
DEBUG EVAL: material=-31800 pst=20 total=-31780
DEBUG: evaluate returned crazy score! stand_pat=31780
DEBUG: child returned INF! depth=1 score=-30000
DEBUG EVAL: material=-31800 pst=5 total=-31795
DEBUG: evaluate returned crazy score! stand_pat=31795
DEBUG: child returned INF! depth=1 score=-30000
DEBUG EVAL: material=-31800 pst=50 total=-31750
DEBUG: evaluate returned crazy score! stand_pat=31750
DEBUG: child returned INF! depth=1 score=-30000
DEBUG EVAL: material=-31800 pst=55 total=-31745
DEBUG: evaluate returned crazy score! stand_pat=31745
DEBUG: child returned INF! depth=1 score=-30000
DEBUG EVAL: material=-31800 pst=15 total=-31785
DEBUG: evaluate returned crazy score! stand_pat=31785
DEBUG: child returned INF! depth=1 score=-30000
DEBUG EVAL: material=-31800 pst=-15 total=-31815
DEBUG: evaluate returned crazy score! stand_pat=31815
DEBUG: child returned INF! depth=1 score=-30000
DEBUG EVAL: material=-31800 pst=-15 total=-31815
DEBUG: evaluate returned crazy score! stand_pat=31815
DEBUG: child returned INF! depth=1 score=-30000
DEBUG EVAL: material=-31800 pst=-15 total=-31815
DEBUG: evaluate returned crazy score! stand_pat=31815
DEBUG: child returned INF! depth=1 score=-30000
DEBUG EVAL: material=-31800 pst=-15 total=-31815
DEBUG: evaluate returned crazy score! stand_pat=31815
DEBUG: child returned INF! depth=1 score=-30000
DEBUG EVAL: material=-31800 pst=-15 total=-31815
DEBUG: evaluate returned crazy score! stand_pat=31815
DEBUG: child returned INF! depth=1 score=-30000
DEBUG EVAL: material=-31800 pst=-15 total=-31815
DEBUG: evaluate returned crazy score! stand_pat=31815
DEBUG: child returned INF! depth=1 score=-30000
DEBUG EVAL: material=-31800 pst=-15 total=-31815
DEBUG: evaluate returned crazy score! stand_pat=31815
DEBUG: child returned INF! depth=1 score=-30000
DEBUG EVAL: material=-31800 pst=-15 total=-31815
DEBUG: evaluate returned crazy score! stand_pat=31815
DEBUG: child returned INF! depth=1 score=-30000
DEBUG EVAL: material=-31800 pst=-15 total=-31815
DEBUG: evaluate returned crazy score! stand_pat=31815
DEBUG: child returned INF! depth=1 score=-30000
DEBUG EVAL: material=-31800 pst=-15 total=-31815
DEBUG: evaluate returned crazy score! stand_pat=31815
DEBUG: child returned INF! depth=1 score=-30000
DEBUG EVAL: material=-31800 pst=-15 total=-31815
DEBUG: evaluate returned crazy score! stand_pat=31815
DEBUG: child returned INF! depth=1 score=-30000
DEBUG EVAL: material=-31800 pst=-15 total=-31815
DEBUG: evaluate returned crazy score! stand_pat=31815
DEBUG: child returned INF! depth=1 score=-30000
DEBUG EVAL: material=-31800 pst=15 total=-31785
DEBUG: evaluate returned crazy score! stand_pat=31785
DEBUG: child returned INF! depth=1 score=-30000
DEBUG EVAL: material=-31800 pst=25 total=-31775
DEBUG: evaluate returned crazy score! stand_pat=31775
DEBUG: child returned INF! depth=1 score=-30000
DEBUG EVAL: material=-31800 pst=15 total=-31785
DEBUG: evaluate returned crazy score! stand_pat=31785
DEBUG: child returned INF! depth=1 score=-30000
DEBUG EVAL: material=-31800 pst=15 total=-31785
DEBUG: evaluate returned crazy score! stand_pat=31785
DEBUG: child returned INF! depth=1 score=-30000
DEBUG EVAL: material=-31800 pst=15 total=-31785
DEBUG: evaluate returned crazy score! stand_pat=31785
DEBUG: child returned INF! depth=1 score=-30000
DEBUG EVAL: material=-31800 pst=5 total=-31795
DEBUG: evaluate returned crazy score! stand_pat=31795
DEBUG: child returned INF! depth=1 score=-30000
DEBUG: negamax returning -INF! depth=1 ply=5 legal_moves=43 alpha=-30000 beta=90
DEBUG: child returned INF! depth=3 score=-30000
DEBUG EVAL: material=-31700 pst=5 total=-31695
DEBUG: evaluate returned crazy score! stand_pat=31695
DEBUG: child returned INF! depth=1 score=-30000
DEBUG EVAL: material=-31800 pst=35 total=-31765
DEBUG: evaluate returned crazy score! stand_pat=31765
DEBUG: child returned INF! depth=1 score=-30000
DEBUG EVAL: material=-31800 pst=70 total=-31730
DEBUG: evaluate returned crazy score! stand_pat=31730
DEBUG: child returned INF! depth=1 score=-30000
DEBUG EVAL: material=-31800 pst=30 total=-31770
DEBUG: evaluate returned crazy score! stand_pat=31770
DEBUG: child returned INF! depth=1 score=-30000
DEBUG EVAL: material=-31800 pst=75 total=-31725
DEBUG: evaluate returned crazy score! stand_pat=31725
DEBUG: child returned INF! depth=1 score=-30000
DEBUG EVAL: material=-31800 pst=30 total=-31770
DEBUG: evaluate returned crazy score! stand_pat=31770
DEBUG: child returned INF! depth=1 score=-30000
DEBUG EVAL: material=-31800 pst=25 total=-31775
DEBUG: evaluate returned crazy score! stand_pat=31775
DEBUG: child returned INF! depth=1 score=-30000
DEBUG EVAL: material=-31800 pst=20 total=-31780
DEBUG: evaluate returned crazy score! stand_pat=31780
DEBUG: child returned INF! depth=1 score=-30000
DEBUG EVAL: material=-31800 pst=30 total=-31770
DEBUG: evaluate returned crazy score! stand_pat=31770
DEBUG: child returned INF! depth=1 score=-30000
DEBUG EVAL: material=-31800 pst=35 total=-31765
DEBUG: evaluate returned crazy score! stand_pat=31765
DEBUG: child returned INF! depth=1 score=-30000
DEBUG EVAL: material=-31800 pst=35 total=-31765
DEBUG: evaluate returned crazy score! stand_pat=31765
DEBUG: child returned INF! depth=1 score=-30000
DEBUG EVAL: material=-31800 pst=35 total=-31765
DEBUG: evaluate returned crazy score! stand_pat=31765
DEBUG: child returned INF! depth=1 score=-30000
DEBUG EVAL: material=-31800 pst=35 total=-31765
DEBUG: evaluate returned crazy score! stand_pat=31765
DEBUG: child returned INF! depth=1 score=-30000
DEBUG EVAL: material=-31800 pst=30 total=-31770
DEBUG: evaluate returned crazy score! stand_pat=31770
DEBUG: child returned INF! depth=1 score=-30000
DEBUG EVAL: material=-31800 pst=25 total=-31775
DEBUG: evaluate returned crazy score! stand_pat=31775
DEBUG: child returned INF! depth=1 score=-30000
DEBUG EVAL: material=-31800 pst=25 total=-31775
DEBUG: evaluate returned crazy score! stand_pat=31775
DEBUG: child returned INF! depth=1 score=-30000
DEBUG EVAL: material=-31800 pst=25 total=-31775
DEBUG: evaluate returned crazy score! stand_pat=31775
DEBUG: child returned INF! depth=1 score=-30000
DEBUG EVAL: material=-31800 pst=35 total=-31765
DEBUG: evaluate returned crazy score! stand_pat=31765
DEBUG: child returned INF! depth=1 score=-30000
DEBUG EVAL: material=-31800 pst=45 total=-31755
DEBUG: evaluate returned crazy score! stand_pat=31755
DEBUG: child returned INF! depth=1 score=-30000
DEBUG EVAL: material=-31800 pst=45 total=-31755
DEBUG: evaluate returned crazy score! stand_pat=31755
DEBUG: child returned INF! depth=1 score=-30000
DEBUG EVAL: material=-31800 pst=40 total=-31760
DEBUG: evaluate returned crazy score! stand_pat=31760
DEBUG: child returned INF! depth=1 score=-30000
DEBUG EVAL: material=-31800 pst=25 total=-31775
DEBUG: evaluate returned crazy score! stand_pat=31775
DEBUG: child returned INF! depth=1 score=-30000
DEBUG EVAL: material=-31800 pst=35 total=-31765
DEBUG: evaluate returned crazy score! stand_pat=31765
DEBUG: child returned INF! depth=1 score=-30000
DEBUG EVAL: material=-31800 pst=75 total=-31725
DEBUG: evaluate returned crazy score! stand_pat=31725
DEBUG: child returned INF! depth=1 score=-30000
DEBUG EVAL: material=-31800 pst=35 total=-31765
DEBUG: evaluate returned crazy score! stand_pat=31765
DEBUG: child returned INF! depth=1 score=-30000
DEBUG EVAL: material=-31800 pst=5 total=-31795
DEBUG: evaluate returned crazy score! stand_pat=31795
DEBUG: child returned INF! depth=1 score=-30000
DEBUG EVAL: material=-31800 pst=5 total=-31795
DEBUG: evaluate returned crazy score! stand_pat=31795
DEBUG: child returned INF! depth=1 score=-30000
DEBUG EVAL: material=-31800 pst=5 total=-31795
DEBUG: evaluate returned crazy score! stand_pat=31795
DEBUG: child returned INF! depth=1 score=-30000
DEBUG EVAL: material=-31800 pst=5 total=-31795
DEBUG: evaluate returned crazy score! stand_pat=31795
DEBUG: child returned INF! depth=1 score=-30000
DEBUG EVAL: material=-31800 pst=5 total=-31795
DEBUG: evaluate returned crazy score! stand_pat=31795
DEBUG: child returned INF! depth=1 score=-30000
DEBUG EVAL: material=-31800 pst=5 total=-31795
DEBUG: evaluate returned crazy score! stand_pat=31795
DEBUG: child returned INF! depth=1 score=-30000
DEBUG EVAL: material=-31800 pst=5 total=-31795
DEBUG: evaluate returned crazy score! stand_pat=31795
DEBUG: child returned INF! depth=1 score=-30000
DEBUG EVAL: material=-31800 pst=5 total=-31795
DEBUG: evaluate returned crazy score! stand_pat=31795
DEBUG: child returned INF! depth=1 score=-30000
DEBUG EVAL: material=-31800 pst=5 total=-31795
DEBUG: evaluate returned crazy score! stand_pat=31795
DEBUG: child returned INF! depth=1 score=-30000
DEBUG EVAL: material=-31800 pst=5 total=-31795
DEBUG: evaluate returned crazy score! stand_pat=31795
DEBUG: child returned INF! depth=1 score=-30000
DEBUG EVAL: material=-31800 pst=5 total=-31795
DEBUG: evaluate returned crazy score! stand_pat=31795
DEBUG: child returned INF! depth=1 score=-30000
DEBUG EVAL: material=-31800 pst=5 total=-31795
DEBUG: evaluate returned crazy score! stand_pat=31795
DEBUG: child returned INF! depth=1 score=-30000
DEBUG EVAL: material=-31800 pst=15 total=-31785
DEBUG: evaluate returned crazy score! stand_pat=31785
DEBUG: child returned INF! depth=1 score=-30000
DEBUG EVAL: material=-31800 pst=5 total=-31795
DEBUG: evaluate returned crazy score! stand_pat=31795
DEBUG: child returned INF! depth=1 score=-30000
DEBUG EVAL: material=-31800 pst=25 total=-31775
DEBUG: evaluate returned crazy score! stand_pat=31775
DEBUG: child returned INF! depth=1 score=-30000
DEBUG EVAL: material=-31800 pst=20 total=-31780
DEBUG: evaluate returned crazy score! stand_pat=31780
DEBUG: child returned INF! depth=1 score=-30000
DEBUG EVAL: material=-31800 pst=15 total=-31785
DEBUG: evaluate returned crazy score! stand_pat=31785
DEBUG: child returned INF! depth=1 score=-30000
DEBUG EVAL: material=-31800 pst=70 total=-31730
DEBUG: evaluate returned crazy score! stand_pat=31730
DEBUG: child returned INF! depth=1 score=-30000
DEBUG EVAL: material=-31800 pst=25 total=-31775
DEBUG: evaluate returned crazy score! stand_pat=31775
DEBUG: child returned INF! depth=1 score=-30000
DEBUG EVAL: material=-31800 pst=20 total=-31780
DEBUG: evaluate returned crazy score! stand_pat=31780
DEBUG: child returned INF! depth=1 score=-30000
DEBUG EVAL: material=-31800 pst=5 total=-31795
DEBUG: evaluate returned crazy score! stand_pat=31795
DEBUG: child returned INF! depth=1 score=-30000
DEBUG: negamax returning -INF! depth=1 ply=5 legal_moves=46 alpha=-30000 beta=90
DEBUG: child returned INF! depth=3 score=-30000
DEBUG EVAL: material=-31480 pst=-35 total=-31515
DEBUG: evaluate returned crazy score! stand_pat=31515
DEBUG: child returned INF! depth=1 score=-30000
DEBUG EVAL: material=-31800 pst=35 total=-31765
DEBUG: evaluate returned crazy score! stand_pat=31765
DEBUG: child returned INF! depth=1 score=-30000
DEBUG EVAL: material=-31800 pst=70 total=-31730
DEBUG: evaluate returned crazy score! stand_pat=31730
DEBUG: child returned INF! depth=1 score=-30000
DEBUG EVAL: material=-31800 pst=30 total=-31770
DEBUG: evaluate returned crazy score! stand_pat=31770
DEBUG: child returned INF! depth=1 score=-30000
DEBUG EVAL: material=-31800 pst=75 total=-31725
DEBUG: evaluate returned crazy score! stand_pat=31725
DEBUG: child returned INF! depth=1 score=-30000
DEBUG EVAL: material=-31800 pst=30 total=-31770
DEBUG: evaluate returned crazy score! stand_pat=31770
DEBUG: child returned INF! depth=1 score=-30000
DEBUG EVAL: material=-31800 pst=25 total=-31775
DEBUG: evaluate returned crazy score! stand_pat=31775
DEBUG: child returned INF! depth=1 score=-30000
DEBUG EVAL: material=-31800 pst=20 total=-31780
DEBUG: evaluate returned crazy score! stand_pat=31780
DEBUG: child returned INF! depth=1 score=-30000
DEBUG EVAL: material=-31800 pst=30 total=-31770
DEBUG: evaluate returned crazy score! stand_pat=31770
DEBUG: child returned INF! depth=1 score=-30000
DEBUG EVAL: material=-31800 pst=35 total=-31765
DEBUG: evaluate returned crazy score! stand_pat=31765
DEBUG: child returned INF! depth=1 score=-30000
DEBUG EVAL: material=-31800 pst=35 total=-31765
DEBUG: evaluate returned crazy score! stand_pat=31765
DEBUG: child returned INF! depth=1 score=-30000
DEBUG EVAL: material=-31800 pst=35 total=-31765
DEBUG: evaluate returned crazy score! stand_pat=31765
DEBUG: child returned INF! depth=1 score=-30000
DEBUG EVAL: material=-31800 pst=35 total=-31765
DEBUG: evaluate returned crazy score! stand_pat=31765
DEBUG: child returned INF! depth=1 score=-30000
DEBUG EVAL: material=-31800 pst=30 total=-31770
DEBUG: evaluate returned crazy score! stand_pat=31770
DEBUG: child returned INF! depth=1 score=-30000
DEBUG EVAL: material=-31800 pst=25 total=-31775
DEBUG: evaluate returned crazy score! stand_pat=31775
DEBUG: child returned INF! depth=1 score=-30000
DEBUG EVAL: material=-31800 pst=25 total=-31775
DEBUG: evaluate returned crazy score! stand_pat=31775
DEBUG: child returned INF! depth=1 score=-30000
DEBUG EVAL: material=-31800 pst=25 total=-31775
DEBUG: evaluate returned crazy score! stand_pat=31775
DEBUG: child returned INF! depth=1 score=-30000
DEBUG EVAL: material=-31800 pst=35 total=-31765
DEBUG: evaluate returned crazy score! stand_pat=31765
DEBUG: child returned INF! depth=1 score=-30000
DEBUG EVAL: material=-31800 pst=45 total=-31755
DEBUG: evaluate returned crazy score! stand_pat=31755
DEBUG: child returned INF! depth=1 score=-30000
DEBUG EVAL: material=-31800 pst=45 total=-31755
DEBUG: evaluate returned crazy score! stand_pat=31755
DEBUG: child returned INF! depth=1 score=-30000
DEBUG EVAL: material=-31800 pst=40 total=-31760
DEBUG: evaluate returned crazy score! stand_pat=31760
DEBUG: child returned INF! depth=1 score=-30000
DEBUG EVAL: material=-31800 pst=25 total=-31775
DEBUG: evaluate returned crazy score! stand_pat=31775
DEBUG: child returned INF! depth=1 score=-30000
DEBUG EVAL: material=-31800 pst=35 total=-31765
DEBUG: evaluate returned crazy score! stand_pat=31765
DEBUG: child returned INF! depth=1 score=-30000
DEBUG EVAL: material=-31800 pst=75 total=-31725
DEBUG: evaluate returned crazy score! stand_pat=31725
DEBUG: child returned INF! depth=1 score=-30000
DEBUG EVAL: material=-31800 pst=35 total=-31765
DEBUG: evaluate returned crazy score! stand_pat=31765
DEBUG: child returned INF! depth=1 score=-30000
DEBUG EVAL: material=-31800 pst=5 total=-31795
DEBUG: evaluate returned crazy score! stand_pat=31795
DEBUG: child returned INF! depth=1 score=-30000
DEBUG EVAL: material=-31800 pst=5 total=-31795
DEBUG: evaluate returned crazy score! stand_pat=31795
DEBUG: child returned INF! depth=1 score=-30000
DEBUG EVAL: material=-31800 pst=5 total=-31795
DEBUG: evaluate returned crazy score! stand_pat=31795
DEBUG: child returned INF! depth=1 score=-30000
DEBUG EVAL: material=-31800 pst=5 total=-31795
DEBUG: evaluate returned crazy score! stand_pat=31795
DEBUG: child returned INF! depth=1 score=-30000
DEBUG EVAL: material=-31800 pst=5 total=-31795
DEBUG: evaluate returned crazy score! stand_pat=31795
DEBUG: child returned INF! depth=1 score=-30000
DEBUG EVAL: material=-31800 pst=5 total=-31795
DEBUG: evaluate returned crazy score! stand_pat=31795
DEBUG: child returned INF! depth=1 score=-30000
DEBUG EVAL: material=-31800 pst=5 total=-31795
DEBUG: evaluate returned crazy score! stand_pat=31795
DEBUG: child returned INF! depth=1 score=-30000
DEBUG EVAL: material=-31800 pst=5 total=-31795
DEBUG: evaluate returned crazy score! stand_pat=31795
DEBUG: child returned INF! depth=1 score=-30000
DEBUG EVAL: material=-31800 pst=5 total=-31795
DEBUG: evaluate returned crazy score! stand_pat=31795
DEBUG: child returned INF! depth=1 score=-30000
DEBUG EVAL: material=-31800 pst=5 total=-31795
DEBUG: evaluate returned crazy score! stand_pat=31795
DEBUG: child returned INF! depth=1 score=-30000
DEBUG EVAL: material=-31800 pst=5 total=-31795
DEBUG: evaluate returned crazy score! stand_pat=31795
DEBUG: child returned INF! depth=1 score=-30000
DEBUG EVAL: material=-31800 pst=25 total=-31775
DEBUG: evaluate returned crazy score! stand_pat=31775
DEBUG: child returned INF! depth=1 score=-30000
DEBUG EVAL: material=-31800 pst=15 total=-31785
DEBUG: evaluate returned crazy score! stand_pat=31785
DEBUG: child returned INF! depth=1 score=-30000
DEBUG EVAL: material=-31800 pst=5 total=-31795
DEBUG: evaluate returned crazy score! stand_pat=31795
DEBUG: child returned INF! depth=1 score=-30000
DEBUG EVAL: material=-31800 pst=25 total=-31775
DEBUG: evaluate returned crazy score! stand_pat=31775
DEBUG: child returned INF! depth=1 score=-30000
DEBUG EVAL: material=-31800 pst=25 total=-31775
DEBUG: evaluate returned crazy score! stand_pat=31775
DEBUG: child returned INF! depth=1 score=-30000
DEBUG EVAL: material=-31800 pst=25 total=-31775
DEBUG: evaluate returned crazy score! stand_pat=31775
DEBUG: child returned INF! depth=1 score=-30000
DEBUG EVAL: material=-31800 pst=15 total=-31785
DEBUG: evaluate returned crazy score! stand_pat=31785
DEBUG: child returned INF! depth=1 score=-30000
DEBUG EVAL: material=-31800 pst=70 total=-31730
DEBUG: evaluate returned crazy score! stand_pat=31730
DEBUG: child returned INF! depth=1 score=-30000
DEBUG EVAL: material=-31800 pst=20 total=-31780
DEBUG: evaluate returned crazy score! stand_pat=31780
DEBUG: child returned INF! depth=1 score=-30000
DEBUG EVAL: material=-31800 pst=5 total=-31795
DEBUG: evaluate returned crazy score! stand_pat=31795
DEBUG: child returned INF! depth=1 score=-30000
DEBUG: negamax returning -INF! depth=1 ply=5 legal_moves=46 alpha=-30000 beta=90
DEBUG: child returned INF! depth=3 score=-30000
DEBUG EVAL: material=-31800 pst=30 total=-31770
DEBUG: evaluate returned crazy score! stand_pat=31770
DEBUG: child returned INF! depth=1 score=-30000
DEBUG EVAL: material=-31800 pst=65 total=-31735
DEBUG: evaluate returned crazy score! stand_pat=31735
DEBUG: child returned INF! depth=1 score=-30000
DEBUG EVAL: material=-31800 pst=70 total=-31730
DEBUG: evaluate returned crazy score! stand_pat=31730
DEBUG: child returned INF! depth=1 score=-30000
DEBUG EVAL: material=-31800 pst=25 total=-31775
DEBUG: evaluate returned crazy score! stand_pat=31775
DEBUG: child returned INF! depth=1 score=-30000
DEBUG EVAL: material=-31800 pst=30 total=-31770
DEBUG: evaluate returned crazy score! stand_pat=31770
DEBUG: child returned INF! depth=1 score=-30000
DEBUG EVAL: material=-31800 pst=25 total=-31775
DEBUG: evaluate returned crazy score! stand_pat=31775
DEBUG: child returned INF! depth=1 score=-30000
DEBUG EVAL: material=-31800 pst=20 total=-31780
DEBUG: evaluate returned crazy score! stand_pat=31780
DEBUG: child returned INF! depth=1 score=-30000
DEBUG EVAL: material=-31800 pst=15 total=-31785
DEBUG: evaluate returned crazy score! stand_pat=31785
DEBUG: child returned INF! depth=1 score=-30000
DEBUG EVAL: material=-31800 pst=25 total=-31775
DEBUG: evaluate returned crazy score! stand_pat=31775
DEBUG: child returned INF! depth=1 score=-30000
DEBUG EVAL: material=-31800 pst=30 total=-31770
DEBUG: evaluate returned crazy score! stand_pat=31770
DEBUG: child returned INF! depth=1 score=-30000
DEBUG EVAL: material=-31800 pst=30 total=-31770
DEBUG: evaluate returned crazy score! stand_pat=31770
DEBUG: child returned INF! depth=1 score=-30000
DEBUG EVAL: material=-31800 pst=30 total=-31770
DEBUG: evaluate returned crazy score! stand_pat=31770
DEBUG: child returned INF! depth=1 score=-30000
DEBUG EVAL: material=-31800 pst=30 total=-31770
DEBUG: evaluate returned crazy score! stand_pat=31770
DEBUG: child returned INF! depth=1 score=-30000
DEBUG EVAL: material=-31800 pst=25 total=-31775
DEBUG: evaluate returned crazy score! stand_pat=31775
DEBUG: child returned INF! depth=1 score=-30000
DEBUG EVAL: material=-31800 pst=20 total=-31780
DEBUG: evaluate returned crazy score! stand_pat=31780
DEBUG: child returned INF! depth=1 score=-30000
DEBUG EVAL: material=-31800 pst=20 total=-31780
DEBUG: evaluate returned crazy score! stand_pat=31780
DEBUG: child returned INF! depth=1 score=-30000
DEBUG EVAL: material=-31800 pst=20 total=-31780
DEBUG: evaluate returned crazy score! stand_pat=31780
DEBUG: child returned INF! depth=1 score=-30000
DEBUG EVAL: material=-31800 pst=30 total=-31770
DEBUG: evaluate returned crazy score! stand_pat=31770
DEBUG: child returned INF! depth=1 score=-30000
DEBUG EVAL: material=-31800 pst=40 total=-31760
DEBUG: evaluate returned crazy score! stand_pat=31760
DEBUG: child returned INF! depth=1 score=-30000
DEBUG EVAL: material=-31800 pst=40 total=-31760
DEBUG: evaluate returned crazy score! stand_pat=31760
DEBUG: child returned INF! depth=1 score=-30000
DEBUG EVAL: material=-31800 pst=35 total=-31765
DEBUG: evaluate returned crazy score! stand_pat=31765
DEBUG: child returned INF! depth=1 score=-30000
DEBUG EVAL: material=-31800 pst=20 total=-31780
DEBUG: evaluate returned crazy score! stand_pat=31780
DEBUG: child returned INF! depth=1 score=-30000
DEBUG EVAL: material=-31800 pst=65 total=-31735
DEBUG: evaluate returned crazy score! stand_pat=31735
DEBUG: child returned INF! depth=1 score=-30000
DEBUG EVAL: material=-31800 pst=70 total=-31730
DEBUG: evaluate returned crazy score! stand_pat=31730
DEBUG: child returned INF! depth=1 score=-30000
DEBUG EVAL: material=-31800 pst=30 total=-31770
DEBUG: evaluate returned crazy score! stand_pat=31770
DEBUG: child returned INF! depth=1 score=-30000
DEBUG EVAL: material=-31800 pst=0 total=-31800
DEBUG: evaluate returned crazy score! stand_pat=31800
DEBUG: child returned INF! depth=1 score=-30000
DEBUG EVAL: material=-31800 pst=0 total=-31800
DEBUG: evaluate returned crazy score! stand_pat=31800
DEBUG: child returned INF! depth=1 score=-30000
DEBUG EVAL: material=-31800 pst=0 total=-31800
DEBUG: evaluate returned crazy score! stand_pat=31800
DEBUG: child returned INF! depth=1 score=-30000
DEBUG EVAL: material=-31800 pst=0 total=-31800
DEBUG: evaluate returned crazy score! stand_pat=31800
DEBUG: child returned INF! depth=1 score=-30000
DEBUG EVAL: material=-31800 pst=0 total=-31800
DEBUG: evaluate returned crazy score! stand_pat=31800
DEBUG: child returned INF! depth=1 score=-30000
DEBUG EVAL: material=-31800 pst=0 total=-31800
DEBUG: evaluate returned crazy score! stand_pat=31800
DEBUG: child returned INF! depth=1 score=-30000
DEBUG EVAL: material=-31800 pst=0 total=-31800
DEBUG: evaluate returned crazy score! stand_pat=31800
DEBUG: child returned INF! depth=1 score=-30000
DEBUG EVAL: material=-31800 pst=0 total=-31800
DEBUG: evaluate returned crazy score! stand_pat=31800
DEBUG: child returned INF! depth=1 score=-30000
DEBUG EVAL: material=-31800 pst=0 total=-31800
DEBUG: evaluate returned crazy score! stand_pat=31800
DEBUG: child returned INF! depth=1 score=-30000
DEBUG EVAL: material=-31800 pst=0 total=-31800
DEBUG: evaluate returned crazy score! stand_pat=31800
DEBUG: child returned INF! depth=1 score=-30000
DEBUG EVAL: material=-31800 pst=0 total=-31800
DEBUG: evaluate returned crazy score! stand_pat=31800
DEBUG: child returned INF! depth=1 score=-30000
DEBUG EVAL: material=-31800 pst=0 total=-31800
DEBUG: evaluate returned crazy score! stand_pat=31800
DEBUG: child returned INF! depth=1 score=-30000
DEBUG EVAL: material=-31800 pst=25 total=-31775
DEBUG: evaluate returned crazy score! stand_pat=31775
DEBUG: child returned INF! depth=1 score=-30000
DEBUG EVAL: material=-31800 pst=25 total=-31775
DEBUG: evaluate returned crazy score! stand_pat=31775
DEBUG: child returned INF! depth=1 score=-30000
DEBUG EVAL: material=-31800 pst=15 total=-31785
DEBUG: evaluate returned crazy score! stand_pat=31785
DEBUG: child returned INF! depth=1 score=-30000
DEBUG EVAL: material=-31800 pst=5 total=-31795
DEBUG: evaluate returned crazy score! stand_pat=31795
DEBUG: child returned INF! depth=1 score=-30000
DEBUG EVAL: material=-31800 pst=5 total=-31795
DEBUG: evaluate returned crazy score! stand_pat=31795
DEBUG: child returned INF! depth=1 score=-30000
DEBUG EVAL: material=-31800 pst=20 total=-31780
DEBUG: evaluate returned crazy score! stand_pat=31780
DEBUG: child returned INF! depth=1 score=-30000
DEBUG EVAL: material=-31800 pst=15 total=-31785
DEBUG: evaluate returned crazy score! stand_pat=31785
DEBUG: child returned INF! depth=1 score=-30000
DEBUG EVAL: material=-31800 pst=5 total=-31795
DEBUG: evaluate returned crazy score! stand_pat=31795
DEBUG: child returned INF! depth=1 score=-30000
DEBUG EVAL: material=-31800 pst=5 total=-31795
DEBUG: evaluate returned crazy score! stand_pat=31795
DEBUG: child returned INF! depth=1 score=-30000
DEBUG: negamax returning -INF! depth=1 ply=5 legal_moves=46 alpha=-30000 beta=90
DEBUG: child returned INF! depth=3 score=-30000
DEBUG EVAL: material=-32130 pst=75 total=-32055
DEBUG: evaluate returned crazy score! stand_pat=32055
DEBUG: child returned INF! depth=1 score=-30000
DEBUG EVAL: material=-32130 pst=110 total=-32020
DEBUG: evaluate returned crazy score! stand_pat=32020
DEBUG: child returned INF! depth=1 score=-30000
DEBUG EVAL: material=-32130 pst=115 total=-32015
DEBUG: evaluate returned crazy score! stand_pat=32015
DEBUG: child returned INF! depth=1 score=-30000
DEBUG EVAL: material=-32130 pst=70 total=-32060
DEBUG: evaluate returned crazy score! stand_pat=32060
DEBUG: child returned INF! depth=1 score=-30000
DEBUG EVAL: material=-32130 pst=75 total=-32055
DEBUG: evaluate returned crazy score! stand_pat=32055
DEBUG: child returned INF! depth=1 score=-30000
DEBUG EVAL: material=-32130 pst=70 total=-32060
DEBUG: evaluate returned crazy score! stand_pat=32060
DEBUG: child returned INF! depth=1 score=-30000
DEBUG EVAL: material=-32130 pst=65 total=-32065
DEBUG: evaluate returned crazy score! stand_pat=32065
DEBUG: child returned INF! depth=1 score=-30000
DEBUG EVAL: material=-32130 pst=60 total=-32070
DEBUG: evaluate returned crazy score! stand_pat=32070
DEBUG: child returned INF! depth=1 score=-30000
DEBUG EVAL: material=-32130 pst=70 total=-32060
DEBUG: evaluate returned crazy score! stand_pat=32060
DEBUG: child returned INF! depth=1 score=-30000
DEBUG EVAL: material=-32130 pst=75 total=-32055
DEBUG: evaluate returned crazy score! stand_pat=32055
DEBUG: child returned INF! depth=1 score=-30000
DEBUG EVAL: material=-32130 pst=75 total=-32055
DEBUG: evaluate returned crazy score! stand_pat=32055
DEBUG: child returned INF! depth=1 score=-30000
DEBUG EVAL: material=-32130 pst=75 total=-32055
DEBUG: evaluate returned crazy score! stand_pat=32055
DEBUG: child returned INF! depth=1 score=-30000
DEBUG EVAL: material=-32130 pst=75 total=-32055
DEBUG: evaluate returned crazy score! stand_pat=32055
DEBUG: child returned INF! depth=1 score=-30000
DEBUG EVAL: material=-32130 pst=70 total=-32060
DEBUG: evaluate returned crazy score! stand_pat=32060
DEBUG: child returned INF! depth=1 score=-30000
DEBUG EVAL: material=-32130 pst=65 total=-32065
DEBUG: evaluate returned crazy score! stand_pat=32065
DEBUG: child returned INF! depth=1 score=-30000
DEBUG EVAL: material=-32130 pst=65 total=-32065
DEBUG: evaluate returned crazy score! stand_pat=32065
DEBUG: child returned INF! depth=1 score=-30000
DEBUG EVAL: material=-32130 pst=65 total=-32065
DEBUG: evaluate returned crazy score! stand_pat=32065
DEBUG: child returned INF! depth=1 score=-30000
DEBUG EVAL: material=-32130 pst=75 total=-32055
DEBUG: evaluate returned crazy score! stand_pat=32055
DEBUG: child returned INF! depth=1 score=-30000
DEBUG EVAL: material=-32130 pst=85 total=-32045
DEBUG: evaluate returned crazy score! stand_pat=32045
DEBUG: child returned INF! depth=1 score=-30000
DEBUG EVAL: material=-32130 pst=85 total=-32045
DEBUG: evaluate returned crazy score! stand_pat=32045
DEBUG: child returned INF! depth=1 score=-30000
DEBUG EVAL: material=-32130 pst=80 total=-32050
DEBUG: evaluate returned crazy score! stand_pat=32050
DEBUG: child returned INF! depth=1 score=-30000
DEBUG EVAL: material=-32130 pst=65 total=-32065
DEBUG: evaluate returned crazy score! stand_pat=32065
DEBUG: child returned INF! depth=1 score=-30000
DEBUG EVAL: material=-32130 pst=110 total=-32020
DEBUG: evaluate returned crazy score! stand_pat=32020
DEBUG: child returned INF! depth=1 score=-30000
DEBUG EVAL: material=-32130 pst=115 total=-32015
DEBUG: evaluate returned crazy score! stand_pat=32015
DEBUG: child returned INF! depth=1 score=-30000
DEBUG EVAL: material=-32130 pst=75 total=-32055
DEBUG: evaluate returned crazy score! stand_pat=32055
DEBUG: child returned INF! depth=1 score=-30000
DEBUG EVAL: material=-32130 pst=45 total=-32085
DEBUG: evaluate returned crazy score! stand_pat=32085
DEBUG: child returned INF! depth=1 score=-30000
DEBUG EVAL: material=-32130 pst=45 total=-32085
DEBUG: evaluate returned crazy score! stand_pat=32085
DEBUG: child returned INF! depth=1 score=-30000
DEBUG EVAL: material=-32130 pst=45 total=-32085
DEBUG: evaluate returned crazy score! stand_pat=32085
DEBUG: child returned INF! depth=1 score=-30000
DEBUG EVAL: material=-32130 pst=45 total=-32085
DEBUG: evaluate returned crazy score! stand_pat=32085
DEBUG: child returned INF! depth=1 score=-30000
DEBUG EVAL: material=-32130 pst=45 total=-32085
DEBUG: evaluate returned crazy score! stand_pat=32085
DEBUG: child returned INF! depth=1 score=-30000
DEBUG EVAL: material=-32130 pst=45 total=-32085
DEBUG: evaluate returned crazy score! stand_pat=32085
DEBUG: child returned INF! depth=1 score=-30000
DEBUG EVAL: material=-32130 pst=45 total=-32085
DEBUG: evaluate returned crazy score! stand_pat=32085
DEBUG: child returned INF! depth=1 score=-30000
DEBUG EVAL: material=-32130 pst=45 total=-32085
DEBUG: evaluate returned crazy score! stand_pat=32085
DEBUG: child returned INF! depth=1 score=-30000
DEBUG EVAL: material=-32130 pst=45 total=-32085
DEBUG: evaluate returned crazy score! stand_pat=32085
DEBUG: child returned INF! depth=1 score=-30000
DEBUG EVAL: material=-32130 pst=45 total=-32085
DEBUG: evaluate returned crazy score! stand_pat=32085
DEBUG: child returned INF! depth=1 score=-30000
DEBUG EVAL: material=-32130 pst=45 total=-32085
DEBUG: evaluate returned crazy score! stand_pat=32085
DEBUG: child returned INF! depth=1 score=-30000
DEBUG EVAL: material=-32130 pst=45 total=-32085
DEBUG: evaluate returned crazy score! stand_pat=32085
DEBUG: child returned INF! depth=1 score=-30000
DEBUG: negamax returning -INF! depth=1 ply=5 legal_moves=37 alpha=-30000 beta=90
DEBUG: child returned INF! depth=3 score=-30000
DEBUG EVAL: material=-31800 pst=40 total=-31760
DEBUG: evaluate returned crazy score! stand_pat=31760
DEBUG: child returned INF! depth=1 score=-30000
DEBUG EVAL: material=-31800 pst=45 total=-31755
DEBUG: evaluate returned crazy score! stand_pat=31755
DEBUG: child returned INF! depth=1 score=-30000
DEBUG EVAL: material=-31800 pst=0 total=-31800
DEBUG: evaluate returned crazy score! stand_pat=31800
DEBUG: child returned INF! depth=1 score=-30000
DEBUG EVAL: material=-31800 pst=-10 total=-31810
DEBUG: evaluate returned crazy score! stand_pat=31810
DEBUG: child returned INF! depth=1 score=-30000
DEBUG EVAL: material=-31800 pst=-5 total=-31805
DEBUG: evaluate returned crazy score! stand_pat=31805
DEBUG: child returned INF! depth=1 score=-30000
DEBUG EVAL: material=-31800 pst=-5 total=-31805
DEBUG: evaluate returned crazy score! stand_pat=31805
DEBUG: child returned INF! depth=1 score=-30000
DEBUG EVAL: material=-31800 pst=5 total=-31795
DEBUG: evaluate returned crazy score! stand_pat=31795
DEBUG: child returned INF! depth=1 score=-30000
DEBUG EVAL: material=-31800 pst=15 total=-31785
DEBUG: evaluate returned crazy score! stand_pat=31785
DEBUG: child returned INF! depth=1 score=-30000
DEBUG EVAL: material=-31800 pst=15 total=-31785
DEBUG: evaluate returned crazy score! stand_pat=31785
DEBUG: child returned INF! depth=1 score=-30000
DEBUG EVAL: material=-31800 pst=10 total=-31790
DEBUG: evaluate returned crazy score! stand_pat=31790
DEBUG: child returned INF! depth=1 score=-30000
DEBUG EVAL: material=-31800 pst=-5 total=-31805
DEBUG: evaluate returned crazy score! stand_pat=31805
DEBUG: child returned INF! depth=1 score=-30000
DEBUG EVAL: material=-31800 pst=5 total=-31795
DEBUG: evaluate returned crazy score! stand_pat=31795
DEBUG: child returned INF! depth=1 score=-30000
DEBUG EVAL: material=-31800 pst=5 total=-31795
DEBUG: evaluate returned crazy score! stand_pat=31795
DEBUG: child returned INF! depth=1 score=-30000
DEBUG EVAL: material=-31800 pst=-25 total=-31825
DEBUG: evaluate returned crazy score! stand_pat=31825
DEBUG: child returned INF! depth=1 score=-30000
DEBUG EVAL: material=-31800 pst=-25 total=-31825
DEBUG: evaluate returned crazy score! stand_pat=31825
DEBUG: child returned INF! depth=1 score=-30000
DEBUG EVAL: material=-31800 pst=-25 total=-31825
DEBUG: evaluate returned crazy score! stand_pat=31825
DEBUG: child returned INF! depth=1 score=-30000
DEBUG EVAL: material=-31800 pst=-25 total=-31825
DEBUG: evaluate returned crazy score! stand_pat=31825
DEBUG: child returned INF! depth=1 score=-30000
DEBUG EVAL: material=-31800 pst=-25 total=-31825
DEBUG: evaluate returned crazy score! stand_pat=31825
DEBUG: child returned INF! depth=1 score=-30000
DEBUG EVAL: material=-31800 pst=-25 total=-31825
DEBUG: evaluate returned crazy score! stand_pat=31825
DEBUG: child returned INF! depth=1 score=-30000
DEBUG EVAL: material=-31800 pst=-15 total=-31815
DEBUG: evaluate returned crazy score! stand_pat=31815
DEBUG: child returned INF! depth=1 score=-30000
DEBUG EVAL: material=-31800 pst=5 total=-31795
DEBUG: evaluate returned crazy score! stand_pat=31795
DEBUG: child returned INF! depth=1 score=-30000
DEBUG EVAL: material=-31800 pst=-5 total=-31805
DEBUG: evaluate returned crazy score! stand_pat=31805
DEBUG: child returned INF! depth=1 score=-30000
DEBUG EVAL: material=-31800 pst=-15 total=-31815
DEBUG: evaluate returned crazy score! stand_pat=31815
DEBUG: child returned INF! depth=1 score=-30000
DEBUG EVAL: material=-31800 pst=5 total=-31795
DEBUG: evaluate returned crazy score! stand_pat=31795
DEBUG: child returned INF! depth=1 score=-30000
DEBUG EVAL: material=-31800 pst=5 total=-31795
DEBUG: evaluate returned crazy score! stand_pat=31795
DEBUG: child returned INF! depth=1 score=-30000
DEBUG EVAL: material=-31800 pst=0 total=-31800
DEBUG: evaluate returned crazy score! stand_pat=31800
DEBUG: child returned INF! depth=1 score=-30000
DEBUG EVAL: material=-31800 pst=-15 total=-31815
DEBUG: evaluate returned crazy score! stand_pat=31815
DEBUG: child returned INF! depth=1 score=-30000
DEBUG EVAL: material=-31800 pst=-25 total=-31825
DEBUG: evaluate returned crazy score! stand_pat=31825
DEBUG: child returned INF! depth=1 score=-30000
DEBUG EVAL: material=-31800 pst=-25 total=-31825
DEBUG: evaluate returned crazy score! stand_pat=31825
DEBUG: child returned INF! depth=1 score=-30000
DEBUG EVAL: material=-31800 pst=-25 total=-31825
DEBUG: evaluate returned crazy score! stand_pat=31825
DEBUG: child returned INF! depth=1 score=-30000
DEBUG EVAL: material=-31800 pst=-25 total=-31825
DEBUG: evaluate returned crazy score! stand_pat=31825
DEBUG: child returned INF! depth=1 score=-30000
DEBUG EVAL: material=-31800 pst=-5 total=-31805
DEBUG: evaluate returned crazy score! stand_pat=31805
DEBUG: child returned INF! depth=1 score=-30000
DEBUG: negamax returning -INF! depth=1 ply=5 legal_moves=32 alpha=-30000 beta=90
DEBUG: child returned INF! depth=3 score=-30000
DEBUG EVAL: material=-31800 pst=5 total=-31795
DEBUG: evaluate returned crazy score! stand_pat=31795
DEBUG: child returned INF! depth=1 score=-30000
DEBUG EVAL: material=-31800 pst=40 total=-31760
DEBUG: evaluate returned crazy score! stand_pat=31760
DEBUG: child returned INF! depth=1 score=-30000
DEBUG EVAL: material=-31800 pst=0 total=-31800
DEBUG: evaluate returned crazy score! stand_pat=31800
DEBUG: child returned INF! depth=1 score=-30000
DEBUG EVAL: material=-31800 pst=45 total=-31755
DEBUG: evaluate returned crazy score! stand_pat=31755
DEBUG: child returned INF! depth=1 score=-30000
DEBUG EVAL: material=-31800 pst=0 total=-31800
DEBUG: evaluate returned crazy score! stand_pat=31800
DEBUG: child returned INF! depth=1 score=-30000
DEBUG EVAL: material=-31800 pst=-5 total=-31805
DEBUG: evaluate returned crazy score! stand_pat=31805
DEBUG: child returned INF! depth=1 score=-30000
DEBUG EVAL: material=-31800 pst=-10 total=-31810
DEBUG: evaluate returned crazy score! stand_pat=31810
DEBUG: child returned INF! depth=1 score=-30000
DEBUG EVAL: material=-31800 pst=-5 total=-31805
DEBUG: evaluate returned crazy score! stand_pat=31805
DEBUG: child returned INF! depth=1 score=-30000
DEBUG EVAL: material=-31800 pst=-5 total=-31805
DEBUG: evaluate returned crazy score! stand_pat=31805
DEBUG: child returned INF! depth=1 score=-30000
DEBUG EVAL: material=-31800 pst=5 total=-31795
DEBUG: evaluate returned crazy score! stand_pat=31795
DEBUG: child returned INF! depth=1 score=-30000
DEBUG EVAL: material=-31800 pst=15 total=-31785
DEBUG: evaluate returned crazy score! stand_pat=31785
DEBUG: child returned INF! depth=1 score=-30000
DEBUG EVAL: material=-31800 pst=15 total=-31785
DEBUG: evaluate returned crazy score! stand_pat=31785
DEBUG: child returned INF! depth=1 score=-30000
DEBUG EVAL: material=-31800 pst=10 total=-31790
DEBUG: evaluate returned crazy score! stand_pat=31790
DEBUG: child returned INF! depth=1 score=-30000
DEBUG EVAL: material=-31800 pst=-5 total=-31805
DEBUG: evaluate returned crazy score! stand_pat=31805
DEBUG: child returned INF! depth=1 score=-30000
DEBUG EVAL: material=-31800 pst=5 total=-31795
DEBUG: evaluate returned crazy score! stand_pat=31795
DEBUG: child returned INF! depth=1 score=-30000
DEBUG EVAL: material=-31800 pst=45 total=-31755
DEBUG: evaluate returned crazy score! stand_pat=31755
DEBUG: child returned INF! depth=1 score=-30000
DEBUG EVAL: material=-31800 pst=5 total=-31795
DEBUG: evaluate returned crazy score! stand_pat=31795
DEBUG: child returned INF! depth=1 score=-30000
DEBUG EVAL: material=-31800 pst=-25 total=-31825
DEBUG: evaluate returned crazy score! stand_pat=31825
DEBUG: child returned INF! depth=1 score=-30000
DEBUG EVAL: material=-31800 pst=-25 total=-31825
DEBUG: evaluate returned crazy score! stand_pat=31825
DEBUG: child returned INF! depth=1 score=-30000
DEBUG EVAL: material=-31800 pst=-25 total=-31825
DEBUG: evaluate returned crazy score! stand_pat=31825
DEBUG: child returned INF! depth=1 score=-30000
DEBUG EVAL: material=-31800 pst=-25 total=-31825
DEBUG: evaluate returned crazy score! stand_pat=31825
DEBUG: child returned INF! depth=1 score=-30000
DEBUG EVAL: material=-31800 pst=-25 total=-31825
DEBUG: evaluate returned crazy score! stand_pat=31825
DEBUG: child returned INF! depth=1 score=-30000
DEBUG EVAL: material=-31800 pst=-25 total=-31825
DEBUG: evaluate returned crazy score! stand_pat=31825
DEBUG: child returned INF! depth=1 score=-30000
DEBUG EVAL: material=-31800 pst=-15 total=-31815
DEBUG: evaluate returned crazy score! stand_pat=31815
DEBUG: child returned INF! depth=1 score=-30000
DEBUG EVAL: material=-31800 pst=5 total=-31795
DEBUG: evaluate returned crazy score! stand_pat=31795
DEBUG: child returned INF! depth=1 score=-30000
DEBUG EVAL: material=-31800 pst=-5 total=-31805
DEBUG: evaluate returned crazy score! stand_pat=31805
DEBUG: child returned INF! depth=1 score=-30000
DEBUG EVAL: material=-31800 pst=-15 total=-31815
DEBUG: evaluate returned crazy score! stand_pat=31815
DEBUG: child returned INF! depth=1 score=-30000
DEBUG EVAL: material=-31800 pst=5 total=-31795
DEBUG: evaluate returned crazy score! stand_pat=31795
DEBUG: child returned INF! depth=1 score=-30000
DEBUG EVAL: material=-31800 pst=-25 total=-31825
DEBUG: evaluate returned crazy score! stand_pat=31825
DEBUG: child returned INF! depth=1 score=-30000
DEBUG EVAL: material=-31800 pst=-25 total=-31825
DEBUG: evaluate returned crazy score! stand_pat=31825
DEBUG: child returned INF! depth=1 score=-30000
DEBUG EVAL: material=-31800 pst=-25 total=-31825
DEBUG: evaluate returned crazy score! stand_pat=31825
DEBUG: child returned INF! depth=1 score=-30000
DEBUG EVAL: material=-31800 pst=-25 total=-31825
DEBUG: evaluate returned crazy score! stand_pat=31825
DEBUG: child returned INF! depth=1 score=-30000
DEBUG EVAL: material=-31800 pst=25 total=-31775
DEBUG: evaluate returned crazy score! stand_pat=31775
DEBUG: child returned INF! depth=1 score=-30000
DEBUG: negamax returning -INF! depth=1 ply=5 legal_moves=33 alpha=-30000 beta=90
DEBUG: child returned INF! depth=3 score=-30000
DEBUG EVAL: material=-31800 pst=5 total=-31795
DEBUG: evaluate returned crazy score! stand_pat=31795
DEBUG: child returned INF! depth=1 score=-30000
DEBUG EVAL: material=-31800 pst=40 total=-31760
DEBUG: evaluate returned crazy score! stand_pat=31760
DEBUG: child returned INF! depth=1 score=-30000
DEBUG EVAL: material=-31800 pst=0 total=-31800
DEBUG: evaluate returned crazy score! stand_pat=31800
DEBUG: child returned INF! depth=1 score=-30000
DEBUG EVAL: material=-31800 pst=45 total=-31755
DEBUG: evaluate returned crazy score! stand_pat=31755
DEBUG: child returned INF! depth=1 score=-30000
DEBUG EVAL: material=-31800 pst=0 total=-31800
DEBUG: evaluate returned crazy score! stand_pat=31800
DEBUG: child returned INF! depth=1 score=-30000
DEBUG EVAL: material=-31800 pst=-5 total=-31805
DEBUG: evaluate returned crazy score! stand_pat=31805
DEBUG: child returned INF! depth=1 score=-30000
DEBUG EVAL: material=-31800 pst=-10 total=-31810
DEBUG: evaluate returned crazy score! stand_pat=31810
DEBUG: child returned INF! depth=1 score=-30000
DEBUG EVAL: material=-31800 pst=-5 total=-31805
DEBUG: evaluate returned crazy score! stand_pat=31805
DEBUG: child returned INF! depth=1 score=-30000
DEBUG EVAL: material=-31800 pst=5 total=-31795
DEBUG: evaluate returned crazy score! stand_pat=31795
DEBUG: child returned INF! depth=1 score=-30000
DEBUG EVAL: material=-31800 pst=15 total=-31785
DEBUG: evaluate returned crazy score! stand_pat=31785
DEBUG: child returned INF! depth=1 score=-30000
DEBUG EVAL: material=-31800 pst=15 total=-31785
DEBUG: evaluate returned crazy score! stand_pat=31785
DEBUG: child returned INF! depth=1 score=-30000
DEBUG EVAL: material=-31800 pst=10 total=-31790
DEBUG: evaluate returned crazy score! stand_pat=31790
DEBUG: child returned INF! depth=1 score=-30000
DEBUG EVAL: material=-31800 pst=-5 total=-31805
DEBUG: evaluate returned crazy score! stand_pat=31805
DEBUG: child returned INF! depth=1 score=-30000
DEBUG EVAL: material=-31800 pst=10 total=-31790
DEBUG: evaluate returned crazy score! stand_pat=31790
DEBUG: child returned INF! depth=1 score=-30000
DEBUG EVAL: material=-31800 pst=-5 total=-31805
DEBUG: evaluate returned crazy score! stand_pat=31805
DEBUG: child returned INF! depth=1 score=-30000
DEBUG EVAL: material=-31800 pst=5 total=-31795
DEBUG: evaluate returned crazy score! stand_pat=31795
DEBUG: child returned INF! depth=1 score=-30000
DEBUG EVAL: material=-31800 pst=45 total=-31755
DEBUG: evaluate returned crazy score! stand_pat=31755
DEBUG: child returned INF! depth=1 score=-30000
DEBUG EVAL: material=-31800 pst=5 total=-31795
DEBUG: evaluate returned crazy score! stand_pat=31795
DEBUG: child returned INF! depth=1 score=-30000
DEBUG EVAL: material=-31800 pst=-25 total=-31825
DEBUG: evaluate returned crazy score! stand_pat=31825
DEBUG: child returned INF! depth=1 score=-30000
DEBUG EVAL: material=-31800 pst=-25 total=-31825
DEBUG: evaluate returned crazy score! stand_pat=31825
DEBUG: child returned INF! depth=1 score=-30000
DEBUG EVAL: material=-31800 pst=-25 total=-31825
DEBUG: evaluate returned crazy score! stand_pat=31825
DEBUG: child returned INF! depth=1 score=-30000
DEBUG EVAL: material=-31800 pst=-25 total=-31825
DEBUG: evaluate returned crazy score! stand_pat=31825
DEBUG: child returned INF! depth=1 score=-30000
DEBUG EVAL: material=-31800 pst=-25 total=-31825
DEBUG: evaluate returned crazy score! stand_pat=31825
DEBUG: child returned INF! depth=1 score=-30000
DEBUG EVAL: material=-31800 pst=-25 total=-31825
DEBUG: evaluate returned crazy score! stand_pat=31825
DEBUG: child returned INF! depth=1 score=-30000
DEBUG EVAL: material=-31800 pst=-15 total=-31815
DEBUG: evaluate returned crazy score! stand_pat=31815
DEBUG: child returned INF! depth=1 score=-30000
DEBUG EVAL: material=-31800 pst=5 total=-31795
DEBUG: evaluate returned crazy score! stand_pat=31795
DEBUG: child returned INF! depth=1 score=-30000
DEBUG EVAL: material=-31800 pst=-5 total=-31805
DEBUG: evaluate returned crazy score! stand_pat=31805
DEBUG: child returned INF! depth=1 score=-30000
DEBUG EVAL: material=-31800 pst=-15 total=-31815
DEBUG: evaluate returned crazy score! stand_pat=31815
DEBUG: child returned INF! depth=1 score=-30000
DEBUG EVAL: material=-31800 pst=5 total=-31795
DEBUG: evaluate returned crazy score! stand_pat=31795
DEBUG: child returned INF! depth=1 score=-30000
DEBUG EVAL: material=-31800 pst=5 total=-31795
DEBUG: evaluate returned crazy score! stand_pat=31795
DEBUG: child returned INF! depth=1 score=-30000
DEBUG EVAL: material=-31800 pst=0 total=-31800
DEBUG: evaluate returned crazy score! stand_pat=31800
DEBUG: child returned INF! depth=1 score=-30000
DEBUG EVAL: material=-31800 pst=-15 total=-31815
DEBUG: evaluate returned crazy score! stand_pat=31815
DEBUG: child returned INF! depth=1 score=-30000
DEBUG EVAL: material=-31800 pst=-25 total=-31825
DEBUG: evaluate returned crazy score! stand_pat=31825
DEBUG: child returned INF! depth=1 score=-30000
DEBUG EVAL: material=-31800 pst=-25 total=-31825
DEBUG: evaluate returned crazy score! stand_pat=31825
DEBUG: child returned INF! depth=1 score=-30000
DEBUG EVAL: material=-31800 pst=-25 total=-31825
DEBUG: evaluate returned crazy score! stand_pat=31825
DEBUG: child returned INF! depth=1 score=-30000
DEBUG EVAL: material=-31800 pst=-25 total=-31825
DEBUG: evaluate returned crazy score! stand_pat=31825
DEBUG: child returned INF! depth=1 score=-30000
DEBUG EVAL: material=-31800 pst=-5 total=-31805
DEBUG: evaluate returned crazy score! stand_pat=31805
DEBUG: child returned INF! depth=1 score=-30000
DEBUG: negamax returning -INF! depth=1 ply=5 legal_moves=37 alpha=-30000 beta=90
DEBUG: child returned INF! depth=3 score=-30000
DEBUG EVAL: material=-31570 pst=40 total=-31530
DEBUG: evaluate returned crazy score! stand_pat=31530
DEBUG: child returned INF! depth=1 score=-30000
DEBUG EVAL: material=-31900 pst=40 total=-31860
DEBUG: evaluate returned crazy score! stand_pat=31860
DEBUG: child returned INF! depth=1 score=-30000
DEBUG EVAL: material=-31900 pst=75 total=-31825
DEBUG: evaluate returned crazy score! stand_pat=31825
DEBUG: child returned INF! depth=1 score=-30000
DEBUG EVAL: material=-31900 pst=35 total=-31865
DEBUG: evaluate returned crazy score! stand_pat=31865
DEBUG: child returned INF! depth=1 score=-30000
DEBUG EVAL: material=-31900 pst=80 total=-31820
DEBUG: evaluate returned crazy score! stand_pat=31820
DEBUG: child returned INF! depth=1 score=-30000
DEBUG EVAL: material=-31900 pst=25 total=-31875
DEBUG: evaluate returned crazy score! stand_pat=31875
DEBUG: child returned INF! depth=1 score=-30000
DEBUG EVAL: material=-31900 pst=40 total=-31860
DEBUG: evaluate returned crazy score! stand_pat=31860
DEBUG: child returned INF! depth=1 score=-30000
DEBUG EVAL: material=-31900 pst=50 total=-31850
DEBUG: evaluate returned crazy score! stand_pat=31850
DEBUG: child returned INF! depth=1 score=-30000
DEBUG EVAL: material=-31900 pst=50 total=-31850
DEBUG: evaluate returned crazy score! stand_pat=31850
DEBUG: child returned INF! depth=1 score=-30000
DEBUG EVAL: material=-31900 pst=45 total=-31855
DEBUG: evaluate returned crazy score! stand_pat=31855
DEBUG: child returned INF! depth=1 score=-30000
DEBUG EVAL: material=-31900 pst=30 total=-31870
DEBUG: evaluate returned crazy score! stand_pat=31870
DEBUG: child returned INF! depth=1 score=-30000
DEBUG EVAL: material=-31900 pst=45 total=-31855
DEBUG: evaluate returned crazy score! stand_pat=31855
DEBUG: child returned INF! depth=1 score=-30000
DEBUG EVAL: material=-31900 pst=30 total=-31870
DEBUG: evaluate returned crazy score! stand_pat=31870
DEBUG: child returned INF! depth=1 score=-30000
DEBUG EVAL: material=-31900 pst=40 total=-31860
DEBUG: evaluate returned crazy score! stand_pat=31860
DEBUG: child returned INF! depth=1 score=-30000
DEBUG EVAL: material=-31900 pst=80 total=-31820
DEBUG: evaluate returned crazy score! stand_pat=31820
DEBUG: child returned INF! depth=1 score=-30000
DEBUG EVAL: material=-31900 pst=40 total=-31860
DEBUG: evaluate returned crazy score! stand_pat=31860
DEBUG: child returned INF! depth=1 score=-30000
DEBUG EVAL: material=-31900 pst=10 total=-31890
DEBUG: evaluate returned crazy score! stand_pat=31890
DEBUG: child returned INF! depth=1 score=-30000
DEBUG EVAL: material=-31900 pst=10 total=-31890
DEBUG: evaluate returned crazy score! stand_pat=31890
DEBUG: child returned INF! depth=1 score=-30000
DEBUG EVAL: material=-31900 pst=10 total=-31890
DEBUG: evaluate returned crazy score! stand_pat=31890
DEBUG: child returned INF! depth=1 score=-30000
DEBUG EVAL: material=-31900 pst=10 total=-31890
DEBUG: evaluate returned crazy score! stand_pat=31890
DEBUG: child returned INF! depth=1 score=-30000
DEBUG EVAL: material=-31900 pst=10 total=-31890
DEBUG: evaluate returned crazy score! stand_pat=31890
DEBUG: child returned INF! depth=1 score=-30000
DEBUG EVAL: material=-31900 pst=10 total=-31890
DEBUG: evaluate returned crazy score! stand_pat=31890
DEBUG: child returned INF! depth=1 score=-30000
DEBUG EVAL: material=-31900 pst=20 total=-31880
DEBUG: evaluate returned crazy score! stand_pat=31880
DEBUG: child returned INF! depth=1 score=-30000
DEBUG EVAL: material=-31900 pst=40 total=-31860
DEBUG: evaluate returned crazy score! stand_pat=31860
DEBUG: child returned INF! depth=1 score=-30000
DEBUG EVAL: material=-31900 pst=30 total=-31870
DEBUG: evaluate returned crazy score! stand_pat=31870
DEBUG: child returned INF! depth=1 score=-30000
DEBUG EVAL: material=-31900 pst=20 total=-31880
DEBUG: evaluate returned crazy score! stand_pat=31880
DEBUG: child returned INF! depth=1 score=-30000
DEBUG EVAL: material=-31900 pst=40 total=-31860
DEBUG: evaluate returned crazy score! stand_pat=31860
DEBUG: child returned INF! depth=1 score=-30000
DEBUG EVAL: material=-31900 pst=40 total=-31860
DEBUG: evaluate returned crazy score! stand_pat=31860
DEBUG: child returned INF! depth=1 score=-30000
DEBUG EVAL: material=-31900 pst=35 total=-31865
DEBUG: evaluate returned crazy score! stand_pat=31865
DEBUG: child returned INF! depth=1 score=-30000
DEBUG EVAL: material=-31900 pst=20 total=-31880
DEBUG: evaluate returned crazy score! stand_pat=31880
DEBUG: child returned INF! depth=1 score=-30000
DEBUG EVAL: material=-31900 pst=10 total=-31890
DEBUG: evaluate returned crazy score! stand_pat=31890
DEBUG: child returned INF! depth=1 score=-30000
DEBUG EVAL: material=-31900 pst=10 total=-31890
DEBUG: evaluate returned crazy score! stand_pat=31890
DEBUG: child returned INF! depth=1 score=-30000
DEBUG EVAL: material=-31900 pst=10 total=-31890
DEBUG: evaluate returned crazy score! stand_pat=31890
DEBUG: child returned INF! depth=1 score=-30000
DEBUG EVAL: material=-31900 pst=10 total=-31890
DEBUG: evaluate returned crazy score! stand_pat=31890
DEBUG: child returned INF! depth=1 score=-30000
DEBUG: negamax returning -INF! depth=1 ply=5 legal_moves=34 alpha=-30000 beta=90
DEBUG: child returned INF! depth=3 score=-30000
DEBUG EVAL: material=-31570 pst=15 total=-31555
DEBUG: evaluate returned crazy score! stand_pat=31555
DEBUG: child returned INF! depth=1 score=-30000
DEBUG EVAL: material=-31570 pst=45 total=-31525
DEBUG: evaluate returned crazy score! stand_pat=31525
DEBUG: child returned INF! depth=1 score=-30000
DEBUG EVAL: material=-31570 pst=30 total=-31540
DEBUG: evaluate returned crazy score! stand_pat=31540
DEBUG: child returned INF! depth=1 score=-30000
DEBUG EVAL: material=-31900 pst=55 total=-31845
DEBUG: evaluate returned crazy score! stand_pat=31845
DEBUG: child returned INF! depth=1 score=-30000
DEBUG EVAL: material=-31900 pst=90 total=-31810
DEBUG: evaluate returned crazy score! stand_pat=31810
DEBUG: child returned INF! depth=1 score=-30000
DEBUG EVAL: material=-31900 pst=45 total=-31855
DEBUG: evaluate returned crazy score! stand_pat=31855
DEBUG: child returned INF! depth=1 score=-30000
DEBUG EVAL: material=-31900 pst=40 total=-31860
DEBUG: evaluate returned crazy score! stand_pat=31860
DEBUG: child returned INF! depth=1 score=-30000
DEBUG EVAL: material=-31900 pst=45 total=-31855
DEBUG: evaluate returned crazy score! stand_pat=31855
DEBUG: child returned INF! depth=1 score=-30000
DEBUG EVAL: material=-31900 pst=55 total=-31845
DEBUG: evaluate returned crazy score! stand_pat=31845
DEBUG: child returned INF! depth=1 score=-30000
DEBUG EVAL: material=-31900 pst=65 total=-31835
DEBUG: evaluate returned crazy score! stand_pat=31835
DEBUG: child returned INF! depth=1 score=-30000
DEBUG EVAL: material=-31900 pst=65 total=-31835
DEBUG: evaluate returned crazy score! stand_pat=31835
DEBUG: child returned INF! depth=1 score=-30000
DEBUG EVAL: material=-31900 pst=60 total=-31840
DEBUG: evaluate returned crazy score! stand_pat=31840
DEBUG: child returned INF! depth=1 score=-30000
DEBUG EVAL: material=-31900 pst=45 total=-31855
DEBUG: evaluate returned crazy score! stand_pat=31855
DEBUG: child returned INF! depth=1 score=-30000
DEBUG EVAL: material=-31900 pst=50 total=-31850
DEBUG: evaluate returned crazy score! stand_pat=31850
DEBUG: child returned INF! depth=1 score=-30000
DEBUG EVAL: material=-31900 pst=95 total=-31805
DEBUG: evaluate returned crazy score! stand_pat=31805
DEBUG: child returned INF! depth=1 score=-30000
DEBUG EVAL: material=-31900 pst=50 total=-31850
DEBUG: evaluate returned crazy score! stand_pat=31850
DEBUG: child returned INF! depth=1 score=-30000
DEBUG EVAL: material=-31900 pst=40 total=-31860
DEBUG: evaluate returned crazy score! stand_pat=31860
DEBUG: child returned INF! depth=1 score=-30000
DEBUG EVAL: material=-31900 pst=95 total=-31805
DEBUG: evaluate returned crazy score! stand_pat=31805
DEBUG: child returned INF! depth=1 score=-30000
DEBUG EVAL: material=-31900 pst=55 total=-31845
DEBUG: evaluate returned crazy score! stand_pat=31845
DEBUG: child returned INF! depth=1 score=-30000
DEBUG EVAL: material=-31900 pst=25 total=-31875
DEBUG: evaluate returned crazy score! stand_pat=31875
DEBUG: child returned INF! depth=1 score=-30000
DEBUG EVAL: material=-31900 pst=25 total=-31875
DEBUG: evaluate returned crazy score! stand_pat=31875
DEBUG: child returned INF! depth=1 score=-30000
DEBUG EVAL: material=-31900 pst=25 total=-31875
DEBUG: evaluate returned crazy score! stand_pat=31875
DEBUG: child returned INF! depth=1 score=-30000
DEBUG EVAL: material=-31900 pst=25 total=-31875
DEBUG: evaluate returned crazy score! stand_pat=31875
DEBUG: child returned INF! depth=1 score=-30000
DEBUG EVAL: material=-31900 pst=25 total=-31875
DEBUG: evaluate returned crazy score! stand_pat=31875
DEBUG: child returned INF! depth=1 score=-30000
DEBUG EVAL: material=-31900 pst=35 total=-31865
DEBUG: evaluate returned crazy score! stand_pat=31865
DEBUG: child returned INF! depth=1 score=-30000
DEBUG EVAL: material=-31900 pst=55 total=-31845
DEBUG: evaluate returned crazy score! stand_pat=31845
DEBUG: child returned INF! depth=1 score=-30000
DEBUG EVAL: material=-31900 pst=45 total=-31855
DEBUG: evaluate returned crazy score! stand_pat=31855
DEBUG: child returned INF! depth=1 score=-30000
DEBUG EVAL: material=-31900 pst=35 total=-31865
DEBUG: evaluate returned crazy score! stand_pat=31865
DEBUG: child returned INF! depth=1 score=-30000
DEBUG EVAL: material=-31900 pst=55 total=-31845
DEBUG: evaluate returned crazy score! stand_pat=31845
DEBUG: child returned INF! depth=1 score=-30000
DEBUG EVAL: material=-31900 pst=55 total=-31845
DEBUG: evaluate returned crazy score! stand_pat=31845
DEBUG: child returned INF! depth=1 score=-30000
DEBUG EVAL: material=-31900 pst=50 total=-31850
DEBUG: evaluate returned crazy score! stand_pat=31850
DEBUG: child returned INF! depth=1 score=-30000
DEBUG EVAL: material=-31900 pst=35 total=-31865
DEBUG: evaluate returned crazy score! stand_pat=31865
DEBUG: child returned INF! depth=1 score=-30000
DEBUG EVAL: material=-31900 pst=25 total=-31875
DEBUG: evaluate returned crazy score! stand_pat=31875
DEBUG: child returned INF! depth=1 score=-30000
DEBUG EVAL: material=-31900 pst=25 total=-31875
DEBUG: evaluate returned crazy score! stand_pat=31875
DEBUG: child returned INF! depth=1 score=-30000
DEBUG EVAL: material=-31900 pst=25 total=-31875
DEBUG: evaluate returned crazy score! stand_pat=31875
DEBUG: child returned INF! depth=1 score=-30000
DEBUG EVAL: material=-31900 pst=25 total=-31875
DEBUG: evaluate returned crazy score! stand_pat=31875
DEBUG: child returned INF! depth=1 score=-30000
DEBUG EVAL: material=-31900 pst=25 total=-31875
DEBUG: evaluate returned crazy score! stand_pat=31875
DEBUG: child returned INF! depth=1 score=-30000
DEBUG: negamax returning -INF! depth=1 ply=5 legal_moves=37 alpha=-30000 beta=90
DEBUG: child returned INF! depth=3 score=-30000
DEBUG EVAL: material=-31800 pst=5 total=-31795
DEBUG: evaluate returned crazy score! stand_pat=31795
DEBUG: child returned INF! depth=1 score=-30000
DEBUG EVAL: material=-31800 pst=40 total=-31760
DEBUG: evaluate returned crazy score! stand_pat=31760
DEBUG: child returned INF! depth=1 score=-30000
DEBUG EVAL: material=-31800 pst=0 total=-31800
DEBUG: evaluate returned crazy score! stand_pat=31800
DEBUG: child returned INF! depth=1 score=-30000
DEBUG EVAL: material=-31800 pst=45 total=-31755
DEBUG: evaluate returned crazy score! stand_pat=31755
DEBUG: child returned INF! depth=1 score=-30000
DEBUG EVAL: material=-31800 pst=0 total=-31800
DEBUG: evaluate returned crazy score! stand_pat=31800
DEBUG: child returned INF! depth=1 score=-30000
DEBUG EVAL: material=-31800 pst=-5 total=-31805
DEBUG: evaluate returned crazy score! stand_pat=31805
DEBUG: child returned INF! depth=1 score=-30000
DEBUG EVAL: material=-31800 pst=-10 total=-31810
DEBUG: evaluate returned crazy score! stand_pat=31810
DEBUG: child returned INF! depth=1 score=-30000
DEBUG EVAL: material=-31800 pst=-5 total=-31805
DEBUG: evaluate returned crazy score! stand_pat=31805
DEBUG: child returned INF! depth=1 score=-30000
DEBUG EVAL: material=-31800 pst=5 total=-31795
DEBUG: evaluate returned crazy score! stand_pat=31795
DEBUG: child returned INF! depth=1 score=-30000
DEBUG EVAL: material=-31800 pst=15 total=-31785
DEBUG: evaluate returned crazy score! stand_pat=31785
DEBUG: child returned INF! depth=1 score=-30000
DEBUG EVAL: material=-31800 pst=15 total=-31785
DEBUG: evaluate returned crazy score! stand_pat=31785
DEBUG: child returned INF! depth=1 score=-30000
DEBUG EVAL: material=-31800 pst=10 total=-31790
DEBUG: evaluate returned crazy score! stand_pat=31790
DEBUG: child returned INF! depth=1 score=-30000
DEBUG EVAL: material=-31800 pst=-5 total=-31805
DEBUG: evaluate returned crazy score! stand_pat=31805
DEBUG: child returned INF! depth=1 score=-30000
DEBUG EVAL: material=-31800 pst=5 total=-31795
DEBUG: evaluate returned crazy score! stand_pat=31795
DEBUG: child returned INF! depth=1 score=-30000
DEBUG EVAL: material=-31800 pst=45 total=-31755
DEBUG: evaluate returned crazy score! stand_pat=31755
DEBUG: child returned INF! depth=1 score=-30000
DEBUG EVAL: material=-31800 pst=5 total=-31795
DEBUG: evaluate returned crazy score! stand_pat=31795
DEBUG: child returned INF! depth=1 score=-30000
DEBUG EVAL: material=-31800 pst=-10 total=-31810
DEBUG: evaluate returned crazy score! stand_pat=31810
DEBUG: child returned INF! depth=1 score=-30000
DEBUG EVAL: material=-31800 pst=-10 total=-31810
DEBUG: evaluate returned crazy score! stand_pat=31810
DEBUG: child returned INF! depth=1 score=-30000
DEBUG EVAL: material=-31800 pst=-25 total=-31825
DEBUG: evaluate returned crazy score! stand_pat=31825
DEBUG: child returned INF! depth=1 score=-30000
DEBUG EVAL: material=-31800 pst=-25 total=-31825
DEBUG: evaluate returned crazy score! stand_pat=31825
DEBUG: child returned INF! depth=1 score=-30000
DEBUG EVAL: material=-31800 pst=-25 total=-31825
DEBUG: evaluate returned crazy score! stand_pat=31825
DEBUG: child returned INF! depth=1 score=-30000
DEBUG EVAL: material=-31800 pst=-25 total=-31825
DEBUG: evaluate returned crazy score! stand_pat=31825
DEBUG: child returned INF! depth=1 score=-30000
DEBUG EVAL: material=-31800 pst=-25 total=-31825
DEBUG: evaluate returned crazy score! stand_pat=31825
DEBUG: child returned INF! depth=1 score=-30000
DEBUG EVAL: material=-31800 pst=-25 total=-31825
DEBUG: evaluate returned crazy score! stand_pat=31825
DEBUG: child returned INF! depth=1 score=-30000
DEBUG EVAL: material=-31800 pst=-15 total=-31815
DEBUG: evaluate returned crazy score! stand_pat=31815
DEBUG: child returned INF! depth=1 score=-30000
DEBUG EVAL: material=-31800 pst=5 total=-31795
DEBUG: evaluate returned crazy score! stand_pat=31795
DEBUG: child returned INF! depth=1 score=-30000
DEBUG EVAL: material=-31800 pst=-5 total=-31805
DEBUG: evaluate returned crazy score! stand_pat=31805
DEBUG: child returned INF! depth=1 score=-30000
DEBUG EVAL: material=-31800 pst=-15 total=-31815
DEBUG: evaluate returned crazy score! stand_pat=31815
DEBUG: child returned INF! depth=1 score=-30000
DEBUG EVAL: material=-31800 pst=5 total=-31795
DEBUG: evaluate returned crazy score! stand_pat=31795
DEBUG: child returned INF! depth=1 score=-30000
DEBUG EVAL: material=-31800 pst=5 total=-31795
DEBUG: evaluate returned crazy score! stand_pat=31795
DEBUG: child returned INF! depth=1 score=-30000
DEBUG EVAL: material=-31800 pst=0 total=-31800
DEBUG: evaluate returned crazy score! stand_pat=31800
DEBUG: child returned INF! depth=1 score=-30000
DEBUG EVAL: material=-31800 pst=-15 total=-31815
DEBUG: evaluate returned crazy score! stand_pat=31815
DEBUG: child returned INF! depth=1 score=-30000
DEBUG EVAL: material=-31800 pst=-25 total=-31825
DEBUG: evaluate returned crazy score! stand_pat=31825
DEBUG: child returned INF! depth=1 score=-30000
DEBUG EVAL: material=-31800 pst=-25 total=-31825
DEBUG: evaluate returned crazy score! stand_pat=31825
DEBUG: child returned INF! depth=1 score=-30000
DEBUG EVAL: material=-31800 pst=-25 total=-31825
DEBUG: evaluate returned crazy score! stand_pat=31825
DEBUG: child returned INF! depth=1 score=-30000
DEBUG EVAL: material=-31800 pst=-25 total=-31825
DEBUG: evaluate returned crazy score! stand_pat=31825
DEBUG: child returned INF! depth=1 score=-30000
DEBUG EVAL: material=-31800 pst=20 total=-31780
DEBUG: evaluate returned crazy score! stand_pat=31780
DEBUG: child returned INF! depth=1 score=-30000
DEBUG: negamax returning -INF! depth=1 ply=5 legal_moves=37 alpha=-30000 beta=90
DEBUG: child returned INF! depth=3 score=-30000
DEBUG: negamax returning -INF! depth=3 ply=3 legal_moves=36 alpha=-30000 beta=90
DEBUG: child returned INF! depth=5 score=-30000
DEBUG EVAL: material=-31800 pst=70 total=-31730
DEBUG: evaluate returned crazy score! stand_pat=31730
DEBUG: child returned INF! depth=1 score=-30000
DEBUG EVAL: material=-31800 pst=110 total=-31690
DEBUG: evaluate returned crazy score! stand_pat=31690
DEBUG: child returned INF! depth=1 score=-30000
DEBUG EVAL: material=-31800 pst=60 total=-31740
DEBUG: evaluate returned crazy score! stand_pat=31740
DEBUG: child returned INF! depth=1 score=-30000
DEBUG EVAL: material=-31800 pst=60 total=-31740
DEBUG: evaluate returned crazy score! stand_pat=31740
DEBUG: child returned INF! depth=1 score=-30000
DEBUG EVAL: material=-31800 pst=70 total=-31730
DEBUG: evaluate returned crazy score! stand_pat=31730
DEBUG: child returned INF! depth=1 score=-30000
DEBUG EVAL: material=-31800 pst=80 total=-31720
DEBUG: evaluate returned crazy score! stand_pat=31720
DEBUG: child returned INF! depth=1 score=-30000
DEBUG EVAL: material=-31800 pst=80 total=-31720
DEBUG: evaluate returned crazy score! stand_pat=31720
DEBUG: child returned INF! depth=1 score=-30000
DEBUG EVAL: material=-31800 pst=75 total=-31725
DEBUG: evaluate returned crazy score! stand_pat=31725
DEBUG: child returned INF! depth=1 score=-30000
DEBUG EVAL: material=-31800 pst=60 total=-31740
DEBUG: evaluate returned crazy score! stand_pat=31740
DEBUG: child returned INF! depth=1 score=-30000
DEBUG EVAL: material=-31800 pst=60 total=-31740
DEBUG: evaluate returned crazy score! stand_pat=31740
DEBUG: child returned INF! depth=1 score=-30000
DEBUG EVAL: material=-31800 pst=40 total=-31760
DEBUG: evaluate returned crazy score! stand_pat=31760
DEBUG: child returned INF! depth=1 score=-30000
DEBUG EVAL: material=-31800 pst=40 total=-31760
DEBUG: evaluate returned crazy score! stand_pat=31760
DEBUG: child returned INF! depth=1 score=-30000
DEBUG EVAL: material=-31800 pst=40 total=-31760
DEBUG: evaluate returned crazy score! stand_pat=31760
DEBUG: child returned INF! depth=1 score=-30000
DEBUG EVAL: material=-31800 pst=40 total=-31760
DEBUG: evaluate returned crazy score! stand_pat=31760
DEBUG: child returned INF! depth=1 score=-30000
DEBUG EVAL: material=-31800 pst=40 total=-31760
DEBUG: evaluate returned crazy score! stand_pat=31760
DEBUG: child returned INF! depth=1 score=-30000
DEBUG EVAL: material=-31800 pst=40 total=-31760
DEBUG: evaluate returned crazy score! stand_pat=31760
DEBUG: child returned INF! depth=1 score=-30000
DEBUG EVAL: material=-31800 pst=65 total=-31735
DEBUG: evaluate returned crazy score! stand_pat=31735
DEBUG: child returned INF! depth=1 score=-30000
DEBUG EVAL: material=-31800 pst=60 total=-31740
DEBUG: evaluate returned crazy score! stand_pat=31740
DEBUG: child returned INF! depth=1 score=-30000
DEBUG EVAL: material=-31800 pst=55 total=-31745
DEBUG: evaluate returned crazy score! stand_pat=31745
DEBUG: child returned INF! depth=1 score=-30000
DEBUG EVAL: material=-31800 pst=65 total=-31735
DEBUG: evaluate returned crazy score! stand_pat=31735
DEBUG: child returned INF! depth=1 score=-30000
DEBUG EVAL: material=-31800 pst=65 total=-31735
DEBUG: evaluate returned crazy score! stand_pat=31735
DEBUG: child returned INF! depth=1 score=-30000
DEBUG EVAL: material=-31800 pst=60 total=-31740
DEBUG: evaluate returned crazy score! stand_pat=31740
DEBUG: child returned INF! depth=1 score=-30000
DEBUG EVAL: material=-31800 pst=50 total=-31750
DEBUG: evaluate returned crazy score! stand_pat=31750
DEBUG: child returned INF! depth=1 score=-30000
DEBUG EVAL: material=-31800 pst=55 total=-31745
DEBUG: evaluate returned crazy score! stand_pat=31745
DEBUG: child returned INF! depth=1 score=-30000
DEBUG EVAL: material=-31800 pst=60 total=-31740
DEBUG: evaluate returned crazy score! stand_pat=31740
DEBUG: child returned INF! depth=1 score=-30000
DEBUG EVAL: material=-31800 pst=65 total=-31735
DEBUG: evaluate returned crazy score! stand_pat=31735
DEBUG: child returned INF! depth=1 score=-30000
DEBUG EVAL: material=-31800 pst=65 total=-31735
DEBUG: evaluate returned crazy score! stand_pat=31735
DEBUG: child returned INF! depth=1 score=-30000
DEBUG EVAL: material=-31800 pst=65 total=-31735
DEBUG: evaluate returned crazy score! stand_pat=31735
DEBUG: child returned INF! depth=1 score=-30000
DEBUG EVAL: material=-31800 pst=65 total=-31735
DEBUG: evaluate returned crazy score! stand_pat=31735
DEBUG: child returned INF! depth=1 score=-30000
DEBUG EVAL: material=-31800 pst=60 total=-31740
DEBUG: evaluate returned crazy score! stand_pat=31740
DEBUG: child returned INF! depth=1 score=-30000
DEBUG EVAL: material=-31800 pst=55 total=-31745
DEBUG: evaluate returned crazy score! stand_pat=31745
DEBUG: child returned INF! depth=1 score=-30000
DEBUG EVAL: material=-31800 pst=40 total=-31760
DEBUG: evaluate returned crazy score! stand_pat=31760
DEBUG: child returned INF! depth=1 score=-30000
DEBUG EVAL: material=-31800 pst=40 total=-31760
DEBUG: evaluate returned crazy score! stand_pat=31760
DEBUG: child returned INF! depth=1 score=-30000
DEBUG EVAL: material=-31800 pst=40 total=-31760
DEBUG: evaluate returned crazy score! stand_pat=31760
DEBUG: child returned INF! depth=1 score=-30000
DEBUG EVAL: material=-31800 pst=40 total=-31760
DEBUG: evaluate returned crazy score! stand_pat=31760
DEBUG: child returned INF! depth=1 score=-30000
DEBUG EVAL: material=-31800 pst=10 total=-31790
DEBUG: evaluate returned crazy score! stand_pat=31790
DEBUG: child returned INF! depth=1 score=-30000
DEBUG EVAL: material=-31800 pst=70 total=-31730
DEBUG: evaluate returned crazy score! stand_pat=31730
DEBUG: child returned INF! depth=1 score=-30000
DEBUG EVAL: material=-31800 pst=20 total=-31780
DEBUG: evaluate returned crazy score! stand_pat=31780
DEBUG: child returned INF! depth=1 score=-30000
DEBUG EVAL: material=-31800 pst=70 total=-31730
DEBUG: evaluate returned crazy score! stand_pat=31730
DEBUG: child returned INF! depth=1 score=-30000
DEBUG EVAL: material=-31800 pst=55 total=-31745
DEBUG: evaluate returned crazy score! stand_pat=31745
DEBUG: child returned INF! depth=1 score=-30000
DEBUG: negamax returning -INF! depth=1 ply=5 legal_moves=40 alpha=-30000 beta=90
DEBUG: child returned INF! depth=3 score=-30000
DEBUG EVAL: material=-31800 pst=105 total=-31695
DEBUG: evaluate returned crazy score! stand_pat=31695
DEBUG: child returned INF! depth=1 score=-30000
DEBUG EVAL: material=-31800 pst=60 total=-31740
DEBUG: evaluate returned crazy score! stand_pat=31740
DEBUG: child returned INF! depth=1 score=-30000
DEBUG EVAL: material=-31800 pst=60 total=-31740
DEBUG: evaluate returned crazy score! stand_pat=31740
DEBUG: child returned INF! depth=1 score=-30000
DEBUG EVAL: material=-31800 pst=70 total=-31730
DEBUG: evaluate returned crazy score! stand_pat=31730
DEBUG: child returned INF! depth=1 score=-30000
DEBUG EVAL: material=-31800 pst=80 total=-31720
DEBUG: evaluate returned crazy score! stand_pat=31720
DEBUG: child returned INF! depth=1 score=-30000
DEBUG EVAL: material=-31800 pst=80 total=-31720
DEBUG: evaluate returned crazy score! stand_pat=31720
DEBUG: child returned INF! depth=1 score=-30000
DEBUG EVAL: material=-31800 pst=75 total=-31725
DEBUG: evaluate returned crazy score! stand_pat=31725
DEBUG: child returned INF! depth=1 score=-30000
DEBUG EVAL: material=-31800 pst=60 total=-31740
DEBUG: evaluate returned crazy score! stand_pat=31740
DEBUG: child returned INF! depth=1 score=-30000
DEBUG EVAL: material=-31800 pst=60 total=-31740
DEBUG: evaluate returned crazy score! stand_pat=31740
DEBUG: child returned INF! depth=1 score=-30000
DEBUG EVAL: material=-31800 pst=110 total=-31690
DEBUG: evaluate returned crazy score! stand_pat=31690
DEBUG: child returned INF! depth=1 score=-30000
DEBUG EVAL: material=-31800 pst=70 total=-31730
DEBUG: evaluate returned crazy score! stand_pat=31730
DEBUG: child returned INF! depth=1 score=-30000
DEBUG EVAL: material=-31800 pst=40 total=-31760
DEBUG: evaluate returned crazy score! stand_pat=31760
DEBUG: child returned INF! depth=1 score=-30000
DEBUG EVAL: material=-31800 pst=40 total=-31760
DEBUG: evaluate returned crazy score! stand_pat=31760
DEBUG: child returned INF! depth=1 score=-30000
DEBUG EVAL: material=-31800 pst=40 total=-31760
DEBUG: evaluate returned crazy score! stand_pat=31760
DEBUG: child returned INF! depth=1 score=-30000
DEBUG EVAL: material=-31800 pst=40 total=-31760
DEBUG: evaluate returned crazy score! stand_pat=31760
DEBUG: child returned INF! depth=1 score=-30000
DEBUG EVAL: material=-31800 pst=65 total=-31735
DEBUG: evaluate returned crazy score! stand_pat=31735
DEBUG: child returned INF! depth=1 score=-30000
DEBUG EVAL: material=-31800 pst=65 total=-31735
DEBUG: evaluate returned crazy score! stand_pat=31735
DEBUG: child returned INF! depth=1 score=-30000
DEBUG EVAL: material=-31800 pst=60 total=-31740
DEBUG: evaluate returned crazy score! stand_pat=31740
DEBUG: child returned INF! depth=1 score=-30000
DEBUG EVAL: material=-31800 pst=50 total=-31750
DEBUG: evaluate returned crazy score! stand_pat=31750
DEBUG: child returned INF! depth=1 score=-30000
DEBUG EVAL: material=-31800 pst=55 total=-31745
DEBUG: evaluate returned crazy score! stand_pat=31745
DEBUG: child returned INF! depth=1 score=-30000
DEBUG EVAL: material=-31800 pst=60 total=-31740
DEBUG: evaluate returned crazy score! stand_pat=31740
DEBUG: child returned INF! depth=1 score=-30000
DEBUG EVAL: material=-31800 pst=65 total=-31735
DEBUG: evaluate returned crazy score! stand_pat=31735
DEBUG: child returned INF! depth=1 score=-30000
DEBUG EVAL: material=-31800 pst=65 total=-31735
DEBUG: evaluate returned crazy score! stand_pat=31735
DEBUG: child returned INF! depth=1 score=-30000
DEBUG EVAL: material=-31800 pst=65 total=-31735
DEBUG: evaluate returned crazy score! stand_pat=31735
DEBUG: child returned INF! depth=1 score=-30000
DEBUG EVAL: material=-31800 pst=65 total=-31735
DEBUG: evaluate returned crazy score! stand_pat=31735
DEBUG: child returned INF! depth=1 score=-30000
DEBUG EVAL: material=-31800 pst=60 total=-31740
DEBUG: evaluate returned crazy score! stand_pat=31740
DEBUG: child returned INF! depth=1 score=-30000
DEBUG EVAL: material=-31800 pst=55 total=-31745
DEBUG: evaluate returned crazy score! stand_pat=31745
DEBUG: child returned INF! depth=1 score=-30000
DEBUG EVAL: material=-31800 pst=40 total=-31760
DEBUG: evaluate returned crazy score! stand_pat=31760
DEBUG: child returned INF! depth=1 score=-30000
DEBUG EVAL: material=-31800 pst=40 total=-31760
DEBUG: evaluate returned crazy score! stand_pat=31760
DEBUG: child returned INF! depth=1 score=-30000
DEBUG EVAL: material=-31800 pst=40 total=-31760
DEBUG: evaluate returned crazy score! stand_pat=31760
DEBUG: child returned INF! depth=1 score=-30000
DEBUG EVAL: material=-31800 pst=40 total=-31760
DEBUG: evaluate returned crazy score! stand_pat=31760
DEBUG: child returned INF! depth=1 score=-30000
DEBUG EVAL: material=-31800 pst=40 total=-31760
DEBUG: evaluate returned crazy score! stand_pat=31760
DEBUG: child returned INF! depth=1 score=-30000
DEBUG EVAL: material=-31800 pst=40 total=-31760
DEBUG: evaluate returned crazy score! stand_pat=31760
DEBUG: child returned INF! depth=1 score=-30000
DEBUG EVAL: material=-31800 pst=10 total=-31790
DEBUG: evaluate returned crazy score! stand_pat=31790
DEBUG: child returned INF! depth=1 score=-30000
DEBUG EVAL: material=-31800 pst=20 total=-31780
DEBUG: evaluate returned crazy score! stand_pat=31780
DEBUG: child returned INF! depth=1 score=-30000
DEBUG EVAL: material=-31800 pst=55 total=-31745
DEBUG: evaluate returned crazy score! stand_pat=31745
DEBUG: child returned INF! depth=1 score=-30000
DEBUG EVAL: material=-31800 pst=20 total=-31780
DEBUG: evaluate returned crazy score! stand_pat=31780
DEBUG: child returned INF! depth=1 score=-30000
DEBUG EVAL: material=-31800 pst=70 total=-31730
DEBUG: evaluate returned crazy score! stand_pat=31730
DEBUG: child returned INF! depth=1 score=-30000
DEBUG EVAL: material=-31800 pst=55 total=-31745
DEBUG: evaluate returned crazy score! stand_pat=31745
DEBUG: child returned INF! depth=1 score=-30000
DEBUG EVAL: material=-31800 pst=70 total=-31730
DEBUG: evaluate returned crazy score! stand_pat=31730
DEBUG: child returned INF! depth=1 score=-30000
DEBUG: negamax returning -INF! depth=1 ply=5 legal_moves=40 alpha=-30000 beta=90
DEBUG: child returned INF! depth=3 score=-30000
DEBUG EVAL: material=-31800 pst=55 total=-31745
DEBUG: evaluate returned crazy score! stand_pat=31745
DEBUG: child returned INF! depth=1 score=-30000
DEBUG EVAL: material=-31800 pst=60 total=-31740
DEBUG: evaluate returned crazy score! stand_pat=31740
DEBUG: child returned INF! depth=1 score=-30000
DEBUG EVAL: material=-31800 pst=10 total=-31790
DEBUG: evaluate returned crazy score! stand_pat=31790
DEBUG: child returned INF! depth=1 score=-30000
DEBUG EVAL: material=-31800 pst=10 total=-31790
DEBUG: evaluate returned crazy score! stand_pat=31790
DEBUG: child returned INF! depth=1 score=-30000
DEBUG EVAL: material=-31800 pst=20 total=-31780
DEBUG: evaluate returned crazy score! stand_pat=31780
DEBUG: child returned INF! depth=1 score=-30000
DEBUG EVAL: material=-31800 pst=30 total=-31770
DEBUG: evaluate returned crazy score! stand_pat=31770
DEBUG: child returned INF! depth=1 score=-30000
DEBUG EVAL: material=-31800 pst=30 total=-31770
DEBUG: evaluate returned crazy score! stand_pat=31770
DEBUG: child returned INF! depth=1 score=-30000
DEBUG EVAL: material=-31800 pst=25 total=-31775
DEBUG: evaluate returned crazy score! stand_pat=31775
DEBUG: child returned INF! depth=1 score=-30000
DEBUG EVAL: material=-31800 pst=10 total=-31790
DEBUG: evaluate returned crazy score! stand_pat=31790
DEBUG: child returned INF! depth=1 score=-30000
DEBUG EVAL: material=-31800 pst=20 total=-31780
DEBUG: evaluate returned crazy score! stand_pat=31780
DEBUG: child returned INF! depth=1 score=-30000
DEBUG EVAL: material=-31800 pst=60 total=-31740
DEBUG: evaluate returned crazy score! stand_pat=31740
DEBUG: child returned INF! depth=1 score=-30000
DEBUG EVAL: material=-31800 pst=20 total=-31780
DEBUG: evaluate returned crazy score! stand_pat=31780
DEBUG: child returned INF! depth=1 score=-30000
DEBUG EVAL: material=-31800 pst=-10 total=-31810
DEBUG: evaluate returned crazy score! stand_pat=31810
DEBUG: child returned INF! depth=1 score=-30000
DEBUG EVAL: material=-31800 pst=-10 total=-31810
DEBUG: evaluate returned crazy score! stand_pat=31810
DEBUG: child returned INF! depth=1 score=-30000
DEBUG EVAL: material=-31800 pst=-10 total=-31810
DEBUG: evaluate returned crazy score! stand_pat=31810
DEBUG: child returned INF! depth=1 score=-30000
DEBUG EVAL: material=-31800 pst=-10 total=-31810
DEBUG: evaluate returned crazy score! stand_pat=31810
DEBUG: child returned INF! depth=1 score=-30000
DEBUG EVAL: material=-31800 pst=-10 total=-31810
DEBUG: evaluate returned crazy score! stand_pat=31810
DEBUG: child returned INF! depth=1 score=-30000
DEBUG EVAL: material=-31800 pst=-10 total=-31810
DEBUG: evaluate returned crazy score! stand_pat=31810
DEBUG: child returned INF! depth=1 score=-30000
DEBUG EVAL: material=-31800 pst=5 total=-31795
DEBUG: evaluate returned crazy score! stand_pat=31795
DEBUG: child returned INF! depth=1 score=-30000
DEBUG EVAL: material=-31800 pst=15 total=-31785
DEBUG: evaluate returned crazy score! stand_pat=31785
DEBUG: child returned INF! depth=1 score=-30000
DEBUG EVAL: material=-31800 pst=10 total=-31790
DEBUG: evaluate returned crazy score! stand_pat=31790
DEBUG: child returned INF! depth=1 score=-30000
DEBUG EVAL: material=-31800 pst=5 total=-31795
DEBUG: evaluate returned crazy score! stand_pat=31795
DEBUG: child returned INF! depth=1 score=-30000
DEBUG EVAL: material=-31800 pst=15 total=-31785
DEBUG: evaluate returned crazy score! stand_pat=31785
DEBUG: child returned INF! depth=1 score=-30000
DEBUG EVAL: material=-31800 pst=15 total=-31785
DEBUG: evaluate returned crazy score! stand_pat=31785
DEBUG: child returned INF! depth=1 score=-30000
DEBUG EVAL: material=-31800 pst=10 total=-31790
DEBUG: evaluate returned crazy score! stand_pat=31790
DEBUG: child returned INF! depth=1 score=-30000
DEBUG EVAL: material=-31800 pst=0 total=-31800
DEBUG: evaluate returned crazy score! stand_pat=31800
DEBUG: child returned INF! depth=1 score=-30000
DEBUG EVAL: material=-31800 pst=10 total=-31790
DEBUG: evaluate returned crazy score! stand_pat=31790
DEBUG: child returned INF! depth=1 score=-30000
DEBUG EVAL: material=-31800 pst=15 total=-31785
DEBUG: evaluate returned crazy score! stand_pat=31785
DEBUG: child returned INF! depth=1 score=-30000
DEBUG EVAL: material=-31800 pst=15 total=-31785
DEBUG: evaluate returned crazy score! stand_pat=31785
DEBUG: child returned INF! depth=1 score=-30000
DEBUG EVAL: material=-31800 pst=15 total=-31785
DEBUG: evaluate returned crazy score! stand_pat=31785
DEBUG: child returned INF! depth=1 score=-30000
DEBUG EVAL: material=-31800 pst=15 total=-31785
DEBUG: evaluate returned crazy score! stand_pat=31785
DEBUG: child returned INF! depth=1 score=-30000
DEBUG EVAL: material=-31800 pst=10 total=-31790
DEBUG: evaluate returned crazy score! stand_pat=31790
DEBUG: child returned INF! depth=1 score=-30000
DEBUG EVAL: material=-31800 pst=5 total=-31795
DEBUG: evaluate returned crazy score! stand_pat=31795
DEBUG: child returned INF! depth=1 score=-30000
DEBUG EVAL: material=-31800 pst=-10 total=-31810
DEBUG: evaluate returned crazy score! stand_pat=31810
DEBUG: child returned INF! depth=1 score=-30000
DEBUG EVAL: material=-31800 pst=-10 total=-31810
DEBUG: evaluate returned crazy score! stand_pat=31810
DEBUG: child returned INF! depth=1 score=-30000
DEBUG EVAL: material=-31800 pst=-10 total=-31810
DEBUG: evaluate returned crazy score! stand_pat=31810
DEBUG: child returned INF! depth=1 score=-30000
DEBUG EVAL: material=-31800 pst=-10 total=-31810
DEBUG: evaluate returned crazy score! stand_pat=31810
DEBUG: child returned INF! depth=1 score=-30000
DEBUG EVAL: material=-31800 pst=-10 total=-31810
DEBUG: evaluate returned crazy score! stand_pat=31810
DEBUG: child returned INF! depth=1 score=-30000
DEBUG EVAL: material=-31800 pst=-10 total=-31810
DEBUG: evaluate returned crazy score! stand_pat=31810
DEBUG: child returned INF! depth=1 score=-30000
DEBUG: negamax returning -INF! depth=1 ply=5 legal_moves=39 alpha=-30000 beta=90
DEBUG: child returned INF! depth=3 score=-30000
DEBUG EVAL: material=-31800 pst=20 total=-31780
DEBUG: evaluate returned crazy score! stand_pat=31780
DEBUG: child returned INF! depth=1 score=-30000
DEBUG EVAL: material=-31800 pst=60 total=-31740
DEBUG: evaluate returned crazy score! stand_pat=31740
DEBUG: child returned INF! depth=1 score=-30000
DEBUG EVAL: material=-31800 pst=60 total=-31740
DEBUG: evaluate returned crazy score! stand_pat=31740
DEBUG: child returned INF! depth=1 score=-30000
DEBUG EVAL: material=-31800 pst=20 total=-31780
DEBUG: evaluate returned crazy score! stand_pat=31780
DEBUG: child returned INF! depth=1 score=-30000
DEBUG EVAL: material=-31800 pst=-10 total=-31810
DEBUG: evaluate returned crazy score! stand_pat=31810
DEBUG: child returned INF! depth=1 score=-30000
DEBUG EVAL: material=-31800 pst=-10 total=-31810
DEBUG: evaluate returned crazy score! stand_pat=31810
DEBUG: child returned INF! depth=1 score=-30000
DEBUG EVAL: material=-31800 pst=-10 total=-31810
DEBUG: evaluate returned crazy score! stand_pat=31810
DEBUG: child returned INF! depth=1 score=-30000
DEBUG EVAL: material=-31800 pst=-10 total=-31810
DEBUG: evaluate returned crazy score! stand_pat=31810
DEBUG: child returned INF! depth=1 score=-30000
DEBUG EVAL: material=-31800 pst=-10 total=-31810
DEBUG: evaluate returned crazy score! stand_pat=31810
DEBUG: child returned INF! depth=1 score=-30000
DEBUG EVAL: material=-31800 pst=-10 total=-31810
DEBUG: evaluate returned crazy score! stand_pat=31810
DEBUG: child returned INF! depth=1 score=-30000
DEBUG EVAL: material=-31800 pst=5 total=-31795
DEBUG: evaluate returned crazy score! stand_pat=31795
DEBUG: child returned INF! depth=1 score=-30000
DEBUG EVAL: material=-31800 pst=15 total=-31785
DEBUG: evaluate returned crazy score! stand_pat=31785
DEBUG: child returned INF! depth=1 score=-30000
DEBUG EVAL: material=-31800 pst=10 total=-31790
DEBUG: evaluate returned crazy score! stand_pat=31790
DEBUG: child returned INF! depth=1 score=-30000
DEBUG EVAL: material=-31800 pst=5 total=-31795
DEBUG: evaluate returned crazy score! stand_pat=31795
DEBUG: child returned INF! depth=1 score=-30000
DEBUG EVAL: material=-31800 pst=15 total=-31785
DEBUG: evaluate returned crazy score! stand_pat=31785
DEBUG: child returned INF! depth=1 score=-30000
DEBUG EVAL: material=-31800 pst=15 total=-31785
DEBUG: evaluate returned crazy score! stand_pat=31785
DEBUG: child returned INF! depth=1 score=-30000
DEBUG EVAL: material=-31800 pst=10 total=-31790
DEBUG: evaluate returned crazy score! stand_pat=31790
DEBUG: child returned INF! depth=1 score=-30000
DEBUG EVAL: material=-31800 pst=0 total=-31800
DEBUG: evaluate returned crazy score! stand_pat=31800
DEBUG: child returned INF! depth=1 score=-30000
DEBUG EVAL: material=-31800 pst=5 total=-31795
DEBUG: evaluate returned crazy score! stand_pat=31795
DEBUG: child returned INF! depth=1 score=-30000
DEBUG EVAL: material=-31800 pst=15 total=-31785
DEBUG: evaluate returned crazy score! stand_pat=31785
DEBUG: child returned INF! depth=1 score=-30000
DEBUG EVAL: material=-31800 pst=15 total=-31785
DEBUG: evaluate returned crazy score! stand_pat=31785
DEBUG: child returned INF! depth=1 score=-30000
DEBUG EVAL: material=-31800 pst=15 total=-31785
DEBUG: evaluate returned crazy score! stand_pat=31785
DEBUG: child returned INF! depth=1 score=-30000
DEBUG EVAL: material=-31800 pst=15 total=-31785
DEBUG: evaluate returned crazy score! stand_pat=31785
DEBUG: child returned INF! depth=1 score=-30000
DEBUG EVAL: material=-31800 pst=10 total=-31790
DEBUG: evaluate returned crazy score! stand_pat=31790
DEBUG: child returned INF! depth=1 score=-30000
DEBUG EVAL: material=-31800 pst=5 total=-31795
DEBUG: evaluate returned crazy score! stand_pat=31795
DEBUG: child returned INF! depth=1 score=-30000
DEBUG EVAL: material=-31800 pst=10 total=-31790
DEBUG: evaluate returned crazy score! stand_pat=31790
DEBUG: child returned INF! depth=1 score=-30000
DEBUG EVAL: material=-31800 pst=10 total=-31790
DEBUG: evaluate returned crazy score! stand_pat=31790
DEBUG: child returned INF! depth=1 score=-30000
DEBUG EVAL: material=-31800 pst=-10 total=-31810
DEBUG: evaluate returned crazy score! stand_pat=31810
DEBUG: child returned INF! depth=1 score=-30000
DEBUG EVAL: material=-31800 pst=-10 total=-31810
DEBUG: evaluate returned crazy score! stand_pat=31810
DEBUG: child returned INF! depth=1 score=-30000
DEBUG EVAL: material=-31800 pst=-10 total=-31810
DEBUG: evaluate returned crazy score! stand_pat=31810
DEBUG: child returned INF! depth=1 score=-30000
DEBUG EVAL: material=-31800 pst=-10 total=-31810
DEBUG: evaluate returned crazy score! stand_pat=31810
DEBUG: child returned INF! depth=1 score=-30000
DEBUG EVAL: material=-31800 pst=-10 total=-31810
DEBUG: evaluate returned crazy score! stand_pat=31810
DEBUG: child returned INF! depth=1 score=-30000
DEBUG EVAL: material=-31800 pst=-10 total=-31810
DEBUG: evaluate returned crazy score! stand_pat=31810
DEBUG: child returned INF! depth=1 score=-30000
DEBUG EVAL: material=-31800 pst=-10 total=-31810
DEBUG: evaluate returned crazy score! stand_pat=31810
DEBUG: child returned INF! depth=1 score=-30000
DEBUG EVAL: material=-31800 pst=-10 total=-31810
DEBUG: evaluate returned crazy score! stand_pat=31810
DEBUG: child returned INF! depth=1 score=-30000
DEBUG EVAL: material=-31800 pst=-10 total=-31810
DEBUG: evaluate returned crazy score! stand_pat=31810
DEBUG: child returned INF! depth=1 score=-30000
DEBUG: negamax returning -INF! depth=1 ply=5 legal_moves=36 alpha=-30000 beta=90
DEBUG: child returned INF! depth=3 score=-30000
DEBUG EVAL: material=-31800 pst=30 total=-31770
DEBUG: evaluate returned crazy score! stand_pat=31770
DEBUG: child returned INF! depth=1 score=-30000
DEBUG EVAL: material=-31800 pst=70 total=-31730
DEBUG: evaluate returned crazy score! stand_pat=31730
DEBUG: child returned INF! depth=1 score=-30000
DEBUG EVAL: material=-31800 pst=20 total=-31780
DEBUG: evaluate returned crazy score! stand_pat=31780
DEBUG: child returned INF! depth=1 score=-30000
DEBUG EVAL: material=-31800 pst=30 total=-31770
DEBUG: evaluate returned crazy score! stand_pat=31770
DEBUG: child returned INF! depth=1 score=-30000
DEBUG EVAL: material=-31800 pst=70 total=-31730
DEBUG: evaluate returned crazy score! stand_pat=31730
DEBUG: child returned INF! depth=1 score=-30000
DEBUG EVAL: material=-31800 pst=30 total=-31770
DEBUG: evaluate returned crazy score! stand_pat=31770
DEBUG: child returned INF! depth=1 score=-30000
DEBUG EVAL: material=-31800 pst=0 total=-31800
DEBUG: evaluate returned crazy score! stand_pat=31800
DEBUG: child returned INF! depth=1 score=-30000
DEBUG EVAL: material=-31800 pst=0 total=-31800
DEBUG: evaluate returned crazy score! stand_pat=31800
DEBUG: child returned INF! depth=1 score=-30000
DEBUG EVAL: material=-31800 pst=0 total=-31800
DEBUG: evaluate returned crazy score! stand_pat=31800
DEBUG: child returned INF! depth=1 score=-30000
DEBUG EVAL: material=-31800 pst=0 total=-31800
DEBUG: evaluate returned crazy score! stand_pat=31800
DEBUG: child returned INF! depth=1 score=-30000
DEBUG EVAL: material=-31800 pst=0 total=-31800
DEBUG: evaluate returned crazy score! stand_pat=31800
DEBUG: child returned INF! depth=1 score=-30000
DEBUG EVAL: material=-31800 pst=0 total=-31800
DEBUG: evaluate returned crazy score! stand_pat=31800
DEBUG: child returned INF! depth=1 score=-30000
DEBUG EVAL: material=-31800 pst=25 total=-31775
DEBUG: evaluate returned crazy score! stand_pat=31775
DEBUG: child returned INF! depth=1 score=-30000
DEBUG EVAL: material=-31800 pst=20 total=-31780
DEBUG: evaluate returned crazy score! stand_pat=31780
DEBUG: child returned INF! depth=1 score=-30000
DEBUG EVAL: material=-31800 pst=15 total=-31785
DEBUG: evaluate returned crazy score! stand_pat=31785
DEBUG: child returned INF! depth=1 score=-30000
DEBUG EVAL: material=-31800 pst=25 total=-31775
DEBUG: evaluate returned crazy score! stand_pat=31775
DEBUG: child returned INF! depth=1 score=-30000
DEBUG EVAL: material=-31800 pst=25 total=-31775
DEBUG: evaluate returned crazy score! stand_pat=31775
DEBUG: child returned INF! depth=1 score=-30000
DEBUG EVAL: material=-31800 pst=20 total=-31780
DEBUG: evaluate returned crazy score! stand_pat=31780
DEBUG: child returned INF! depth=1 score=-30000
DEBUG EVAL: material=-31800 pst=10 total=-31790
DEBUG: evaluate returned crazy score! stand_pat=31790
DEBUG: child returned INF! depth=1 score=-30000
DEBUG EVAL: material=-31800 pst=15 total=-31785
DEBUG: evaluate returned crazy score! stand_pat=31785
DEBUG: child returned INF! depth=1 score=-30000
DEBUG EVAL: material=-31800 pst=25 total=-31775
DEBUG: evaluate returned crazy score! stand_pat=31775
DEBUG: child returned INF! depth=1 score=-30000
DEBUG EVAL: material=-31800 pst=25 total=-31775
DEBUG: evaluate returned crazy score! stand_pat=31775
DEBUG: child returned INF! depth=1 score=-30000
DEBUG EVAL: material=-31800 pst=25 total=-31775
DEBUG: evaluate returned crazy score! stand_pat=31775
DEBUG: child returned INF! depth=1 score=-30000
DEBUG EVAL: material=-31800 pst=25 total=-31775
DEBUG: evaluate returned crazy score! stand_pat=31775
DEBUG: child returned INF! depth=1 score=-30000
DEBUG EVAL: material=-31800 pst=20 total=-31780
DEBUG: evaluate returned crazy score! stand_pat=31780
DEBUG: child returned INF! depth=1 score=-30000
DEBUG EVAL: material=-31800 pst=15 total=-31785
DEBUG: evaluate returned crazy score! stand_pat=31785
DEBUG: child returned INF! depth=1 score=-30000
DEBUG EVAL: material=-31800 pst=10 total=-31790
DEBUG: evaluate returned crazy score! stand_pat=31790
DEBUG: child returned INF! depth=1 score=-30000
DEBUG EVAL: material=-31800 pst=10 total=-31790
DEBUG: evaluate returned crazy score! stand_pat=31790
DEBUG: child returned INF! depth=1 score=-30000
DEBUG EVAL: material=-31800 pst=30 total=-31770
DEBUG: evaluate returned crazy score! stand_pat=31770
DEBUG: child returned INF! depth=1 score=-30000
DEBUG EVAL: material=-31800 pst=30 total=-31770
DEBUG: evaluate returned crazy score! stand_pat=31770
DEBUG: child returned INF! depth=1 score=-30000
DEBUG EVAL: material=-31800 pst=25 total=-31775
DEBUG: evaluate returned crazy score! stand_pat=31775
DEBUG: child returned INF! depth=1 score=-30000
DEBUG EVAL: material=-31800 pst=10 total=-31790
DEBUG: evaluate returned crazy score! stand_pat=31790
DEBUG: child returned INF! depth=1 score=-30000
DEBUG EVAL: material=-31800 pst=30 total=-31770
DEBUG: evaluate returned crazy score! stand_pat=31770
DEBUG: child returned INF! depth=1 score=-30000
DEBUG EVAL: material=-31800 pst=20 total=-31780
DEBUG: evaluate returned crazy score! stand_pat=31780
DEBUG: child returned INF! depth=1 score=-30000
DEBUG EVAL: material=-31800 pst=10 total=-31790
DEBUG: evaluate returned crazy score! stand_pat=31790
DEBUG: child returned INF! depth=1 score=-30000
DEBUG EVAL: material=-31800 pst=0 total=-31800
DEBUG: evaluate returned crazy score! stand_pat=31800
DEBUG: child returned INF! depth=1 score=-30000
DEBUG EVAL: material=-31800 pst=0 total=-31800
DEBUG: evaluate returned crazy score! stand_pat=31800
DEBUG: child returned INF! depth=1 score=-30000
DEBUG EVAL: material=-31800 pst=0 total=-31800
DEBUG: evaluate returned crazy score! stand_pat=31800
DEBUG: child returned INF! depth=1 score=-30000
DEBUG EVAL: material=-31800 pst=0 total=-31800
DEBUG: evaluate returned crazy score! stand_pat=31800
DEBUG: child returned INF! depth=1 score=-30000
DEBUG EVAL: material=-31800 pst=0 total=-31800
DEBUG: evaluate returned crazy score! stand_pat=31800
DEBUG: child returned INF! depth=1 score=-30000
DEBUG EVAL: material=-31800 pst=0 total=-31800
DEBUG: evaluate returned crazy score! stand_pat=31800
DEBUG: child returned INF! depth=1 score=-30000
DEBUG: negamax returning -INF! depth=1 ply=5 legal_moves=41 alpha=-30000 beta=90
DEBUG: child returned INF! depth=3 score=-30000
DEBUG EVAL: material=-31700 pst=10 total=-31690
DEBUG: evaluate returned crazy score! stand_pat=31690
DEBUG: child returned INF! depth=1 score=-30000
DEBUG EVAL: material=-31800 pst=75 total=-31725
DEBUG: evaluate returned crazy score! stand_pat=31725
DEBUG: child returned INF! depth=1 score=-30000
DEBUG EVAL: material=-31800 pst=30 total=-31770
DEBUG: evaluate returned crazy score! stand_pat=31770
DEBUG: child returned INF! depth=1 score=-30000
DEBUG EVAL: material=-31800 pst=40 total=-31760
DEBUG: evaluate returned crazy score! stand_pat=31760
DEBUG: child returned INF! depth=1 score=-30000
DEBUG EVAL: material=-31800 pst=30 total=-31770
DEBUG: evaluate returned crazy score! stand_pat=31770
DEBUG: child returned INF! depth=1 score=-30000
DEBUG EVAL: material=-31800 pst=80 total=-31720
DEBUG: evaluate returned crazy score! stand_pat=31720
DEBUG: child returned INF! depth=1 score=-30000
DEBUG EVAL: material=-31800 pst=80 total=-31720
DEBUG: evaluate returned crazy score! stand_pat=31720
DEBUG: child returned INF! depth=1 score=-30000
DEBUG EVAL: material=-31800 pst=40 total=-31760
DEBUG: evaluate returned crazy score! stand_pat=31760
DEBUG: child returned INF! depth=1 score=-30000
DEBUG EVAL: material=-31800 pst=10 total=-31790
DEBUG: evaluate returned crazy score! stand_pat=31790
DEBUG: child returned INF! depth=1 score=-30000
DEBUG EVAL: material=-31800 pst=10 total=-31790
DEBUG: evaluate returned crazy score! stand_pat=31790
DEBUG: child returned INF! depth=1 score=-30000
DEBUG EVAL: material=-31800 pst=10 total=-31790
DEBUG: evaluate returned crazy score! stand_pat=31790
DEBUG: child returned INF! depth=1 score=-30000
DEBUG EVAL: material=-31800 pst=10 total=-31790
DEBUG: evaluate returned crazy score! stand_pat=31790
DEBUG: child returned INF! depth=1 score=-30000
DEBUG EVAL: material=-31800 pst=10 total=-31790
DEBUG: evaluate returned crazy score! stand_pat=31790
DEBUG: child returned INF! depth=1 score=-30000
DEBUG EVAL: material=-31800 pst=10 total=-31790
DEBUG: evaluate returned crazy score! stand_pat=31790
DEBUG: child returned INF! depth=1 score=-30000
DEBUG EVAL: material=-31800 pst=35 total=-31765
DEBUG: evaluate returned crazy score! stand_pat=31765
DEBUG: child returned INF! depth=1 score=-30000
DEBUG EVAL: material=-31800 pst=30 total=-31770
DEBUG: evaluate returned crazy score! stand_pat=31770
DEBUG: child returned INF! depth=1 score=-30000
DEBUG EVAL: material=-31800 pst=25 total=-31775
DEBUG: evaluate returned crazy score! stand_pat=31775
DEBUG: child returned INF! depth=1 score=-30000
DEBUG EVAL: material=-31800 pst=35 total=-31765
DEBUG: evaluate returned crazy score! stand_pat=31765
DEBUG: child returned INF! depth=1 score=-30000
DEBUG EVAL: material=-31800 pst=35 total=-31765
DEBUG: evaluate returned crazy score! stand_pat=31765
DEBUG: child returned INF! depth=1 score=-30000
DEBUG EVAL: material=-31800 pst=40 total=-31760
DEBUG: evaluate returned crazy score! stand_pat=31760
DEBUG: child returned INF! depth=1 score=-30000
DEBUG EVAL: material=-31800 pst=20 total=-31780
DEBUG: evaluate returned crazy score! stand_pat=31780
DEBUG: child returned INF! depth=1 score=-30000
DEBUG EVAL: material=-31800 pst=25 total=-31775
DEBUG: evaluate returned crazy score! stand_pat=31775
DEBUG: child returned INF! depth=1 score=-30000
DEBUG EVAL: material=-31800 pst=30 total=-31770
DEBUG: evaluate returned crazy score! stand_pat=31770
DEBUG: child returned INF! depth=1 score=-30000
DEBUG EVAL: material=-31800 pst=10 total=-31790
DEBUG: evaluate returned crazy score! stand_pat=31790
DEBUG: child returned INF! depth=1 score=-30000
DEBUG EVAL: material=-31800 pst=10 total=-31790
DEBUG: evaluate returned crazy score! stand_pat=31790
DEBUG: child returned INF! depth=1 score=-30000
DEBUG EVAL: material=-31800 pst=10 total=-31790
DEBUG: evaluate returned crazy score! stand_pat=31790
DEBUG: child returned INF! depth=1 score=-30000
DEBUG EVAL: material=-31800 pst=10 total=-31790
DEBUG: evaluate returned crazy score! stand_pat=31790
DEBUG: child returned INF! depth=1 score=-30000
DEBUG EVAL: material=-31800 pst=10 total=-31790
DEBUG: evaluate returned crazy score! stand_pat=31790
DEBUG: child returned INF! depth=1 score=-30000
DEBUG EVAL: material=-31800 pst=10 total=-31790
DEBUG: evaluate returned crazy score! stand_pat=31790
DEBUG: child returned INF! depth=1 score=-30000
DEBUG EVAL: material=-31800 pst=20 total=-31780
DEBUG: evaluate returned crazy score! stand_pat=31780
DEBUG: child returned INF! depth=1 score=-30000
DEBUG EVAL: material=-31800 pst=10 total=-31790
DEBUG: evaluate returned crazy score! stand_pat=31790
DEBUG: child returned INF! depth=1 score=-30000
DEBUG EVAL: material=-31800 pst=30 total=-31770
DEBUG: evaluate returned crazy score! stand_pat=31770
DEBUG: child returned INF! depth=1 score=-30000
DEBUG EVAL: material=-31800 pst=25 total=-31775
DEBUG: evaluate returned crazy score! stand_pat=31775
DEBUG: child returned INF! depth=1 score=-30000
DEBUG EVAL: material=-31800 pst=10 total=-31790
DEBUG: evaluate returned crazy score! stand_pat=31790
DEBUG: child returned INF! depth=1 score=-30000
DEBUG EVAL: material=-31800 pst=30 total=-31770
DEBUG: evaluate returned crazy score! stand_pat=31770
DEBUG: child returned INF! depth=1 score=-30000
DEBUG EVAL: material=-31800 pst=25 total=-31775
DEBUG: evaluate returned crazy score! stand_pat=31775
DEBUG: child returned INF! depth=1 score=-30000
DEBUG EVAL: material=-31800 pst=20 total=-31780
DEBUG: evaluate returned crazy score! stand_pat=31780
DEBUG: child returned INF! depth=1 score=-30000
DEBUG EVAL: material=-31800 pst=30 total=-31770
DEBUG: evaluate returned crazy score! stand_pat=31770
DEBUG: child returned INF! depth=1 score=-30000
DEBUG: negamax returning -INF! depth=1 ply=5 legal_moves=38 alpha=-30000 beta=90
DEBUG: child returned INF! depth=3 score=-30000
DEBUG EVAL: material=-31700 pst=40 total=-31660
DEBUG: evaluate returned crazy score! stand_pat=31660
DEBUG: child returned INF! depth=1 score=-30000
DEBUG EVAL: material=-31800 pst=75 total=-31725
DEBUG: evaluate returned crazy score! stand_pat=31725
DEBUG: child returned INF! depth=1 score=-30000
DEBUG EVAL: material=-31800 pst=30 total=-31770
DEBUG: evaluate returned crazy score! stand_pat=31770
DEBUG: child returned INF! depth=1 score=-30000
DEBUG EVAL: material=-31800 pst=40 total=-31760
DEBUG: evaluate returned crazy score! stand_pat=31760
DEBUG: child returned INF! depth=1 score=-30000
DEBUG EVAL: material=-31800 pst=30 total=-31770
DEBUG: evaluate returned crazy score! stand_pat=31770
DEBUG: child returned INF! depth=1 score=-30000
DEBUG EVAL: material=-31800 pst=80 total=-31720
DEBUG: evaluate returned crazy score! stand_pat=31720
DEBUG: child returned INF! depth=1 score=-30000
DEBUG EVAL: material=-31800 pst=80 total=-31720
DEBUG: evaluate returned crazy score! stand_pat=31720
DEBUG: child returned INF! depth=1 score=-30000
DEBUG EVAL: material=-31800 pst=40 total=-31760
DEBUG: evaluate returned crazy score! stand_pat=31760
DEBUG: child returned INF! depth=1 score=-30000
DEBUG EVAL: material=-31800 pst=10 total=-31790
DEBUG: evaluate returned crazy score! stand_pat=31790
DEBUG: child returned INF! depth=1 score=-30000
DEBUG EVAL: material=-31800 pst=10 total=-31790
DEBUG: evaluate returned crazy score! stand_pat=31790
DEBUG: child returned INF! depth=1 score=-30000
DEBUG EVAL: material=-31800 pst=10 total=-31790
DEBUG: evaluate returned crazy score! stand_pat=31790
DEBUG: child returned INF! depth=1 score=-30000
DEBUG EVAL: material=-31800 pst=10 total=-31790
DEBUG: evaluate returned crazy score! stand_pat=31790
DEBUG: child returned INF! depth=1 score=-30000
DEBUG EVAL: material=-31800 pst=10 total=-31790
DEBUG: evaluate returned crazy score! stand_pat=31790
DEBUG: child returned INF! depth=1 score=-30000
DEBUG EVAL: material=-31800 pst=35 total=-31765
DEBUG: evaluate returned crazy score! stand_pat=31765
DEBUG: child returned INF! depth=1 score=-30000
DEBUG EVAL: material=-31800 pst=30 total=-31770
DEBUG: evaluate returned crazy score! stand_pat=31770
DEBUG: child returned INF! depth=1 score=-30000
DEBUG EVAL: material=-31800 pst=25 total=-31775
DEBUG: evaluate returned crazy score! stand_pat=31775
DEBUG: child returned INF! depth=1 score=-30000
DEBUG EVAL: material=-31800 pst=35 total=-31765
DEBUG: evaluate returned crazy score! stand_pat=31765
DEBUG: child returned INF! depth=1 score=-30000
DEBUG EVAL: material=-31800 pst=35 total=-31765
DEBUG: evaluate returned crazy score! stand_pat=31765
DEBUG: child returned INF! depth=1 score=-30000
DEBUG EVAL: material=-31800 pst=30 total=-31770
DEBUG: evaluate returned crazy score! stand_pat=31770
DEBUG: child returned INF! depth=1 score=-30000
DEBUG EVAL: material=-31800 pst=20 total=-31780
DEBUG: evaluate returned crazy score! stand_pat=31780
DEBUG: child returned INF! depth=1 score=-30000
DEBUG EVAL: material=-31800 pst=25 total=-31775
DEBUG: evaluate returned crazy score! stand_pat=31775
DEBUG: child returned INF! depth=1 score=-30000
DEBUG EVAL: material=-31800 pst=40 total=-31760
DEBUG: evaluate returned crazy score! stand_pat=31760
DEBUG: child returned INF! depth=1 score=-30000
DEBUG EVAL: material=-31800 pst=35 total=-31765
DEBUG: evaluate returned crazy score! stand_pat=31765
DEBUG: child returned INF! depth=1 score=-30000
DEBUG EVAL: material=-31800 pst=35 total=-31765
DEBUG: evaluate returned crazy score! stand_pat=31765
DEBUG: child returned INF! depth=1 score=-30000
DEBUG EVAL: material=-31800 pst=35 total=-31765
DEBUG: evaluate returned crazy score! stand_pat=31765
DEBUG: child returned INF! depth=1 score=-30000
DEBUG EVAL: material=-31800 pst=35 total=-31765
DEBUG: evaluate returned crazy score! stand_pat=31765
DEBUG: child returned INF! depth=1 score=-30000
DEBUG EVAL: material=-31800 pst=30 total=-31770
DEBUG: evaluate returned crazy score! stand_pat=31770
DEBUG: child returned INF! depth=1 score=-30000
DEBUG EVAL: material=-31800 pst=25 total=-31775
DEBUG: evaluate returned crazy score! stand_pat=31775
DEBUG: child returned INF! depth=1 score=-30000
DEBUG EVAL: material=-31800 pst=10 total=-31790
DEBUG: evaluate returned crazy score! stand_pat=31790
DEBUG: child returned INF! depth=1 score=-30000
DEBUG EVAL: material=-31800 pst=10 total=-31790
DEBUG: evaluate returned crazy score! stand_pat=31790
DEBUG: child returned INF! depth=1 score=-30000
DEBUG EVAL: material=-31800 pst=10 total=-31790
DEBUG: evaluate returned crazy score! stand_pat=31790
DEBUG: child returned INF! depth=1 score=-30000
DEBUG EVAL: material=-31800 pst=10 total=-31790
DEBUG: evaluate returned crazy score! stand_pat=31790
DEBUG: child returned INF! depth=1 score=-30000
DEBUG EVAL: material=-31800 pst=10 total=-31790
DEBUG: evaluate returned crazy score! stand_pat=31790
DEBUG: child returned INF! depth=1 score=-30000
DEBUG EVAL: material=-31800 pst=10 total=-31790
DEBUG: evaluate returned crazy score! stand_pat=31790
DEBUG: child returned INF! depth=1 score=-30000
DEBUG EVAL: material=-31800 pst=30 total=-31770
DEBUG: evaluate returned crazy score! stand_pat=31770
DEBUG: child returned INF! depth=1 score=-30000
DEBUG EVAL: material=-31800 pst=30 total=-31770
DEBUG: evaluate returned crazy score! stand_pat=31770
DEBUG: child returned INF! depth=1 score=-30000
DEBUG EVAL: material=-31800 pst=20 total=-31780
DEBUG: evaluate returned crazy score! stand_pat=31780
DEBUG: child returned INF! depth=1 score=-30000
DEBUG EVAL: material=-31800 pst=10 total=-31790
DEBUG: evaluate returned crazy score! stand_pat=31790
DEBUG: child returned INF! depth=1 score=-30000
DEBUG EVAL: material=-31800 pst=25 total=-31775
DEBUG: evaluate returned crazy score! stand_pat=31775
DEBUG: child returned INF! depth=1 score=-30000
DEBUG EVAL: material=-31800 pst=10 total=-31790
DEBUG: evaluate returned crazy score! stand_pat=31790
DEBUG: child returned INF! depth=1 score=-30000
DEBUG EVAL: material=-31800 pst=30 total=-31770
DEBUG: evaluate returned crazy score! stand_pat=31770
DEBUG: child returned INF! depth=1 score=-30000
DEBUG EVAL: material=-31800 pst=30 total=-31770
DEBUG: evaluate returned crazy score! stand_pat=31770
DEBUG: child returned INF! depth=1 score=-30000
DEBUG: negamax returning -INF! depth=1 ply=5 legal_moves=42 alpha=-30000 beta=90
DEBUG: child returned INF! depth=3 score=-30000
DEBUG EVAL: material=-32130 pst=95 total=-32035
DEBUG: evaluate returned crazy score! stand_pat=32035
DEBUG: child returned INF! depth=1 score=-30000
DEBUG EVAL: material=-32130 pst=100 total=-32030
DEBUG: evaluate returned crazy score! stand_pat=32030
DEBUG: child returned INF! depth=1 score=-30000
DEBUG EVAL: material=-32130 pst=50 total=-32080
DEBUG: evaluate returned crazy score! stand_pat=32080
DEBUG: child returned INF! depth=1 score=-30000
DEBUG EVAL: material=-32130 pst=60 total=-32070
DEBUG: evaluate returned crazy score! stand_pat=32070
DEBUG: child returned INF! depth=1 score=-30000
DEBUG EVAL: material=-32130 pst=50 total=-32080
DEBUG: evaluate returned crazy score! stand_pat=32080
DEBUG: child returned INF! depth=1 score=-30000
DEBUG EVAL: material=-32130 pst=60 total=-32070
DEBUG: evaluate returned crazy score! stand_pat=32070
DEBUG: child returned INF! depth=1 score=-30000
DEBUG EVAL: material=-32130 pst=100 total=-32030
DEBUG: evaluate returned crazy score! stand_pat=32030
DEBUG: child returned INF! depth=1 score=-30000
DEBUG EVAL: material=-32130 pst=60 total=-32070
DEBUG: evaluate returned crazy score! stand_pat=32070
DEBUG: child returned INF! depth=1 score=-30000
DEBUG EVAL: material=-32130 pst=30 total=-32100
DEBUG: evaluate returned crazy score! stand_pat=32100
DEBUG: child returned INF! depth=1 score=-30000
DEBUG EVAL: material=-32130 pst=30 total=-32100
DEBUG: evaluate returned crazy score! stand_pat=32100
DEBUG: child returned INF! depth=1 score=-30000
DEBUG EVAL: material=-32130 pst=30 total=-32100
DEBUG: evaluate returned crazy score! stand_pat=32100
DEBUG: child returned INF! depth=1 score=-30000
DEBUG EVAL: material=-32130 pst=30 total=-32100
DEBUG: evaluate returned crazy score! stand_pat=32100
DEBUG: child returned INF! depth=1 score=-30000
DEBUG EVAL: material=-32130 pst=30 total=-32100
DEBUG: evaluate returned crazy score! stand_pat=32100
DEBUG: child returned INF! depth=1 score=-30000
DEBUG EVAL: material=-32130 pst=30 total=-32100
DEBUG: evaluate returned crazy score! stand_pat=32100
DEBUG: child returned INF! depth=1 score=-30000
DEBUG EVAL: material=-32130 pst=55 total=-32075
DEBUG: evaluate returned crazy score! stand_pat=32075
DEBUG: child returned INF! depth=1 score=-30000
DEBUG EVAL: material=-32130 pst=50 total=-32080
DEBUG: evaluate returned crazy score! stand_pat=32080
DEBUG: child returned INF! depth=1 score=-30000
DEBUG EVAL: material=-32130 pst=45 total=-32085
DEBUG: evaluate returned crazy score! stand_pat=32085
DEBUG: child returned INF! depth=1 score=-30000
DEBUG EVAL: material=-32130 pst=55 total=-32075
DEBUG: evaluate returned crazy score! stand_pat=32075
DEBUG: child returned INF! depth=1 score=-30000
DEBUG EVAL: material=-32130 pst=55 total=-32075
DEBUG: evaluate returned crazy score! stand_pat=32075
DEBUG: child returned INF! depth=1 score=-30000
DEBUG EVAL: material=-32130 pst=50 total=-32080
DEBUG: evaluate returned crazy score! stand_pat=32080
DEBUG: child returned INF! depth=1 score=-30000
DEBUG EVAL: material=-32130 pst=40 total=-32090
DEBUG: evaluate returned crazy score! stand_pat=32090
DEBUG: child returned INF! depth=1 score=-30000
DEBUG EVAL: material=-32130 pst=45 total=-32085
DEBUG: evaluate returned crazy score! stand_pat=32085
DEBUG: child returned INF! depth=1 score=-30000
DEBUG EVAL: material=-32130 pst=50 total=-32080
DEBUG: evaluate returned crazy score! stand_pat=32080
DEBUG: child returned INF! depth=1 score=-30000
DEBUG EVAL: material=-32130 pst=55 total=-32075
DEBUG: evaluate returned crazy score! stand_pat=32075
DEBUG: child returned INF! depth=1 score=-30000
DEBUG EVAL: material=-32130 pst=55 total=-32075
DEBUG: evaluate returned crazy score! stand_pat=32075
DEBUG: child returned INF! depth=1 score=-30000
DEBUG EVAL: material=-32130 pst=55 total=-32075
DEBUG: evaluate returned crazy score! stand_pat=32075
DEBUG: child returned INF! depth=1 score=-30000
DEBUG EVAL: material=-32130 pst=55 total=-32075
DEBUG: evaluate returned crazy score! stand_pat=32075
DEBUG: child returned INF! depth=1 score=-30000
DEBUG EVAL: material=-32130 pst=50 total=-32080
DEBUG: evaluate returned crazy score! stand_pat=32080
DEBUG: child returned INF! depth=1 score=-30000
DEBUG EVAL: material=-32130 pst=45 total=-32085
DEBUG: evaluate returned crazy score! stand_pat=32085
DEBUG: child returned INF! depth=1 score=-30000
DEBUG EVAL: material=-32130 pst=30 total=-32100
DEBUG: evaluate returned crazy score! stand_pat=32100
DEBUG: child returned INF! depth=1 score=-30000
DEBUG EVAL: material=-32130 pst=30 total=-32100
DEBUG: evaluate returned crazy score! stand_pat=32100
DEBUG: child returned INF! depth=1 score=-30000
DEBUG EVAL: material=-32130 pst=30 total=-32100
DEBUG: evaluate returned crazy score! stand_pat=32100
DEBUG: child returned INF! depth=1 score=-30000
DEBUG EVAL: material=-32130 pst=30 total=-32100
DEBUG: evaluate returned crazy score! stand_pat=32100
DEBUG: child returned INF! depth=1 score=-30000
DEBUG EVAL: material=-32130 pst=30 total=-32100
DEBUG: evaluate returned crazy score! stand_pat=32100
DEBUG: child returned INF! depth=1 score=-30000
DEBUG EVAL: material=-32130 pst=30 total=-32100
DEBUG: evaluate returned crazy score! stand_pat=32100
DEBUG: child returned INF! depth=1 score=-30000
DEBUG: negamax returning -INF! depth=1 ply=5 legal_moves=35 alpha=-30000 beta=90
DEBUG: child returned INF! depth=3 score=-30000
DEBUG EVAL: material=-32130 pst=85 total=-32045
DEBUG: evaluate returned crazy score! stand_pat=32045
DEBUG: child returned INF! depth=1 score=-30000
DEBUG EVAL: material=-32130 pst=90 total=-32040
DEBUG: evaluate returned crazy score! stand_pat=32040
DEBUG: child returned INF! depth=1 score=-30000
DEBUG EVAL: material=-32130 pst=40 total=-32090
DEBUG: evaluate returned crazy score! stand_pat=32090
DEBUG: child returned INF! depth=1 score=-30000
DEBUG EVAL: material=-32130 pst=50 total=-32080
DEBUG: evaluate returned crazy score! stand_pat=32080
DEBUG: child returned INF! depth=1 score=-30000
DEBUG EVAL: material=-32130 pst=40 total=-32090
DEBUG: evaluate returned crazy score! stand_pat=32090
DEBUG: child returned INF! depth=1 score=-30000
DEBUG EVAL: material=-32130 pst=50 total=-32080
DEBUG: evaluate returned crazy score! stand_pat=32080
DEBUG: child returned INF! depth=1 score=-30000
DEBUG EVAL: material=-32130 pst=90 total=-32040
DEBUG: evaluate returned crazy score! stand_pat=32040
DEBUG: child returned INF! depth=1 score=-30000
DEBUG EVAL: material=-32130 pst=50 total=-32080
DEBUG: evaluate returned crazy score! stand_pat=32080
DEBUG: child returned INF! depth=1 score=-30000
DEBUG EVAL: material=-32130 pst=20 total=-32110
DEBUG: evaluate returned crazy score! stand_pat=32110
DEBUG: child returned INF! depth=1 score=-30000
DEBUG EVAL: material=-32130 pst=20 total=-32110
DEBUG: evaluate returned crazy score! stand_pat=32110
DEBUG: child returned INF! depth=1 score=-30000
DEBUG EVAL: material=-32130 pst=20 total=-32110
DEBUG: evaluate returned crazy score! stand_pat=32110
DEBUG: child returned INF! depth=1 score=-30000
DEBUG EVAL: material=-32130 pst=20 total=-32110
DEBUG: evaluate returned crazy score! stand_pat=32110
DEBUG: child returned INF! depth=1 score=-30000
DEBUG EVAL: material=-32130 pst=20 total=-32110
DEBUG: evaluate returned crazy score! stand_pat=32110
DEBUG: child returned INF! depth=1 score=-30000
DEBUG EVAL: material=-32130 pst=20 total=-32110
DEBUG: evaluate returned crazy score! stand_pat=32110
DEBUG: child returned INF! depth=1 score=-30000
DEBUG EVAL: material=-32130 pst=45 total=-32085
DEBUG: evaluate returned crazy score! stand_pat=32085
DEBUG: child returned INF! depth=1 score=-30000
DEBUG EVAL: material=-32130 pst=40 total=-32090
DEBUG: evaluate returned crazy score! stand_pat=32090
DEBUG: child returned INF! depth=1 score=-30000
DEBUG EVAL: material=-32130 pst=35 total=-32095
DEBUG: evaluate returned crazy score! stand_pat=32095
DEBUG: child returned INF! depth=1 score=-30000
DEBUG EVAL: material=-32130 pst=45 total=-32085
DEBUG: evaluate returned crazy score! stand_pat=32085
DEBUG: child returned INF! depth=1 score=-30000
DEBUG EVAL: material=-32130 pst=45 total=-32085
DEBUG: evaluate returned crazy score! stand_pat=32085
DEBUG: child returned INF! depth=1 score=-30000
DEBUG EVAL: material=-32130 pst=40 total=-32090
DEBUG: evaluate returned crazy score! stand_pat=32090
DEBUG: child returned INF! depth=1 score=-30000
DEBUG EVAL: material=-32130 pst=30 total=-32100
DEBUG: evaluate returned crazy score! stand_pat=32100
DEBUG: child returned INF! depth=1 score=-30000
DEBUG EVAL: material=-32130 pst=35 total=-32095
DEBUG: evaluate returned crazy score! stand_pat=32095
DEBUG: child returned INF! depth=1 score=-30000
DEBUG EVAL: material=-32130 pst=40 total=-32090
DEBUG: evaluate returned crazy score! stand_pat=32090
DEBUG: child returned INF! depth=1 score=-30000
DEBUG EVAL: material=-32130 pst=45 total=-32085
DEBUG: evaluate returned crazy score! stand_pat=32085
DEBUG: child returned INF! depth=1 score=-30000
DEBUG EVAL: material=-32130 pst=45 total=-32085
DEBUG: evaluate returned crazy score! stand_pat=32085
DEBUG: child returned INF! depth=1 score=-30000
DEBUG EVAL: material=-32130 pst=45 total=-32085
DEBUG: evaluate returned crazy score! stand_pat=32085
DEBUG: child returned INF! depth=1 score=-30000
DEBUG EVAL: material=-32130 pst=45 total=-32085
DEBUG: evaluate returned crazy score! stand_pat=32085
DEBUG: child returned INF! depth=1 score=-30000
DEBUG EVAL: material=-32130 pst=40 total=-32090
DEBUG: evaluate returned crazy score! stand_pat=32090
DEBUG: child returned INF! depth=1 score=-30000
DEBUG EVAL: material=-32130 pst=35 total=-32095
DEBUG: evaluate returned crazy score! stand_pat=32095
DEBUG: child returned INF! depth=1 score=-30000
DEBUG EVAL: material=-32130 pst=20 total=-32110
DEBUG: evaluate returned crazy score! stand_pat=32110
DEBUG: child returned INF! depth=1 score=-30000
DEBUG EVAL: material=-32130 pst=20 total=-32110
DEBUG: evaluate returned crazy score! stand_pat=32110
DEBUG: child returned INF! depth=1 score=-30000
DEBUG EVAL: material=-32130 pst=20 total=-32110
DEBUG: evaluate returned crazy score! stand_pat=32110
DEBUG: child returned INF! depth=1 score=-30000
DEBUG EVAL: material=-32130 pst=20 total=-32110
DEBUG: evaluate returned crazy score! stand_pat=32110
DEBUG: child returned INF! depth=1 score=-30000
DEBUG EVAL: material=-32130 pst=20 total=-32110
DEBUG: evaluate returned crazy score! stand_pat=32110
DEBUG: child returned INF! depth=1 score=-30000
DEBUG EVAL: material=-32130 pst=20 total=-32110
DEBUG: evaluate returned crazy score! stand_pat=32110
DEBUG: child returned INF! depth=1 score=-30000
DEBUG: negamax returning -INF! depth=1 ply=5 legal_moves=35 alpha=-30000 beta=90
DEBUG: child returned INF! depth=3 score=-30000
DEBUG EVAL: material=-31800 pst=65 total=-31735
DEBUG: evaluate returned crazy score! stand_pat=31735
DEBUG: child returned INF! depth=1 score=-30000
DEBUG EVAL: material=-31800 pst=105 total=-31695
DEBUG: evaluate returned crazy score! stand_pat=31695
DEBUG: child returned INF! depth=1 score=-30000
DEBUG EVAL: material=-31800 pst=55 total=-31745
DEBUG: evaluate returned crazy score! stand_pat=31745
DEBUG: child returned INF! depth=1 score=-30000
DEBUG EVAL: material=-31800 pst=55 total=-31745
DEBUG: evaluate returned crazy score! stand_pat=31745
DEBUG: child returned INF! depth=1 score=-30000
DEBUG EVAL: material=-31800 pst=35 total=-31765
DEBUG: evaluate returned crazy score! stand_pat=31765
DEBUG: child returned INF! depth=1 score=-30000
DEBUG EVAL: material=-31800 pst=35 total=-31765
DEBUG: evaluate returned crazy score! stand_pat=31765
DEBUG: child returned INF! depth=1 score=-30000
DEBUG EVAL: material=-31800 pst=35 total=-31765
DEBUG: evaluate returned crazy score! stand_pat=31765
DEBUG: child returned INF! depth=1 score=-30000
DEBUG EVAL: material=-31800 pst=35 total=-31765
DEBUG: evaluate returned crazy score! stand_pat=31765
DEBUG: child returned INF! depth=1 score=-30000
DEBUG EVAL: material=-31800 pst=35 total=-31765
DEBUG: evaluate returned crazy score! stand_pat=31765
DEBUG: child returned INF! depth=1 score=-30000
DEBUG EVAL: material=-31800 pst=35 total=-31765
DEBUG: evaluate returned crazy score! stand_pat=31765
DEBUG: child returned INF! depth=1 score=-30000
DEBUG EVAL: material=-31800 pst=60 total=-31740
DEBUG: evaluate returned crazy score! stand_pat=31740
DEBUG: child returned INF! depth=1 score=-30000
DEBUG EVAL: material=-31800 pst=55 total=-31745
DEBUG: evaluate returned crazy score! stand_pat=31745
DEBUG: child returned INF! depth=1 score=-30000
DEBUG EVAL: material=-31800 pst=50 total=-31750
DEBUG: evaluate returned crazy score! stand_pat=31750
DEBUG: child returned INF! depth=1 score=-30000
DEBUG EVAL: material=-31800 pst=60 total=-31740
DEBUG: evaluate returned crazy score! stand_pat=31740
DEBUG: child returned INF! depth=1 score=-30000
DEBUG EVAL: material=-31800 pst=60 total=-31740
DEBUG: evaluate returned crazy score! stand_pat=31740
DEBUG: child returned INF! depth=1 score=-30000
DEBUG EVAL: material=-31800 pst=55 total=-31745
DEBUG: evaluate returned crazy score! stand_pat=31745
DEBUG: child returned INF! depth=1 score=-30000
DEBUG EVAL: material=-31800 pst=45 total=-31755
DEBUG: evaluate returned crazy score! stand_pat=31755
DEBUG: child returned INF! depth=1 score=-30000
DEBUG EVAL: material=-31800 pst=50 total=-31750
DEBUG: evaluate returned crazy score! stand_pat=31750
DEBUG: child returned INF! depth=1 score=-30000
DEBUG EVAL: material=-31800 pst=60 total=-31740
DEBUG: evaluate returned crazy score! stand_pat=31740
DEBUG: child returned INF! depth=1 score=-30000
DEBUG EVAL: material=-31800 pst=60 total=-31740
DEBUG: evaluate returned crazy score! stand_pat=31740
DEBUG: child returned INF! depth=1 score=-30000
DEBUG EVAL: material=-31800 pst=60 total=-31740
DEBUG: evaluate returned crazy score! stand_pat=31740
DEBUG: child returned INF! depth=1 score=-30000
DEBUG EVAL: material=-31800 pst=60 total=-31740
DEBUG: evaluate returned crazy score! stand_pat=31740
DEBUG: child returned INF! depth=1 score=-30000
DEBUG EVAL: material=-31800 pst=55 total=-31745
DEBUG: evaluate returned crazy score! stand_pat=31745
DEBUG: child returned INF! depth=1 score=-30000
DEBUG EVAL: material=-31800 pst=50 total=-31750
DEBUG: evaluate returned crazy score! stand_pat=31750
DEBUG: child returned INF! depth=1 score=-30000
DEBUG EVAL: material=-31800 pst=10 total=-31790
DEBUG: evaluate returned crazy score! stand_pat=31790
DEBUG: child returned INF! depth=1 score=-30000
DEBUG EVAL: material=-31800 pst=60 total=-31740
DEBUG: evaluate returned crazy score! stand_pat=31740
DEBUG: child returned INF! depth=1 score=-30000
DEBUG EVAL: material=-31800 pst=55 total=-31745
DEBUG: evaluate returned crazy score! stand_pat=31745
DEBUG: child returned INF! depth=1 score=-30000
DEBUG EVAL: material=-31800 pst=70 total=-31730
DEBUG: evaluate returned crazy score! stand_pat=31730
DEBUG: child returned INF! depth=1 score=-30000
DEBUG EVAL: material=-31800 pst=65 total=-31735
DEBUG: evaluate returned crazy score! stand_pat=31735
DEBUG: child returned INF! depth=1 score=-30000
DEBUG EVAL: material=-31800 pst=35 total=-31765
DEBUG: evaluate returned crazy score! stand_pat=31765
DEBUG: child returned INF! depth=1 score=-30000
DEBUG EVAL: material=-31800 pst=35 total=-31765
DEBUG: evaluate returned crazy score! stand_pat=31765
DEBUG: child returned INF! depth=1 score=-30000
DEBUG EVAL: material=-31800 pst=35 total=-31765
DEBUG: evaluate returned crazy score! stand_pat=31765
DEBUG: child returned INF! depth=1 score=-30000
DEBUG EVAL: material=-31800 pst=35 total=-31765
DEBUG: evaluate returned crazy score! stand_pat=31765
DEBUG: child returned INF! depth=1 score=-30000
DEBUG EVAL: material=-31800 pst=35 total=-31765
DEBUG: evaluate returned crazy score! stand_pat=31765
DEBUG: child returned INF! depth=1 score=-30000
DEBUG EVAL: material=-31800 pst=35 total=-31765
DEBUG: evaluate returned crazy score! stand_pat=31765
DEBUG: child returned INF! depth=1 score=-30000
DEBUG: negamax returning -INF! depth=1 ply=5 legal_moves=35 alpha=-30000 beta=90
DEBUG: child returned INF! depth=3 score=-30000
DEBUG EVAL: material=-31800 pst=65 total=-31735
DEBUG: evaluate returned crazy score! stand_pat=31735
DEBUG: child returned INF! depth=1 score=-30000
DEBUG EVAL: material=-31800 pst=20 total=-31780
DEBUG: evaluate returned crazy score! stand_pat=31780
DEBUG: child returned INF! depth=1 score=-30000
DEBUG EVAL: material=-31800 pst=20 total=-31780
DEBUG: evaluate returned crazy score! stand_pat=31780
DEBUG: child returned INF! depth=1 score=-30000
DEBUG EVAL: material=-31800 pst=30 total=-31770
DEBUG: evaluate returned crazy score! stand_pat=31770
DEBUG: child returned INF! depth=1 score=-30000
DEBUG EVAL: material=-31800 pst=40 total=-31760
DEBUG: evaluate returned crazy score! stand_pat=31760
DEBUG: child returned INF! depth=1 score=-30000
DEBUG EVAL: material=-31800 pst=40 total=-31760
DEBUG: evaluate returned crazy score! stand_pat=31760
DEBUG: child returned INF! depth=1 score=-30000
DEBUG EVAL: material=-31800 pst=35 total=-31765
DEBUG: evaluate returned crazy score! stand_pat=31765
DEBUG: child returned INF! depth=1 score=-30000
DEBUG EVAL: material=-31800 pst=20 total=-31780
DEBUG: evaluate returned crazy score! stand_pat=31780
DEBUG: child returned INF! depth=1 score=-30000
DEBUG EVAL: material=-31800 pst=20 total=-31780
DEBUG: evaluate returned crazy score! stand_pat=31780
DEBUG: child returned INF! depth=1 score=-30000
DEBUG EVAL: material=-31800 pst=70 total=-31730
DEBUG: evaluate returned crazy score! stand_pat=31730
DEBUG: child returned INF! depth=1 score=-30000
DEBUG EVAL: material=-31800 pst=30 total=-31770
DEBUG: evaluate returned crazy score! stand_pat=31770
DEBUG: child returned INF! depth=1 score=-30000
DEBUG EVAL: material=-31800 pst=0 total=-31800
DEBUG: evaluate returned crazy score! stand_pat=31800
DEBUG: child returned INF! depth=1 score=-30000
DEBUG EVAL: material=-31800 pst=0 total=-31800
DEBUG: evaluate returned crazy score! stand_pat=31800
DEBUG: child returned INF! depth=1 score=-30000
DEBUG EVAL: material=-31800 pst=0 total=-31800
DEBUG: evaluate returned crazy score! stand_pat=31800
DEBUG: child returned INF! depth=1 score=-30000
DEBUG EVAL: material=-31800 pst=0 total=-31800
DEBUG: evaluate returned crazy score! stand_pat=31800
DEBUG: child returned INF! depth=1 score=-30000
DEBUG EVAL: material=-31800 pst=25 total=-31775
DEBUG: evaluate returned crazy score! stand_pat=31775
DEBUG: child returned INF! depth=1 score=-30000
DEBUG EVAL: material=-31800 pst=20 total=-31780
DEBUG: evaluate returned crazy score! stand_pat=31780
DEBUG: child returned INF! depth=1 score=-30000
DEBUG EVAL: material=-31800 pst=15 total=-31785
DEBUG: evaluate returned crazy score! stand_pat=31785
DEBUG: child returned INF! depth=1 score=-30000
DEBUG EVAL: material=-31800 pst=25 total=-31775
DEBUG: evaluate returned crazy score! stand_pat=31775
DEBUG: child returned INF! depth=1 score=-30000
DEBUG EVAL: material=-31800 pst=25 total=-31775
DEBUG: evaluate returned crazy score! stand_pat=31775
DEBUG: child returned INF! depth=1 score=-30000
DEBUG EVAL: material=-31800 pst=20 total=-31780
DEBUG: evaluate returned crazy score! stand_pat=31780
DEBUG: child returned INF! depth=1 score=-30000
DEBUG EVAL: material=-31800 pst=10 total=-31790
DEBUG: evaluate returned crazy score! stand_pat=31790
DEBUG: child returned INF! depth=1 score=-30000
DEBUG EVAL: material=-31800 pst=15 total=-31785
DEBUG: evaluate returned crazy score! stand_pat=31785
DEBUG: child returned INF! depth=1 score=-30000
DEBUG EVAL: material=-31800 pst=20 total=-31780
DEBUG: evaluate returned crazy score! stand_pat=31780
DEBUG: child returned INF! depth=1 score=-30000
DEBUG EVAL: material=-31800 pst=25 total=-31775
DEBUG: evaluate returned crazy score! stand_pat=31775
DEBUG: child returned INF! depth=1 score=-30000
DEBUG EVAL: material=-31800 pst=25 total=-31775
DEBUG: evaluate returned crazy score! stand_pat=31775
DEBUG: child returned INF! depth=1 score=-30000
DEBUG EVAL: material=-31800 pst=25 total=-31775
DEBUG: evaluate returned crazy score! stand_pat=31775
DEBUG: child returned INF! depth=1 score=-30000
DEBUG EVAL: material=-31800 pst=25 total=-31775
DEBUG: evaluate returned crazy score! stand_pat=31775
DEBUG: child returned INF! depth=1 score=-30000
DEBUG EVAL: material=-31800 pst=20 total=-31780
DEBUG: evaluate returned crazy score! stand_pat=31780
DEBUG: child returned INF! depth=1 score=-30000
DEBUG EVAL: material=-31800 pst=15 total=-31785
DEBUG: evaluate returned crazy score! stand_pat=31785
DEBUG: child returned INF! depth=1 score=-30000
DEBUG EVAL: material=-31800 pst=0 total=-31800
DEBUG: evaluate returned crazy score! stand_pat=31800
DEBUG: child returned INF! depth=1 score=-30000
DEBUG EVAL: material=-31800 pst=0 total=-31800
DEBUG: evaluate returned crazy score! stand_pat=31800
DEBUG: child returned INF! depth=1 score=-30000
DEBUG EVAL: material=-31800 pst=0 total=-31800
DEBUG: evaluate returned crazy score! stand_pat=31800
DEBUG: child returned INF! depth=1 score=-30000
DEBUG EVAL: material=-31800 pst=0 total=-31800
DEBUG: evaluate returned crazy score! stand_pat=31800
DEBUG: child returned INF! depth=1 score=-30000
DEBUG EVAL: material=-31800 pst=0 total=-31800
DEBUG: evaluate returned crazy score! stand_pat=31800
DEBUG: child returned INF! depth=1 score=-30000
DEBUG EVAL: material=-31800 pst=0 total=-31800
DEBUG: evaluate returned crazy score! stand_pat=31800
DEBUG: child returned INF! depth=1 score=-30000
DEBUG EVAL: material=-31800 pst=10 total=-31790
DEBUG: evaluate returned crazy score! stand_pat=31790
DEBUG: child returned INF! depth=1 score=-30000
DEBUG EVAL: material=-31800 pst=65 total=-31735
DEBUG: evaluate returned crazy score! stand_pat=31735
DEBUG: child returned INF! depth=1 score=-30000
DEBUG EVAL: material=-31800 pst=55 total=-31745
DEBUG: evaluate returned crazy score! stand_pat=31745
DEBUG: child returned INF! depth=1 score=-30000
DEBUG: negamax returning -INF! depth=1 ply=5 legal_moves=39 alpha=-30000 beta=90
DEBUG: child returned INF! depth=3 score=-30000
DEBUG EVAL: material=-31790 pst=50 total=-31740
DEBUG: evaluate returned crazy score! stand_pat=31740
DEBUG: child returned INF! depth=1 score=-30000
DEBUG EVAL: material=-32120 pst=130 total=-31990
DEBUG: evaluate returned crazy score! stand_pat=31990
DEBUG: child returned INF! depth=1 score=-30000
DEBUG EVAL: material=-32120 pst=80 total=-32040
DEBUG: evaluate returned crazy score! stand_pat=32040
DEBUG: child returned INF! depth=1 score=-30000
DEBUG EVAL: material=-32120 pst=80 total=-32040
DEBUG: evaluate returned crazy score! stand_pat=32040
DEBUG: child returned INF! depth=1 score=-30000
DEBUG EVAL: material=-32120 pst=90 total=-32030
DEBUG: evaluate returned crazy score! stand_pat=32030
DEBUG: child returned INF! depth=1 score=-30000
DEBUG EVAL: material=-32120 pst=100 total=-32020
DEBUG: evaluate returned crazy score! stand_pat=32020
DEBUG: child returned INF! depth=1 score=-30000
DEBUG EVAL: material=-32120 pst=100 total=-32020
DEBUG: evaluate returned crazy score! stand_pat=32020
DEBUG: child returned INF! depth=1 score=-30000
DEBUG EVAL: material=-32120 pst=95 total=-32025
DEBUG: evaluate returned crazy score! stand_pat=32025
DEBUG: child returned INF! depth=1 score=-30000
DEBUG EVAL: material=-32120 pst=80 total=-32040
DEBUG: evaluate returned crazy score! stand_pat=32040
DEBUG: child returned INF! depth=1 score=-30000
DEBUG EVAL: material=-32120 pst=80 total=-32040
DEBUG: evaluate returned crazy score! stand_pat=32040
DEBUG: child returned INF! depth=1 score=-30000
DEBUG EVAL: material=-32120 pst=60 total=-32060
DEBUG: evaluate returned crazy score! stand_pat=32060
DEBUG: child returned INF! depth=1 score=-30000
DEBUG EVAL: material=-32120 pst=60 total=-32060
DEBUG: evaluate returned crazy score! stand_pat=32060
DEBUG: child returned INF! depth=1 score=-30000
DEBUG EVAL: material=-32120 pst=60 total=-32060
DEBUG: evaluate returned crazy score! stand_pat=32060
DEBUG: child returned INF! depth=1 score=-30000
DEBUG EVAL: material=-32120 pst=60 total=-32060
DEBUG: evaluate returned crazy score! stand_pat=32060
DEBUG: child returned INF! depth=1 score=-30000
DEBUG EVAL: material=-32120 pst=60 total=-32060
DEBUG: evaluate returned crazy score! stand_pat=32060
DEBUG: child returned INF! depth=1 score=-30000
DEBUG EVAL: material=-32120 pst=60 total=-32060
DEBUG: evaluate returned crazy score! stand_pat=32060
DEBUG: child returned INF! depth=1 score=-30000
DEBUG EVAL: material=-32120 pst=85 total=-32035
DEBUG: evaluate returned crazy score! stand_pat=32035
DEBUG: child returned INF! depth=1 score=-30000
DEBUG EVAL: material=-32120 pst=80 total=-32040
DEBUG: evaluate returned crazy score! stand_pat=32040
DEBUG: child returned INF! depth=1 score=-30000
DEBUG EVAL: material=-32120 pst=90 total=-32030
DEBUG: evaluate returned crazy score! stand_pat=32030
DEBUG: child returned INF! depth=1 score=-30000
DEBUG EVAL: material=-32120 pst=85 total=-32035
DEBUG: evaluate returned crazy score! stand_pat=32035
DEBUG: child returned INF! depth=1 score=-30000
DEBUG EVAL: material=-32120 pst=85 total=-32035
DEBUG: evaluate returned crazy score! stand_pat=32035
DEBUG: child returned INF! depth=1 score=-30000
DEBUG EVAL: material=-32120 pst=80 total=-32040
DEBUG: evaluate returned crazy score! stand_pat=32040
DEBUG: child returned INF! depth=1 score=-30000
DEBUG EVAL: material=-32120 pst=70 total=-32050
DEBUG: evaluate returned crazy score! stand_pat=32050
DEBUG: child returned INF! depth=1 score=-30000
DEBUG EVAL: material=-32120 pst=75 total=-32045
DEBUG: evaluate returned crazy score! stand_pat=32045
DEBUG: child returned INF! depth=1 score=-30000
DEBUG EVAL: material=-32120 pst=80 total=-32040
DEBUG: evaluate returned crazy score! stand_pat=32040
DEBUG: child returned INF! depth=1 score=-30000
DEBUG EVAL: material=-32120 pst=85 total=-32035
DEBUG: evaluate returned crazy score! stand_pat=32035
DEBUG: child returned INF! depth=1 score=-30000
DEBUG EVAL: material=-32120 pst=85 total=-32035
DEBUG: evaluate returned crazy score! stand_pat=32035
DEBUG: child returned INF! depth=1 score=-30000
DEBUG EVAL: material=-32120 pst=85 total=-32035
DEBUG: evaluate returned crazy score! stand_pat=32035
DEBUG: child returned INF! depth=1 score=-30000
DEBUG EVAL: material=-32120 pst=85 total=-32035
DEBUG: evaluate returned crazy score! stand_pat=32035
DEBUG: child returned INF! depth=1 score=-30000
DEBUG EVAL: material=-32120 pst=80 total=-32040
DEBUG: evaluate returned crazy score! stand_pat=32040
DEBUG: child returned INF! depth=1 score=-30000
DEBUG EVAL: material=-32120 pst=75 total=-32045
DEBUG: evaluate returned crazy score! stand_pat=32045
DEBUG: child returned INF! depth=1 score=-30000
DEBUG EVAL: material=-32120 pst=60 total=-32060
DEBUG: evaluate returned crazy score! stand_pat=32060
DEBUG: child returned INF! depth=1 score=-30000
DEBUG EVAL: material=-32120 pst=60 total=-32060
DEBUG: evaluate returned crazy score! stand_pat=32060
DEBUG: child returned INF! depth=1 score=-30000
DEBUG EVAL: material=-32120 pst=60 total=-32060
DEBUG: evaluate returned crazy score! stand_pat=32060
DEBUG: child returned INF! depth=1 score=-30000
DEBUG EVAL: material=-32120 pst=60 total=-32060
DEBUG: evaluate returned crazy score! stand_pat=32060
DEBUG: child returned INF! depth=1 score=-30000
DEBUG EVAL: material=-32120 pst=75 total=-32045
DEBUG: evaluate returned crazy score! stand_pat=32045
DEBUG: child returned INF! depth=1 score=-30000
DEBUG: negamax returning -INF! depth=1 ply=5 legal_moves=36 alpha=-30000 beta=90
DEBUG: child returned INF! depth=3 score=-30000
DEBUG EVAL: material=-31800 pst=35 total=-31765
DEBUG: evaluate returned crazy score! stand_pat=31765
DEBUG: child returned INF! depth=1 score=-30000
DEBUG EVAL: material=-31800 pst=40 total=-31760
DEBUG: evaluate returned crazy score! stand_pat=31760
DEBUG: child returned INF! depth=1 score=-30000
DEBUG EVAL: material=-31800 pst=-10 total=-31810
DEBUG: evaluate returned crazy score! stand_pat=31810
DEBUG: child returned INF! depth=1 score=-30000
DEBUG EVAL: material=-31800 pst=-10 total=-31810
DEBUG: evaluate returned crazy score! stand_pat=31810
DEBUG: child returned INF! depth=1 score=-30000
DEBUG EVAL: material=-31800 pst=0 total=-31800
DEBUG: evaluate returned crazy score! stand_pat=31800
DEBUG: child returned INF! depth=1 score=-30000
DEBUG EVAL: material=-31800 pst=10 total=-31790
DEBUG: evaluate returned crazy score! stand_pat=31790
DEBUG: child returned INF! depth=1 score=-30000
DEBUG EVAL: material=-31800 pst=10 total=-31790
DEBUG: evaluate returned crazy score! stand_pat=31790
DEBUG: child returned INF! depth=1 score=-30000
DEBUG EVAL: material=-31800 pst=5 total=-31795
DEBUG: evaluate returned crazy score! stand_pat=31795
DEBUG: child returned INF! depth=1 score=-30000
DEBUG EVAL: material=-31800 pst=-10 total=-31810
DEBUG: evaluate returned crazy score! stand_pat=31810
DEBUG: child returned INF! depth=1 score=-30000
DEBUG EVAL: material=-31800 pst=-15 total=-31815
DEBUG: evaluate returned crazy score! stand_pat=31815
DEBUG: child returned INF! depth=1 score=-30000
DEBUG EVAL: material=-31800 pst=40 total=-31760
DEBUG: evaluate returned crazy score! stand_pat=31760
DEBUG: child returned INF! depth=1 score=-30000
DEBUG EVAL: material=-31800 pst=0 total=-31800
DEBUG: evaluate returned crazy score! stand_pat=31800
DEBUG: child returned INF! depth=1 score=-30000
DEBUG EVAL: material=-31800 pst=-30 total=-31830
DEBUG: evaluate returned crazy score! stand_pat=31830
DEBUG: child returned INF! depth=1 score=-30000
DEBUG EVAL: material=-31800 pst=-30 total=-31830
DEBUG: evaluate returned crazy score! stand_pat=31830
DEBUG: child returned INF! depth=1 score=-30000
DEBUG EVAL: material=-31800 pst=-30 total=-31830
DEBUG: evaluate returned crazy score! stand_pat=31830
DEBUG: child returned INF! depth=1 score=-30000
DEBUG EVAL: material=-31800 pst=-30 total=-31830
DEBUG: evaluate returned crazy score! stand_pat=31830
DEBUG: child returned INF! depth=1 score=-30000
DEBUG EVAL: material=-31800 pst=-5 total=-31805
DEBUG: evaluate returned crazy score! stand_pat=31805
DEBUG: child returned INF! depth=1 score=-30000
DEBUG EVAL: material=-31800 pst=-10 total=-31810
DEBUG: evaluate returned crazy score! stand_pat=31810
DEBUG: child returned INF! depth=1 score=-30000
DEBUG EVAL: material=-31800 pst=-15 total=-31815
DEBUG: evaluate returned crazy score! stand_pat=31815
DEBUG: child returned INF! depth=1 score=-30000
DEBUG EVAL: material=-31800 pst=-5 total=-31805
DEBUG: evaluate returned crazy score! stand_pat=31805
DEBUG: child returned INF! depth=1 score=-30000
DEBUG EVAL: material=-31800 pst=-5 total=-31805
DEBUG: evaluate returned crazy score! stand_pat=31805
DEBUG: child returned INF! depth=1 score=-30000
DEBUG EVAL: material=-31800 pst=-10 total=-31810
DEBUG: evaluate returned crazy score! stand_pat=31810
DEBUG: child returned INF! depth=1 score=-30000
DEBUG EVAL: material=-31800 pst=-20 total=-31820
DEBUG: evaluate returned crazy score! stand_pat=31820
DEBUG: child returned INF! depth=1 score=-30000
DEBUG EVAL: material=-31800 pst=-15 total=-31815
DEBUG: evaluate returned crazy score! stand_pat=31815
DEBUG: child returned INF! depth=1 score=-30000
DEBUG EVAL: material=-31800 pst=-10 total=-31810
DEBUG: evaluate returned crazy score! stand_pat=31810
DEBUG: child returned INF! depth=1 score=-30000
DEBUG EVAL: material=-31800 pst=-5 total=-31805
DEBUG: evaluate returned crazy score! stand_pat=31805
DEBUG: child returned INF! depth=1 score=-30000
DEBUG EVAL: material=-31800 pst=-5 total=-31805
DEBUG: evaluate returned crazy score! stand_pat=31805
DEBUG: child returned INF! depth=1 score=-30000
DEBUG EVAL: material=-31800 pst=-5 total=-31805
DEBUG: evaluate returned crazy score! stand_pat=31805
DEBUG: child returned INF! depth=1 score=-30000
DEBUG EVAL: material=-31800 pst=-5 total=-31805
DEBUG: evaluate returned crazy score! stand_pat=31805
DEBUG: child returned INF! depth=1 score=-30000
DEBUG EVAL: material=-31800 pst=-10 total=-31810
DEBUG: evaluate returned crazy score! stand_pat=31810
DEBUG: child returned INF! depth=1 score=-30000
DEBUG EVAL: material=-31800 pst=-15 total=-31815
DEBUG: evaluate returned crazy score! stand_pat=31815
DEBUG: child returned INF! depth=1 score=-30000
DEBUG EVAL: material=-31800 pst=-30 total=-31830
DEBUG: evaluate returned crazy score! stand_pat=31830
DEBUG: child returned INF! depth=1 score=-30000
DEBUG EVAL: material=-31800 pst=-30 total=-31830
DEBUG: evaluate returned crazy score! stand_pat=31830
DEBUG: child returned INF! depth=1 score=-30000
DEBUG EVAL: material=-31800 pst=-30 total=-31830
DEBUG: evaluate returned crazy score! stand_pat=31830
DEBUG: child returned INF! depth=1 score=-30000
DEBUG EVAL: material=-31800 pst=-30 total=-31830
DEBUG: evaluate returned crazy score! stand_pat=31830
DEBUG: child returned INF! depth=1 score=-30000
DEBUG EVAL: material=-31800 pst=-30 total=-31830
DEBUG: evaluate returned crazy score! stand_pat=31830
DEBUG: child returned INF! depth=1 score=-30000
DEBUG EVAL: material=-31800 pst=-30 total=-31830
DEBUG: evaluate returned crazy score! stand_pat=31830
DEBUG: child returned INF! depth=1 score=-30000
DEBUG EVAL: material=-31800 pst=-10 total=-31810
DEBUG: evaluate returned crazy score! stand_pat=31810
DEBUG: child returned INF! depth=1 score=-30000
DEBUG: negamax returning -INF! depth=1 ply=5 legal_moves=38 alpha=-30000 beta=90
DEBUG: child returned INF! depth=3 score=-30000
DEBUG EVAL: material=-31800 pst=35 total=-31765
DEBUG: evaluate returned crazy score! stand_pat=31765
DEBUG: child returned INF! depth=1 score=-30000
DEBUG EVAL: material=-31800 pst=-15 total=-31815
DEBUG: evaluate returned crazy score! stand_pat=31815
DEBUG: child returned INF! depth=1 score=-30000
DEBUG EVAL: material=-31800 pst=0 total=-31800
DEBUG: evaluate returned crazy score! stand_pat=31800
DEBUG: child returned INF! depth=1 score=-30000
DEBUG EVAL: material=-31800 pst=40 total=-31760
DEBUG: evaluate returned crazy score! stand_pat=31760
DEBUG: child returned INF! depth=1 score=-30000
DEBUG EVAL: material=-31800 pst=-10 total=-31810
DEBUG: evaluate returned crazy score! stand_pat=31810
DEBUG: child returned INF! depth=1 score=-30000
DEBUG EVAL: material=-31800 pst=-10 total=-31810
DEBUG: evaluate returned crazy score! stand_pat=31810
DEBUG: child returned INF! depth=1 score=-30000
DEBUG EVAL: material=-31800 pst=0 total=-31800
DEBUG: evaluate returned crazy score! stand_pat=31800
DEBUG: child returned INF! depth=1 score=-30000
DEBUG EVAL: material=-31800 pst=10 total=-31790
DEBUG: evaluate returned crazy score! stand_pat=31790
DEBUG: child returned INF! depth=1 score=-30000
DEBUG EVAL: material=-31800 pst=10 total=-31790
DEBUG: evaluate returned crazy score! stand_pat=31790
DEBUG: child returned INF! depth=1 score=-30000
DEBUG EVAL: material=-31800 pst=5 total=-31795
DEBUG: evaluate returned crazy score! stand_pat=31795
DEBUG: child returned INF! depth=1 score=-30000
DEBUG EVAL: material=-31800 pst=-10 total=-31810
DEBUG: evaluate returned crazy score! stand_pat=31810
DEBUG: child returned INF! depth=1 score=-30000
DEBUG EVAL: material=-31800 pst=-15 total=-31815
DEBUG: evaluate returned crazy score! stand_pat=31815
DEBUG: child returned INF! depth=1 score=-30000
DEBUG EVAL: material=-31800 pst=40 total=-31760
DEBUG: evaluate returned crazy score! stand_pat=31760
DEBUG: child returned INF! depth=1 score=-30000
DEBUG EVAL: material=-31800 pst=0 total=-31800
DEBUG: evaluate returned crazy score! stand_pat=31800
DEBUG: child returned INF! depth=1 score=-30000
DEBUG EVAL: material=-31800 pst=-30 total=-31830
DEBUG: evaluate returned crazy score! stand_pat=31830
DEBUG: child returned INF! depth=1 score=-30000
DEBUG EVAL: material=-31800 pst=-30 total=-31830
DEBUG: evaluate returned crazy score! stand_pat=31830
DEBUG: child returned INF! depth=1 score=-30000
DEBUG EVAL: material=-31800 pst=-30 total=-31830
DEBUG: evaluate returned crazy score! stand_pat=31830
DEBUG: child returned INF! depth=1 score=-30000
DEBUG EVAL: material=-31800 pst=-30 total=-31830
DEBUG: evaluate returned crazy score! stand_pat=31830
DEBUG: child returned INF! depth=1 score=-30000
DEBUG EVAL: material=-31800 pst=-5 total=-31805
DEBUG: evaluate returned crazy score! stand_pat=31805
DEBUG: child returned INF! depth=1 score=-30000
DEBUG EVAL: material=-31800 pst=-10 total=-31810
DEBUG: evaluate returned crazy score! stand_pat=31810
DEBUG: child returned INF! depth=1 score=-30000
DEBUG EVAL: material=-31800 pst=-15 total=-31815
DEBUG: evaluate returned crazy score! stand_pat=31815
DEBUG: child returned INF! depth=1 score=-30000
DEBUG EVAL: material=-31800 pst=-5 total=-31805
DEBUG: evaluate returned crazy score! stand_pat=31805
DEBUG: child returned INF! depth=1 score=-30000
DEBUG EVAL: material=-31800 pst=-5 total=-31805
DEBUG: evaluate returned crazy score! stand_pat=31805
DEBUG: child returned INF! depth=1 score=-30000
DEBUG EVAL: material=-31800 pst=-10 total=-31810
DEBUG: evaluate returned crazy score! stand_pat=31810
DEBUG: child returned INF! depth=1 score=-30000
DEBUG EVAL: material=-31800 pst=-20 total=-31820
DEBUG: evaluate returned crazy score! stand_pat=31820
DEBUG: child returned INF! depth=1 score=-30000
DEBUG EVAL: material=-31800 pst=-15 total=-31815
DEBUG: evaluate returned crazy score! stand_pat=31815
DEBUG: child returned INF! depth=1 score=-30000
DEBUG EVAL: material=-31800 pst=-10 total=-31810
DEBUG: evaluate returned crazy score! stand_pat=31810
DEBUG: child returned INF! depth=1 score=-30000
DEBUG EVAL: material=-31800 pst=-5 total=-31805
DEBUG: evaluate returned crazy score! stand_pat=31805
DEBUG: child returned INF! depth=1 score=-30000
DEBUG EVAL: material=-31800 pst=-5 total=-31805
DEBUG: evaluate returned crazy score! stand_pat=31805
DEBUG: child returned INF! depth=1 score=-30000
DEBUG EVAL: material=-31800 pst=-5 total=-31805
DEBUG: evaluate returned crazy score! stand_pat=31805
DEBUG: child returned INF! depth=1 score=-30000
DEBUG EVAL: material=-31800 pst=-5 total=-31805
DEBUG: evaluate returned crazy score! stand_pat=31805
DEBUG: child returned INF! depth=1 score=-30000
DEBUG EVAL: material=-31800 pst=-10 total=-31810
DEBUG: evaluate returned crazy score! stand_pat=31810
DEBUG: child returned INF! depth=1 score=-30000
DEBUG EVAL: material=-31800 pst=-15 total=-31815
DEBUG: evaluate returned crazy score! stand_pat=31815
DEBUG: child returned INF! depth=1 score=-30000
DEBUG EVAL: material=-31800 pst=-30 total=-31830
DEBUG: evaluate returned crazy score! stand_pat=31830
DEBUG: child returned INF! depth=1 score=-30000
DEBUG EVAL: material=-31800 pst=-30 total=-31830
DEBUG: evaluate returned crazy score! stand_pat=31830
DEBUG: child returned INF! depth=1 score=-30000
DEBUG EVAL: material=-31800 pst=-30 total=-31830
DEBUG: evaluate returned crazy score! stand_pat=31830
DEBUG: child returned INF! depth=1 score=-30000
DEBUG EVAL: material=-31800 pst=-30 total=-31830
DEBUG: evaluate returned crazy score! stand_pat=31830
DEBUG: child returned INF! depth=1 score=-30000
DEBUG EVAL: material=-31800 pst=-30 total=-31830
DEBUG: evaluate returned crazy score! stand_pat=31830
DEBUG: child returned INF! depth=1 score=-30000
DEBUG EVAL: material=-31800 pst=-30 total=-31830
DEBUG: evaluate returned crazy score! stand_pat=31830
DEBUG: child returned INF! depth=1 score=-30000
DEBUG EVAL: material=-31800 pst=15 total=-31785
DEBUG: evaluate returned crazy score! stand_pat=31785
DEBUG: child returned INF! depth=1 score=-30000
DEBUG: negamax returning -INF! depth=1 ply=5 legal_moves=40 alpha=-30000 beta=90
DEBUG: child returned INF! depth=3 score=-30000
DEBUG EVAL: material=-31800 pst=35 total=-31765
DEBUG: evaluate returned crazy score! stand_pat=31765
DEBUG: child returned INF! depth=1 score=-30000
DEBUG EVAL: material=-31800 pst=40 total=-31760
DEBUG: evaluate returned crazy score! stand_pat=31760
DEBUG: child returned INF! depth=1 score=-30000
DEBUG EVAL: material=-31800 pst=5 total=-31795
DEBUG: evaluate returned crazy score! stand_pat=31795
DEBUG: child returned INF! depth=1 score=-30000
DEBUG EVAL: material=-31800 pst=-10 total=-31810
DEBUG: evaluate returned crazy score! stand_pat=31810
DEBUG: child returned INF! depth=1 score=-30000
DEBUG EVAL: material=-31800 pst=-10 total=-31810
DEBUG: evaluate returned crazy score! stand_pat=31810
DEBUG: child returned INF! depth=1 score=-30000
DEBUG EVAL: material=-31800 pst=-10 total=-31810
DEBUG: evaluate returned crazy score! stand_pat=31810
DEBUG: child returned INF! depth=1 score=-30000
DEBUG EVAL: material=-31800 pst=0 total=-31800
DEBUG: evaluate returned crazy score! stand_pat=31800
DEBUG: child returned INF! depth=1 score=-30000
DEBUG EVAL: material=-31800 pst=10 total=-31790
DEBUG: evaluate returned crazy score! stand_pat=31790
DEBUG: child returned INF! depth=1 score=-30000
DEBUG EVAL: material=-31800 pst=10 total=-31790
DEBUG: evaluate returned crazy score! stand_pat=31790
DEBUG: child returned INF! depth=1 score=-30000
DEBUG EVAL: material=-31800 pst=5 total=-31795
DEBUG: evaluate returned crazy score! stand_pat=31795
DEBUG: child returned INF! depth=1 score=-30000
DEBUG EVAL: material=-31800 pst=-10 total=-31810
DEBUG: evaluate returned crazy score! stand_pat=31810
DEBUG: child returned INF! depth=1 score=-30000
DEBUG EVAL: material=-31800 pst=0 total=-31800
DEBUG: evaluate returned crazy score! stand_pat=31800
DEBUG: child returned INF! depth=1 score=-30000
DEBUG EVAL: material=-31800 pst=40 total=-31760
DEBUG: evaluate returned crazy score! stand_pat=31760
DEBUG: child returned INF! depth=1 score=-30000
DEBUG EVAL: material=-31800 pst=0 total=-31800
DEBUG: evaluate returned crazy score! stand_pat=31800
DEBUG: child returned INF! depth=1 score=-30000
DEBUG EVAL: material=-31800 pst=-30 total=-31830
DEBUG: evaluate returned crazy score! stand_pat=31830
DEBUG: child returned INF! depth=1 score=-30000
DEBUG EVAL: material=-31800 pst=-30 total=-31830
DEBUG: evaluate returned crazy score! stand_pat=31830
DEBUG: child returned INF! depth=1 score=-30000
DEBUG EVAL: material=-31800 pst=-30 total=-31830
DEBUG: evaluate returned crazy score! stand_pat=31830
DEBUG: child returned INF! depth=1 score=-30000
DEBUG EVAL: material=-31800 pst=-30 total=-31830
DEBUG: evaluate returned crazy score! stand_pat=31830
DEBUG: child returned INF! depth=1 score=-30000
DEBUG EVAL: material=-31800 pst=-5 total=-31805
DEBUG: evaluate returned crazy score! stand_pat=31805
DEBUG: child returned INF! depth=1 score=-30000
DEBUG EVAL: material=-31800 pst=-10 total=-31810
DEBUG: evaluate returned crazy score! stand_pat=31810
DEBUG: child returned INF! depth=1 score=-30000
DEBUG EVAL: material=-31800 pst=-15 total=-31815
DEBUG: evaluate returned crazy score! stand_pat=31815
DEBUG: child returned INF! depth=1 score=-30000
DEBUG EVAL: material=-31800 pst=-5 total=-31805
DEBUG: evaluate returned crazy score! stand_pat=31805
DEBUG: child returned INF! depth=1 score=-30000
DEBUG EVAL: material=-31800 pst=-5 total=-31805
DEBUG: evaluate returned crazy score! stand_pat=31805
DEBUG: child returned INF! depth=1 score=-30000
DEBUG EVAL: material=-31800 pst=-10 total=-31810
DEBUG: evaluate returned crazy score! stand_pat=31810
DEBUG: child returned INF! depth=1 score=-30000
DEBUG EVAL: material=-31800 pst=-20 total=-31820
DEBUG: evaluate returned crazy score! stand_pat=31820
DEBUG: child returned INF! depth=1 score=-30000
DEBUG EVAL: material=-31800 pst=-15 total=-31815
DEBUG: evaluate returned crazy score! stand_pat=31815
DEBUG: child returned INF! depth=1 score=-30000
DEBUG EVAL: material=-31800 pst=-10 total=-31810
DEBUG: evaluate returned crazy score! stand_pat=31810
DEBUG: child returned INF! depth=1 score=-30000
DEBUG EVAL: material=-31800 pst=-5 total=-31805
DEBUG: evaluate returned crazy score! stand_pat=31805
DEBUG: child returned INF! depth=1 score=-30000
DEBUG EVAL: material=-31800 pst=-5 total=-31805
DEBUG: evaluate returned crazy score! stand_pat=31805
DEBUG: child returned INF! depth=1 score=-30000
DEBUG EVAL: material=-31800 pst=-5 total=-31805
DEBUG: evaluate returned crazy score! stand_pat=31805
DEBUG: child returned INF! depth=1 score=-30000
DEBUG EVAL: material=-31800 pst=-5 total=-31805
DEBUG: evaluate returned crazy score! stand_pat=31805
DEBUG: child returned INF! depth=1 score=-30000
DEBUG EVAL: material=-31800 pst=-10 total=-31810
DEBUG: evaluate returned crazy score! stand_pat=31810
DEBUG: child returned INF! depth=1 score=-30000
DEBUG EVAL: material=-31800 pst=-15 total=-31815
DEBUG: evaluate returned crazy score! stand_pat=31815
DEBUG: child returned INF! depth=1 score=-30000
DEBUG EVAL: material=-31800 pst=-30 total=-31830
DEBUG: evaluate returned crazy score! stand_pat=31830
DEBUG: child returned INF! depth=1 score=-30000
DEBUG EVAL: material=-31800 pst=-30 total=-31830
DEBUG: evaluate returned crazy score! stand_pat=31830
DEBUG: child returned INF! depth=1 score=-30000
DEBUG EVAL: material=-31800 pst=-30 total=-31830
DEBUG: evaluate returned crazy score! stand_pat=31830
DEBUG: child returned INF! depth=1 score=-30000
DEBUG EVAL: material=-31800 pst=-30 total=-31830
DEBUG: evaluate returned crazy score! stand_pat=31830
DEBUG: child returned INF! depth=1 score=-30000
DEBUG EVAL: material=-31800 pst=-30 total=-31830
DEBUG: evaluate returned crazy score! stand_pat=31830
DEBUG: child returned INF! depth=1 score=-30000
DEBUG EVAL: material=-31800 pst=-30 total=-31830
DEBUG: evaluate returned crazy score! stand_pat=31830
DEBUG: child returned INF! depth=1 score=-30000
DEBUG EVAL: material=-31800 pst=-10 total=-31810
DEBUG: evaluate returned crazy score! stand_pat=31810
DEBUG: child returned INF! depth=1 score=-30000
DEBUG: negamax returning -INF! depth=1 ply=5 legal_moves=40 alpha=-30000 beta=90
DEBUG: child returned INF! depth=3 score=-30000
DEBUG EVAL: material=-31800 pst=35 total=-31765
DEBUG: evaluate returned crazy score! stand_pat=31765
DEBUG: child returned INF! depth=1 score=-30000
DEBUG EVAL: material=-31800 pst=40 total=-31760
DEBUG: evaluate returned crazy score! stand_pat=31760
DEBUG: child returned INF! depth=1 score=-30000
DEBUG EVAL: material=-31800 pst=5 total=-31795
DEBUG: evaluate returned crazy score! stand_pat=31795
DEBUG: child returned INF! depth=1 score=-30000
DEBUG EVAL: material=-31800 pst=-10 total=-31810
DEBUG: evaluate returned crazy score! stand_pat=31810
DEBUG: child returned INF! depth=1 score=-30000
DEBUG EVAL: material=-31800 pst=-10 total=-31810
DEBUG: evaluate returned crazy score! stand_pat=31810
DEBUG: child returned INF! depth=1 score=-30000
DEBUG EVAL: material=-31800 pst=-10 total=-31810
DEBUG: evaluate returned crazy score! stand_pat=31810
DEBUG: child returned INF! depth=1 score=-30000
DEBUG EVAL: material=-31800 pst=0 total=-31800
DEBUG: evaluate returned crazy score! stand_pat=31800
DEBUG: child returned INF! depth=1 score=-30000
DEBUG EVAL: material=-31800 pst=10 total=-31790
DEBUG: evaluate returned crazy score! stand_pat=31790
DEBUG: child returned INF! depth=1 score=-30000
DEBUG EVAL: material=-31800 pst=10 total=-31790
DEBUG: evaluate returned crazy score! stand_pat=31790
DEBUG: child returned INF! depth=1 score=-30000
DEBUG EVAL: material=-31800 pst=5 total=-31795
DEBUG: evaluate returned crazy score! stand_pat=31795
DEBUG: child returned INF! depth=1 score=-30000
DEBUG EVAL: material=-31800 pst=-10 total=-31810
DEBUG: evaluate returned crazy score! stand_pat=31810
DEBUG: child returned INF! depth=1 score=-30000
DEBUG EVAL: material=-31800 pst=0 total=-31800
DEBUG: evaluate returned crazy score! stand_pat=31800
DEBUG: child returned INF! depth=1 score=-30000
DEBUG EVAL: material=-31800 pst=40 total=-31760
DEBUG: evaluate returned crazy score! stand_pat=31760
DEBUG: child returned INF! depth=1 score=-30000
DEBUG EVAL: material=-31800 pst=0 total=-31800
DEBUG: evaluate returned crazy score! stand_pat=31800
DEBUG: child returned INF! depth=1 score=-30000
DEBUG EVAL: material=-31800 pst=-30 total=-31830
DEBUG: evaluate returned crazy score! stand_pat=31830
DEBUG: child returned INF! depth=1 score=-30000
DEBUG EVAL: material=-31800 pst=-30 total=-31830
DEBUG: evaluate returned crazy score! stand_pat=31830
DEBUG: child returned INF! depth=1 score=-30000
DEBUG EVAL: material=-31800 pst=-30 total=-31830
DEBUG: evaluate returned crazy score! stand_pat=31830
DEBUG: child returned INF! depth=1 score=-30000
DEBUG EVAL: material=-31800 pst=-30 total=-31830
DEBUG: evaluate returned crazy score! stand_pat=31830
DEBUG: child returned INF! depth=1 score=-30000
DEBUG EVAL: material=-31800 pst=-5 total=-31805
DEBUG: evaluate returned crazy score! stand_pat=31805
DEBUG: child returned INF! depth=1 score=-30000
DEBUG EVAL: material=-31800 pst=-5 total=-31805
DEBUG: evaluate returned crazy score! stand_pat=31805
DEBUG: child returned INF! depth=1 score=-30000
DEBUG EVAL: material=-31800 pst=-5 total=-31805
DEBUG: evaluate returned crazy score! stand_pat=31805
DEBUG: child returned INF! depth=1 score=-30000
DEBUG EVAL: material=-31800 pst=-10 total=-31810
DEBUG: evaluate returned crazy score! stand_pat=31810
DEBUG: child returned INF! depth=1 score=-30000
DEBUG EVAL: material=-31800 pst=-20 total=-31820
DEBUG: evaluate returned crazy score! stand_pat=31820
DEBUG: child returned INF! depth=1 score=-30000
DEBUG EVAL: material=-31800 pst=-15 total=-31815
DEBUG: evaluate returned crazy score! stand_pat=31815
DEBUG: child returned INF! depth=1 score=-30000
DEBUG EVAL: material=-31800 pst=-10 total=-31810
DEBUG: evaluate returned crazy score! stand_pat=31810
DEBUG: child returned INF! depth=1 score=-30000
DEBUG EVAL: material=-31800 pst=-5 total=-31805
DEBUG: evaluate returned crazy score! stand_pat=31805
DEBUG: child returned INF! depth=1 score=-30000
DEBUG EVAL: material=-31800 pst=-5 total=-31805
DEBUG: evaluate returned crazy score! stand_pat=31805
DEBUG: child returned INF! depth=1 score=-30000
DEBUG EVAL: material=-31800 pst=-5 total=-31805
DEBUG: evaluate returned crazy score! stand_pat=31805
DEBUG: child returned INF! depth=1 score=-30000
DEBUG EVAL: material=-31800 pst=-5 total=-31805
DEBUG: evaluate returned crazy score! stand_pat=31805
DEBUG: child returned INF! depth=1 score=-30000
DEBUG EVAL: material=-31800 pst=-10 total=-31810
DEBUG: evaluate returned crazy score! stand_pat=31810
DEBUG: child returned INF! depth=1 score=-30000
DEBUG EVAL: material=-31800 pst=-15 total=-31815
DEBUG: evaluate returned crazy score! stand_pat=31815
DEBUG: child returned INF! depth=1 score=-30000
DEBUG EVAL: material=-31800 pst=-30 total=-31830
DEBUG: evaluate returned crazy score! stand_pat=31830
DEBUG: child returned INF! depth=1 score=-30000
DEBUG EVAL: material=-31800 pst=-30 total=-31830
DEBUG: evaluate returned crazy score! stand_pat=31830
DEBUG: child returned INF! depth=1 score=-30000
DEBUG EVAL: material=-31800 pst=-30 total=-31830
DEBUG: evaluate returned crazy score! stand_pat=31830
DEBUG: child returned INF! depth=1 score=-30000
DEBUG EVAL: material=-31800 pst=-30 total=-31830
DEBUG: evaluate returned crazy score! stand_pat=31830
DEBUG: child returned INF! depth=1 score=-30000
DEBUG EVAL: material=-31800 pst=-30 total=-31830
DEBUG: evaluate returned crazy score! stand_pat=31830
DEBUG: child returned INF! depth=1 score=-30000
DEBUG EVAL: material=-31800 pst=-30 total=-31830
DEBUG: evaluate returned crazy score! stand_pat=31830
DEBUG: child returned INF! depth=1 score=-30000
DEBUG EVAL: material=-31800 pst=15 total=-31785
DEBUG: evaluate returned crazy score! stand_pat=31785
DEBUG: child returned INF! depth=1 score=-30000
DEBUG: negamax returning -INF! depth=1 ply=5 legal_moves=38 alpha=-30000 beta=90
DEBUG: child returned INF! depth=3 score=-30000
DEBUG EVAL: material=-31800 pst=35 total=-31765
DEBUG: evaluate returned crazy score! stand_pat=31765
DEBUG: child returned INF! depth=1 score=-30000
DEBUG EVAL: material=-31800 pst=-10 total=-31810
DEBUG: evaluate returned crazy score! stand_pat=31810
DEBUG: child returned INF! depth=1 score=-30000
DEBUG EVAL: material=-31800 pst=-10 total=-31810
DEBUG: evaluate returned crazy score! stand_pat=31810
DEBUG: child returned INF! depth=1 score=-30000
DEBUG EVAL: material=-31800 pst=0 total=-31800
DEBUG: evaluate returned crazy score! stand_pat=31800
DEBUG: child returned INF! depth=1 score=-30000
DEBUG EVAL: material=-31800 pst=10 total=-31790
DEBUG: evaluate returned crazy score! stand_pat=31790
DEBUG: child returned INF! depth=1 score=-30000
DEBUG EVAL: material=-31800 pst=10 total=-31790
DEBUG: evaluate returned crazy score! stand_pat=31790
DEBUG: child returned INF! depth=1 score=-30000
DEBUG EVAL: material=-31800 pst=5 total=-31795
DEBUG: evaluate returned crazy score! stand_pat=31795
DEBUG: child returned INF! depth=1 score=-30000
DEBUG EVAL: material=-31800 pst=-10 total=-31810
DEBUG: evaluate returned crazy score! stand_pat=31810
DEBUG: child returned INF! depth=1 score=-30000
DEBUG EVAL: material=-31800 pst=0 total=-31800
DEBUG: evaluate returned crazy score! stand_pat=31800
DEBUG: child returned INF! depth=1 score=-30000
DEBUG EVAL: material=-31800 pst=40 total=-31760
DEBUG: evaluate returned crazy score! stand_pat=31760
DEBUG: child returned INF! depth=1 score=-30000
DEBUG EVAL: material=-31800 pst=0 total=-31800
DEBUG: evaluate returned crazy score! stand_pat=31800
DEBUG: child returned INF! depth=1 score=-30000
DEBUG EVAL: material=-31800 pst=-30 total=-31830
DEBUG: evaluate returned crazy score! stand_pat=31830
DEBUG: child returned INF! depth=1 score=-30000
DEBUG EVAL: material=-31800 pst=-30 total=-31830
DEBUG: evaluate returned crazy score! stand_pat=31830
DEBUG: child returned INF! depth=1 score=-30000
DEBUG EVAL: material=-31800 pst=-30 total=-31830
DEBUG: evaluate returned crazy score! stand_pat=31830
DEBUG: child returned INF! depth=1 score=-30000
DEBUG EVAL: material=-31800 pst=-30 total=-31830
DEBUG: evaluate returned crazy score! stand_pat=31830
DEBUG: child returned INF! depth=1 score=-30000
DEBUG EVAL: material=-31800 pst=-5 total=-31805
DEBUG: evaluate returned crazy score! stand_pat=31805
DEBUG: child returned INF! depth=1 score=-30000
DEBUG EVAL: material=-31800 pst=-5 total=-31805
DEBUG: evaluate returned crazy score! stand_pat=31805
DEBUG: child returned INF! depth=1 score=-30000
DEBUG EVAL: material=-31800 pst=-10 total=-31810
DEBUG: evaluate returned crazy score! stand_pat=31810
DEBUG: child returned INF! depth=1 score=-30000
DEBUG EVAL: material=-31800 pst=-20 total=-31820
DEBUG: evaluate returned crazy score! stand_pat=31820
DEBUG: child returned INF! depth=1 score=-30000
DEBUG EVAL: material=-31800 pst=-15 total=-31815
DEBUG: evaluate returned crazy score! stand_pat=31815
DEBUG: child returned INF! depth=1 score=-30000
DEBUG EVAL: material=-31800 pst=-5 total=-31805
DEBUG: evaluate returned crazy score! stand_pat=31805
DEBUG: child returned INF! depth=1 score=-30000
DEBUG EVAL: material=-31800 pst=-10 total=-31810
DEBUG: evaluate returned crazy score! stand_pat=31810
DEBUG: child returned INF! depth=1 score=-30000
DEBUG EVAL: material=-31800 pst=-5 total=-31805
DEBUG: evaluate returned crazy score! stand_pat=31805
DEBUG: child returned INF! depth=1 score=-30000
DEBUG EVAL: material=-31800 pst=-5 total=-31805
DEBUG: evaluate returned crazy score! stand_pat=31805
DEBUG: child returned INF! depth=1 score=-30000
DEBUG EVAL: material=-31800 pst=-5 total=-31805
DEBUG: evaluate returned crazy score! stand_pat=31805
DEBUG: child returned INF! depth=1 score=-30000
DEBUG EVAL: material=-31800 pst=-5 total=-31805
DEBUG: evaluate returned crazy score! stand_pat=31805
DEBUG: child returned INF! depth=1 score=-30000
DEBUG EVAL: material=-31800 pst=-10 total=-31810
DEBUG: evaluate returned crazy score! stand_pat=31810
DEBUG: child returned INF! depth=1 score=-30000
DEBUG EVAL: material=-31800 pst=-15 total=-31815
DEBUG: evaluate returned crazy score! stand_pat=31815
DEBUG: child returned INF! depth=1 score=-30000
DEBUG EVAL: material=-31800 pst=-30 total=-31830
DEBUG: evaluate returned crazy score! stand_pat=31830
DEBUG: child returned INF! depth=1 score=-30000
DEBUG EVAL: material=-31800 pst=-30 total=-31830
DEBUG: evaluate returned crazy score! stand_pat=31830
DEBUG: child returned INF! depth=1 score=-30000
DEBUG EVAL: material=-31800 pst=-30 total=-31830
DEBUG: evaluate returned crazy score! stand_pat=31830
DEBUG: child returned INF! depth=1 score=-30000
DEBUG EVAL: material=-31800 pst=-30 total=-31830
DEBUG: evaluate returned crazy score! stand_pat=31830
DEBUG: child returned INF! depth=1 score=-30000
DEBUG EVAL: material=-31800 pst=-30 total=-31830
DEBUG: evaluate returned crazy score! stand_pat=31830
DEBUG: child returned INF! depth=1 score=-30000
DEBUG EVAL: material=-31800 pst=-30 total=-31830
DEBUG: evaluate returned crazy score! stand_pat=31830
DEBUG: child returned INF! depth=1 score=-30000
DEBUG EVAL: material=-31800 pst=-10 total=-31810
DEBUG: evaluate returned crazy score! stand_pat=31810
DEBUG: child returned INF! depth=1 score=-30000
DEBUG: negamax returning -INF! depth=1 ply=5 legal_moves=35 alpha=-30000 beta=90
DEBUG: child returned INF! depth=3 score=-30000
DEBUG EVAL: material=-31800 pst=35 total=-31765
DEBUG: evaluate returned crazy score! stand_pat=31765
DEBUG: child returned INF! depth=1 score=-30000
DEBUG EVAL: material=-31800 pst=40 total=-31760
DEBUG: evaluate returned crazy score! stand_pat=31760
DEBUG: child returned INF! depth=1 score=-30000
DEBUG EVAL: material=-31800 pst=-10 total=-31810
DEBUG: evaluate returned crazy score! stand_pat=31810
DEBUG: child returned INF! depth=1 score=-30000
DEBUG EVAL: material=-31800 pst=-10 total=-31810
DEBUG: evaluate returned crazy score! stand_pat=31810
DEBUG: child returned INF! depth=1 score=-30000
DEBUG EVAL: material=-31800 pst=0 total=-31800
DEBUG: evaluate returned crazy score! stand_pat=31800
DEBUG: child returned INF! depth=1 score=-30000
DEBUG EVAL: material=-31800 pst=10 total=-31790
DEBUG: evaluate returned crazy score! stand_pat=31790
DEBUG: child returned INF! depth=1 score=-30000
DEBUG EVAL: material=-31800 pst=0 total=-31800
DEBUG: evaluate returned crazy score! stand_pat=31800
DEBUG: child returned INF! depth=1 score=-30000
DEBUG EVAL: material=-31800 pst=40 total=-31760
DEBUG: evaluate returned crazy score! stand_pat=31760
DEBUG: child returned INF! depth=1 score=-30000
DEBUG EVAL: material=-31800 pst=0 total=-31800
DEBUG: evaluate returned crazy score! stand_pat=31800
DEBUG: child returned INF! depth=1 score=-30000
DEBUG EVAL: material=-31800 pst=-30 total=-31830
DEBUG: evaluate returned crazy score! stand_pat=31830
DEBUG: child returned INF! depth=1 score=-30000
DEBUG EVAL: material=-31800 pst=-30 total=-31830
DEBUG: evaluate returned crazy score! stand_pat=31830
DEBUG: child returned INF! depth=1 score=-30000
DEBUG EVAL: material=-31800 pst=-30 total=-31830
DEBUG: evaluate returned crazy score! stand_pat=31830
DEBUG: child returned INF! depth=1 score=-30000
DEBUG EVAL: material=-31800 pst=-30 total=-31830
DEBUG: evaluate returned crazy score! stand_pat=31830
DEBUG: child returned INF! depth=1 score=-30000
DEBUG EVAL: material=-31800 pst=-5 total=-31805
DEBUG: evaluate returned crazy score! stand_pat=31805
DEBUG: child returned INF! depth=1 score=-30000
DEBUG EVAL: material=-31800 pst=-10 total=-31810
DEBUG: evaluate returned crazy score! stand_pat=31810
DEBUG: child returned INF! depth=1 score=-30000
DEBUG EVAL: material=-31800 pst=-15 total=-31815
DEBUG: evaluate returned crazy score! stand_pat=31815
DEBUG: child returned INF! depth=1 score=-30000
DEBUG EVAL: material=-31800 pst=-5 total=-31805
DEBUG: evaluate returned crazy score! stand_pat=31805
DEBUG: child returned INF! depth=1 score=-30000
DEBUG EVAL: material=-31800 pst=-5 total=-31805
DEBUG: evaluate returned crazy score! stand_pat=31805
DEBUG: child returned INF! depth=1 score=-30000
DEBUG EVAL: material=-31800 pst=-10 total=-31810
DEBUG: evaluate returned crazy score! stand_pat=31810
DEBUG: child returned INF! depth=1 score=-30000
DEBUG EVAL: material=-31800 pst=-20 total=-31820
DEBUG: evaluate returned crazy score! stand_pat=31820
DEBUG: child returned INF! depth=1 score=-30000
DEBUG EVAL: material=-31800 pst=-15 total=-31815
DEBUG: evaluate returned crazy score! stand_pat=31815
DEBUG: child returned INF! depth=1 score=-30000
DEBUG EVAL: material=-31800 pst=-5 total=-31805
DEBUG: evaluate returned crazy score! stand_pat=31805
DEBUG: child returned INF! depth=1 score=-30000
DEBUG EVAL: material=-31800 pst=-10 total=-31810
DEBUG: evaluate returned crazy score! stand_pat=31810
DEBUG: child returned INF! depth=1 score=-30000
DEBUG EVAL: material=-31800 pst=-5 total=-31805
DEBUG: evaluate returned crazy score! stand_pat=31805
DEBUG: child returned INF! depth=1 score=-30000
DEBUG EVAL: material=-31800 pst=-5 total=-31805
DEBUG: evaluate returned crazy score! stand_pat=31805
DEBUG: child returned INF! depth=1 score=-30000
DEBUG EVAL: material=-31800 pst=-5 total=-31805
DEBUG: evaluate returned crazy score! stand_pat=31805
DEBUG: child returned INF! depth=1 score=-30000
DEBUG EVAL: material=-31800 pst=-5 total=-31805
DEBUG: evaluate returned crazy score! stand_pat=31805
DEBUG: child returned INF! depth=1 score=-30000
DEBUG EVAL: material=-31800 pst=-10 total=-31810
DEBUG: evaluate returned crazy score! stand_pat=31810
DEBUG: child returned INF! depth=1 score=-30000
DEBUG EVAL: material=-31800 pst=-15 total=-31815
DEBUG: evaluate returned crazy score! stand_pat=31815
DEBUG: child returned INF! depth=1 score=-30000
DEBUG EVAL: material=-31800 pst=-30 total=-31830
DEBUG: evaluate returned crazy score! stand_pat=31830
DEBUG: child returned INF! depth=1 score=-30000
DEBUG EVAL: material=-31800 pst=-30 total=-31830
DEBUG: evaluate returned crazy score! stand_pat=31830
DEBUG: child returned INF! depth=1 score=-30000
DEBUG EVAL: material=-31800 pst=-30 total=-31830
DEBUG: evaluate returned crazy score! stand_pat=31830
DEBUG: child returned INF! depth=1 score=-30000
DEBUG EVAL: material=-31800 pst=-30 total=-31830
DEBUG: evaluate returned crazy score! stand_pat=31830
DEBUG: child returned INF! depth=1 score=-30000
DEBUG EVAL: material=-31800 pst=-30 total=-31830
DEBUG: evaluate returned crazy score! stand_pat=31830
DEBUG: child returned INF! depth=1 score=-30000
DEBUG EVAL: material=-31800 pst=-30 total=-31830
DEBUG: evaluate returned crazy score! stand_pat=31830
DEBUG: child returned INF! depth=1 score=-30000
DEBUG EVAL: material=-31800 pst=20 total=-31780
DEBUG: evaluate returned crazy score! stand_pat=31780
DEBUG: child returned INF! depth=1 score=-30000
DEBUG: negamax returning -INF! depth=1 ply=5 legal_moves=36 alpha=-30000 beta=90
DEBUG: child returned INF! depth=3 score=-30000
DEBUG EVAL: material=-31700 pst=-5 total=-31705
DEBUG: evaluate returned crazy score! stand_pat=31705
DEBUG: child returned INF! depth=1 score=-30000
DEBUG EVAL: material=-31700 pst=10 total=-31690
DEBUG: evaluate returned crazy score! stand_pat=31690
DEBUG: child returned INF! depth=1 score=-30000
DEBUG EVAL: material=-31800 pst=60 total=-31740
DEBUG: evaluate returned crazy score! stand_pat=31740
DEBUG: child returned INF! depth=1 score=-30000
DEBUG EVAL: material=-31800 pst=35 total=-31765
DEBUG: evaluate returned crazy score! stand_pat=31765
DEBUG: child returned INF! depth=1 score=-30000
DEBUG EVAL: material=-31800 pst=35 total=-31765
DEBUG: evaluate returned crazy score! stand_pat=31765
DEBUG: child returned INF! depth=1 score=-30000
DEBUG EVAL: material=-31800 pst=30 total=-31770
DEBUG: evaluate returned crazy score! stand_pat=31770
DEBUG: child returned INF! depth=1 score=-30000
DEBUG EVAL: material=-31800 pst=15 total=-31785
DEBUG: evaluate returned crazy score! stand_pat=31785
DEBUG: child returned INF! depth=1 score=-30000
DEBUG EVAL: material=-31800 pst=15 total=-31785
DEBUG: evaluate returned crazy score! stand_pat=31785
DEBUG: child returned INF! depth=1 score=-30000
DEBUG EVAL: material=-31800 pst=15 total=-31785
DEBUG: evaluate returned crazy score! stand_pat=31785
DEBUG: child returned INF! depth=1 score=-30000
DEBUG EVAL: material=-31800 pst=15 total=-31785
DEBUG: evaluate returned crazy score! stand_pat=31785
DEBUG: child returned INF! depth=1 score=-30000
DEBUG EVAL: material=-31800 pst=25 total=-31775
DEBUG: evaluate returned crazy score! stand_pat=31775
DEBUG: child returned INF! depth=1 score=-30000
DEBUG EVAL: material=-31800 pst=35 total=-31765
DEBUG: evaluate returned crazy score! stand_pat=31765
DEBUG: child returned INF! depth=1 score=-30000
DEBUG EVAL: material=-31800 pst=35 total=-31765
DEBUG: evaluate returned crazy score! stand_pat=31765
DEBUG: child returned INF! depth=1 score=-30000
DEBUG EVAL: material=-31800 pst=30 total=-31770
DEBUG: evaluate returned crazy score! stand_pat=31770
DEBUG: child returned INF! depth=1 score=-30000
DEBUG EVAL: material=-31800 pst=15 total=-31785
DEBUG: evaluate returned crazy score! stand_pat=31785
DEBUG: child returned INF! depth=1 score=-30000
DEBUG EVAL: material=-31800 pst=25 total=-31775
DEBUG: evaluate returned crazy score! stand_pat=31775
DEBUG: child returned INF! depth=1 score=-30000
DEBUG EVAL: material=-31800 pst=65 total=-31735
DEBUG: evaluate returned crazy score! stand_pat=31735
DEBUG: child returned INF! depth=1 score=-30000
DEBUG EVAL: material=-31800 pst=25 total=-31775
DEBUG: evaluate returned crazy score! stand_pat=31775
DEBUG: child returned INF! depth=1 score=-30000
DEBUG EVAL: material=-31800 pst=-5 total=-31805
DEBUG: evaluate returned crazy score! stand_pat=31805
DEBUG: child returned INF! depth=1 score=-30000
DEBUG EVAL: material=-31800 pst=-5 total=-31805
DEBUG: evaluate returned crazy score! stand_pat=31805
DEBUG: child returned INF! depth=1 score=-30000
DEBUG EVAL: material=-31800 pst=-5 total=-31805
DEBUG: evaluate returned crazy score! stand_pat=31805
DEBUG: child returned INF! depth=1 score=-30000
DEBUG EVAL: material=-31800 pst=-5 total=-31805
DEBUG: evaluate returned crazy score! stand_pat=31805
DEBUG: child returned INF! depth=1 score=-30000
DEBUG EVAL: material=-31800 pst=60 total=-31740
DEBUG: evaluate returned crazy score! stand_pat=31740
DEBUG: child returned INF! depth=1 score=-30000
DEBUG EVAL: material=-31800 pst=-5 total=-31805
DEBUG: evaluate returned crazy score! stand_pat=31805
DEBUG: child returned INF! depth=1 score=-30000
DEBUG EVAL: material=-31800 pst=-5 total=-31805
DEBUG: evaluate returned crazy score! stand_pat=31805
DEBUG: child returned INF! depth=1 score=-30000
DEBUG EVAL: material=-31800 pst=-5 total=-31805
DEBUG: evaluate returned crazy score! stand_pat=31805
DEBUG: child returned INF! depth=1 score=-30000
DEBUG EVAL: material=-31800 pst=-5 total=-31805
DEBUG: evaluate returned crazy score! stand_pat=31805
DEBUG: child returned INF! depth=1 score=-30000
DEBUG EVAL: material=-31800 pst=-5 total=-31805
DEBUG: evaluate returned crazy score! stand_pat=31805
DEBUG: child returned INF! depth=1 score=-30000
DEBUG EVAL: material=-31800 pst=10 total=-31790
DEBUG: evaluate returned crazy score! stand_pat=31790
DEBUG: child returned INF! depth=1 score=-30000
DEBUG EVAL: material=-31800 pst=10 total=-31790
DEBUG: evaluate returned crazy score! stand_pat=31790
DEBUG: child returned INF! depth=1 score=-30000
DEBUG EVAL: material=-31800 pst=5 total=-31795
DEBUG: evaluate returned crazy score! stand_pat=31795
DEBUG: child returned INF! depth=1 score=-30000
DEBUG EVAL: material=-31800 pst=15 total=-31785
DEBUG: evaluate returned crazy score! stand_pat=31785
DEBUG: child returned INF! depth=1 score=-30000
DEBUG EVAL: material=-31800 pst=15 total=-31785
DEBUG: evaluate returned crazy score! stand_pat=31785
DEBUG: child returned INF! depth=1 score=-30000
DEBUG EVAL: material=-31800 pst=15 total=-31785
DEBUG: evaluate returned crazy score! stand_pat=31785
DEBUG: child returned INF! depth=1 score=-30000
DEBUG EVAL: material=-31800 pst=25 total=-31775
DEBUG: evaluate returned crazy score! stand_pat=31775
DEBUG: child returned INF! depth=1 score=-30000
DEBUG EVAL: material=-31800 pst=15 total=-31785
DEBUG: evaluate returned crazy score! stand_pat=31785
DEBUG: child returned INF! depth=1 score=-30000
DEBUG EVAL: material=-31800 pst=0 total=-31800
DEBUG: evaluate returned crazy score! stand_pat=31800
DEBUG: child returned INF! depth=1 score=-30000
DEBUG EVAL: material=-31800 pst=15 total=-31785
DEBUG: evaluate returned crazy score! stand_pat=31785
DEBUG: child returned INF! depth=1 score=-30000
DEBUG EVAL: material=-31800 pst=15 total=-31785
DEBUG: evaluate returned crazy score! stand_pat=31785
DEBUG: child returned INF! depth=1 score=-30000
DEBUG EVAL: material=-31800 pst=15 total=-31785
DEBUG: evaluate returned crazy score! stand_pat=31785
DEBUG: child returned INF! depth=1 score=-30000
DEBUG EVAL: material=-31800 pst=10 total=-31790
DEBUG: evaluate returned crazy score! stand_pat=31790
DEBUG: child returned INF! depth=1 score=-30000
DEBUG EVAL: material=-31800 pst=0 total=-31800
DEBUG: evaluate returned crazy score! stand_pat=31800
DEBUG: child returned INF! depth=1 score=-30000
DEBUG EVAL: material=-31800 pst=15 total=-31785
DEBUG: evaluate returned crazy score! stand_pat=31785
DEBUG: child returned INF! depth=1 score=-30000
DEBUG EVAL: material=-31800 pst=15 total=-31785
DEBUG: evaluate returned crazy score! stand_pat=31785
DEBUG: child returned INF! depth=1 score=-30000
DEBUG EVAL: material=-31800 pst=-5 total=-31805
DEBUG: evaluate returned crazy score! stand_pat=31805
DEBUG: child returned INF! depth=1 score=-30000
DEBUG: negamax returning -INF! depth=1 ply=5 legal_moves=45 alpha=-30000 beta=90
DEBUG: child returned INF! depth=3 score=-30000
DEBUG EVAL: material=-31470 pst=-10 total=-31480
DEBUG: evaluate returned crazy score! stand_pat=31480
DEBUG: child returned INF! depth=1 score=-30000
DEBUG EVAL: material=-31480 pst=-40 total=-31520
DEBUG: evaluate returned crazy score! stand_pat=31520
DEBUG: child returned INF! depth=1 score=-30000
DEBUG EVAL: material=-31800 pst=55 total=-31745
DEBUG: evaluate returned crazy score! stand_pat=31745
DEBUG: child returned INF! depth=1 score=-30000
DEBUG EVAL: material=-31800 pst=20 total=-31780
DEBUG: evaluate returned crazy score! stand_pat=31780
DEBUG: child returned INF! depth=1 score=-30000
DEBUG EVAL: material=-31800 pst=30 total=-31770
DEBUG: evaluate returned crazy score! stand_pat=31770
DEBUG: child returned INF! depth=1 score=-30000
DEBUG EVAL: material=-31800 pst=30 total=-31770
DEBUG: evaluate returned crazy score! stand_pat=31770
DEBUG: child returned INF! depth=1 score=-30000
DEBUG EVAL: material=-31800 pst=25 total=-31775
DEBUG: evaluate returned crazy score! stand_pat=31775
DEBUG: child returned INF! depth=1 score=-30000
DEBUG EVAL: material=-31800 pst=10 total=-31790
DEBUG: evaluate returned crazy score! stand_pat=31790
DEBUG: child returned INF! depth=1 score=-30000
DEBUG EVAL: material=-31800 pst=10 total=-31790
DEBUG: evaluate returned crazy score! stand_pat=31790
DEBUG: child returned INF! depth=1 score=-30000
DEBUG EVAL: material=-31800 pst=10 total=-31790
DEBUG: evaluate returned crazy score! stand_pat=31790
DEBUG: child returned INF! depth=1 score=-30000
DEBUG EVAL: material=-31800 pst=10 total=-31790
DEBUG: evaluate returned crazy score! stand_pat=31790
DEBUG: child returned INF! depth=1 score=-30000
DEBUG EVAL: material=-31800 pst=20 total=-31780
DEBUG: evaluate returned crazy score! stand_pat=31780
DEBUG: child returned INF! depth=1 score=-30000
DEBUG EVAL: material=-31800 pst=30 total=-31770
DEBUG: evaluate returned crazy score! stand_pat=31770
DEBUG: child returned INF! depth=1 score=-30000
DEBUG EVAL: material=-31800 pst=30 total=-31770
DEBUG: evaluate returned crazy score! stand_pat=31770
DEBUG: child returned INF! depth=1 score=-30000
DEBUG EVAL: material=-31800 pst=25 total=-31775
DEBUG: evaluate returned crazy score! stand_pat=31775
DEBUG: child returned INF! depth=1 score=-30000
DEBUG EVAL: material=-31800 pst=10 total=-31790
DEBUG: evaluate returned crazy score! stand_pat=31790
DEBUG: child returned INF! depth=1 score=-30000
DEBUG EVAL: material=-31800 pst=60 total=-31740
DEBUG: evaluate returned crazy score! stand_pat=31740
DEBUG: child returned INF! depth=1 score=-30000
DEBUG EVAL: material=-31800 pst=60 total=-31740
DEBUG: evaluate returned crazy score! stand_pat=31740
DEBUG: child returned INF! depth=1 score=-30000
DEBUG EVAL: material=-31800 pst=20 total=-31780
DEBUG: evaluate returned crazy score! stand_pat=31780
DEBUG: child returned INF! depth=1 score=-30000
DEBUG EVAL: material=-31800 pst=-10 total=-31810
DEBUG: evaluate returned crazy score! stand_pat=31810
DEBUG: child returned INF! depth=1 score=-30000
DEBUG EVAL: material=-31800 pst=-10 total=-31810
DEBUG: evaluate returned crazy score! stand_pat=31810
DEBUG: child returned INF! depth=1 score=-30000
DEBUG EVAL: material=-31800 pst=-10 total=-31810
DEBUG: evaluate returned crazy score! stand_pat=31810
DEBUG: child returned INF! depth=1 score=-30000
DEBUG EVAL: material=-31800 pst=-10 total=-31810
DEBUG: evaluate returned crazy score! stand_pat=31810
DEBUG: child returned INF! depth=1 score=-30000
DEBUG EVAL: material=-31800 pst=-10 total=-31810
DEBUG: evaluate returned crazy score! stand_pat=31810
DEBUG: child returned INF! depth=1 score=-30000
DEBUG EVAL: material=-31800 pst=-10 total=-31810
DEBUG: evaluate returned crazy score! stand_pat=31810
DEBUG: child returned INF! depth=1 score=-30000
DEBUG EVAL: material=-31800 pst=55 total=-31745
DEBUG: evaluate returned crazy score! stand_pat=31745
DEBUG: child returned INF! depth=1 score=-30000
DEBUG EVAL: material=-31800 pst=-10 total=-31810
DEBUG: evaluate returned crazy score! stand_pat=31810
DEBUG: child returned INF! depth=1 score=-30000
DEBUG EVAL: material=-31800 pst=-10 total=-31810
DEBUG: evaluate returned crazy score! stand_pat=31810
DEBUG: child returned INF! depth=1 score=-30000
DEBUG EVAL: material=-31800 pst=-10 total=-31810
DEBUG: evaluate returned crazy score! stand_pat=31810
DEBUG: child returned INF! depth=1 score=-30000
DEBUG EVAL: material=-31800 pst=-10 total=-31810
DEBUG: evaluate returned crazy score! stand_pat=31810
DEBUG: child returned INF! depth=1 score=-30000
DEBUG EVAL: material=-31800 pst=0 total=-31800
DEBUG: evaluate returned crazy score! stand_pat=31800
DEBUG: child returned INF! depth=1 score=-30000
DEBUG EVAL: material=-31800 pst=15 total=-31785
DEBUG: evaluate returned crazy score! stand_pat=31785
DEBUG: child returned INF! depth=1 score=-30000
DEBUG EVAL: material=-31800 pst=10 total=-31790
DEBUG: evaluate returned crazy score! stand_pat=31790
DEBUG: child returned INF! depth=1 score=-30000
DEBUG EVAL: material=-31800 pst=5 total=-31795
DEBUG: evaluate returned crazy score! stand_pat=31795
DEBUG: child returned INF! depth=1 score=-30000
DEBUG EVAL: material=-31800 pst=15 total=-31785
DEBUG: evaluate returned crazy score! stand_pat=31785
DEBUG: child returned INF! depth=1 score=-30000
DEBUG EVAL: material=-31800 pst=15 total=-31785
DEBUG: evaluate returned crazy score! stand_pat=31785
DEBUG: child returned INF! depth=1 score=-30000
DEBUG EVAL: material=-31800 pst=10 total=-31790
DEBUG: evaluate returned crazy score! stand_pat=31790
DEBUG: child returned INF! depth=1 score=-30000
DEBUG EVAL: material=-31800 pst=20 total=-31780
DEBUG: evaluate returned crazy score! stand_pat=31780
DEBUG: child returned INF! depth=1 score=-30000
DEBUG EVAL: material=-31800 pst=15 total=-31785
DEBUG: evaluate returned crazy score! stand_pat=31785
DEBUG: child returned INF! depth=1 score=-30000
DEBUG EVAL: material=-31800 pst=10 total=-31790
DEBUG: evaluate returned crazy score! stand_pat=31790
DEBUG: child returned INF! depth=1 score=-30000
DEBUG EVAL: material=-31800 pst=15 total=-31785
DEBUG: evaluate returned crazy score! stand_pat=31785
DEBUG: child returned INF! depth=1 score=-30000
DEBUG EVAL: material=-31800 pst=15 total=-31785
DEBUG: evaluate returned crazy score! stand_pat=31785
DEBUG: child returned INF! depth=1 score=-30000
DEBUG EVAL: material=-31800 pst=15 total=-31785
DEBUG: evaluate returned crazy score! stand_pat=31785
DEBUG: child returned INF! depth=1 score=-30000
DEBUG EVAL: material=-31800 pst=15 total=-31785
DEBUG: evaluate returned crazy score! stand_pat=31785
DEBUG: child returned INF! depth=1 score=-30000
DEBUG EVAL: material=-31800 pst=10 total=-31790
DEBUG: evaluate returned crazy score! stand_pat=31790
DEBUG: child returned INF! depth=1 score=-30000
DEBUG EVAL: material=-31800 pst=5 total=-31795
DEBUG: evaluate returned crazy score! stand_pat=31795
DEBUG: child returned INF! depth=1 score=-30000
DEBUG EVAL: material=-31800 pst=10 total=-31790
DEBUG: evaluate returned crazy score! stand_pat=31790
DEBUG: child returned INF! depth=1 score=-30000
DEBUG EVAL: material=-31800 pst=10 total=-31790
DEBUG: evaluate returned crazy score! stand_pat=31790
DEBUG: child returned INF! depth=1 score=-30000
DEBUG EVAL: material=-31800 pst=10 total=-31790
DEBUG: evaluate returned crazy score! stand_pat=31790
DEBUG: child returned INF! depth=1 score=-30000
DEBUG EVAL: material=-31800 pst=-10 total=-31810
DEBUG: evaluate returned crazy score! stand_pat=31810
DEBUG: child returned INF! depth=1 score=-30000
DEBUG: negamax returning -INF! depth=1 ply=5 legal_moves=50 alpha=-30000 beta=90
DEBUG: child returned INF! depth=3 score=-30000
DEBUG EVAL: material=-31700 pst=0 total=-31700
DEBUG: evaluate returned crazy score! stand_pat=31700
DEBUG: child returned INF! depth=1 score=-30000
DEBUG EVAL: material=-31800 pst=50 total=-31750
DEBUG: evaluate returned crazy score! stand_pat=31750
DEBUG: child returned INF! depth=1 score=-30000
DEBUG EVAL: material=-31800 pst=55 total=-31745
DEBUG: evaluate returned crazy score! stand_pat=31745
DEBUG: child returned INF! depth=1 score=-30000
DEBUG EVAL: material=-31800 pst=15 total=-31785
DEBUG: evaluate returned crazy score! stand_pat=31785
DEBUG: child returned INF! depth=1 score=-30000
DEBUG EVAL: material=-31800 pst=25 total=-31775
DEBUG: evaluate returned crazy score! stand_pat=31775
DEBUG: child returned INF! depth=1 score=-30000
DEBUG EVAL: material=-31800 pst=25 total=-31775
DEBUG: evaluate returned crazy score! stand_pat=31775
DEBUG: child returned INF! depth=1 score=-30000
DEBUG EVAL: material=-31800 pst=20 total=-31780
DEBUG: evaluate returned crazy score! stand_pat=31780
DEBUG: child returned INF! depth=1 score=-30000
DEBUG EVAL: material=-31800 pst=5 total=-31795
DEBUG: evaluate returned crazy score! stand_pat=31795
DEBUG: child returned INF! depth=1 score=-30000
DEBUG EVAL: material=-31800 pst=5 total=-31795
DEBUG: evaluate returned crazy score! stand_pat=31795
DEBUG: child returned INF! depth=1 score=-30000
DEBUG EVAL: material=-31800 pst=5 total=-31795
DEBUG: evaluate returned crazy score! stand_pat=31795
DEBUG: child returned INF! depth=1 score=-30000
DEBUG EVAL: material=-31800 pst=5 total=-31795
DEBUG: evaluate returned crazy score! stand_pat=31795
DEBUG: child returned INF! depth=1 score=-30000
DEBUG EVAL: material=-31800 pst=15 total=-31785
DEBUG: evaluate returned crazy score! stand_pat=31785
DEBUG: child returned INF! depth=1 score=-30000
DEBUG EVAL: material=-31800 pst=25 total=-31775
DEBUG: evaluate returned crazy score! stand_pat=31775
DEBUG: child returned INF! depth=1 score=-30000
DEBUG EVAL: material=-31800 pst=25 total=-31775
DEBUG: evaluate returned crazy score! stand_pat=31775
DEBUG: child returned INF! depth=1 score=-30000
DEBUG EVAL: material=-31800 pst=20 total=-31780
DEBUG: evaluate returned crazy score! stand_pat=31780
DEBUG: child returned INF! depth=1 score=-30000
DEBUG EVAL: material=-31800 pst=5 total=-31795
DEBUG: evaluate returned crazy score! stand_pat=31795
DEBUG: child returned INF! depth=1 score=-30000
DEBUG EVAL: material=-31800 pst=15 total=-31785
DEBUG: evaluate returned crazy score! stand_pat=31785
DEBUG: child returned INF! depth=1 score=-30000
DEBUG EVAL: material=-31800 pst=55 total=-31745
DEBUG: evaluate returned crazy score! stand_pat=31745
DEBUG: child returned INF! depth=1 score=-30000
DEBUG EVAL: material=-31800 pst=15 total=-31785
DEBUG: evaluate returned crazy score! stand_pat=31785
DEBUG: child returned INF! depth=1 score=-30000
DEBUG EVAL: material=-31800 pst=-15 total=-31815
DEBUG: evaluate returned crazy score! stand_pat=31815
DEBUG: child returned INF! depth=1 score=-30000
DEBUG EVAL: material=-31800 pst=-15 total=-31815
DEBUG: evaluate returned crazy score! stand_pat=31815
DEBUG: child returned INF! depth=1 score=-30000
DEBUG EVAL: material=-31800 pst=-15 total=-31815
DEBUG: evaluate returned crazy score! stand_pat=31815
DEBUG: child returned INF! depth=1 score=-30000
DEBUG EVAL: material=-31800 pst=-15 total=-31815
DEBUG: evaluate returned crazy score! stand_pat=31815
DEBUG: child returned INF! depth=1 score=-30000
DEBUG EVAL: material=-31800 pst=-15 total=-31815
DEBUG: evaluate returned crazy score! stand_pat=31815
DEBUG: child returned INF! depth=1 score=-30000
DEBUG EVAL: material=-31800 pst=50 total=-31750
DEBUG: evaluate returned crazy score! stand_pat=31750
DEBUG: child returned INF! depth=1 score=-30000
DEBUG EVAL: material=-31800 pst=-15 total=-31815
DEBUG: evaluate returned crazy score! stand_pat=31815
DEBUG: child returned INF! depth=1 score=-30000
DEBUG EVAL: material=-31800 pst=-15 total=-31815
DEBUG: evaluate returned crazy score! stand_pat=31815
DEBUG: child returned INF! depth=1 score=-30000
DEBUG EVAL: material=-31800 pst=-15 total=-31815
DEBUG: evaluate returned crazy score! stand_pat=31815
DEBUG: child returned INF! depth=1 score=-30000
DEBUG EVAL: material=-31800 pst=-15 total=-31815
DEBUG: evaluate returned crazy score! stand_pat=31815
DEBUG: child returned INF! depth=1 score=-30000
DEBUG EVAL: material=-31800 pst=-15 total=-31815
DEBUG: evaluate returned crazy score! stand_pat=31815
DEBUG: child returned INF! depth=1 score=-30000
DEBUG EVAL: material=-31800 pst=-15 total=-31815
DEBUG: evaluate returned crazy score! stand_pat=31815
DEBUG: child returned INF! depth=1 score=-30000
DEBUG EVAL: material=-31800 pst=10 total=-31790
DEBUG: evaluate returned crazy score! stand_pat=31790
DEBUG: child returned INF! depth=1 score=-30000
DEBUG EVAL: material=-31800 pst=15 total=-31785
DEBUG: evaluate returned crazy score! stand_pat=31785
DEBUG: child returned INF! depth=1 score=-30000
DEBUG EVAL: material=-31800 pst=10 total=-31790
DEBUG: evaluate returned crazy score! stand_pat=31790
DEBUG: child returned INF! depth=1 score=-30000
DEBUG EVAL: material=-31800 pst=10 total=-31790
DEBUG: evaluate returned crazy score! stand_pat=31790
DEBUG: child returned INF! depth=1 score=-30000
DEBUG EVAL: material=-31800 pst=10 total=-31790
DEBUG: evaluate returned crazy score! stand_pat=31790
DEBUG: child returned INF! depth=1 score=-30000
DEBUG EVAL: material=-31800 pst=5 total=-31795
DEBUG: evaluate returned crazy score! stand_pat=31795
DEBUG: child returned INF! depth=1 score=-30000
DEBUG EVAL: material=-31800 pst=10 total=-31790
DEBUG: evaluate returned crazy score! stand_pat=31790
DEBUG: child returned INF! depth=1 score=-30000
DEBUG EVAL: material=-31800 pst=0 total=-31800
DEBUG: evaluate returned crazy score! stand_pat=31800
DEBUG: child returned INF! depth=1 score=-30000
DEBUG EVAL: material=-31800 pst=10 total=-31790
DEBUG: evaluate returned crazy score! stand_pat=31790
DEBUG: child returned INF! depth=1 score=-30000
DEBUG EVAL: material=-31800 pst=15 total=-31785
DEBUG: evaluate returned crazy score! stand_pat=31785
DEBUG: child returned INF! depth=1 score=-30000
DEBUG EVAL: material=-31800 pst=15 total=-31785
DEBUG: evaluate returned crazy score! stand_pat=31785
DEBUG: child returned INF! depth=1 score=-30000
DEBUG EVAL: material=-31800 pst=15 total=-31785
DEBUG: evaluate returned crazy score! stand_pat=31785
DEBUG: child returned INF! depth=1 score=-30000
DEBUG EVAL: material=-31800 pst=15 total=-31785
DEBUG: evaluate returned crazy score! stand_pat=31785
DEBUG: child returned INF! depth=1 score=-30000
DEBUG EVAL: material=-31800 pst=10 total=-31790
DEBUG: evaluate returned crazy score! stand_pat=31790
DEBUG: child returned INF! depth=1 score=-30000
DEBUG EVAL: material=-31800 pst=5 total=-31795
DEBUG: evaluate returned crazy score! stand_pat=31795
DEBUG: child returned INF! depth=1 score=-30000
DEBUG EVAL: material=-31800 pst=0 total=-31800
DEBUG: evaluate returned crazy score! stand_pat=31800
DEBUG: child returned INF! depth=1 score=-30000
DEBUG EVAL: material=-31800 pst=-15 total=-31815
DEBUG: evaluate returned crazy score! stand_pat=31815
DEBUG: child returned INF! depth=1 score=-30000
DEBUG: negamax returning -INF! depth=1 ply=5 legal_moves=48 alpha=-30000 beta=90
DEBUG: child returned INF! depth=3 score=-30000
DEBUG EVAL: material=-31700 pst=25 total=-31675
DEBUG: evaluate returned crazy score! stand_pat=31675
DEBUG: child returned INF! depth=1 score=-30000
DEBUG EVAL: material=-31700 pst=0 total=-31700
DEBUG: evaluate returned crazy score! stand_pat=31700
DEBUG: child returned INF! depth=1 score=-30000
DEBUG EVAL: material=-31800 pst=60 total=-31740
DEBUG: evaluate returned crazy score! stand_pat=31740
DEBUG: child returned INF! depth=1 score=-30000
DEBUG EVAL: material=-31800 pst=25 total=-31775
DEBUG: evaluate returned crazy score! stand_pat=31775
DEBUG: child returned INF! depth=1 score=-30000
DEBUG EVAL: material=-31800 pst=15 total=-31785
DEBUG: evaluate returned crazy score! stand_pat=31785
DEBUG: child returned INF! depth=1 score=-30000
DEBUG EVAL: material=-31800 pst=15 total=-31785
DEBUG: evaluate returned crazy score! stand_pat=31785
DEBUG: child returned INF! depth=1 score=-30000
DEBUG EVAL: material=-31800 pst=15 total=-31785
DEBUG: evaluate returned crazy score! stand_pat=31785
DEBUG: child returned INF! depth=1 score=-30000
DEBUG EVAL: material=-31800 pst=25 total=-31775
DEBUG: evaluate returned crazy score! stand_pat=31775
DEBUG: child returned INF! depth=1 score=-30000
DEBUG EVAL: material=-31800 pst=35 total=-31765
DEBUG: evaluate returned crazy score! stand_pat=31765
DEBUG: child returned INF! depth=1 score=-30000
DEBUG EVAL: material=-31800 pst=35 total=-31765
DEBUG: evaluate returned crazy score! stand_pat=31765
DEBUG: child returned INF! depth=1 score=-30000
DEBUG EVAL: material=-31800 pst=30 total=-31770
DEBUG: evaluate returned crazy score! stand_pat=31770
DEBUG: child returned INF! depth=1 score=-30000
DEBUG EVAL: material=-31800 pst=15 total=-31785
DEBUG: evaluate returned crazy score! stand_pat=31785
DEBUG: child returned INF! depth=1 score=-30000
DEBUG EVAL: material=-31800 pst=65 total=-31735
DEBUG: evaluate returned crazy score! stand_pat=31735
DEBUG: child returned INF! depth=1 score=-30000
DEBUG EVAL: material=-31800 pst=65 total=-31735
DEBUG: evaluate returned crazy score! stand_pat=31735
DEBUG: child returned INF! depth=1 score=-30000
DEBUG EVAL: material=-31800 pst=25 total=-31775
DEBUG: evaluate returned crazy score! stand_pat=31775
DEBUG: child returned INF! depth=1 score=-30000
DEBUG EVAL: material=-31800 pst=-5 total=-31805
DEBUG: evaluate returned crazy score! stand_pat=31805
DEBUG: child returned INF! depth=1 score=-30000
DEBUG EVAL: material=-31800 pst=-5 total=-31805
DEBUG: evaluate returned crazy score! stand_pat=31805
DEBUG: child returned INF! depth=1 score=-30000
DEBUG EVAL: material=-31800 pst=-5 total=-31805
DEBUG: evaluate returned crazy score! stand_pat=31805
DEBUG: child returned INF! depth=1 score=-30000
DEBUG EVAL: material=-31800 pst=-5 total=-31805
DEBUG: evaluate returned crazy score! stand_pat=31805
DEBUG: child returned INF! depth=1 score=-30000
DEBUG EVAL: material=-31800 pst=-5 total=-31805
DEBUG: evaluate returned crazy score! stand_pat=31805
DEBUG: child returned INF! depth=1 score=-30000
DEBUG EVAL: material=-31800 pst=-5 total=-31805
DEBUG: evaluate returned crazy score! stand_pat=31805
DEBUG: child returned INF! depth=1 score=-30000
DEBUG EVAL: material=-31800 pst=-5 total=-31805
DEBUG: evaluate returned crazy score! stand_pat=31805
DEBUG: child returned INF! depth=1 score=-30000
DEBUG EVAL: material=-31800 pst=-5 total=-31805
DEBUG: evaluate returned crazy score! stand_pat=31805
DEBUG: child returned INF! depth=1 score=-30000
DEBUG EVAL: material=-31800 pst=60 total=-31740
DEBUG: evaluate returned crazy score! stand_pat=31740
DEBUG: child returned INF! depth=1 score=-30000
DEBUG EVAL: material=-31800 pst=-5 total=-31805
DEBUG: evaluate returned crazy score! stand_pat=31805
DEBUG: child returned INF! depth=1 score=-30000
DEBUG EVAL: material=-31800 pst=-5 total=-31805
DEBUG: evaluate returned crazy score! stand_pat=31805
DEBUG: child returned INF! depth=1 score=-30000
DEBUG EVAL: material=-31800 pst=-5 total=-31805
DEBUG: evaluate returned crazy score! stand_pat=31805
DEBUG: child returned INF! depth=1 score=-30000
DEBUG EVAL: material=-31800 pst=10 total=-31790
DEBUG: evaluate returned crazy score! stand_pat=31790
DEBUG: child returned INF! depth=1 score=-30000
DEBUG EVAL: material=-31800 pst=15 total=-31785
DEBUG: evaluate returned crazy score! stand_pat=31785
DEBUG: child returned INF! depth=1 score=-30000
DEBUG EVAL: material=-31800 pst=15 total=-31785
DEBUG: evaluate returned crazy score! stand_pat=31785
DEBUG: child returned INF! depth=1 score=-30000
DEBUG EVAL: material=-31800 pst=10 total=-31790
DEBUG: evaluate returned crazy score! stand_pat=31790
DEBUG: child returned INF! depth=1 score=-30000
DEBUG EVAL: material=-31800 pst=25 total=-31775
DEBUG: evaluate returned crazy score! stand_pat=31775
DEBUG: child returned INF! depth=1 score=-30000
DEBUG EVAL: material=-31800 pst=15 total=-31785
DEBUG: evaluate returned crazy score! stand_pat=31785
DEBUG: child returned INF! depth=1 score=-30000
DEBUG EVAL: material=-31800 pst=10 total=-31790
DEBUG: evaluate returned crazy score! stand_pat=31790
DEBUG: child returned INF! depth=1 score=-30000
DEBUG EVAL: material=-31800 pst=0 total=-31800
DEBUG: evaluate returned crazy score! stand_pat=31800
DEBUG: child returned INF! depth=1 score=-30000
DEBUG EVAL: material=-31800 pst=10 total=-31790
DEBUG: evaluate returned crazy score! stand_pat=31790
DEBUG: child returned INF! depth=1 score=-30000
DEBUG EVAL: material=-31800 pst=15 total=-31785
DEBUG: evaluate returned crazy score! stand_pat=31785
DEBUG: child returned INF! depth=1 score=-30000
DEBUG EVAL: material=-31800 pst=15 total=-31785
DEBUG: evaluate returned crazy score! stand_pat=31785
DEBUG: child returned INF! depth=1 score=-30000
DEBUG EVAL: material=-31800 pst=15 total=-31785
DEBUG: evaluate returned crazy score! stand_pat=31785
DEBUG: child returned INF! depth=1 score=-30000
DEBUG EVAL: material=-31800 pst=0 total=-31800
DEBUG: evaluate returned crazy score! stand_pat=31800
DEBUG: child returned INF! depth=1 score=-30000
DEBUG EVAL: material=-31800 pst=15 total=-31785
DEBUG: evaluate returned crazy score! stand_pat=31785
DEBUG: child returned INF! depth=1 score=-30000
DEBUG EVAL: material=-31800 pst=10 total=-31790
DEBUG: evaluate returned crazy score! stand_pat=31790
DEBUG: child returned INF! depth=1 score=-30000
DEBUG EVAL: material=-31800 pst=0 total=-31800
DEBUG: evaluate returned crazy score! stand_pat=31800
DEBUG: child returned INF! depth=1 score=-30000
DEBUG EVAL: material=-31800 pst=15 total=-31785
DEBUG: evaluate returned crazy score! stand_pat=31785
DEBUG: child returned INF! depth=1 score=-30000
DEBUG EVAL: material=-31800 pst=15 total=-31785
DEBUG: evaluate returned crazy score! stand_pat=31785
DEBUG: child returned INF! depth=1 score=-30000
DEBUG EVAL: material=-31800 pst=-5 total=-31805
DEBUG: evaluate returned crazy score! stand_pat=31805
DEBUG: child returned INF! depth=1 score=-30000
DEBUG: negamax returning -INF! depth=1 ply=5 legal_moves=46 alpha=-30000 beta=90
DEBUG: child returned INF! depth=3 score=-30000
DEBUG EVAL: material=-31480 pst=-40 total=-31520
DEBUG: evaluate returned crazy score! stand_pat=31520
DEBUG: child returned INF! depth=1 score=-30000
DEBUG EVAL: material=-31700 pst=10 total=-31690
DEBUG: evaluate returned crazy score! stand_pat=31690
DEBUG: child returned INF! depth=1 score=-30000
DEBUG EVAL: material=-31800 pst=60 total=-31740
DEBUG: evaluate returned crazy score! stand_pat=31740
DEBUG: child returned INF! depth=1 score=-30000
DEBUG EVAL: material=-31800 pst=25 total=-31775
DEBUG: evaluate returned crazy score! stand_pat=31775
DEBUG: child returned INF! depth=1 score=-30000
DEBUG EVAL: material=-31800 pst=35 total=-31765
DEBUG: evaluate returned crazy score! stand_pat=31765
DEBUG: child returned INF! depth=1 score=-30000
DEBUG EVAL: material=-31800 pst=15 total=-31785
DEBUG: evaluate returned crazy score! stand_pat=31785
DEBUG: child returned INF! depth=1 score=-30000
DEBUG EVAL: material=-31800 pst=15 total=-31785
DEBUG: evaluate returned crazy score! stand_pat=31785
DEBUG: child returned INF! depth=1 score=-30000
DEBUG EVAL: material=-31800 pst=15 total=-31785
DEBUG: evaluate returned crazy score! stand_pat=31785
DEBUG: child returned INF! depth=1 score=-30000
DEBUG EVAL: material=-31800 pst=25 total=-31775
DEBUG: evaluate returned crazy score! stand_pat=31775
DEBUG: child returned INF! depth=1 score=-30000
DEBUG EVAL: material=-31800 pst=35 total=-31765
DEBUG: evaluate returned crazy score! stand_pat=31765
DEBUG: child returned INF! depth=1 score=-30000
DEBUG EVAL: material=-31800 pst=35 total=-31765
DEBUG: evaluate returned crazy score! stand_pat=31765
DEBUG: child returned INF! depth=1 score=-30000
DEBUG EVAL: material=-31800 pst=30 total=-31770
DEBUG: evaluate returned crazy score! stand_pat=31770
DEBUG: child returned INF! depth=1 score=-30000
DEBUG EVAL: material=-31800 pst=15 total=-31785
DEBUG: evaluate returned crazy score! stand_pat=31785
DEBUG: child returned INF! depth=1 score=-30000
DEBUG EVAL: material=-31800 pst=65 total=-31735
DEBUG: evaluate returned crazy score! stand_pat=31735
DEBUG: child returned INF! depth=1 score=-30000
DEBUG EVAL: material=-31800 pst=65 total=-31735
DEBUG: evaluate returned crazy score! stand_pat=31735
DEBUG: child returned INF! depth=1 score=-30000
DEBUG EVAL: material=-31800 pst=25 total=-31775
DEBUG: evaluate returned crazy score! stand_pat=31775
DEBUG: child returned INF! depth=1 score=-30000
DEBUG EVAL: material=-31800 pst=-5 total=-31805
DEBUG: evaluate returned crazy score! stand_pat=31805
DEBUG: child returned INF! depth=1 score=-30000
DEBUG EVAL: material=-31800 pst=-5 total=-31805
DEBUG: evaluate returned crazy score! stand_pat=31805
DEBUG: child returned INF! depth=1 score=-30000
DEBUG EVAL: material=-31800 pst=-5 total=-31805
DEBUG: evaluate returned crazy score! stand_pat=31805
DEBUG: child returned INF! depth=1 score=-30000
DEBUG EVAL: material=-31800 pst=-5 total=-31805
DEBUG: evaluate returned crazy score! stand_pat=31805
DEBUG: child returned INF! depth=1 score=-30000
DEBUG EVAL: material=-31800 pst=-5 total=-31805
DEBUG: evaluate returned crazy score! stand_pat=31805
DEBUG: child returned INF! depth=1 score=-30000
DEBUG EVAL: material=-31800 pst=-5 total=-31805
DEBUG: evaluate returned crazy score! stand_pat=31805
DEBUG: child returned INF! depth=1 score=-30000
DEBUG EVAL: material=-31800 pst=-5 total=-31805
DEBUG: evaluate returned crazy score! stand_pat=31805
DEBUG: child returned INF! depth=1 score=-30000
DEBUG EVAL: material=-31800 pst=60 total=-31740
DEBUG: evaluate returned crazy score! stand_pat=31740
DEBUG: child returned INF! depth=1 score=-30000
DEBUG EVAL: material=-31800 pst=-5 total=-31805
DEBUG: evaluate returned crazy score! stand_pat=31805
DEBUG: child returned INF! depth=1 score=-30000
DEBUG EVAL: material=-31800 pst=-5 total=-31805
DEBUG: evaluate returned crazy score! stand_pat=31805
DEBUG: child returned INF! depth=1 score=-30000
DEBUG EVAL: material=-31800 pst=-5 total=-31805
DEBUG: evaluate returned crazy score! stand_pat=31805
DEBUG: child returned INF! depth=1 score=-30000
DEBUG EVAL: material=-31800 pst=15 total=-31785
DEBUG: evaluate returned crazy score! stand_pat=31785
DEBUG: child returned INF! depth=1 score=-30000
DEBUG EVAL: material=-31800 pst=10 total=-31790
DEBUG: evaluate returned crazy score! stand_pat=31790
DEBUG: child returned INF! depth=1 score=-30000
DEBUG EVAL: material=-31800 pst=10 total=-31790
DEBUG: evaluate returned crazy score! stand_pat=31790
DEBUG: child returned INF! depth=1 score=-30000
DEBUG EVAL: material=-31800 pst=15 total=-31785
DEBUG: evaluate returned crazy score! stand_pat=31785
DEBUG: child returned INF! depth=1 score=-30000
DEBUG EVAL: material=-31800 pst=15 total=-31785
DEBUG: evaluate returned crazy score! stand_pat=31785
DEBUG: child returned INF! depth=1 score=-30000
DEBUG EVAL: material=-31800 pst=10 total=-31790
DEBUG: evaluate returned crazy score! stand_pat=31790
DEBUG: child returned INF! depth=1 score=-30000
DEBUG EVAL: material=-31800 pst=25 total=-31775
DEBUG: evaluate returned crazy score! stand_pat=31775
DEBUG: child returned INF! depth=1 score=-30000
DEBUG EVAL: material=-31800 pst=10 total=-31790
DEBUG: evaluate returned crazy score! stand_pat=31790
DEBUG: child returned INF! depth=1 score=-30000
DEBUG EVAL: material=-31800 pst=0 total=-31800
DEBUG: evaluate returned crazy score! stand_pat=31800
DEBUG: child returned INF! depth=1 score=-30000
DEBUG EVAL: material=-31800 pst=15 total=-31785
DEBUG: evaluate returned crazy score! stand_pat=31785
DEBUG: child returned INF! depth=1 score=-30000
DEBUG EVAL: material=-31800 pst=15 total=-31785
DEBUG: evaluate returned crazy score! stand_pat=31785
DEBUG: child returned INF! depth=1 score=-30000
DEBUG EVAL: material=-31800 pst=15 total=-31785
DEBUG: evaluate returned crazy score! stand_pat=31785
DEBUG: child returned INF! depth=1 score=-30000
DEBUG EVAL: material=-31800 pst=15 total=-31785
DEBUG: evaluate returned crazy score! stand_pat=31785
DEBUG: child returned INF! depth=1 score=-30000
DEBUG EVAL: material=-31800 pst=10 total=-31790
DEBUG: evaluate returned crazy score! stand_pat=31790
DEBUG: child returned INF! depth=1 score=-30000
DEBUG EVAL: material=-31800 pst=10 total=-31790
DEBUG: evaluate returned crazy score! stand_pat=31790
DEBUG: child returned INF! depth=1 score=-30000
DEBUG EVAL: material=-31800 pst=10 total=-31790
DEBUG: evaluate returned crazy score! stand_pat=31790
DEBUG: child returned INF! depth=1 score=-30000
DEBUG EVAL: material=-31800 pst=5 total=-31795
DEBUG: evaluate returned crazy score! stand_pat=31795
DEBUG: child returned INF! depth=1 score=-30000
DEBUG EVAL: material=-31800 pst=15 total=-31785
DEBUG: evaluate returned crazy score! stand_pat=31785
DEBUG: child returned INF! depth=1 score=-30000
DEBUG EVAL: material=-31800 pst=15 total=-31785
DEBUG: evaluate returned crazy score! stand_pat=31785
DEBUG: child returned INF! depth=1 score=-30000
DEBUG EVAL: material=-31800 pst=-5 total=-31805
DEBUG: evaluate returned crazy score! stand_pat=31805
DEBUG: child returned INF! depth=1 score=-30000
DEBUG: negamax returning -INF! depth=1 ply=5 legal_moves=47 alpha=-30000 beta=90
DEBUG: child returned INF! depth=3 score=-30000
DEBUG EVAL: material=-31700 pst=10 total=-31690
DEBUG: evaluate returned crazy score! stand_pat=31690
DEBUG: child returned INF! depth=1 score=-30000
DEBUG EVAL: material=-31800 pst=55 total=-31745
DEBUG: evaluate returned crazy score! stand_pat=31745
DEBUG: child returned INF! depth=1 score=-30000
DEBUG EVAL: material=-31800 pst=60 total=-31740
DEBUG: evaluate returned crazy score! stand_pat=31740
DEBUG: child returned INF! depth=1 score=-30000
DEBUG EVAL: material=-31800 pst=20 total=-31780
DEBUG: evaluate returned crazy score! stand_pat=31780
DEBUG: child returned INF! depth=1 score=-30000
DEBUG EVAL: material=-31800 pst=30 total=-31770
DEBUG: evaluate returned crazy score! stand_pat=31770
DEBUG: child returned INF! depth=1 score=-30000
DEBUG EVAL: material=-31800 pst=30 total=-31770
DEBUG: evaluate returned crazy score! stand_pat=31770
DEBUG: child returned INF! depth=1 score=-30000
DEBUG EVAL: material=-31800 pst=10 total=-31790
DEBUG: evaluate returned crazy score! stand_pat=31790
DEBUG: child returned INF! depth=1 score=-30000
DEBUG EVAL: material=-31800 pst=10 total=-31790
DEBUG: evaluate returned crazy score! stand_pat=31790
DEBUG: child returned INF! depth=1 score=-30000
DEBUG EVAL: material=-31800 pst=10 total=-31790
DEBUG: evaluate returned crazy score! stand_pat=31790
DEBUG: child returned INF! depth=1 score=-30000
DEBUG EVAL: material=-31800 pst=20 total=-31780
DEBUG: evaluate returned crazy score! stand_pat=31780
DEBUG: child returned INF! depth=1 score=-30000
DEBUG EVAL: material=-31800 pst=30 total=-31770
DEBUG: evaluate returned crazy score! stand_pat=31770
DEBUG: child returned INF! depth=1 score=-30000
DEBUG EVAL: material=-31800 pst=30 total=-31770
DEBUG: evaluate returned crazy score! stand_pat=31770
DEBUG: child returned INF! depth=1 score=-30000
DEBUG EVAL: material=-31800 pst=25 total=-31775
DEBUG: evaluate returned crazy score! stand_pat=31775
DEBUG: child returned INF! depth=1 score=-30000
DEBUG EVAL: material=-31800 pst=10 total=-31790
DEBUG: evaluate returned crazy score! stand_pat=31790
DEBUG: child returned INF! depth=1 score=-30000
DEBUG EVAL: material=-31800 pst=20 total=-31780
DEBUG: evaluate returned crazy score! stand_pat=31780
DEBUG: child returned INF! depth=1 score=-30000
DEBUG EVAL: material=-31800 pst=60 total=-31740
DEBUG: evaluate returned crazy score! stand_pat=31740
DEBUG: child returned INF! depth=1 score=-30000
DEBUG EVAL: material=-31800 pst=20 total=-31780
DEBUG: evaluate returned crazy score! stand_pat=31780
DEBUG: child returned INF! depth=1 score=-30000
DEBUG EVAL: material=-31800 pst=-10 total=-31810
DEBUG: evaluate returned crazy score! stand_pat=31810
DEBUG: child returned INF! depth=1 score=-30000
DEBUG EVAL: material=-31800 pst=-10 total=-31810
DEBUG: evaluate returned crazy score! stand_pat=31810
DEBUG: child returned INF! depth=1 score=-30000
DEBUG EVAL: material=-31800 pst=-10 total=-31810
DEBUG: evaluate returned crazy score! stand_pat=31810
DEBUG: child returned INF! depth=1 score=-30000
DEBUG EVAL: material=-31800 pst=-10 total=-31810
DEBUG: evaluate returned crazy score! stand_pat=31810
DEBUG: child returned INF! depth=1 score=-30000
DEBUG EVAL: material=-31800 pst=-10 total=-31810
DEBUG: evaluate returned crazy score! stand_pat=31810
DEBUG: child returned INF! depth=1 score=-30000
DEBUG EVAL: material=-31800 pst=-10 total=-31810
DEBUG: evaluate returned crazy score! stand_pat=31810
DEBUG: child returned INF! depth=1 score=-30000
DEBUG EVAL: material=-31800 pst=-10 total=-31810
DEBUG: evaluate returned crazy score! stand_pat=31810
DEBUG: child returned INF! depth=1 score=-30000
DEBUG EVAL: material=-31800 pst=55 total=-31745
DEBUG: evaluate returned crazy score! stand_pat=31745
DEBUG: child returned INF! depth=1 score=-30000
DEBUG EVAL: material=-31800 pst=-10 total=-31810
DEBUG: evaluate returned crazy score! stand_pat=31810
DEBUG: child returned INF! depth=1 score=-30000
DEBUG EVAL: material=-31800 pst=-10 total=-31810
DEBUG: evaluate returned crazy score! stand_pat=31810
DEBUG: child returned INF! depth=1 score=-30000
DEBUG EVAL: material=-31800 pst=-10 total=-31810
DEBUG: evaluate returned crazy score! stand_pat=31810
DEBUG: child returned INF! depth=1 score=-30000
DEBUG EVAL: material=-31800 pst=-10 total=-31810
DEBUG: evaluate returned crazy score! stand_pat=31810
DEBUG: child returned INF! depth=1 score=-30000
DEBUG EVAL: material=-31800 pst=15 total=-31785
DEBUG: evaluate returned crazy score! stand_pat=31785
DEBUG: child returned INF! depth=1 score=-30000
DEBUG EVAL: material=-31800 pst=15 total=-31785
DEBUG: evaluate returned crazy score! stand_pat=31785
DEBUG: child returned INF! depth=1 score=-30000
DEBUG EVAL: material=-31800 pst=10 total=-31790
DEBUG: evaluate returned crazy score! stand_pat=31790
DEBUG: child returned INF! depth=1 score=-30000
DEBUG EVAL: material=-31800 pst=5 total=-31795
DEBUG: evaluate returned crazy score! stand_pat=31795
DEBUG: child returned INF! depth=1 score=-30000
DEBUG EVAL: material=-31800 pst=15 total=-31785
DEBUG: evaluate returned crazy score! stand_pat=31785
DEBUG: child returned INF! depth=1 score=-30000
DEBUG EVAL: material=-31800 pst=10 total=-31790
DEBUG: evaluate returned crazy score! stand_pat=31790
DEBUG: child returned INF! depth=1 score=-30000
DEBUG EVAL: material=-31800 pst=5 total=-31795
DEBUG: evaluate returned crazy score! stand_pat=31795
DEBUG: child returned INF! depth=1 score=-30000
DEBUG EVAL: material=-31800 pst=0 total=-31800
DEBUG: evaluate returned crazy score! stand_pat=31800
DEBUG: child returned INF! depth=1 score=-30000
DEBUG EVAL: material=-31800 pst=10 total=-31790
DEBUG: evaluate returned crazy score! stand_pat=31790
DEBUG: child returned INF! depth=1 score=-30000
DEBUG EVAL: material=-31800 pst=10 total=-31790
DEBUG: evaluate returned crazy score! stand_pat=31790
DEBUG: child returned INF! depth=1 score=-30000
DEBUG EVAL: material=-31800 pst=15 total=-31785
DEBUG: evaluate returned crazy score! stand_pat=31785
DEBUG: child returned INF! depth=1 score=-30000
DEBUG EVAL: material=-31800 pst=15 total=-31785
DEBUG: evaluate returned crazy score! stand_pat=31785
DEBUG: child returned INF! depth=1 score=-30000
DEBUG EVAL: material=-31800 pst=15 total=-31785
DEBUG: evaluate returned crazy score! stand_pat=31785
DEBUG: child returned INF! depth=1 score=-30000
DEBUG EVAL: material=-31800 pst=15 total=-31785
DEBUG: evaluate returned crazy score! stand_pat=31785
DEBUG: child returned INF! depth=1 score=-30000
DEBUG EVAL: material=-31800 pst=10 total=-31790
DEBUG: evaluate returned crazy score! stand_pat=31790
DEBUG: child returned INF! depth=1 score=-30000
DEBUG EVAL: material=-31800 pst=5 total=-31795
DEBUG: evaluate returned crazy score! stand_pat=31795
DEBUG: child returned INF! depth=1 score=-30000
DEBUG EVAL: material=-31800 pst=5 total=-31795
DEBUG: evaluate returned crazy score! stand_pat=31795
DEBUG: child returned INF! depth=1 score=-30000
DEBUG EVAL: material=-31800 pst=10 total=-31790
DEBUG: evaluate returned crazy score! stand_pat=31790
DEBUG: child returned INF! depth=1 score=-30000
DEBUG EVAL: material=-31800 pst=-10 total=-31810
DEBUG: evaluate returned crazy score! stand_pat=31810
DEBUG: child returned INF! depth=1 score=-30000
DEBUG: negamax returning -INF! depth=1 ply=5 legal_moves=48 alpha=-30000 beta=90
DEBUG: child returned INF! depth=3 score=-30000
DEBUG EVAL: material=-32600 pst=40 total=-32560
DEBUG: evaluate returned crazy score! stand_pat=32560
DEBUG: child returned INF! depth=1 score=-30000
DEBUG EVAL: material=-32700 pst=105 total=-32595
DEBUG: evaluate returned crazy score! stand_pat=32595
DEBUG: child returned INF! depth=1 score=-30000
DEBUG EVAL: material=-32700 pst=110 total=-32590
DEBUG: evaluate returned crazy score! stand_pat=32590
DEBUG: child returned INF! depth=1 score=-30000
DEBUG EVAL: material=-32700 pst=70 total=-32630
DEBUG: evaluate returned crazy score! stand_pat=32630
DEBUG: child returned INF! depth=1 score=-30000
DEBUG EVAL: material=-32700 pst=80 total=-32620
DEBUG: evaluate returned crazy score! stand_pat=32620
DEBUG: child returned INF! depth=1 score=-30000
DEBUG EVAL: material=-32700 pst=80 total=-32620
DEBUG: evaluate returned crazy score! stand_pat=32620
DEBUG: child returned INF! depth=1 score=-30000
DEBUG EVAL: material=-32700 pst=75 total=-32625
DEBUG: evaluate returned crazy score! stand_pat=32625
DEBUG: child returned INF! depth=1 score=-30000
DEBUG EVAL: material=-32700 pst=70 total=-32630
DEBUG: evaluate returned crazy score! stand_pat=32630
DEBUG: child returned INF! depth=1 score=-30000
DEBUG EVAL: material=-32700 pst=60 total=-32640
DEBUG: evaluate returned crazy score! stand_pat=32640
DEBUG: child returned INF! depth=1 score=-30000
DEBUG EVAL: material=-32700 pst=60 total=-32640
DEBUG: evaluate returned crazy score! stand_pat=32640
DEBUG: child returned INF! depth=1 score=-30000
DEBUG EVAL: material=-32700 pst=60 total=-32640
DEBUG: evaluate returned crazy score! stand_pat=32640
DEBUG: child returned INF! depth=1 score=-30000
DEBUG EVAL: material=-32700 pst=70 total=-32630
DEBUG: evaluate returned crazy score! stand_pat=32630
DEBUG: child returned INF! depth=1 score=-30000
DEBUG EVAL: material=-32700 pst=80 total=-32620
DEBUG: evaluate returned crazy score! stand_pat=32620
DEBUG: child returned INF! depth=1 score=-30000
DEBUG EVAL: material=-32700 pst=80 total=-32620
DEBUG: evaluate returned crazy score! stand_pat=32620
DEBUG: child returned INF! depth=1 score=-30000
DEBUG EVAL: material=-32700 pst=75 total=-32625
DEBUG: evaluate returned crazy score! stand_pat=32625
DEBUG: child returned INF! depth=1 score=-30000
DEBUG EVAL: material=-32700 pst=60 total=-32640
DEBUG: evaluate returned crazy score! stand_pat=32640
DEBUG: child returned INF! depth=1 score=-30000
DEBUG EVAL: material=-32700 pst=105 total=-32595
DEBUG: evaluate returned crazy score! stand_pat=32595
DEBUG: child returned INF! depth=1 score=-30000
DEBUG EVAL: material=-32700 pst=110 total=-32590
DEBUG: evaluate returned crazy score! stand_pat=32590
DEBUG: child returned INF! depth=1 score=-30000
DEBUG EVAL: material=-32700 pst=70 total=-32630
DEBUG: evaluate returned crazy score! stand_pat=32630
DEBUG: child returned INF! depth=1 score=-30000
DEBUG EVAL: material=-32700 pst=40 total=-32660
DEBUG: evaluate returned crazy score! stand_pat=32660
DEBUG: child returned INF! depth=1 score=-30000
DEBUG EVAL: material=-32700 pst=40 total=-32660
DEBUG: evaluate returned crazy score! stand_pat=32660
DEBUG: child returned INF! depth=1 score=-30000
DEBUG EVAL: material=-32700 pst=40 total=-32660
DEBUG: evaluate returned crazy score! stand_pat=32660
DEBUG: child returned INF! depth=1 score=-30000
DEBUG EVAL: material=-32700 pst=40 total=-32660
DEBUG: evaluate returned crazy score! stand_pat=32660
DEBUG: child returned INF! depth=1 score=-30000
DEBUG EVAL: material=-32700 pst=40 total=-32660
DEBUG: evaluate returned crazy score! stand_pat=32660
DEBUG: child returned INF! depth=1 score=-30000
DEBUG EVAL: material=-32700 pst=40 total=-32660
DEBUG: evaluate returned crazy score! stand_pat=32660
DEBUG: child returned INF! depth=1 score=-30000
DEBUG EVAL: material=-32700 pst=40 total=-32660
DEBUG: evaluate returned crazy score! stand_pat=32660
DEBUG: child returned INF! depth=1 score=-30000
DEBUG EVAL: material=-32700 pst=40 total=-32660
DEBUG: evaluate returned crazy score! stand_pat=32660
DEBUG: child returned INF! depth=1 score=-30000
DEBUG EVAL: material=-32700 pst=40 total=-32660
DEBUG: evaluate returned crazy score! stand_pat=32660
DEBUG: child returned INF! depth=1 score=-30000
DEBUG EVAL: material=-32700 pst=40 total=-32660
DEBUG: evaluate returned crazy score! stand_pat=32660
DEBUG: child returned INF! depth=1 score=-30000
DEBUG EVAL: material=-32700 pst=40 total=-32660
DEBUG: evaluate returned crazy score! stand_pat=32660
DEBUG: child returned INF! depth=1 score=-30000
DEBUG EVAL: material=-32700 pst=40 total=-32660
DEBUG: evaluate returned crazy score! stand_pat=32660
DEBUG: child returned INF! depth=1 score=-30000
DEBUG: negamax returning -INF! depth=1 ply=5 legal_moves=31 alpha=-30000 beta=90
DEBUG: child returned INF! depth=3 score=-30000
DEBUG EVAL: material=-31800 pst=15 total=-31785
DEBUG: evaluate returned crazy score! stand_pat=31785
DEBUG: child returned INF! depth=1 score=-30000
DEBUG EVAL: material=-31800 pst=50 total=-31750
DEBUG: evaluate returned crazy score! stand_pat=31750
DEBUG: child returned INF! depth=1 score=-30000
DEBUG EVAL: material=-31800 pst=55 total=-31745
DEBUG: evaluate returned crazy score! stand_pat=31745
DEBUG: child returned INF! depth=1 score=-30000
DEBUG EVAL: material=-31800 pst=15 total=-31785
DEBUG: evaluate returned crazy score! stand_pat=31785
DEBUG: child returned INF! depth=1 score=-30000
DEBUG EVAL: material=-31800 pst=25 total=-31775
DEBUG: evaluate returned crazy score! stand_pat=31775
DEBUG: child returned INF! depth=1 score=-30000
DEBUG EVAL: material=-31800 pst=25 total=-31775
DEBUG: evaluate returned crazy score! stand_pat=31775
DEBUG: child returned INF! depth=1 score=-30000
DEBUG EVAL: material=-31800 pst=20 total=-31780
DEBUG: evaluate returned crazy score! stand_pat=31780
DEBUG: child returned INF! depth=1 score=-30000
DEBUG EVAL: material=-31800 pst=5 total=-31795
DEBUG: evaluate returned crazy score! stand_pat=31795
DEBUG: child returned INF! depth=1 score=-30000
DEBUG EVAL: material=-31800 pst=10 total=-31790
DEBUG: evaluate returned crazy score! stand_pat=31790
DEBUG: child returned INF! depth=1 score=-30000
DEBUG EVAL: material=-31800 pst=15 total=-31785
DEBUG: evaluate returned crazy score! stand_pat=31785
DEBUG: child returned INF! depth=1 score=-30000
DEBUG EVAL: material=-31800 pst=10 total=-31790
DEBUG: evaluate returned crazy score! stand_pat=31790
DEBUG: child returned INF! depth=1 score=-30000
DEBUG EVAL: material=-31800 pst=5 total=-31795
DEBUG: evaluate returned crazy score! stand_pat=31795
DEBUG: child returned INF! depth=1 score=-30000
DEBUG EVAL: material=-31800 pst=10 total=-31790
DEBUG: evaluate returned crazy score! stand_pat=31790
DEBUG: child returned INF! depth=1 score=-30000
DEBUG EVAL: material=-31800 pst=15 total=-31785
DEBUG: evaluate returned crazy score! stand_pat=31785
DEBUG: child returned INF! depth=1 score=-30000
DEBUG EVAL: material=-31800 pst=15 total=-31785
DEBUG: evaluate returned crazy score! stand_pat=31785
DEBUG: child returned INF! depth=1 score=-30000
DEBUG EVAL: material=-31800 pst=15 total=-31785
DEBUG: evaluate returned crazy score! stand_pat=31785
DEBUG: child returned INF! depth=1 score=-30000
DEBUG EVAL: material=-31800 pst=15 total=-31785
DEBUG: evaluate returned crazy score! stand_pat=31785
DEBUG: child returned INF! depth=1 score=-30000
DEBUG EVAL: material=-31800 pst=10 total=-31790
DEBUG: evaluate returned crazy score! stand_pat=31790
DEBUG: child returned INF! depth=1 score=-30000
DEBUG EVAL: material=-31800 pst=5 total=-31795
DEBUG: evaluate returned crazy score! stand_pat=31795
DEBUG: child returned INF! depth=1 score=-30000
DEBUG EVAL: material=-31800 pst=5 total=-31795
DEBUG: evaluate returned crazy score! stand_pat=31795
DEBUG: child returned INF! depth=1 score=-30000
DEBUG EVAL: material=-31800 pst=5 total=-31795
DEBUG: evaluate returned crazy score! stand_pat=31795
DEBUG: child returned INF! depth=1 score=-30000
DEBUG EVAL: material=-31800 pst=15 total=-31785
DEBUG: evaluate returned crazy score! stand_pat=31785
DEBUG: child returned INF! depth=1 score=-30000
DEBUG EVAL: material=-31800 pst=25 total=-31775
DEBUG: evaluate returned crazy score! stand_pat=31775
DEBUG: child returned INF! depth=1 score=-30000
DEBUG EVAL: material=-31800 pst=25 total=-31775
DEBUG: evaluate returned crazy score! stand_pat=31775
DEBUG: child returned INF! depth=1 score=-30000
DEBUG EVAL: material=-31800 pst=20 total=-31780
DEBUG: evaluate returned crazy score! stand_pat=31780
DEBUG: child returned INF! depth=1 score=-30000
DEBUG EVAL: material=-31800 pst=5 total=-31795
DEBUG: evaluate returned crazy score! stand_pat=31795
DEBUG: child returned INF! depth=1 score=-30000
DEBUG EVAL: material=-31800 pst=50 total=-31750
DEBUG: evaluate returned crazy score! stand_pat=31750
DEBUG: child returned INF! depth=1 score=-30000
DEBUG EVAL: material=-31800 pst=55 total=-31745
DEBUG: evaluate returned crazy score! stand_pat=31745
DEBUG: child returned INF! depth=1 score=-30000
DEBUG EVAL: material=-31800 pst=15 total=-31785
DEBUG: evaluate returned crazy score! stand_pat=31785
DEBUG: child returned INF! depth=1 score=-30000
DEBUG EVAL: material=-31800 pst=-15 total=-31815
DEBUG: evaluate returned crazy score! stand_pat=31815
DEBUG: child returned INF! depth=1 score=-30000
DEBUG EVAL: material=-31800 pst=-15 total=-31815
DEBUG: evaluate returned crazy score! stand_pat=31815
DEBUG: child returned INF! depth=1 score=-30000
DEBUG EVAL: material=-31800 pst=-15 total=-31815
DEBUG: evaluate returned crazy score! stand_pat=31815
DEBUG: child returned INF! depth=1 score=-30000
DEBUG EVAL: material=-31800 pst=-15 total=-31815
DEBUG: evaluate returned crazy score! stand_pat=31815
DEBUG: child returned INF! depth=1 score=-30000
DEBUG EVAL: material=-31800 pst=-15 total=-31815
DEBUG: evaluate returned crazy score! stand_pat=31815
DEBUG: child returned INF! depth=1 score=-30000
DEBUG EVAL: material=-31800 pst=-15 total=-31815
DEBUG: evaluate returned crazy score! stand_pat=31815
DEBUG: child returned INF! depth=1 score=-30000
DEBUG EVAL: material=-31800 pst=-15 total=-31815
DEBUG: evaluate returned crazy score! stand_pat=31815
DEBUG: child returned INF! depth=1 score=-30000
DEBUG EVAL: material=-31800 pst=-15 total=-31815
DEBUG: evaluate returned crazy score! stand_pat=31815
DEBUG: child returned INF! depth=1 score=-30000
DEBUG EVAL: material=-31800 pst=-15 total=-31815
DEBUG: evaluate returned crazy score! stand_pat=31815
DEBUG: child returned INF! depth=1 score=-30000
DEBUG EVAL: material=-31800 pst=-15 total=-31815
DEBUG: evaluate returned crazy score! stand_pat=31815
DEBUG: child returned INF! depth=1 score=-30000
DEBUG EVAL: material=-31800 pst=-15 total=-31815
DEBUG: evaluate returned crazy score! stand_pat=31815
DEBUG: child returned INF! depth=1 score=-30000
DEBUG EVAL: material=-31800 pst=-15 total=-31815
DEBUG: evaluate returned crazy score! stand_pat=31815
DEBUG: child returned INF! depth=1 score=-30000
DEBUG: negamax returning -INF! depth=1 ply=5 legal_moves=41 alpha=-30000 beta=90
DEBUG: child returned INF! depth=3 score=-30000
DEBUG EVAL: material=-31700 pst=25 total=-31675
DEBUG: evaluate returned crazy score! stand_pat=31675
DEBUG: child returned INF! depth=1 score=-30000
DEBUG EVAL: material=-31800 pst=20 total=-31780
DEBUG: evaluate returned crazy score! stand_pat=31780
DEBUG: child returned INF! depth=1 score=-30000
DEBUG EVAL: material=-31800 pst=60 total=-31740
DEBUG: evaluate returned crazy score! stand_pat=31740
DEBUG: child returned INF! depth=1 score=-30000
DEBUG EVAL: material=-31800 pst=20 total=-31780
DEBUG: evaluate returned crazy score! stand_pat=31780
DEBUG: child returned INF! depth=1 score=-30000
DEBUG EVAL: material=-31800 pst=30 total=-31770
DEBUG: evaluate returned crazy score! stand_pat=31770
DEBUG: child returned INF! depth=1 score=-30000
DEBUG EVAL: material=-31800 pst=30 total=-31770
DEBUG: evaluate returned crazy score! stand_pat=31770
DEBUG: child returned INF! depth=1 score=-30000
DEBUG EVAL: material=-31800 pst=25 total=-31775
DEBUG: evaluate returned crazy score! stand_pat=31775
DEBUG: child returned INF! depth=1 score=-30000
DEBUG EVAL: material=-31800 pst=10 total=-31790
DEBUG: evaluate returned crazy score! stand_pat=31790
DEBUG: child returned INF! depth=1 score=-30000
DEBUG EVAL: material=-31800 pst=10 total=-31790
DEBUG: evaluate returned crazy score! stand_pat=31790
DEBUG: child returned INF! depth=1 score=-30000
DEBUG EVAL: material=-31800 pst=10 total=-31790
DEBUG: evaluate returned crazy score! stand_pat=31790
DEBUG: child returned INF! depth=1 score=-30000
DEBUG EVAL: material=-31800 pst=60 total=-31740
DEBUG: evaluate returned crazy score! stand_pat=31740
DEBUG: child returned INF! depth=1 score=-30000
DEBUG EVAL: material=-31800 pst=20 total=-31780
DEBUG: evaluate returned crazy score! stand_pat=31780
DEBUG: child returned INF! depth=1 score=-30000
DEBUG EVAL: material=-31800 pst=-10 total=-31810
DEBUG: evaluate returned crazy score! stand_pat=31810
DEBUG: child returned INF! depth=1 score=-30000
DEBUG EVAL: material=-31800 pst=-10 total=-31810
DEBUG: evaluate returned crazy score! stand_pat=31810
DEBUG: child returned INF! depth=1 score=-30000
DEBUG EVAL: material=-31800 pst=-10 total=-31810
DEBUG: evaluate returned crazy score! stand_pat=31810
DEBUG: child returned INF! depth=1 score=-30000
DEBUG EVAL: material=-31800 pst=-10 total=-31810
DEBUG: evaluate returned crazy score! stand_pat=31810
DEBUG: child returned INF! depth=1 score=-30000
DEBUG EVAL: material=-31800 pst=-10 total=-31810
DEBUG: evaluate returned crazy score! stand_pat=31810
DEBUG: child returned INF! depth=1 score=-30000
DEBUG EVAL: material=-31800 pst=-10 total=-31810
DEBUG: evaluate returned crazy score! stand_pat=31810
DEBUG: child returned INF! depth=1 score=-30000
DEBUG EVAL: material=-31800 pst=5 total=-31795
DEBUG: evaluate returned crazy score! stand_pat=31795
DEBUG: child returned INF! depth=1 score=-30000
DEBUG EVAL: material=-31800 pst=15 total=-31785
DEBUG: evaluate returned crazy score! stand_pat=31785
DEBUG: child returned INF! depth=1 score=-30000
DEBUG EVAL: material=-31800 pst=15 total=-31785
DEBUG: evaluate returned crazy score! stand_pat=31785
DEBUG: child returned INF! depth=1 score=-30000
DEBUG EVAL: material=-31800 pst=10 total=-31790
DEBUG: evaluate returned crazy score! stand_pat=31790
DEBUG: child returned INF! depth=1 score=-30000
DEBUG EVAL: material=-31800 pst=0 total=-31800
DEBUG: evaluate returned crazy score! stand_pat=31800
DEBUG: child returned INF! depth=1 score=-30000
DEBUG EVAL: material=-31800 pst=15 total=-31785
DEBUG: evaluate returned crazy score! stand_pat=31785
DEBUG: child returned INF! depth=1 score=-30000
DEBUG EVAL: material=-31800 pst=10 total=-31790
DEBUG: evaluate returned crazy score! stand_pat=31790
DEBUG: child returned INF! depth=1 score=-30000
DEBUG EVAL: material=-31800 pst=5 total=-31795
DEBUG: evaluate returned crazy score! stand_pat=31795
DEBUG: child returned INF! depth=1 score=-30000
DEBUG EVAL: material=-31800 pst=10 total=-31790
DEBUG: evaluate returned crazy score! stand_pat=31790
DEBUG: child returned INF! depth=1 score=-30000
DEBUG EVAL: material=-31800 pst=15 total=-31785
DEBUG: evaluate returned crazy score! stand_pat=31785
DEBUG: child returned INF! depth=1 score=-30000
DEBUG EVAL: material=-31800 pst=15 total=-31785
DEBUG: evaluate returned crazy score! stand_pat=31785
DEBUG: child returned INF! depth=1 score=-30000
DEBUG EVAL: material=-31800 pst=15 total=-31785
DEBUG: evaluate returned crazy score! stand_pat=31785
DEBUG: child returned INF! depth=1 score=-30000
DEBUG EVAL: material=-31800 pst=55 total=-31745
DEBUG: evaluate returned crazy score! stand_pat=31745
DEBUG: child returned INF! depth=1 score=-30000
DEBUG EVAL: material=-31800 pst=-10 total=-31810
DEBUG: evaluate returned crazy score! stand_pat=31810
DEBUG: child returned INF! depth=1 score=-30000
DEBUG EVAL: material=-31800 pst=-10 total=-31810
DEBUG: evaluate returned crazy score! stand_pat=31810
DEBUG: child returned INF! depth=1 score=-30000
DEBUG EVAL: material=-31800 pst=-10 total=-31810
DEBUG: evaluate returned crazy score! stand_pat=31810
DEBUG: child returned INF! depth=1 score=-30000
DEBUG EVAL: material=-31800 pst=-10 total=-31810
DEBUG: evaluate returned crazy score! stand_pat=31810
DEBUG: child returned INF! depth=1 score=-30000
DEBUG EVAL: material=-31800 pst=-10 total=-31810
DEBUG: evaluate returned crazy score! stand_pat=31810
DEBUG: child returned INF! depth=1 score=-30000
DEBUG EVAL: material=-31800 pst=-10 total=-31810
DEBUG: evaluate returned crazy score! stand_pat=31810
DEBUG: child returned INF! depth=1 score=-30000
DEBUG: negamax returning -INF! depth=1 ply=5 legal_moves=37 alpha=-30000 beta=90
DEBUG: child returned INF! depth=3 score=-30000
DEBUG EVAL: material=-31700 pst=0 total=-31700
DEBUG: evaluate returned crazy score! stand_pat=31700
DEBUG: child returned INF! depth=1 score=-30000
DEBUG EVAL: material=-31800 pst=60 total=-31740
DEBUG: evaluate returned crazy score! stand_pat=31740
DEBUG: child returned INF! depth=1 score=-30000
DEBUG EVAL: material=-31800 pst=65 total=-31735
DEBUG: evaluate returned crazy score! stand_pat=31735
DEBUG: child returned INF! depth=1 score=-30000
DEBUG EVAL: material=-31800 pst=25 total=-31775
DEBUG: evaluate returned crazy score! stand_pat=31775
DEBUG: child returned INF! depth=1 score=-30000
DEBUG EVAL: material=-31800 pst=35 total=-31765
DEBUG: evaluate returned crazy score! stand_pat=31765
DEBUG: child returned INF! depth=1 score=-30000
DEBUG EVAL: material=-31800 pst=35 total=-31765
DEBUG: evaluate returned crazy score! stand_pat=31765
DEBUG: child returned INF! depth=1 score=-30000
DEBUG EVAL: material=-31800 pst=30 total=-31770
DEBUG: evaluate returned crazy score! stand_pat=31770
DEBUG: child returned INF! depth=1 score=-30000
DEBUG EVAL: material=-31800 pst=15 total=-31785
DEBUG: evaluate returned crazy score! stand_pat=31785
DEBUG: child returned INF! depth=1 score=-30000
DEBUG EVAL: material=-31800 pst=15 total=-31785
DEBUG: evaluate returned crazy score! stand_pat=31785
DEBUG: child returned INF! depth=1 score=-30000
DEBUG EVAL: material=-31800 pst=15 total=-31785
DEBUG: evaluate returned crazy score! stand_pat=31785
DEBUG: child returned INF! depth=1 score=-30000
DEBUG EVAL: material=-31800 pst=15 total=-31785
DEBUG: evaluate returned crazy score! stand_pat=31785
DEBUG: child returned INF! depth=1 score=-30000
DEBUG EVAL: material=-31800 pst=25 total=-31775
DEBUG: evaluate returned crazy score! stand_pat=31775
DEBUG: child returned INF! depth=1 score=-30000
DEBUG EVAL: material=-31800 pst=25 total=-31775
DEBUG: evaluate returned crazy score! stand_pat=31775
DEBUG: child returned INF! depth=1 score=-30000
DEBUG EVAL: material=-31800 pst=65 total=-31735
DEBUG: evaluate returned crazy score! stand_pat=31735
DEBUG: child returned INF! depth=1 score=-30000
DEBUG EVAL: material=-31800 pst=25 total=-31775
DEBUG: evaluate returned crazy score! stand_pat=31775
DEBUG: child returned INF! depth=1 score=-30000
DEBUG EVAL: material=-31800 pst=-5 total=-31805
DEBUG: evaluate returned crazy score! stand_pat=31805
DEBUG: child returned INF! depth=1 score=-30000
DEBUG EVAL: material=-31800 pst=-5 total=-31805
DEBUG: evaluate returned crazy score! stand_pat=31805
DEBUG: child returned INF! depth=1 score=-30000
DEBUG EVAL: material=-31800 pst=-5 total=-31805
DEBUG: evaluate returned crazy score! stand_pat=31805
DEBUG: child returned INF! depth=1 score=-30000
DEBUG EVAL: material=-31800 pst=-5 total=-31805
DEBUG: evaluate returned crazy score! stand_pat=31805
DEBUG: child returned INF! depth=1 score=-30000
DEBUG EVAL: material=-31800 pst=-5 total=-31805
DEBUG: evaluate returned crazy score! stand_pat=31805
DEBUG: child returned INF! depth=1 score=-30000
DEBUG EVAL: material=-31800 pst=-5 total=-31805
DEBUG: evaluate returned crazy score! stand_pat=31805
DEBUG: child returned INF! depth=1 score=-30000
DEBUG EVAL: material=-31800 pst=-5 total=-31805
DEBUG: evaluate returned crazy score! stand_pat=31805
DEBUG: child returned INF! depth=1 score=-30000
DEBUG EVAL: material=-31800 pst=-5 total=-31805
DEBUG: evaluate returned crazy score! stand_pat=31805
DEBUG: child returned INF! depth=1 score=-30000
DEBUG EVAL: material=-31800 pst=-5 total=-31805
DEBUG: evaluate returned crazy score! stand_pat=31805
DEBUG: child returned INF! depth=1 score=-30000
DEBUG EVAL: material=-31800 pst=-5 total=-31805
DEBUG: evaluate returned crazy score! stand_pat=31805
DEBUG: child returned INF! depth=1 score=-30000
DEBUG EVAL: material=-31800 pst=-5 total=-31805
DEBUG: evaluate returned crazy score! stand_pat=31805
DEBUG: child returned INF! depth=1 score=-30000
DEBUG EVAL: material=-31800 pst=-5 total=-31805
DEBUG: evaluate returned crazy score! stand_pat=31805
DEBUG: child returned INF! depth=1 score=-30000
DEBUG EVAL: material=-31800 pst=10 total=-31790
DEBUG: evaluate returned crazy score! stand_pat=31790
DEBUG: child returned INF! depth=1 score=-30000
DEBUG EVAL: material=-31800 pst=15 total=-31785
DEBUG: evaluate returned crazy score! stand_pat=31785
DEBUG: child returned INF! depth=1 score=-30000
DEBUG EVAL: material=-31800 pst=10 total=-31790
DEBUG: evaluate returned crazy score! stand_pat=31790
DEBUG: child returned INF! depth=1 score=-30000
DEBUG EVAL: material=-31800 pst=0 total=-31800
DEBUG: evaluate returned crazy score! stand_pat=31800
DEBUG: child returned INF! depth=1 score=-30000
DEBUG EVAL: material=-31800 pst=15 total=-31785
DEBUG: evaluate returned crazy score! stand_pat=31785
DEBUG: child returned INF! depth=1 score=-30000
DEBUG EVAL: material=-31800 pst=15 total=-31785
DEBUG: evaluate returned crazy score! stand_pat=31785
DEBUG: child returned INF! depth=1 score=-30000
DEBUG EVAL: material=-31800 pst=10 total=-31790
DEBUG: evaluate returned crazy score! stand_pat=31790
DEBUG: child returned INF! depth=1 score=-30000
DEBUG EVAL: material=-31800 pst=60 total=-31740
DEBUG: evaluate returned crazy score! stand_pat=31740
DEBUG: child returned INF! depth=1 score=-30000
DEBUG EVAL: material=-31800 pst=10 total=-31790
DEBUG: evaluate returned crazy score! stand_pat=31790
DEBUG: child returned INF! depth=1 score=-30000
DEBUG EVAL: material=-31800 pst=5 total=-31795
DEBUG: evaluate returned crazy score! stand_pat=31795
DEBUG: child returned INF! depth=1 score=-30000
DEBUG EVAL: material=-31800 pst=15 total=-31785
DEBUG: evaluate returned crazy score! stand_pat=31785
DEBUG: child returned INF! depth=1 score=-30000
DEBUG EVAL: material=-31800 pst=15 total=-31785
DEBUG: evaluate returned crazy score! stand_pat=31785
DEBUG: child returned INF! depth=1 score=-30000
DEBUG EVAL: material=-31800 pst=0 total=-31800
DEBUG: evaluate returned crazy score! stand_pat=31800
DEBUG: child returned INF! depth=1 score=-30000
DEBUG EVAL: material=-31800 pst=15 total=-31785
DEBUG: evaluate returned crazy score! stand_pat=31785
DEBUG: child returned INF! depth=1 score=-30000
DEBUG EVAL: material=-31800 pst=15 total=-31785
DEBUG: evaluate returned crazy score! stand_pat=31785
DEBUG: child returned INF! depth=1 score=-30000
DEBUG EVAL: material=-31800 pst=10 total=-31790
DEBUG: evaluate returned crazy score! stand_pat=31790
DEBUG: child returned INF! depth=1 score=-30000
DEBUG EVAL: material=-31800 pst=0 total=-31800
DEBUG: evaluate returned crazy score! stand_pat=31800
DEBUG: child returned INF! depth=1 score=-30000
DEBUG EVAL: material=-31800 pst=15 total=-31785
DEBUG: evaluate returned crazy score! stand_pat=31785
DEBUG: child returned INF! depth=1 score=-30000
DEBUG EVAL: material=-31800 pst=15 total=-31785
DEBUG: evaluate returned crazy score! stand_pat=31785
DEBUG: child returned INF! depth=1 score=-30000
DEBUG EVAL: material=-31800 pst=15 total=-31785
DEBUG: evaluate returned crazy score! stand_pat=31785
DEBUG: child returned INF! depth=1 score=-30000
DEBUG EVAL: material=-31800 pst=10 total=-31790
DEBUG: evaluate returned crazy score! stand_pat=31790
DEBUG: child returned INF! depth=1 score=-30000
DEBUG EVAL: material=-31800 pst=5 total=-31795
DEBUG: evaluate returned crazy score! stand_pat=31795
DEBUG: child returned INF! depth=1 score=-30000
DEBUG: negamax returning -INF! depth=1 ply=5 legal_moves=49 alpha=-30000 beta=90
DEBUG: child returned INF! depth=3 score=-30000
DEBUG EVAL: material=-31700 pst=10 total=-31690
DEBUG: evaluate returned crazy score! stand_pat=31690
DEBUG: child returned INF! depth=1 score=-30000
DEBUG EVAL: material=-31700 pst=0 total=-31700
DEBUG: evaluate returned crazy score! stand_pat=31700
DEBUG: child returned INF! depth=1 score=-30000
DEBUG EVAL: material=-31800 pst=60 total=-31740
DEBUG: evaluate returned crazy score! stand_pat=31740
DEBUG: child returned INF! depth=1 score=-30000
DEBUG EVAL: material=-31800 pst=25 total=-31775
DEBUG: evaluate returned crazy score! stand_pat=31775
DEBUG: child returned INF! depth=1 score=-30000
DEBUG EVAL: material=-31800 pst=35 total=-31765
DEBUG: evaluate returned crazy score! stand_pat=31765
DEBUG: child returned INF! depth=1 score=-30000
DEBUG EVAL: material=-31800 pst=35 total=-31765
DEBUG: evaluate returned crazy score! stand_pat=31765
DEBUG: child returned INF! depth=1 score=-30000
DEBUG EVAL: material=-31800 pst=30 total=-31770
DEBUG: evaluate returned crazy score! stand_pat=31770
DEBUG: child returned INF! depth=1 score=-30000
DEBUG EVAL: material=-31800 pst=15 total=-31785
DEBUG: evaluate returned crazy score! stand_pat=31785
DEBUG: child returned INF! depth=1 score=-30000
DEBUG EVAL: material=-31800 pst=15 total=-31785
DEBUG: evaluate returned crazy score! stand_pat=31785
DEBUG: child returned INF! depth=1 score=-30000
DEBUG EVAL: material=-31800 pst=15 total=-31785
DEBUG: evaluate returned crazy score! stand_pat=31785
DEBUG: child returned INF! depth=1 score=-30000
DEBUG EVAL: material=-31800 pst=15 total=-31785
DEBUG: evaluate returned crazy score! stand_pat=31785
DEBUG: child returned INF! depth=1 score=-30000
DEBUG EVAL: material=-31800 pst=25 total=-31775
DEBUG: evaluate returned crazy score! stand_pat=31775
DEBUG: child returned INF! depth=1 score=-30000
DEBUG EVAL: material=-31800 pst=35 total=-31765
DEBUG: evaluate returned crazy score! stand_pat=31765
DEBUG: child returned INF! depth=1 score=-30000
DEBUG EVAL: material=-31800 pst=35 total=-31765
DEBUG: evaluate returned crazy score! stand_pat=31765
DEBUG: child returned INF! depth=1 score=-30000
DEBUG EVAL: material=-31800 pst=30 total=-31770
DEBUG: evaluate returned crazy score! stand_pat=31770
DEBUG: child returned INF! depth=1 score=-30000
DEBUG EVAL: material=-31800 pst=15 total=-31785
DEBUG: evaluate returned crazy score! stand_pat=31785
DEBUG: child returned INF! depth=1 score=-30000
DEBUG EVAL: material=-31800 pst=65 total=-31735
DEBUG: evaluate returned crazy score! stand_pat=31735
DEBUG: child returned INF! depth=1 score=-30000
DEBUG EVAL: material=-31800 pst=65 total=-31735
DEBUG: evaluate returned crazy score! stand_pat=31735
DEBUG: child returned INF! depth=1 score=-30000
DEBUG EVAL: material=-31800 pst=25 total=-31775
DEBUG: evaluate returned crazy score! stand_pat=31775
DEBUG: child returned INF! depth=1 score=-30000
DEBUG EVAL: material=-31800 pst=-5 total=-31805
DEBUG: evaluate returned crazy score! stand_pat=31805
DEBUG: child returned INF! depth=1 score=-30000
DEBUG EVAL: material=-31800 pst=-5 total=-31805
DEBUG: evaluate returned crazy score! stand_pat=31805
DEBUG: child returned INF! depth=1 score=-30000
DEBUG EVAL: material=-31800 pst=-5 total=-31805
DEBUG: evaluate returned crazy score! stand_pat=31805
DEBUG: child returned INF! depth=1 score=-30000
DEBUG EVAL: material=-31800 pst=-5 total=-31805
DEBUG: evaluate returned crazy score! stand_pat=31805
DEBUG: child returned INF! depth=1 score=-30000
DEBUG EVAL: material=-31800 pst=-5 total=-31805
DEBUG: evaluate returned crazy score! stand_pat=31805
DEBUG: child returned INF! depth=1 score=-30000
DEBUG EVAL: material=-31800 pst=-5 total=-31805
DEBUG: evaluate returned crazy score! stand_pat=31805
DEBUG: child returned INF! depth=1 score=-30000
DEBUG EVAL: material=-31800 pst=-5 total=-31805
DEBUG: evaluate returned crazy score! stand_pat=31805
DEBUG: child returned INF! depth=1 score=-30000
DEBUG EVAL: material=-31800 pst=-5 total=-31805
DEBUG: evaluate returned crazy score! stand_pat=31805
DEBUG: child returned INF! depth=1 score=-30000
DEBUG EVAL: material=-31800 pst=-5 total=-31805
DEBUG: evaluate returned crazy score! stand_pat=31805
DEBUG: child returned INF! depth=1 score=-30000
DEBUG EVAL: material=-31800 pst=-5 total=-31805
DEBUG: evaluate returned crazy score! stand_pat=31805
DEBUG: child returned INF! depth=1 score=-30000
DEBUG EVAL: material=-31800 pst=-5 total=-31805
DEBUG: evaluate returned crazy score! stand_pat=31805
DEBUG: child returned INF! depth=1 score=-30000
DEBUG EVAL: material=-31800 pst=-5 total=-31805
DEBUG: evaluate returned crazy score! stand_pat=31805
DEBUG: child returned INF! depth=1 score=-30000
DEBUG EVAL: material=-31800 pst=15 total=-31785
DEBUG: evaluate returned crazy score! stand_pat=31785
DEBUG: child returned INF! depth=1 score=-30000
DEBUG EVAL: material=-31800 pst=15 total=-31785
DEBUG: evaluate returned crazy score! stand_pat=31785
DEBUG: child returned INF! depth=1 score=-30000
DEBUG EVAL: material=-31800 pst=15 total=-31785
DEBUG: evaluate returned crazy score! stand_pat=31785
DEBUG: child returned INF! depth=1 score=-30000
DEBUG EVAL: material=-31800 pst=10 total=-31790
DEBUG: evaluate returned crazy score! stand_pat=31790
DEBUG: child returned INF! depth=1 score=-30000
DEBUG EVAL: material=-31800 pst=25 total=-31775
DEBUG: evaluate returned crazy score! stand_pat=31775
DEBUG: child returned INF! depth=1 score=-30000
DEBUG EVAL: material=-31800 pst=15 total=-31785
DEBUG: evaluate returned crazy score! stand_pat=31785
DEBUG: child returned INF! depth=1 score=-30000
DEBUG EVAL: material=-31800 pst=15 total=-31785
DEBUG: evaluate returned crazy score! stand_pat=31785
DEBUG: child returned INF! depth=1 score=-30000
DEBUG EVAL: material=-31800 pst=60 total=-31740
DEBUG: evaluate returned crazy score! stand_pat=31740
DEBUG: child returned INF! depth=1 score=-30000
DEBUG EVAL: material=-31800 pst=15 total=-31785
DEBUG: evaluate returned crazy score! stand_pat=31785
DEBUG: child returned INF! depth=1 score=-30000
DEBUG EVAL: material=-31800 pst=10 total=-31790
DEBUG: evaluate returned crazy score! stand_pat=31790
DEBUG: child returned INF! depth=1 score=-30000
DEBUG EVAL: material=-31800 pst=5 total=-31795
DEBUG: evaluate returned crazy score! stand_pat=31795
DEBUG: child returned INF! depth=1 score=-30000
DEBUG EVAL: material=-31800 pst=15 total=-31785
DEBUG: evaluate returned crazy score! stand_pat=31785
DEBUG: child returned INF! depth=1 score=-30000
DEBUG EVAL: material=-31800 pst=10 total=-31790
DEBUG: evaluate returned crazy score! stand_pat=31790
DEBUG: child returned INF! depth=1 score=-30000
DEBUG EVAL: material=-31800 pst=10 total=-31790
DEBUG: evaluate returned crazy score! stand_pat=31790
DEBUG: child returned INF! depth=1 score=-30000
DEBUG EVAL: material=-31800 pst=15 total=-31785
DEBUG: evaluate returned crazy score! stand_pat=31785
DEBUG: child returned INF! depth=1 score=-30000
DEBUG EVAL: material=-31800 pst=15 total=-31785
DEBUG: evaluate returned crazy score! stand_pat=31785
DEBUG: child returned INF! depth=1 score=-30000
DEBUG EVAL: material=-31800 pst=10 total=-31790
DEBUG: evaluate returned crazy score! stand_pat=31790
DEBUG: child returned INF! depth=1 score=-30000
DEBUG EVAL: material=-31800 pst=5 total=-31795
DEBUG: evaluate returned crazy score! stand_pat=31795
DEBUG: child returned INF! depth=1 score=-30000
DEBUG EVAL: material=-31800 pst=15 total=-31785
DEBUG: evaluate returned crazy score! stand_pat=31785
DEBUG: child returned INF! depth=1 score=-30000
DEBUG EVAL: material=-31800 pst=15 total=-31785
DEBUG: evaluate returned crazy score! stand_pat=31785
DEBUG: child returned INF! depth=1 score=-30000
DEBUG EVAL: material=-31800 pst=10 total=-31790
DEBUG: evaluate returned crazy score! stand_pat=31790
DEBUG: child returned INF! depth=1 score=-30000
DEBUG EVAL: material=-31800 pst=5 total=-31795
DEBUG: evaluate returned crazy score! stand_pat=31795
DEBUG: child returned INF! depth=1 score=-30000
DEBUG: negamax returning -INF! depth=1 ply=5 legal_moves=53 alpha=-30000 beta=90
DEBUG: child returned INF! depth=3 score=-30000
DEBUG EVAL: material=-32700 pst=45 total=-32655
DEBUG: evaluate returned crazy score! stand_pat=32655
DEBUG: child returned INF! depth=1 score=-30000
DEBUG EVAL: material=-32700 pst=10 total=-32690
DEBUG: evaluate returned crazy score! stand_pat=32690
DEBUG: child returned INF! depth=1 score=-30000
DEBUG EVAL: material=-32700 pst=50 total=-32650
DEBUG: evaluate returned crazy score! stand_pat=32650
DEBUG: child returned INF! depth=1 score=-30000
DEBUG EVAL: material=-32700 pst=10 total=-32690
DEBUG: evaluate returned crazy score! stand_pat=32690
DEBUG: child returned INF! depth=1 score=-30000
DEBUG EVAL: material=-32700 pst=20 total=-32680
DEBUG: evaluate returned crazy score! stand_pat=32680
DEBUG: child returned INF! depth=1 score=-30000
DEBUG EVAL: material=-32700 pst=20 total=-32680
DEBUG: evaluate returned crazy score! stand_pat=32680
DEBUG: child returned INF! depth=1 score=-30000
DEBUG EVAL: material=-32700 pst=15 total=-32685
DEBUG: evaluate returned crazy score! stand_pat=32685
DEBUG: child returned INF! depth=1 score=-30000
DEBUG EVAL: material=-32700 pst=0 total=-32700
DEBUG: evaluate returned crazy score! stand_pat=32700
DEBUG: child returned INF! depth=1 score=-30000
DEBUG EVAL: material=-32700 pst=0 total=-32700
DEBUG: evaluate returned crazy score! stand_pat=32700
DEBUG: child returned INF! depth=1 score=-30000
DEBUG EVAL: material=-32700 pst=0 total=-32700
DEBUG: evaluate returned crazy score! stand_pat=32700
DEBUG: child returned INF! depth=1 score=-30000
DEBUG EVAL: material=-32700 pst=0 total=-32700
DEBUG: evaluate returned crazy score! stand_pat=32700
DEBUG: child returned INF! depth=1 score=-30000
DEBUG EVAL: material=-32700 pst=10 total=-32690
DEBUG: evaluate returned crazy score! stand_pat=32690
DEBUG: child returned INF! depth=1 score=-30000
DEBUG EVAL: material=-32700 pst=20 total=-32680
DEBUG: evaluate returned crazy score! stand_pat=32680
DEBUG: child returned INF! depth=1 score=-30000
DEBUG EVAL: material=-32700 pst=20 total=-32680
DEBUG: evaluate returned crazy score! stand_pat=32680
DEBUG: child returned INF! depth=1 score=-30000
DEBUG EVAL: material=-32700 pst=15 total=-32685
DEBUG: evaluate returned crazy score! stand_pat=32685
DEBUG: child returned INF! depth=1 score=-30000
DEBUG EVAL: material=-32700 pst=0 total=-32700
DEBUG: evaluate returned crazy score! stand_pat=32700
DEBUG: child returned INF! depth=1 score=-30000
DEBUG EVAL: material=-32700 pst=45 total=-32655
DEBUG: evaluate returned crazy score! stand_pat=32655
DEBUG: child returned INF! depth=1 score=-30000
DEBUG EVAL: material=-32700 pst=50 total=-32650
DEBUG: evaluate returned crazy score! stand_pat=32650
DEBUG: child returned INF! depth=1 score=-30000
DEBUG EVAL: material=-32700 pst=10 total=-32690
DEBUG: evaluate returned crazy score! stand_pat=32690
DEBUG: child returned INF! depth=1 score=-30000
DEBUG EVAL: material=-32700 pst=-20 total=-32720
DEBUG: evaluate returned crazy score! stand_pat=32720
DEBUG: child returned INF! depth=1 score=-30000
DEBUG EVAL: material=-32700 pst=-20 total=-32720
DEBUG: evaluate returned crazy score! stand_pat=32720
DEBUG: child returned INF! depth=1 score=-30000
DEBUG EVAL: material=-32700 pst=-20 total=-32720
DEBUG: evaluate returned crazy score! stand_pat=32720
DEBUG: child returned INF! depth=1 score=-30000
DEBUG EVAL: material=-32700 pst=-20 total=-32720
DEBUG: evaluate returned crazy score! stand_pat=32720
DEBUG: child returned INF! depth=1 score=-30000
DEBUG EVAL: material=-32700 pst=-20 total=-32720
DEBUG: evaluate returned crazy score! stand_pat=32720
DEBUG: child returned INF! depth=1 score=-30000
DEBUG EVAL: material=-32700 pst=-20 total=-32720
DEBUG: evaluate returned crazy score! stand_pat=32720
DEBUG: child returned INF! depth=1 score=-30000
DEBUG EVAL: material=-32700 pst=-20 total=-32720
DEBUG: evaluate returned crazy score! stand_pat=32720
DEBUG: child returned INF! depth=1 score=-30000
DEBUG EVAL: material=-32700 pst=-20 total=-32720
DEBUG: evaluate returned crazy score! stand_pat=32720
DEBUG: child returned INF! depth=1 score=-30000
DEBUG EVAL: material=-32700 pst=-20 total=-32720
DEBUG: evaluate returned crazy score! stand_pat=32720
DEBUG: child returned INF! depth=1 score=-30000
DEBUG EVAL: material=-32700 pst=-20 total=-32720
DEBUG: evaluate returned crazy score! stand_pat=32720
DEBUG: child returned INF! depth=1 score=-30000
DEBUG EVAL: material=-32700 pst=-20 total=-32720
DEBUG: evaluate returned crazy score! stand_pat=32720
DEBUG: child returned INF! depth=1 score=-30000
DEBUG EVAL: material=-32700 pst=-20 total=-32720
DEBUG: evaluate returned crazy score! stand_pat=32720
DEBUG: child returned INF! depth=1 score=-30000
DEBUG: negamax returning -INF! depth=1 ply=5 legal_moves=31 alpha=-30000 beta=90
DEBUG: child returned INF! depth=3 score=-30000
DEBUG EVAL: material=-32700 pst=55 total=-32645
DEBUG: evaluate returned crazy score! stand_pat=32645
DEBUG: child returned INF! depth=1 score=-30000
DEBUG EVAL: material=-32700 pst=20 total=-32680
DEBUG: evaluate returned crazy score! stand_pat=32680
DEBUG: child returned INF! depth=1 score=-30000
DEBUG EVAL: material=-32700 pst=60 total=-32640
DEBUG: evaluate returned crazy score! stand_pat=32640
DEBUG: child returned INF! depth=1 score=-30000
DEBUG EVAL: material=-32700 pst=20 total=-32680
DEBUG: evaluate returned crazy score! stand_pat=32680
DEBUG: child returned INF! depth=1 score=-30000
DEBUG EVAL: material=-32700 pst=30 total=-32670
DEBUG: evaluate returned crazy score! stand_pat=32670
DEBUG: child returned INF! depth=1 score=-30000
DEBUG EVAL: material=-32700 pst=30 total=-32670
DEBUG: evaluate returned crazy score! stand_pat=32670
DEBUG: child returned INF! depth=1 score=-30000
DEBUG EVAL: material=-32700 pst=25 total=-32675
DEBUG: evaluate returned crazy score! stand_pat=32675
DEBUG: child returned INF! depth=1 score=-30000
DEBUG EVAL: material=-32700 pst=10 total=-32690
DEBUG: evaluate returned crazy score! stand_pat=32690
DEBUG: child returned INF! depth=1 score=-30000
DEBUG EVAL: material=-32700 pst=10 total=-32690
DEBUG: evaluate returned crazy score! stand_pat=32690
DEBUG: child returned INF! depth=1 score=-30000
DEBUG EVAL: material=-32700 pst=10 total=-32690
DEBUG: evaluate returned crazy score! stand_pat=32690
DEBUG: child returned INF! depth=1 score=-30000
DEBUG EVAL: material=-32700 pst=10 total=-32690
DEBUG: evaluate returned crazy score! stand_pat=32690
DEBUG: child returned INF! depth=1 score=-30000
DEBUG EVAL: material=-32700 pst=20 total=-32680
DEBUG: evaluate returned crazy score! stand_pat=32680
DEBUG: child returned INF! depth=1 score=-30000
DEBUG EVAL: material=-32700 pst=30 total=-32670
DEBUG: evaluate returned crazy score! stand_pat=32670
DEBUG: child returned INF! depth=1 score=-30000
DEBUG EVAL: material=-32700 pst=30 total=-32670
DEBUG: evaluate returned crazy score! stand_pat=32670
DEBUG: child returned INF! depth=1 score=-30000
DEBUG EVAL: material=-32700 pst=25 total=-32675
DEBUG: evaluate returned crazy score! stand_pat=32675
DEBUG: child returned INF! depth=1 score=-30000
DEBUG EVAL: material=-32700 pst=10 total=-32690
DEBUG: evaluate returned crazy score! stand_pat=32690
DEBUG: child returned INF! depth=1 score=-30000
DEBUG EVAL: material=-32700 pst=55 total=-32645
DEBUG: evaluate returned crazy score! stand_pat=32645
DEBUG: child returned INF! depth=1 score=-30000
DEBUG EVAL: material=-32700 pst=60 total=-32640
DEBUG: evaluate returned crazy score! stand_pat=32640
DEBUG: child returned INF! depth=1 score=-30000
DEBUG EVAL: material=-32700 pst=20 total=-32680
DEBUG: evaluate returned crazy score! stand_pat=32680
DEBUG: child returned INF! depth=1 score=-30000
DEBUG EVAL: material=-32700 pst=-10 total=-32710
DEBUG: evaluate returned crazy score! stand_pat=32710
DEBUG: child returned INF! depth=1 score=-30000
DEBUG EVAL: material=-32700 pst=-10 total=-32710
DEBUG: evaluate returned crazy score! stand_pat=32710
DEBUG: child returned INF! depth=1 score=-30000
DEBUG EVAL: material=-32700 pst=-10 total=-32710
DEBUG: evaluate returned crazy score! stand_pat=32710
DEBUG: child returned INF! depth=1 score=-30000
DEBUG EVAL: material=-32700 pst=-10 total=-32710
DEBUG: evaluate returned crazy score! stand_pat=32710
DEBUG: child returned INF! depth=1 score=-30000
DEBUG EVAL: material=-32700 pst=-10 total=-32710
DEBUG: evaluate returned crazy score! stand_pat=32710
DEBUG: child returned INF! depth=1 score=-30000
DEBUG EVAL: material=-32700 pst=-10 total=-32710
DEBUG: evaluate returned crazy score! stand_pat=32710
DEBUG: child returned INF! depth=1 score=-30000
DEBUG EVAL: material=-32700 pst=-10 total=-32710
DEBUG: evaluate returned crazy score! stand_pat=32710
DEBUG: child returned INF! depth=1 score=-30000
DEBUG EVAL: material=-32700 pst=-10 total=-32710
DEBUG: evaluate returned crazy score! stand_pat=32710
DEBUG: child returned INF! depth=1 score=-30000
DEBUG EVAL: material=-32700 pst=-10 total=-32710
DEBUG: evaluate returned crazy score! stand_pat=32710
DEBUG: child returned INF! depth=1 score=-30000
DEBUG EVAL: material=-32700 pst=-10 total=-32710
DEBUG: evaluate returned crazy score! stand_pat=32710
DEBUG: child returned INF! depth=1 score=-30000
DEBUG EVAL: material=-32700 pst=-10 total=-32710
DEBUG: evaluate returned crazy score! stand_pat=32710
DEBUG: child returned INF! depth=1 score=-30000
DEBUG EVAL: material=-32700 pst=-10 total=-32710
DEBUG: evaluate returned crazy score! stand_pat=32710
DEBUG: child returned INF! depth=1 score=-30000
DEBUG: negamax returning -INF! depth=1 ply=5 legal_moves=31 alpha=-30000 beta=90
DEBUG: child returned INF! depth=3 score=-30000
DEBUG EVAL: material=-32700 pst=40 total=-32660
DEBUG: evaluate returned crazy score! stand_pat=32660
DEBUG: child returned INF! depth=1 score=-30000
DEBUG EVAL: material=-32700 pst=5 total=-32695
DEBUG: evaluate returned crazy score! stand_pat=32695
DEBUG: child returned INF! depth=1 score=-30000
DEBUG EVAL: material=-32700 pst=45 total=-32655
DEBUG: evaluate returned crazy score! stand_pat=32655
DEBUG: child returned INF! depth=1 score=-30000
DEBUG EVAL: material=-32700 pst=5 total=-32695
DEBUG: evaluate returned crazy score! stand_pat=32695
DEBUG: child returned INF! depth=1 score=-30000
DEBUG EVAL: material=-32700 pst=15 total=-32685
DEBUG: evaluate returned crazy score! stand_pat=32685
DEBUG: child returned INF! depth=1 score=-30000
DEBUG EVAL: material=-32700 pst=15 total=-32685
DEBUG: evaluate returned crazy score! stand_pat=32685
DEBUG: child returned INF! depth=1 score=-30000
DEBUG EVAL: material=-32700 pst=10 total=-32690
DEBUG: evaluate returned crazy score! stand_pat=32690
DEBUG: child returned INF! depth=1 score=-30000
DEBUG EVAL: material=-32700 pst=-5 total=-32705
DEBUG: evaluate returned crazy score! stand_pat=32705
DEBUG: child returned INF! depth=1 score=-30000
DEBUG EVAL: material=-32700 pst=-5 total=-32705
DEBUG: evaluate returned crazy score! stand_pat=32705
DEBUG: child returned INF! depth=1 score=-30000
DEBUG EVAL: material=-32700 pst=-5 total=-32705
DEBUG: evaluate returned crazy score! stand_pat=32705
DEBUG: child returned INF! depth=1 score=-30000
DEBUG EVAL: material=-32700 pst=-5 total=-32705
DEBUG: evaluate returned crazy score! stand_pat=32705
DEBUG: child returned INF! depth=1 score=-30000
DEBUG EVAL: material=-32700 pst=5 total=-32695
DEBUG: evaluate returned crazy score! stand_pat=32695
DEBUG: child returned INF! depth=1 score=-30000
DEBUG EVAL: material=-32700 pst=15 total=-32685
DEBUG: evaluate returned crazy score! stand_pat=32685
DEBUG: child returned INF! depth=1 score=-30000
DEBUG EVAL: material=-32700 pst=15 total=-32685
DEBUG: evaluate returned crazy score! stand_pat=32685
DEBUG: child returned INF! depth=1 score=-30000
DEBUG EVAL: material=-32700 pst=10 total=-32690
DEBUG: evaluate returned crazy score! stand_pat=32690
DEBUG: child returned INF! depth=1 score=-30000
DEBUG EVAL: material=-32700 pst=-5 total=-32705
DEBUG: evaluate returned crazy score! stand_pat=32705
DEBUG: child returned INF! depth=1 score=-30000
DEBUG EVAL: material=-32700 pst=40 total=-32660
DEBUG: evaluate returned crazy score! stand_pat=32660
DEBUG: child returned INF! depth=1 score=-30000
DEBUG EVAL: material=-32700 pst=45 total=-32655
DEBUG: evaluate returned crazy score! stand_pat=32655
DEBUG: child returned INF! depth=1 score=-30000
DEBUG EVAL: material=-32700 pst=5 total=-32695
DEBUG: evaluate returned crazy score! stand_pat=32695
DEBUG: child returned INF! depth=1 score=-30000
DEBUG EVAL: material=-32700 pst=-25 total=-32725
DEBUG: evaluate returned crazy score! stand_pat=32725
DEBUG: child returned INF! depth=1 score=-30000
DEBUG EVAL: material=-32700 pst=-25 total=-32725
DEBUG: evaluate returned crazy score! stand_pat=32725
DEBUG: child returned INF! depth=1 score=-30000
DEBUG EVAL: material=-32700 pst=-25 total=-32725
DEBUG: evaluate returned crazy score! stand_pat=32725
DEBUG: child returned INF! depth=1 score=-30000
DEBUG EVAL: material=-32700 pst=-25 total=-32725
DEBUG: evaluate returned crazy score! stand_pat=32725
DEBUG: child returned INF! depth=1 score=-30000
DEBUG EVAL: material=-32700 pst=-25 total=-32725
DEBUG: evaluate returned crazy score! stand_pat=32725
DEBUG: child returned INF! depth=1 score=-30000
DEBUG EVAL: material=-32700 pst=-25 total=-32725
DEBUG: evaluate returned crazy score! stand_pat=32725
DEBUG: child returned INF! depth=1 score=-30000
DEBUG EVAL: material=-32700 pst=-25 total=-32725
DEBUG: evaluate returned crazy score! stand_pat=32725
DEBUG: child returned INF! depth=1 score=-30000
DEBUG EVAL: material=-32700 pst=-25 total=-32725
DEBUG: evaluate returned crazy score! stand_pat=32725
DEBUG: child returned INF! depth=1 score=-30000
DEBUG EVAL: material=-32700 pst=-25 total=-32725
DEBUG: evaluate returned crazy score! stand_pat=32725
DEBUG: child returned INF! depth=1 score=-30000
DEBUG EVAL: material=-32700 pst=-25 total=-32725
DEBUG: evaluate returned crazy score! stand_pat=32725
DEBUG: child returned INF! depth=1 score=-30000
DEBUG EVAL: material=-32700 pst=-25 total=-32725
DEBUG: evaluate returned crazy score! stand_pat=32725
DEBUG: child returned INF! depth=1 score=-30000
DEBUG EVAL: material=-32700 pst=-25 total=-32725
DEBUG: evaluate returned crazy score! stand_pat=32725
DEBUG: child returned INF! depth=1 score=-30000
DEBUG: negamax returning -INF! depth=1 ply=5 legal_moves=31 alpha=-30000 beta=90
DEBUG: child returned INF! depth=3 score=-30000
DEBUG EVAL: material=-32700 pst=85 total=-32615
DEBUG: evaluate returned crazy score! stand_pat=32615
DEBUG: child returned INF! depth=1 score=-30000
DEBUG EVAL: material=-32700 pst=50 total=-32650
DEBUG: evaluate returned crazy score! stand_pat=32650
DEBUG: child returned INF! depth=1 score=-30000
DEBUG EVAL: material=-32700 pst=90 total=-32610
DEBUG: evaluate returned crazy score! stand_pat=32610
DEBUG: child returned INF! depth=1 score=-30000
DEBUG EVAL: material=-32700 pst=50 total=-32650
DEBUG: evaluate returned crazy score! stand_pat=32650
DEBUG: child returned INF! depth=1 score=-30000
DEBUG EVAL: material=-32700 pst=60 total=-32640
DEBUG: evaluate returned crazy score! stand_pat=32640
DEBUG: child returned INF! depth=1 score=-30000
DEBUG EVAL: material=-32700 pst=60 total=-32640
DEBUG: evaluate returned crazy score! stand_pat=32640
DEBUG: child returned INF! depth=1 score=-30000
DEBUG EVAL: material=-32700 pst=55 total=-32645
DEBUG: evaluate returned crazy score! stand_pat=32645
DEBUG: child returned INF! depth=1 score=-30000
DEBUG EVAL: material=-32700 pst=40 total=-32660
DEBUG: evaluate returned crazy score! stand_pat=32660
DEBUG: child returned INF! depth=1 score=-30000
DEBUG EVAL: material=-32700 pst=40 total=-32660
DEBUG: evaluate returned crazy score! stand_pat=32660
DEBUG: child returned INF! depth=1 score=-30000
DEBUG EVAL: material=-32700 pst=40 total=-32660
DEBUG: evaluate returned crazy score! stand_pat=32660
DEBUG: child returned INF! depth=1 score=-30000
DEBUG EVAL: material=-32700 pst=40 total=-32660
DEBUG: evaluate returned crazy score! stand_pat=32660
DEBUG: child returned INF! depth=1 score=-30000
DEBUG EVAL: material=-32700 pst=50 total=-32650
DEBUG: evaluate returned crazy score! stand_pat=32650
DEBUG: child returned INF! depth=1 score=-30000
DEBUG EVAL: material=-32700 pst=60 total=-32640
DEBUG: evaluate returned crazy score! stand_pat=32640
DEBUG: child returned INF! depth=1 score=-30000
DEBUG EVAL: material=-32700 pst=60 total=-32640
DEBUG: evaluate returned crazy score! stand_pat=32640
DEBUG: child returned INF! depth=1 score=-30000
DEBUG EVAL: material=-32700 pst=55 total=-32645
DEBUG: evaluate returned crazy score! stand_pat=32645
DEBUG: child returned INF! depth=1 score=-30000
DEBUG EVAL: material=-32700 pst=40 total=-32660
DEBUG: evaluate returned crazy score! stand_pat=32660
DEBUG: child returned INF! depth=1 score=-30000
DEBUG EVAL: material=-32700 pst=85 total=-32615
DEBUG: evaluate returned crazy score! stand_pat=32615
DEBUG: child returned INF! depth=1 score=-30000
DEBUG EVAL: material=-32700 pst=90 total=-32610
DEBUG: evaluate returned crazy score! stand_pat=32610
DEBUG: child returned INF! depth=1 score=-30000
DEBUG EVAL: material=-32700 pst=50 total=-32650
DEBUG: evaluate returned crazy score! stand_pat=32650
DEBUG: child returned INF! depth=1 score=-30000
DEBUG EVAL: material=-32700 pst=20 total=-32680
DEBUG: evaluate returned crazy score! stand_pat=32680
DEBUG: child returned INF! depth=1 score=-30000
DEBUG EVAL: material=-32700 pst=20 total=-32680
DEBUG: evaluate returned crazy score! stand_pat=32680
DEBUG: child returned INF! depth=1 score=-30000
DEBUG EVAL: material=-32700 pst=20 total=-32680
DEBUG: evaluate returned crazy score! stand_pat=32680
DEBUG: child returned INF! depth=1 score=-30000
DEBUG EVAL: material=-32700 pst=20 total=-32680
DEBUG: evaluate returned crazy score! stand_pat=32680
DEBUG: child returned INF! depth=1 score=-30000
DEBUG EVAL: material=-32700 pst=20 total=-32680
DEBUG: evaluate returned crazy score! stand_pat=32680
DEBUG: child returned INF! depth=1 score=-30000
DEBUG EVAL: material=-32700 pst=20 total=-32680
DEBUG: evaluate returned crazy score! stand_pat=32680
DEBUG: child returned INF! depth=1 score=-30000
DEBUG EVAL: material=-32700 pst=20 total=-32680
DEBUG: evaluate returned crazy score! stand_pat=32680
DEBUG: child returned INF! depth=1 score=-30000
DEBUG EVAL: material=-32700 pst=20 total=-32680
DEBUG: evaluate returned crazy score! stand_pat=32680
DEBUG: child returned INF! depth=1 score=-30000
DEBUG EVAL: material=-32700 pst=20 total=-32680
DEBUG: evaluate returned crazy score! stand_pat=32680
DEBUG: child returned INF! depth=1 score=-30000
DEBUG EVAL: material=-32700 pst=20 total=-32680
DEBUG: evaluate returned crazy score! stand_pat=32680
DEBUG: child returned INF! depth=1 score=-30000
DEBUG EVAL: material=-32700 pst=20 total=-32680
DEBUG: evaluate returned crazy score! stand_pat=32680
DEBUG: child returned INF! depth=1 score=-30000
DEBUG EVAL: material=-32700 pst=20 total=-32680
DEBUG: evaluate returned crazy score! stand_pat=32680
DEBUG: child returned INF! depth=1 score=-30000
DEBUG: negamax returning -INF! depth=1 ply=5 legal_moves=31 alpha=-30000 beta=90
DEBUG: child returned INF! depth=3 score=-30000
DEBUG EVAL: material=-31800 pst=35 total=-31765
DEBUG: evaluate returned crazy score! stand_pat=31765
DEBUG: child returned INF! depth=1 score=-30000
DEBUG EVAL: material=-31800 pst=40 total=-31760
DEBUG: evaluate returned crazy score! stand_pat=31760
DEBUG: child returned INF! depth=1 score=-30000
DEBUG EVAL: material=-31800 pst=-10 total=-31810
DEBUG: evaluate returned crazy score! stand_pat=31810
DEBUG: child returned INF! depth=1 score=-30000
DEBUG EVAL: material=-31800 pst=-10 total=-31810
DEBUG: evaluate returned crazy score! stand_pat=31810
DEBUG: child returned INF! depth=1 score=-30000
DEBUG EVAL: material=-31800 pst=-10 total=-31810
DEBUG: evaluate returned crazy score! stand_pat=31810
DEBUG: child returned INF! depth=1 score=-30000
DEBUG EVAL: material=-31800 pst=0 total=-31800
DEBUG: evaluate returned crazy score! stand_pat=31800
DEBUG: child returned INF! depth=1 score=-30000
DEBUG EVAL: material=-31800 pst=10 total=-31790
DEBUG: evaluate returned crazy score! stand_pat=31790
DEBUG: child returned INF! depth=1 score=-30000
DEBUG EVAL: material=-31800 pst=10 total=-31790
DEBUG: evaluate returned crazy score! stand_pat=31790
DEBUG: child returned INF! depth=1 score=-30000
DEBUG EVAL: material=-31800 pst=5 total=-31795
DEBUG: evaluate returned crazy score! stand_pat=31795
DEBUG: child returned INF! depth=1 score=-30000
DEBUG EVAL: material=-31800 pst=-10 total=-31810
DEBUG: evaluate returned crazy score! stand_pat=31810
DEBUG: child returned INF! depth=1 score=-30000
DEBUG EVAL: material=-31800 pst=0 total=-31800
DEBUG: evaluate returned crazy score! stand_pat=31800
DEBUG: child returned INF! depth=1 score=-30000
DEBUG EVAL: material=-31800 pst=0 total=-31800
DEBUG: evaluate returned crazy score! stand_pat=31800
DEBUG: child returned INF! depth=1 score=-30000
DEBUG EVAL: material=-31800 pst=-30 total=-31830
DEBUG: evaluate returned crazy score! stand_pat=31830
DEBUG: child returned INF! depth=1 score=-30000
DEBUG EVAL: material=-31800 pst=-30 total=-31830
DEBUG: evaluate returned crazy score! stand_pat=31830
DEBUG: child returned INF! depth=1 score=-30000
DEBUG EVAL: material=-31800 pst=-30 total=-31830
DEBUG: evaluate returned crazy score! stand_pat=31830
DEBUG: child returned INF! depth=1 score=-30000
DEBUG EVAL: material=-31800 pst=-30 total=-31830
DEBUG: evaluate returned crazy score! stand_pat=31830
DEBUG: child returned INF! depth=1 score=-30000
DEBUG EVAL: material=-31800 pst=-30 total=-31830
DEBUG: evaluate returned crazy score! stand_pat=31830
DEBUG: child returned INF! depth=1 score=-30000
DEBUG EVAL: material=-31800 pst=-30 total=-31830
DEBUG: evaluate returned crazy score! stand_pat=31830
DEBUG: child returned INF! depth=1 score=-30000
DEBUG EVAL: material=-31800 pst=-5 total=-31805
DEBUG: evaluate returned crazy score! stand_pat=31805
DEBUG: child returned INF! depth=1 score=-30000
DEBUG EVAL: material=-31800 pst=-10 total=-31810
DEBUG: evaluate returned crazy score! stand_pat=31810
DEBUG: child returned INF! depth=1 score=-30000
DEBUG EVAL: material=-31800 pst=-15 total=-31815
DEBUG: evaluate returned crazy score! stand_pat=31815
DEBUG: child returned INF! depth=1 score=-30000
DEBUG EVAL: material=-31800 pst=-5 total=-31805
DEBUG: evaluate returned crazy score! stand_pat=31805
DEBUG: child returned INF! depth=1 score=-30000
DEBUG EVAL: material=-31800 pst=-5 total=-31805
DEBUG: evaluate returned crazy score! stand_pat=31805
DEBUG: child returned INF! depth=1 score=-30000
DEBUG EVAL: material=-31800 pst=-10 total=-31810
DEBUG: evaluate returned crazy score! stand_pat=31810
DEBUG: child returned INF! depth=1 score=-30000
DEBUG EVAL: material=-31800 pst=-20 total=-31820
DEBUG: evaluate returned crazy score! stand_pat=31820
DEBUG: child returned INF! depth=1 score=-30000
DEBUG EVAL: material=-31800 pst=-15 total=-31815
DEBUG: evaluate returned crazy score! stand_pat=31815
DEBUG: child returned INF! depth=1 score=-30000
DEBUG EVAL: material=-31800 pst=-10 total=-31810
DEBUG: evaluate returned crazy score! stand_pat=31810
DEBUG: child returned INF! depth=1 score=-30000
DEBUG EVAL: material=-31800 pst=-10 total=-31810
DEBUG: evaluate returned crazy score! stand_pat=31810
DEBUG: child returned INF! depth=1 score=-30000
DEBUG EVAL: material=-31800 pst=-5 total=-31805
DEBUG: evaluate returned crazy score! stand_pat=31805
DEBUG: child returned INF! depth=1 score=-30000
DEBUG EVAL: material=-31800 pst=-5 total=-31805
DEBUG: evaluate returned crazy score! stand_pat=31805
DEBUG: child returned INF! depth=1 score=-30000
DEBUG EVAL: material=-31800 pst=-5 total=-31805
DEBUG: evaluate returned crazy score! stand_pat=31805
DEBUG: child returned INF! depth=1 score=-30000
DEBUG EVAL: material=-31800 pst=-5 total=-31805
DEBUG: evaluate returned crazy score! stand_pat=31805
DEBUG: child returned INF! depth=1 score=-30000
DEBUG EVAL: material=-31800 pst=-10 total=-31810
DEBUG: evaluate returned crazy score! stand_pat=31810
DEBUG: child returned INF! depth=1 score=-30000
DEBUG EVAL: material=-31800 pst=-15 total=-31815
DEBUG: evaluate returned crazy score! stand_pat=31815
DEBUG: child returned INF! depth=1 score=-30000
DEBUG EVAL: material=-31800 pst=-30 total=-31830
DEBUG: evaluate returned crazy score! stand_pat=31830
DEBUG: child returned INF! depth=1 score=-30000
DEBUG EVAL: material=-31800 pst=-30 total=-31830
DEBUG: evaluate returned crazy score! stand_pat=31830
DEBUG: child returned INF! depth=1 score=-30000
DEBUG EVAL: material=-31800 pst=-30 total=-31830
DEBUG: evaluate returned crazy score! stand_pat=31830
DEBUG: child returned INF! depth=1 score=-30000
DEBUG EVAL: material=-31800 pst=-30 total=-31830
DEBUG: evaluate returned crazy score! stand_pat=31830
DEBUG: child returned INF! depth=1 score=-30000
DEBUG EVAL: material=-31800 pst=-10 total=-31810
DEBUG: evaluate returned crazy score! stand_pat=31810
DEBUG: child returned INF! depth=1 score=-30000
DEBUG: negamax returning -INF! depth=1 ply=5 legal_moves=39 alpha=-30000 beta=90
DEBUG: child returned INF! depth=3 score=-30000
DEBUG EVAL: material=-31800 pst=35 total=-31765
DEBUG: evaluate returned crazy score! stand_pat=31765
DEBUG: child returned INF! depth=1 score=-30000
DEBUG EVAL: material=-31800 pst=40 total=-31760
DEBUG: evaluate returned crazy score! stand_pat=31760
DEBUG: child returned INF! depth=1 score=-30000
DEBUG EVAL: material=-31800 pst=-10 total=-31810
DEBUG: evaluate returned crazy score! stand_pat=31810
DEBUG: child returned INF! depth=1 score=-30000
DEBUG EVAL: material=-31800 pst=-10 total=-31810
DEBUG: evaluate returned crazy score! stand_pat=31810
DEBUG: child returned INF! depth=1 score=-30000
DEBUG EVAL: material=-31800 pst=-10 total=-31810
DEBUG: evaluate returned crazy score! stand_pat=31810
DEBUG: child returned INF! depth=1 score=-30000
DEBUG EVAL: material=-31800 pst=0 total=-31800
DEBUG: evaluate returned crazy score! stand_pat=31800
DEBUG: child returned INF! depth=1 score=-30000
DEBUG EVAL: material=-31800 pst=10 total=-31790
DEBUG: evaluate returned crazy score! stand_pat=31790
DEBUG: child returned INF! depth=1 score=-30000
DEBUG EVAL: material=-31800 pst=10 total=-31790
DEBUG: evaluate returned crazy score! stand_pat=31790
DEBUG: child returned INF! depth=1 score=-30000
DEBUG EVAL: material=-31800 pst=5 total=-31795
DEBUG: evaluate returned crazy score! stand_pat=31795
DEBUG: child returned INF! depth=1 score=-30000
DEBUG EVAL: material=-31800 pst=-10 total=-31810
DEBUG: evaluate returned crazy score! stand_pat=31810
DEBUG: child returned INF! depth=1 score=-30000
DEBUG EVAL: material=-31800 pst=0 total=-31800
DEBUG: evaluate returned crazy score! stand_pat=31800
DEBUG: child returned INF! depth=1 score=-30000
DEBUG EVAL: material=-31800 pst=40 total=-31760
DEBUG: evaluate returned crazy score! stand_pat=31760
DEBUG: child returned INF! depth=1 score=-30000
DEBUG EVAL: material=-31800 pst=0 total=-31800
DEBUG: evaluate returned crazy score! stand_pat=31800
DEBUG: child returned INF! depth=1 score=-30000
DEBUG EVAL: material=-31800 pst=-30 total=-31830
DEBUG: evaluate returned crazy score! stand_pat=31830
DEBUG: child returned INF! depth=1 score=-30000
DEBUG EVAL: material=-31800 pst=-30 total=-31830
DEBUG: evaluate returned crazy score! stand_pat=31830
DEBUG: child returned INF! depth=1 score=-30000
DEBUG EVAL: material=-31800 pst=-30 total=-31830
DEBUG: evaluate returned crazy score! stand_pat=31830
DEBUG: child returned INF! depth=1 score=-30000
DEBUG EVAL: material=-31800 pst=-30 total=-31830
DEBUG: evaluate returned crazy score! stand_pat=31830
DEBUG: child returned INF! depth=1 score=-30000
DEBUG EVAL: material=-31800 pst=-30 total=-31830
DEBUG: evaluate returned crazy score! stand_pat=31830
DEBUG: child returned INF! depth=1 score=-30000
DEBUG EVAL: material=-31800 pst=-30 total=-31830
DEBUG: evaluate returned crazy score! stand_pat=31830
DEBUG: child returned INF! depth=1 score=-30000
DEBUG EVAL: material=-31800 pst=-5 total=-31805
DEBUG: evaluate returned crazy score! stand_pat=31805
DEBUG: child returned INF! depth=1 score=-30000
DEBUG EVAL: material=-31800 pst=-10 total=-31810
DEBUG: evaluate returned crazy score! stand_pat=31810
DEBUG: child returned INF! depth=1 score=-30000
DEBUG EVAL: material=-31800 pst=-15 total=-31815
DEBUG: evaluate returned crazy score! stand_pat=31815
DEBUG: child returned INF! depth=1 score=-30000
DEBUG EVAL: material=-31800 pst=-5 total=-31805
DEBUG: evaluate returned crazy score! stand_pat=31805
DEBUG: child returned INF! depth=1 score=-30000
DEBUG EVAL: material=-31800 pst=-15 total=-31815
DEBUG: evaluate returned crazy score! stand_pat=31815
DEBUG: child returned INF! depth=1 score=-30000
DEBUG EVAL: material=-31800 pst=-10 total=-31810
DEBUG: evaluate returned crazy score! stand_pat=31810
DEBUG: child returned INF! depth=1 score=-30000
DEBUG EVAL: material=-31800 pst=-10 total=-31810
DEBUG: evaluate returned crazy score! stand_pat=31810
DEBUG: child returned INF! depth=1 score=-30000
DEBUG EVAL: material=-31800 pst=-5 total=-31805
DEBUG: evaluate returned crazy score! stand_pat=31805
DEBUG: child returned INF! depth=1 score=-30000
DEBUG EVAL: material=-31800 pst=-5 total=-31805
DEBUG: evaluate returned crazy score! stand_pat=31805
DEBUG: child returned INF! depth=1 score=-30000
DEBUG EVAL: material=-31800 pst=-5 total=-31805
DEBUG: evaluate returned crazy score! stand_pat=31805
DEBUG: child returned INF! depth=1 score=-30000
DEBUG EVAL: material=-31800 pst=-5 total=-31805
DEBUG: evaluate returned crazy score! stand_pat=31805
DEBUG: child returned INF! depth=1 score=-30000
DEBUG EVAL: material=-31800 pst=-10 total=-31810
DEBUG: evaluate returned crazy score! stand_pat=31810
DEBUG: child returned INF! depth=1 score=-30000
DEBUG EVAL: material=-31800 pst=-15 total=-31815
DEBUG: evaluate returned crazy score! stand_pat=31815
DEBUG: child returned INF! depth=1 score=-30000
DEBUG EVAL: material=-31800 pst=-30 total=-31830
DEBUG: evaluate returned crazy score! stand_pat=31830
DEBUG: child returned INF! depth=1 score=-30000
DEBUG EVAL: material=-31800 pst=-30 total=-31830
DEBUG: evaluate returned crazy score! stand_pat=31830
DEBUG: child returned INF! depth=1 score=-30000
DEBUG EVAL: material=-31800 pst=-30 total=-31830
DEBUG: evaluate returned crazy score! stand_pat=31830
DEBUG: child returned INF! depth=1 score=-30000
DEBUG EVAL: material=-31800 pst=-30 total=-31830
DEBUG: evaluate returned crazy score! stand_pat=31830
DEBUG: child returned INF! depth=1 score=-30000
DEBUG EVAL: material=-31800 pst=20 total=-31780
DEBUG: evaluate returned crazy score! stand_pat=31780
DEBUG: child returned INF! depth=1 score=-30000
DEBUG: negamax returning -INF! depth=1 ply=5 legal_moves=37 alpha=-30000 beta=90
DEBUG: child returned INF! depth=3 score=-30000
DEBUG EVAL: material=-31800 pst=35 total=-31765
DEBUG: evaluate returned crazy score! stand_pat=31765
DEBUG: child returned INF! depth=1 score=-30000
DEBUG EVAL: material=-31800 pst=40 total=-31760
DEBUG: evaluate returned crazy score! stand_pat=31760
DEBUG: child returned INF! depth=1 score=-30000
DEBUG EVAL: material=-31800 pst=-10 total=-31810
DEBUG: evaluate returned crazy score! stand_pat=31810
DEBUG: child returned INF! depth=1 score=-30000
DEBUG EVAL: material=-31800 pst=-10 total=-31810
DEBUG: evaluate returned crazy score! stand_pat=31810
DEBUG: child returned INF! depth=1 score=-30000
DEBUG EVAL: material=-31800 pst=0 total=-31800
DEBUG: evaluate returned crazy score! stand_pat=31800
DEBUG: child returned INF! depth=1 score=-30000
DEBUG EVAL: material=-31800 pst=10 total=-31790
DEBUG: evaluate returned crazy score! stand_pat=31790
DEBUG: child returned INF! depth=1 score=-30000
DEBUG EVAL: material=-31800 pst=10 total=-31790
DEBUG: evaluate returned crazy score! stand_pat=31790
DEBUG: child returned INF! depth=1 score=-30000
DEBUG EVAL: material=-31800 pst=5 total=-31795
DEBUG: evaluate returned crazy score! stand_pat=31795
DEBUG: child returned INF! depth=1 score=-30000
DEBUG EVAL: material=-31800 pst=-10 total=-31810
DEBUG: evaluate returned crazy score! stand_pat=31810
DEBUG: child returned INF! depth=1 score=-30000
DEBUG EVAL: material=-31800 pst=5 total=-31795
DEBUG: evaluate returned crazy score! stand_pat=31795
DEBUG: child returned INF! depth=1 score=-30000
DEBUG EVAL: material=-31800 pst=-10 total=-31810
DEBUG: evaluate returned crazy score! stand_pat=31810
DEBUG: child returned INF! depth=1 score=-30000
DEBUG EVAL: material=-31800 pst=0 total=-31800
DEBUG: evaluate returned crazy score! stand_pat=31800
DEBUG: child returned INF! depth=1 score=-30000
DEBUG EVAL: material=-31800 pst=40 total=-31760
DEBUG: evaluate returned crazy score! stand_pat=31760
DEBUG: child returned INF! depth=1 score=-30000
DEBUG EVAL: material=-31800 pst=0 total=-31800
DEBUG: evaluate returned crazy score! stand_pat=31800
DEBUG: child returned INF! depth=1 score=-30000
DEBUG EVAL: material=-31800 pst=-30 total=-31830
DEBUG: evaluate returned crazy score! stand_pat=31830
DEBUG: child returned INF! depth=1 score=-30000
DEBUG EVAL: material=-31800 pst=-30 total=-31830
DEBUG: evaluate returned crazy score! stand_pat=31830
DEBUG: child returned INF! depth=1 score=-30000
DEBUG EVAL: material=-31800 pst=-30 total=-31830
DEBUG: evaluate returned crazy score! stand_pat=31830
DEBUG: child returned INF! depth=1 score=-30000
DEBUG EVAL: material=-31800 pst=-30 total=-31830
DEBUG: evaluate returned crazy score! stand_pat=31830
DEBUG: child returned INF! depth=1 score=-30000
DEBUG EVAL: material=-31800 pst=-30 total=-31830
DEBUG: evaluate returned crazy score! stand_pat=31830
DEBUG: child returned INF! depth=1 score=-30000
DEBUG EVAL: material=-31800 pst=-30 total=-31830
DEBUG: evaluate returned crazy score! stand_pat=31830
DEBUG: child returned INF! depth=1 score=-30000
DEBUG EVAL: material=-31800 pst=-5 total=-31805
DEBUG: evaluate returned crazy score! stand_pat=31805
DEBUG: child returned INF! depth=1 score=-30000
DEBUG EVAL: material=-31800 pst=-10 total=-31810
DEBUG: evaluate returned crazy score! stand_pat=31810
DEBUG: child returned INF! depth=1 score=-30000
DEBUG EVAL: material=-31800 pst=-15 total=-31815
DEBUG: evaluate returned crazy score! stand_pat=31815
DEBUG: child returned INF! depth=1 score=-30000
DEBUG EVAL: material=-31800 pst=-5 total=-31805
DEBUG: evaluate returned crazy score! stand_pat=31805
DEBUG: child returned INF! depth=1 score=-30000
DEBUG EVAL: material=-31800 pst=-5 total=-31805
DEBUG: evaluate returned crazy score! stand_pat=31805
DEBUG: child returned INF! depth=1 score=-30000
DEBUG EVAL: material=-31800 pst=-10 total=-31810
DEBUG: evaluate returned crazy score! stand_pat=31810
DEBUG: child returned INF! depth=1 score=-30000
DEBUG EVAL: material=-31800 pst=-20 total=-31820
DEBUG: evaluate returned crazy score! stand_pat=31820
DEBUG: child returned INF! depth=1 score=-30000
DEBUG EVAL: material=-31800 pst=-15 total=-31815
DEBUG: evaluate returned crazy score! stand_pat=31815
DEBUG: child returned INF! depth=1 score=-30000
DEBUG EVAL: material=-31800 pst=-10 total=-31810
DEBUG: evaluate returned crazy score! stand_pat=31810
DEBUG: child returned INF! depth=1 score=-30000
DEBUG EVAL: material=-31800 pst=-5 total=-31805
DEBUG: evaluate returned crazy score! stand_pat=31805
DEBUG: child returned INF! depth=1 score=-30000
DEBUG EVAL: material=-31800 pst=-5 total=-31805
DEBUG: evaluate returned crazy score! stand_pat=31805
DEBUG: child returned INF! depth=1 score=-30000
DEBUG EVAL: material=-31800 pst=-5 total=-31805
DEBUG: evaluate returned crazy score! stand_pat=31805
DEBUG: child returned INF! depth=1 score=-30000
DEBUG EVAL: material=-31800 pst=-5 total=-31805
DEBUG: evaluate returned crazy score! stand_pat=31805
DEBUG: child returned INF! depth=1 score=-30000
DEBUG EVAL: material=-31800 pst=-10 total=-31810
DEBUG: evaluate returned crazy score! stand_pat=31810
DEBUG: child returned INF! depth=1 score=-30000
DEBUG EVAL: material=-31800 pst=-15 total=-31815
DEBUG: evaluate returned crazy score! stand_pat=31815
DEBUG: child returned INF! depth=1 score=-30000
DEBUG EVAL: material=-31800 pst=-30 total=-31830
DEBUG: evaluate returned crazy score! stand_pat=31830
DEBUG: child returned INF! depth=1 score=-30000
DEBUG EVAL: material=-31800 pst=-30 total=-31830
DEBUG: evaluate returned crazy score! stand_pat=31830
DEBUG: child returned INF! depth=1 score=-30000
DEBUG EVAL: material=-31800 pst=-30 total=-31830
DEBUG: evaluate returned crazy score! stand_pat=31830
DEBUG: child returned INF! depth=1 score=-30000
DEBUG EVAL: material=-31800 pst=-30 total=-31830
DEBUG: evaluate returned crazy score! stand_pat=31830
DEBUG: child returned INF! depth=1 score=-30000
DEBUG EVAL: material=-31800 pst=-10 total=-31810
DEBUG: evaluate returned crazy score! stand_pat=31810
DEBUG: child returned INF! depth=1 score=-30000
DEBUG: negamax returning -INF! depth=1 ply=5 legal_moves=40 alpha=-30000 beta=90
DEBUG: child returned INF! depth=3 score=-30000
DEBUG EVAL: material=-31900 pst=70 total=-31830
DEBUG: evaluate returned crazy score! stand_pat=31830
DEBUG: child returned INF! depth=1 score=-30000
DEBUG EVAL: material=-31900 pst=75 total=-31825
DEBUG: evaluate returned crazy score! stand_pat=31825
DEBUG: child returned INF! depth=1 score=-30000
DEBUG EVAL: material=-31900 pst=35 total=-31865
DEBUG: evaluate returned crazy score! stand_pat=31865
DEBUG: child returned INF! depth=1 score=-30000
DEBUG EVAL: material=-31900 pst=45 total=-31855
DEBUG: evaluate returned crazy score! stand_pat=31855
DEBUG: child returned INF! depth=1 score=-30000
DEBUG EVAL: material=-31900 pst=45 total=-31855
DEBUG: evaluate returned crazy score! stand_pat=31855
DEBUG: child returned INF! depth=1 score=-30000
DEBUG EVAL: material=-31900 pst=40 total=-31860
DEBUG: evaluate returned crazy score! stand_pat=31860
DEBUG: child returned INF! depth=1 score=-30000
DEBUG EVAL: material=-31900 pst=25 total=-31875
DEBUG: evaluate returned crazy score! stand_pat=31875
DEBUG: child returned INF! depth=1 score=-30000
DEBUG EVAL: material=-31900 pst=40 total=-31860
DEBUG: evaluate returned crazy score! stand_pat=31860
DEBUG: child returned INF! depth=1 score=-30000
DEBUG EVAL: material=-31900 pst=25 total=-31875
DEBUG: evaluate returned crazy score! stand_pat=31875
DEBUG: child returned INF! depth=1 score=-30000
DEBUG EVAL: material=-31900 pst=35 total=-31865
DEBUG: evaluate returned crazy score! stand_pat=31865
DEBUG: child returned INF! depth=1 score=-30000
DEBUG EVAL: material=-31900 pst=75 total=-31825
DEBUG: evaluate returned crazy score! stand_pat=31825
DEBUG: child returned INF! depth=1 score=-30000
DEBUG EVAL: material=-31900 pst=35 total=-31865
DEBUG: evaluate returned crazy score! stand_pat=31865
DEBUG: child returned INF! depth=1 score=-30000
DEBUG EVAL: material=-31900 pst=5 total=-31895
DEBUG: evaluate returned crazy score! stand_pat=31895
DEBUG: child returned INF! depth=1 score=-30000
DEBUG EVAL: material=-31900 pst=5 total=-31895
DEBUG: evaluate returned crazy score! stand_pat=31895
DEBUG: child returned INF! depth=1 score=-30000
DEBUG EVAL: material=-31900 pst=5 total=-31895
DEBUG: evaluate returned crazy score! stand_pat=31895
DEBUG: child returned INF! depth=1 score=-30000
DEBUG EVAL: material=-31900 pst=5 total=-31895
DEBUG: evaluate returned crazy score! stand_pat=31895
DEBUG: child returned INF! depth=1 score=-30000
DEBUG EVAL: material=-31900 pst=5 total=-31895
DEBUG: evaluate returned crazy score! stand_pat=31895
DEBUG: child returned INF! depth=1 score=-30000
DEBUG EVAL: material=-31900 pst=5 total=-31895
DEBUG: evaluate returned crazy score! stand_pat=31895
DEBUG: child returned INF! depth=1 score=-30000
DEBUG EVAL: material=-31900 pst=30 total=-31870
DEBUG: evaluate returned crazy score! stand_pat=31870
DEBUG: child returned INF! depth=1 score=-30000
DEBUG EVAL: material=-31900 pst=25 total=-31875
DEBUG: evaluate returned crazy score! stand_pat=31875
DEBUG: child returned INF! depth=1 score=-30000
DEBUG EVAL: material=-31900 pst=20 total=-31880
DEBUG: evaluate returned crazy score! stand_pat=31880
DEBUG: child returned INF! depth=1 score=-30000
DEBUG EVAL: material=-31900 pst=30 total=-31870
DEBUG: evaluate returned crazy score! stand_pat=31870
DEBUG: child returned INF! depth=1 score=-30000
DEBUG EVAL: material=-31900 pst=30 total=-31870
DEBUG: evaluate returned crazy score! stand_pat=31870
DEBUG: child returned INF! depth=1 score=-30000
DEBUG EVAL: material=-31900 pst=25 total=-31875
DEBUG: evaluate returned crazy score! stand_pat=31875
DEBUG: child returned INF! depth=1 score=-30000
DEBUG EVAL: material=-31900 pst=15 total=-31885
DEBUG: evaluate returned crazy score! stand_pat=31885
DEBUG: child returned INF! depth=1 score=-30000
DEBUG EVAL: material=-31900 pst=20 total=-31880
DEBUG: evaluate returned crazy score! stand_pat=31880
DEBUG: child returned INF! depth=1 score=-30000
DEBUG EVAL: material=-31900 pst=25 total=-31875
DEBUG: evaluate returned crazy score! stand_pat=31875
DEBUG: child returned INF! depth=1 score=-30000
DEBUG EVAL: material=-31900 pst=30 total=-31870
DEBUG: evaluate returned crazy score! stand_pat=31870
DEBUG: child returned INF! depth=1 score=-30000
DEBUG EVAL: material=-31900 pst=30 total=-31870
DEBUG: evaluate returned crazy score! stand_pat=31870
DEBUG: child returned INF! depth=1 score=-30000
DEBUG EVAL: material=-31900 pst=30 total=-31870
DEBUG: evaluate returned crazy score! stand_pat=31870
DEBUG: child returned INF! depth=1 score=-30000
DEBUG EVAL: material=-31900 pst=30 total=-31870
DEBUG: evaluate returned crazy score! stand_pat=31870
DEBUG: child returned INF! depth=1 score=-30000
DEBUG EVAL: material=-31900 pst=25 total=-31875
DEBUG: evaluate returned crazy score! stand_pat=31875
DEBUG: child returned INF! depth=1 score=-30000
DEBUG EVAL: material=-31900 pst=20 total=-31880
DEBUG: evaluate returned crazy score! stand_pat=31880
DEBUG: child returned INF! depth=1 score=-30000
DEBUG EVAL: material=-31900 pst=5 total=-31895
DEBUG: evaluate returned crazy score! stand_pat=31895
DEBUG: child returned INF! depth=1 score=-30000
DEBUG EVAL: material=-31900 pst=5 total=-31895
DEBUG: evaluate returned crazy score! stand_pat=31895
DEBUG: child returned INF! depth=1 score=-30000
DEBUG EVAL: material=-31900 pst=5 total=-31895
DEBUG: evaluate returned crazy score! stand_pat=31895
DEBUG: child returned INF! depth=1 score=-30000
DEBUG EVAL: material=-31900 pst=5 total=-31895
DEBUG: evaluate returned crazy score! stand_pat=31895
DEBUG: child returned INF! depth=1 score=-30000
DEBUG: negamax returning -INF! depth=1 ply=5 legal_moves=37 alpha=-30000 beta=90
DEBUG: child returned INF! depth=3 score=-30000
DEBUG EVAL: material=-31570 pst=10 total=-31560
DEBUG: evaluate returned crazy score! stand_pat=31560
DEBUG: child returned INF! depth=1 score=-30000
DEBUG EVAL: material=-31570 pst=40 total=-31530
DEBUG: evaluate returned crazy score! stand_pat=31530
DEBUG: child returned INF! depth=1 score=-30000
DEBUG EVAL: material=-31570 pst=25 total=-31545
DEBUG: evaluate returned crazy score! stand_pat=31545
DEBUG: child returned INF! depth=1 score=-30000
DEBUG EVAL: material=-31900 pst=85 total=-31815
DEBUG: evaluate returned crazy score! stand_pat=31815
DEBUG: child returned INF! depth=1 score=-30000
DEBUG EVAL: material=-31900 pst=50 total=-31850
DEBUG: evaluate returned crazy score! stand_pat=31850
DEBUG: child returned INF! depth=1 score=-30000
DEBUG EVAL: material=-31900 pst=60 total=-31840
DEBUG: evaluate returned crazy score! stand_pat=31840
DEBUG: child returned INF! depth=1 score=-30000
DEBUG EVAL: material=-31900 pst=60 total=-31840
DEBUG: evaluate returned crazy score! stand_pat=31840
DEBUG: child returned INF! depth=1 score=-30000
DEBUG EVAL: material=-31900 pst=55 total=-31845
DEBUG: evaluate returned crazy score! stand_pat=31845
DEBUG: child returned INF! depth=1 score=-30000
DEBUG EVAL: material=-31900 pst=40 total=-31860
DEBUG: evaluate returned crazy score! stand_pat=31860
DEBUG: child returned INF! depth=1 score=-30000
DEBUG EVAL: material=-31900 pst=40 total=-31860
DEBUG: evaluate returned crazy score! stand_pat=31860
DEBUG: child returned INF! depth=1 score=-30000
DEBUG EVAL: material=-31900 pst=90 total=-31810
DEBUG: evaluate returned crazy score! stand_pat=31810
DEBUG: child returned INF! depth=1 score=-30000
DEBUG EVAL: material=-31900 pst=40 total=-31860
DEBUG: evaluate returned crazy score! stand_pat=31860
DEBUG: child returned INF! depth=1 score=-30000
DEBUG EVAL: material=-31900 pst=35 total=-31865
DEBUG: evaluate returned crazy score! stand_pat=31865
DEBUG: child returned INF! depth=1 score=-30000
DEBUG EVAL: material=-31900 pst=90 total=-31810
DEBUG: evaluate returned crazy score! stand_pat=31810
DEBUG: child returned INF! depth=1 score=-30000
DEBUG EVAL: material=-31900 pst=20 total=-31880
DEBUG: evaluate returned crazy score! stand_pat=31880
DEBUG: child returned INF! depth=1 score=-30000
DEBUG EVAL: material=-31900 pst=20 total=-31880
DEBUG: evaluate returned crazy score! stand_pat=31880
DEBUG: child returned INF! depth=1 score=-30000
DEBUG EVAL: material=-31900 pst=20 total=-31880
DEBUG: evaluate returned crazy score! stand_pat=31880
DEBUG: child returned INF! depth=1 score=-30000
DEBUG EVAL: material=-31900 pst=20 total=-31880
DEBUG: evaluate returned crazy score! stand_pat=31880
DEBUG: child returned INF! depth=1 score=-30000
DEBUG EVAL: material=-31900 pst=20 total=-31880
DEBUG: evaluate returned crazy score! stand_pat=31880
DEBUG: child returned INF! depth=1 score=-30000
DEBUG EVAL: material=-31900 pst=20 total=-31880
DEBUG: evaluate returned crazy score! stand_pat=31880
DEBUG: child returned INF! depth=1 score=-30000
DEBUG EVAL: material=-31900 pst=50 total=-31850
DEBUG: evaluate returned crazy score! stand_pat=31850
DEBUG: child returned INF! depth=1 score=-30000
DEBUG EVAL: material=-31900 pst=40 total=-31860
DEBUG: evaluate returned crazy score! stand_pat=31860
DEBUG: child returned INF! depth=1 score=-30000
DEBUG EVAL: material=-31900 pst=35 total=-31865
DEBUG: evaluate returned crazy score! stand_pat=31865
DEBUG: child returned INF! depth=1 score=-30000
DEBUG EVAL: material=-31900 pst=45 total=-31855
DEBUG: evaluate returned crazy score! stand_pat=31855
DEBUG: child returned INF! depth=1 score=-30000
DEBUG EVAL: material=-31900 pst=45 total=-31855
DEBUG: evaluate returned crazy score! stand_pat=31855
DEBUG: child returned INF! depth=1 score=-30000
DEBUG EVAL: material=-31900 pst=40 total=-31860
DEBUG: evaluate returned crazy score! stand_pat=31860
DEBUG: child returned INF! depth=1 score=-30000
DEBUG EVAL: material=-31900 pst=30 total=-31870
DEBUG: evaluate returned crazy score! stand_pat=31870
DEBUG: child returned INF! depth=1 score=-30000
DEBUG EVAL: material=-31900 pst=35 total=-31865
DEBUG: evaluate returned crazy score! stand_pat=31865
DEBUG: child returned INF! depth=1 score=-30000
DEBUG EVAL: material=-31900 pst=40 total=-31860
DEBUG: evaluate returned crazy score! stand_pat=31860
DEBUG: child returned INF! depth=1 score=-30000
DEBUG EVAL: material=-31900 pst=45 total=-31855
DEBUG: evaluate returned crazy score! stand_pat=31855
DEBUG: child returned INF! depth=1 score=-30000
DEBUG EVAL: material=-31900 pst=45 total=-31855
DEBUG: evaluate returned crazy score! stand_pat=31855
DEBUG: child returned INF! depth=1 score=-30000
DEBUG EVAL: material=-31900 pst=45 total=-31855
DEBUG: evaluate returned crazy score! stand_pat=31855
DEBUG: child returned INF! depth=1 score=-30000
DEBUG EVAL: material=-31900 pst=45 total=-31855
DEBUG: evaluate returned crazy score! stand_pat=31855
DEBUG: child returned INF! depth=1 score=-30000
DEBUG EVAL: material=-31900 pst=40 total=-31860
DEBUG: evaluate returned crazy score! stand_pat=31860
DEBUG: child returned INF! depth=1 score=-30000
DEBUG EVAL: material=-31900 pst=35 total=-31865
DEBUG: evaluate returned crazy score! stand_pat=31865
DEBUG: child returned INF! depth=1 score=-30000
DEBUG EVAL: material=-31900 pst=20 total=-31880
DEBUG: evaluate returned crazy score! stand_pat=31880
DEBUG: child returned INF! depth=1 score=-30000
DEBUG EVAL: material=-31900 pst=20 total=-31880
DEBUG: evaluate returned crazy score! stand_pat=31880
DEBUG: child returned INF! depth=1 score=-30000
DEBUG EVAL: material=-31900 pst=20 total=-31880
DEBUG: evaluate returned crazy score! stand_pat=31880
DEBUG: child returned INF! depth=1 score=-30000
DEBUG EVAL: material=-31900 pst=20 total=-31880
DEBUG: evaluate returned crazy score! stand_pat=31880
DEBUG: child returned INF! depth=1 score=-30000
DEBUG EVAL: material=-31900 pst=45 total=-31855
DEBUG: evaluate returned crazy score! stand_pat=31855
DEBUG: child returned INF! depth=1 score=-30000
DEBUG: negamax returning -INF! depth=1 ply=5 legal_moves=40 alpha=-30000 beta=90
DEBUG: child returned INF! depth=3 score=-30000
DEBUG EVAL: material=-31800 pst=35 total=-31765
DEBUG: evaluate returned crazy score! stand_pat=31765
DEBUG: child returned INF! depth=1 score=-30000
DEBUG EVAL: material=-31800 pst=40 total=-31760
DEBUG: evaluate returned crazy score! stand_pat=31760
DEBUG: child returned INF! depth=1 score=-30000
DEBUG EVAL: material=-31800 pst=-10 total=-31810
DEBUG: evaluate returned crazy score! stand_pat=31810
DEBUG: child returned INF! depth=1 score=-30000
DEBUG EVAL: material=-31800 pst=-10 total=-31810
DEBUG: evaluate returned crazy score! stand_pat=31810
DEBUG: child returned INF! depth=1 score=-30000
DEBUG EVAL: material=-31800 pst=0 total=-31800
DEBUG: evaluate returned crazy score! stand_pat=31800
DEBUG: child returned INF! depth=1 score=-30000
DEBUG EVAL: material=-31800 pst=10 total=-31790
DEBUG: evaluate returned crazy score! stand_pat=31790
DEBUG: child returned INF! depth=1 score=-30000
DEBUG EVAL: material=-31800 pst=10 total=-31790
DEBUG: evaluate returned crazy score! stand_pat=31790
DEBUG: child returned INF! depth=1 score=-30000
DEBUG EVAL: material=-31800 pst=5 total=-31795
DEBUG: evaluate returned crazy score! stand_pat=31795
DEBUG: child returned INF! depth=1 score=-30000
DEBUG EVAL: material=-31800 pst=-10 total=-31810
DEBUG: evaluate returned crazy score! stand_pat=31810
DEBUG: child returned INF! depth=1 score=-30000
DEBUG EVAL: material=-31800 pst=0 total=-31800
DEBUG: evaluate returned crazy score! stand_pat=31800
DEBUG: child returned INF! depth=1 score=-30000
DEBUG EVAL: material=-31800 pst=40 total=-31760
DEBUG: evaluate returned crazy score! stand_pat=31760
DEBUG: child returned INF! depth=1 score=-30000
DEBUG EVAL: material=-31800 pst=0 total=-31800
DEBUG: evaluate returned crazy score! stand_pat=31800
DEBUG: child returned INF! depth=1 score=-30000
DEBUG EVAL: material=-31800 pst=-15 total=-31815
DEBUG: evaluate returned crazy score! stand_pat=31815
DEBUG: child returned INF! depth=1 score=-30000
DEBUG EVAL: material=-31800 pst=-15 total=-31815
DEBUG: evaluate returned crazy score! stand_pat=31815
DEBUG: child returned INF! depth=1 score=-30000
DEBUG EVAL: material=-31800 pst=-30 total=-31830
DEBUG: evaluate returned crazy score! stand_pat=31830
DEBUG: child returned INF! depth=1 score=-30000
DEBUG EVAL: material=-31800 pst=-30 total=-31830
DEBUG: evaluate returned crazy score! stand_pat=31830
DEBUG: child returned INF! depth=1 score=-30000
DEBUG EVAL: material=-31800 pst=-30 total=-31830
DEBUG: evaluate returned crazy score! stand_pat=31830
DEBUG: child returned INF! depth=1 score=-30000
DEBUG EVAL: material=-31800 pst=-30 total=-31830
DEBUG: evaluate returned crazy score! stand_pat=31830
DEBUG: child returned INF! depth=1 score=-30000
DEBUG EVAL: material=-31800 pst=-30 total=-31830
DEBUG: evaluate returned crazy score! stand_pat=31830
DEBUG: child returned INF! depth=1 score=-30000
DEBUG EVAL: material=-31800 pst=-30 total=-31830
DEBUG: evaluate returned crazy score! stand_pat=31830
DEBUG: child returned INF! depth=1 score=-30000
DEBUG EVAL: material=-31800 pst=-5 total=-31805
DEBUG: evaluate returned crazy score! stand_pat=31805
DEBUG: child returned INF! depth=1 score=-30000
DEBUG EVAL: material=-31800 pst=-10 total=-31810
DEBUG: evaluate returned crazy score! stand_pat=31810
DEBUG: child returned INF! depth=1 score=-30000
DEBUG EVAL: material=-31800 pst=-15 total=-31815
DEBUG: evaluate returned crazy score! stand_pat=31815
DEBUG: child returned INF! depth=1 score=-30000
DEBUG EVAL: material=-31800 pst=-5 total=-31805
DEBUG: evaluate returned crazy score! stand_pat=31805
DEBUG: child returned INF! depth=1 score=-30000
DEBUG EVAL: material=-31800 pst=-5 total=-31805
DEBUG: evaluate returned crazy score! stand_pat=31805
DEBUG: child returned INF! depth=1 score=-30000
DEBUG EVAL: material=-31800 pst=-10 total=-31810
DEBUG: evaluate returned crazy score! stand_pat=31810
DEBUG: child returned INF! depth=1 score=-30000
DEBUG EVAL: material=-31800 pst=-20 total=-31820
DEBUG: evaluate returned crazy score! stand_pat=31820
DEBUG: child returned INF! depth=1 score=-30000
DEBUG EVAL: material=-31800 pst=-15 total=-31815
DEBUG: evaluate returned crazy score! stand_pat=31815
DEBUG: child returned INF! depth=1 score=-30000
DEBUG EVAL: material=-31800 pst=-10 total=-31810
DEBUG: evaluate returned crazy score! stand_pat=31810
DEBUG: child returned INF! depth=1 score=-30000
DEBUG EVAL: material=-31800 pst=-5 total=-31805
DEBUG: evaluate returned crazy score! stand_pat=31805
DEBUG: child returned INF! depth=1 score=-30000
DEBUG EVAL: material=-31800 pst=-5 total=-31805
DEBUG: evaluate returned crazy score! stand_pat=31805
DEBUG: child returned INF! depth=1 score=-30000
DEBUG EVAL: material=-31800 pst=-5 total=-31805
DEBUG: evaluate returned crazy score! stand_pat=31805
DEBUG: child returned INF! depth=1 score=-30000
DEBUG EVAL: material=-31800 pst=-5 total=-31805
DEBUG: evaluate returned crazy score! stand_pat=31805
DEBUG: child returned INF! depth=1 score=-30000
DEBUG EVAL: material=-31800 pst=-10 total=-31810
DEBUG: evaluate returned crazy score! stand_pat=31810
DEBUG: child returned INF! depth=1 score=-30000
DEBUG EVAL: material=-31800 pst=-15 total=-31815
DEBUG: evaluate returned crazy score! stand_pat=31815
DEBUG: child returned INF! depth=1 score=-30000
DEBUG EVAL: material=-31800 pst=-30 total=-31830
DEBUG: evaluate returned crazy score! stand_pat=31830
DEBUG: child returned INF! depth=1 score=-30000
DEBUG EVAL: material=-31800 pst=-30 total=-31830
DEBUG: evaluate returned crazy score! stand_pat=31830
DEBUG: child returned INF! depth=1 score=-30000
DEBUG EVAL: material=-31800 pst=-30 total=-31830
DEBUG: evaluate returned crazy score! stand_pat=31830
DEBUG: child returned INF! depth=1 score=-30000
DEBUG EVAL: material=-31800 pst=-30 total=-31830
DEBUG: evaluate returned crazy score! stand_pat=31830
DEBUG: child returned INF! depth=1 score=-30000
DEBUG EVAL: material=-31800 pst=15 total=-31785
DEBUG: evaluate returned crazy score! stand_pat=31785
DEBUG: child returned INF! depth=1 score=-30000
DEBUG: negamax returning -INF! depth=1 ply=5 legal_moves=40 alpha=-30000 beta=90
DEBUG: child returned INF! depth=3 score=-30000
DEBUG: negamax returning -INF! depth=3 ply=3 legal_moves=39 alpha=-30000 beta=90
DEBUG: child returned INF! depth=5 score=-30000
DEBUG EVAL: material=-31800 pst=65 total=-31735
DEBUG: evaluate returned crazy score! stand_pat=31735
DEBUG: child returned INF! depth=1 score=-30000
DEBUG EVAL: material=-31800 pst=105 total=-31695
DEBUG: evaluate returned crazy score! stand_pat=31695
DEBUG: child returned INF! depth=1 score=-30000
DEBUG EVAL: material=-31800 pst=60 total=-31740
DEBUG: evaluate returned crazy score! stand_pat=31740
DEBUG: child returned INF! depth=1 score=-30000
DEBUG EVAL: material=-31800 pst=55 total=-31745
DEBUG: evaluate returned crazy score! stand_pat=31745
DEBUG: child returned INF! depth=1 score=-30000
DEBUG EVAL: material=-31800 pst=65 total=-31735
DEBUG: evaluate returned crazy score! stand_pat=31735
DEBUG: child returned INF! depth=1 score=-30000
DEBUG EVAL: material=-31800 pst=75 total=-31725
DEBUG: evaluate returned crazy score! stand_pat=31725
DEBUG: child returned INF! depth=1 score=-30000
DEBUG EVAL: material=-31800 pst=75 total=-31725
DEBUG: evaluate returned crazy score! stand_pat=31725
DEBUG: child returned INF! depth=1 score=-30000
DEBUG EVAL: material=-31800 pst=70 total=-31730
DEBUG: evaluate returned crazy score! stand_pat=31730
DEBUG: child returned INF! depth=1 score=-30000
DEBUG EVAL: material=-31800 pst=55 total=-31745
DEBUG: evaluate returned crazy score! stand_pat=31745
DEBUG: child returned INF! depth=1 score=-30000
DEBUG EVAL: material=-31800 pst=55 total=-31745
DEBUG: evaluate returned crazy score! stand_pat=31745
DEBUG: child returned INF! depth=1 score=-30000
DEBUG EVAL: material=-31800 pst=35 total=-31765
DEBUG: evaluate returned crazy score! stand_pat=31765
DEBUG: child returned INF! depth=1 score=-30000
DEBUG EVAL: material=-31800 pst=35 total=-31765
DEBUG: evaluate returned crazy score! stand_pat=31765
DEBUG: child returned INF! depth=1 score=-30000
DEBUG EVAL: material=-31800 pst=35 total=-31765
DEBUG: evaluate returned crazy score! stand_pat=31765
DEBUG: child returned INF! depth=1 score=-30000
DEBUG EVAL: material=-31800 pst=35 total=-31765
DEBUG: evaluate returned crazy score! stand_pat=31765
DEBUG: child returned INF! depth=1 score=-30000
DEBUG EVAL: material=-31800 pst=35 total=-31765
DEBUG: evaluate returned crazy score! stand_pat=31765
DEBUG: child returned INF! depth=1 score=-30000
DEBUG EVAL: material=-31800 pst=35 total=-31765
DEBUG: evaluate returned crazy score! stand_pat=31765
DEBUG: child returned INF! depth=1 score=-30000
DEBUG EVAL: material=-31800 pst=55 total=-31745
DEBUG: evaluate returned crazy score! stand_pat=31745
DEBUG: child returned INF! depth=1 score=-30000
DEBUG EVAL: material=-31800 pst=55 total=-31745
DEBUG: evaluate returned crazy score! stand_pat=31745
DEBUG: child returned INF! depth=1 score=-30000
DEBUG EVAL: material=-31800 pst=35 total=-31765
DEBUG: evaluate returned crazy score! stand_pat=31765
DEBUG: child returned INF! depth=1 score=-30000
DEBUG EVAL: material=-31800 pst=35 total=-31765
DEBUG: evaluate returned crazy score! stand_pat=31765
DEBUG: child returned INF! depth=1 score=-30000
DEBUG EVAL: material=-31800 pst=35 total=-31765
DEBUG: evaluate returned crazy score! stand_pat=31765
DEBUG: child returned INF! depth=1 score=-30000
DEBUG EVAL: material=-31800 pst=35 total=-31765
DEBUG: evaluate returned crazy score! stand_pat=31765
DEBUG: child returned INF! depth=1 score=-30000
DEBUG EVAL: material=-31800 pst=35 total=-31765
DEBUG: evaluate returned crazy score! stand_pat=31765
DEBUG: child returned INF! depth=1 score=-30000
DEBUG EVAL: material=-31800 pst=35 total=-31765
DEBUG: evaluate returned crazy score! stand_pat=31765
DEBUG: child returned INF! depth=1 score=-30000
DEBUG EVAL: material=-31800 pst=35 total=-31765
DEBUG: evaluate returned crazy score! stand_pat=31765
DEBUG: child returned INF! depth=1 score=-30000
DEBUG EVAL: material=-31800 pst=15 total=-31785
DEBUG: evaluate returned crazy score! stand_pat=31785
DEBUG: child returned INF! depth=1 score=-30000
DEBUG EVAL: material=-31800 pst=5 total=-31795
DEBUG: evaluate returned crazy score! stand_pat=31795
DEBUG: child returned INF! depth=1 score=-30000
DEBUG EVAL: material=-31800 pst=65 total=-31735
DEBUG: evaluate returned crazy score! stand_pat=31735
DEBUG: child returned INF! depth=1 score=-30000
DEBUG EVAL: material=-31800 pst=15 total=-31785
DEBUG: evaluate returned crazy score! stand_pat=31785
DEBUG: child returned INF! depth=1 score=-30000
DEBUG EVAL: material=-31800 pst=65 total=-31735
DEBUG: evaluate returned crazy score! stand_pat=31735
DEBUG: child returned INF! depth=1 score=-30000
DEBUG EVAL: material=-31800 pst=50 total=-31750
DEBUG: evaluate returned crazy score! stand_pat=31750
DEBUG: child returned INF! depth=1 score=-30000
DEBUG: negamax returning -INF! depth=1 ply=5 legal_moves=31 alpha=-30000 beta=90
DEBUG: child returned INF! depth=3 score=-30000
DEBUG EVAL: material=-31800 pst=65 total=-31735
DEBUG: evaluate returned crazy score! stand_pat=31735
DEBUG: child returned INF! depth=1 score=-30000
DEBUG EVAL: material=-31800 pst=100 total=-31700
DEBUG: evaluate returned crazy score! stand_pat=31700
DEBUG: child returned INF! depth=1 score=-30000
DEBUG EVAL: material=-31800 pst=60 total=-31740
DEBUG: evaluate returned crazy score! stand_pat=31740
DEBUG: child returned INF! depth=1 score=-30000
DEBUG EVAL: material=-31800 pst=60 total=-31740
DEBUG: evaluate returned crazy score! stand_pat=31740
DEBUG: child returned INF! depth=1 score=-30000
DEBUG EVAL: material=-31800 pst=55 total=-31745
DEBUG: evaluate returned crazy score! stand_pat=31745
DEBUG: child returned INF! depth=1 score=-30000
DEBUG EVAL: material=-31800 pst=55 total=-31745
DEBUG: evaluate returned crazy score! stand_pat=31745
DEBUG: child returned INF! depth=1 score=-30000
DEBUG EVAL: material=-31800 pst=65 total=-31735
DEBUG: evaluate returned crazy score! stand_pat=31735
DEBUG: child returned INF! depth=1 score=-30000
DEBUG EVAL: material=-31800 pst=75 total=-31725
DEBUG: evaluate returned crazy score! stand_pat=31725
DEBUG: child returned INF! depth=1 score=-30000
DEBUG EVAL: material=-31800 pst=75 total=-31725
DEBUG: evaluate returned crazy score! stand_pat=31725
DEBUG: child returned INF! depth=1 score=-30000
DEBUG EVAL: material=-31800 pst=70 total=-31730
DEBUG: evaluate returned crazy score! stand_pat=31730
DEBUG: child returned INF! depth=1 score=-30000
DEBUG EVAL: material=-31800 pst=55 total=-31745
DEBUG: evaluate returned crazy score! stand_pat=31745
DEBUG: child returned INF! depth=1 score=-30000
DEBUG EVAL: material=-31800 pst=55 total=-31745
DEBUG: evaluate returned crazy score! stand_pat=31745
DEBUG: child returned INF! depth=1 score=-30000
DEBUG EVAL: material=-31800 pst=105 total=-31695
DEBUG: evaluate returned crazy score! stand_pat=31695
DEBUG: child returned INF! depth=1 score=-30000
DEBUG EVAL: material=-31800 pst=65 total=-31735
DEBUG: evaluate returned crazy score! stand_pat=31735
DEBUG: child returned INF! depth=1 score=-30000
DEBUG EVAL: material=-31800 pst=35 total=-31765
DEBUG: evaluate returned crazy score! stand_pat=31765
DEBUG: child returned INF! depth=1 score=-30000
DEBUG EVAL: material=-31800 pst=35 total=-31765
DEBUG: evaluate returned crazy score! stand_pat=31765
DEBUG: child returned INF! depth=1 score=-30000
DEBUG EVAL: material=-31800 pst=35 total=-31765
DEBUG: evaluate returned crazy score! stand_pat=31765
DEBUG: child returned INF! depth=1 score=-30000
DEBUG EVAL: material=-31800 pst=35 total=-31765
DEBUG: evaluate returned crazy score! stand_pat=31765
DEBUG: child returned INF! depth=1 score=-30000
DEBUG EVAL: material=-31800 pst=55 total=-31745
DEBUG: evaluate returned crazy score! stand_pat=31745
DEBUG: child returned INF! depth=1 score=-30000
DEBUG EVAL: material=-31800 pst=55 total=-31745
DEBUG: evaluate returned crazy score! stand_pat=31745
DEBUG: child returned INF! depth=1 score=-30000
DEBUG EVAL: material=-31800 pst=35 total=-31765
DEBUG: evaluate returned crazy score! stand_pat=31765
DEBUG: child returned INF! depth=1 score=-30000
DEBUG EVAL: material=-31800 pst=35 total=-31765
DEBUG: evaluate returned crazy score! stand_pat=31765
DEBUG: child returned INF! depth=1 score=-30000
DEBUG EVAL: material=-31800 pst=35 total=-31765
DEBUG: evaluate returned crazy score! stand_pat=31765
DEBUG: child returned INF! depth=1 score=-30000
DEBUG EVAL: material=-31800 pst=35 total=-31765
DEBUG: evaluate returned crazy score! stand_pat=31765
DEBUG: child returned INF! depth=1 score=-30000
DEBUG EVAL: material=-31800 pst=35 total=-31765
DEBUG: evaluate returned crazy score! stand_pat=31765
DEBUG: child returned INF! depth=1 score=-30000
DEBUG EVAL: material=-31800 pst=35 total=-31765
DEBUG: evaluate returned crazy score! stand_pat=31765
DEBUG: child returned INF! depth=1 score=-30000
DEBUG EVAL: material=-31800 pst=35 total=-31765
DEBUG: evaluate returned crazy score! stand_pat=31765
DEBUG: child returned INF! depth=1 score=-30000
DEBUG EVAL: material=-31800 pst=35 total=-31765
DEBUG: evaluate returned crazy score! stand_pat=31765
DEBUG: child returned INF! depth=1 score=-30000
DEBUG EVAL: material=-31800 pst=5 total=-31795
DEBUG: evaluate returned crazy score! stand_pat=31795
DEBUG: child returned INF! depth=1 score=-30000
DEBUG EVAL: material=-31800 pst=50 total=-31750
DEBUG: evaluate returned crazy score! stand_pat=31750
DEBUG: child returned INF! depth=1 score=-30000
DEBUG EVAL: material=-31800 pst=15 total=-31785
DEBUG: evaluate returned crazy score! stand_pat=31785
DEBUG: child returned INF! depth=1 score=-30000
DEBUG EVAL: material=-31800 pst=65 total=-31735
DEBUG: evaluate returned crazy score! stand_pat=31735
DEBUG: child returned INF! depth=1 score=-30000
DEBUG EVAL: material=-31800 pst=50 total=-31750
DEBUG: evaluate returned crazy score! stand_pat=31750
DEBUG: child returned INF! depth=1 score=-30000
DEBUG EVAL: material=-31800 pst=65 total=-31735
DEBUG: evaluate returned crazy score! stand_pat=31735
DEBUG: child returned INF! depth=1 score=-30000
DEBUG: negamax returning -INF! depth=1 ply=5 legal_moves=34 alpha=-30000 beta=90
DEBUG: child returned INF! depth=3 score=-30000
DEBUG EVAL: material=-31700 pst=25 total=-31675
DEBUG: evaluate returned crazy score! stand_pat=31675
DEBUG: child returned INF! depth=1 score=-30000
DEBUG EVAL: material=-31800 pst=60 total=-31740
DEBUG: evaluate returned crazy score! stand_pat=31740
DEBUG: child returned INF! depth=1 score=-30000
DEBUG EVAL: material=-31800 pst=60 total=-31740
DEBUG: evaluate returned crazy score! stand_pat=31740
DEBUG: child returned INF! depth=1 score=-30000
DEBUG EVAL: material=-31800 pst=20 total=-31780
DEBUG: evaluate returned crazy score! stand_pat=31780
DEBUG: child returned INF! depth=1 score=-30000
DEBUG EVAL: material=-31800 pst=-10 total=-31810
DEBUG: evaluate returned crazy score! stand_pat=31810
DEBUG: child returned INF! depth=1 score=-30000
DEBUG EVAL: material=-31800 pst=-10 total=-31810
DEBUG: evaluate returned crazy score! stand_pat=31810
DEBUG: child returned INF! depth=1 score=-30000
DEBUG EVAL: material=-31800 pst=-10 total=-31810
DEBUG: evaluate returned crazy score! stand_pat=31810
DEBUG: child returned INF! depth=1 score=-30000
DEBUG EVAL: material=-31800 pst=-10 total=-31810
DEBUG: evaluate returned crazy score! stand_pat=31810
DEBUG: child returned INF! depth=1 score=-30000
DEBUG EVAL: material=-31800 pst=-10 total=-31810
DEBUG: evaluate returned crazy score! stand_pat=31810
DEBUG: child returned INF! depth=1 score=-30000
DEBUG EVAL: material=-31800 pst=-10 total=-31810
DEBUG: evaluate returned crazy score! stand_pat=31810
DEBUG: child returned INF! depth=1 score=-30000
DEBUG EVAL: material=-31800 pst=10 total=-31790
DEBUG: evaluate returned crazy score! stand_pat=31790
DEBUG: child returned INF! depth=1 score=-30000
DEBUG EVAL: material=-31800 pst=10 total=-31790
DEBUG: evaluate returned crazy score! stand_pat=31790
DEBUG: child returned INF! depth=1 score=-30000
DEBUG EVAL: material=-31800 pst=-10 total=-31810
DEBUG: evaluate returned crazy score! stand_pat=31810
DEBUG: child returned INF! depth=1 score=-30000
DEBUG EVAL: material=-31800 pst=-10 total=-31810
DEBUG: evaluate returned crazy score! stand_pat=31810
DEBUG: child returned INF! depth=1 score=-30000
DEBUG EVAL: material=-31800 pst=-10 total=-31810
DEBUG: evaluate returned crazy score! stand_pat=31810
DEBUG: child returned INF! depth=1 score=-30000
DEBUG EVAL: material=-31800 pst=5 total=-31795
DEBUG: evaluate returned crazy score! stand_pat=31795
DEBUG: child returned INF! depth=1 score=-30000
DEBUG EVAL: material=-31800 pst=15 total=-31785
DEBUG: evaluate returned crazy score! stand_pat=31785
DEBUG: child returned INF! depth=1 score=-30000
DEBUG EVAL: material=-31800 pst=15 total=-31785
DEBUG: evaluate returned crazy score! stand_pat=31785
DEBUG: child returned INF! depth=1 score=-30000
DEBUG EVAL: material=-31800 pst=10 total=-31790
DEBUG: evaluate returned crazy score! stand_pat=31790
DEBUG: child returned INF! depth=1 score=-30000
DEBUG EVAL: material=-31800 pst=0 total=-31800
DEBUG: evaluate returned crazy score! stand_pat=31800
DEBUG: child returned INF! depth=1 score=-30000
DEBUG EVAL: material=-31800 pst=15 total=-31785
DEBUG: evaluate returned crazy score! stand_pat=31785
DEBUG: child returned INF! depth=1 score=-30000
DEBUG EVAL: material=-31800 pst=10 total=-31790
DEBUG: evaluate returned crazy score! stand_pat=31790
DEBUG: child returned INF! depth=1 score=-30000
DEBUG EVAL: material=-31800 pst=5 total=-31795
DEBUG: evaluate returned crazy score! stand_pat=31795
DEBUG: child returned INF! depth=1 score=-30000
DEBUG EVAL: material=-31800 pst=5 total=-31795
DEBUG: evaluate returned crazy score! stand_pat=31795
DEBUG: child returned INF! depth=1 score=-30000
DEBUG EVAL: material=-31800 pst=15 total=-31785
DEBUG: evaluate returned crazy score! stand_pat=31785
DEBUG: child returned INF! depth=1 score=-30000
DEBUG EVAL: material=-31800 pst=15 total=-31785
DEBUG: evaluate returned crazy score! stand_pat=31785
DEBUG: child returned INF! depth=1 score=-30000
DEBUG EVAL: material=-31800 pst=15 total=-31785
DEBUG: evaluate returned crazy score! stand_pat=31785
DEBUG: child returned INF! depth=1 score=-30000
DEBUG EVAL: material=-31800 pst=20 total=-31780
DEBUG: evaluate returned crazy score! stand_pat=31780
DEBUG: child returned INF! depth=1 score=-30000
DEBUG EVAL: material=-31800 pst=-10 total=-31810
DEBUG: evaluate returned crazy score! stand_pat=31810
DEBUG: child returned INF! depth=1 score=-30000
DEBUG EVAL: material=-31800 pst=-10 total=-31810
DEBUG: evaluate returned crazy score! stand_pat=31810
DEBUG: child returned INF! depth=1 score=-30000
DEBUG EVAL: material=-31800 pst=-10 total=-31810
DEBUG: evaluate returned crazy score! stand_pat=31810
DEBUG: child returned INF! depth=1 score=-30000
DEBUG EVAL: material=-31800 pst=-10 total=-31810
DEBUG: evaluate returned crazy score! stand_pat=31810
DEBUG: child returned INF! depth=1 score=-30000
DEBUG EVAL: material=-31800 pst=-10 total=-31810
DEBUG: evaluate returned crazy score! stand_pat=31810
DEBUG: child returned INF! depth=1 score=-30000
DEBUG EVAL: material=-31800 pst=-10 total=-31810
DEBUG: evaluate returned crazy score! stand_pat=31810
DEBUG: child returned INF! depth=1 score=-30000
DEBUG: negamax returning -INF! depth=1 ply=5 legal_moves=34 alpha=-30000 beta=90
DEBUG: child returned INF! depth=3 score=-30000
DEBUG EVAL: material=-31700 pst=10 total=-31690
DEBUG: evaluate returned crazy score! stand_pat=31690
DEBUG: child returned INF! depth=1 score=-30000
DEBUG EVAL: material=-31700 pst=-5 total=-31705
DEBUG: evaluate returned crazy score! stand_pat=31705
DEBUG: child returned INF! depth=1 score=-30000
DEBUG EVAL: material=-31800 pst=60 total=-31740
DEBUG: evaluate returned crazy score! stand_pat=31740
DEBUG: child returned INF! depth=1 score=-30000
DEBUG EVAL: material=-31800 pst=35 total=-31765
DEBUG: evaluate returned crazy score! stand_pat=31765
DEBUG: child returned INF! depth=1 score=-30000
DEBUG EVAL: material=-31800 pst=35 total=-31765
DEBUG: evaluate returned crazy score! stand_pat=31765
DEBUG: child returned INF! depth=1 score=-30000
DEBUG EVAL: material=-31800 pst=30 total=-31770
DEBUG: evaluate returned crazy score! stand_pat=31770
DEBUG: child returned INF! depth=1 score=-30000
DEBUG EVAL: material=-31800 pst=15 total=-31785
DEBUG: evaluate returned crazy score! stand_pat=31785
DEBUG: child returned INF! depth=1 score=-30000
DEBUG EVAL: material=-31800 pst=25 total=-31775
DEBUG: evaluate returned crazy score! stand_pat=31775
DEBUG: child returned INF! depth=1 score=-30000
DEBUG EVAL: material=-31800 pst=25 total=-31775
DEBUG: evaluate returned crazy score! stand_pat=31775
DEBUG: child returned INF! depth=1 score=-30000
DEBUG EVAL: material=-31800 pst=-5 total=-31805
DEBUG: evaluate returned crazy score! stand_pat=31805
DEBUG: child returned INF! depth=1 score=-30000
DEBUG EVAL: material=-31800 pst=-5 total=-31805
DEBUG: evaluate returned crazy score! stand_pat=31805
DEBUG: child returned INF! depth=1 score=-30000
DEBUG EVAL: material=-31800 pst=-5 total=-31805
DEBUG: evaluate returned crazy score! stand_pat=31805
DEBUG: child returned INF! depth=1 score=-30000
DEBUG EVAL: material=-31800 pst=-5 total=-31805
DEBUG: evaluate returned crazy score! stand_pat=31805
DEBUG: child returned INF! depth=1 score=-30000
DEBUG EVAL: material=-31800 pst=-5 total=-31805
DEBUG: evaluate returned crazy score! stand_pat=31805
DEBUG: child returned INF! depth=1 score=-30000
DEBUG EVAL: material=-31800 pst=-5 total=-31805
DEBUG: evaluate returned crazy score! stand_pat=31805
DEBUG: child returned INF! depth=1 score=-30000
DEBUG EVAL: material=-31800 pst=15 total=-31785
DEBUG: evaluate returned crazy score! stand_pat=31785
DEBUG: child returned INF! depth=1 score=-30000
DEBUG EVAL: material=-31800 pst=15 total=-31785
DEBUG: evaluate returned crazy score! stand_pat=31785
DEBUG: child returned INF! depth=1 score=-30000
DEBUG EVAL: material=-31800 pst=15 total=-31785
DEBUG: evaluate returned crazy score! stand_pat=31785
DEBUG: child returned INF! depth=1 score=-30000
DEBUG EVAL: material=-31800 pst=-5 total=-31805
DEBUG: evaluate returned crazy score! stand_pat=31805
DEBUG: child returned INF! depth=1 score=-30000
DEBUG EVAL: material=-31800 pst=-5 total=-31805
DEBUG: evaluate returned crazy score! stand_pat=31805
DEBUG: child returned INF! depth=1 score=-30000
DEBUG EVAL: material=-31800 pst=-5 total=-31805
DEBUG: evaluate returned crazy score! stand_pat=31805
DEBUG: child returned INF! depth=1 score=-30000
DEBUG EVAL: material=-31800 pst=25 total=-31775
DEBUG: evaluate returned crazy score! stand_pat=31775
DEBUG: child returned INF! depth=1 score=-30000
DEBUG EVAL: material=-31800 pst=-5 total=-31805
DEBUG: evaluate returned crazy score! stand_pat=31805
DEBUG: child returned INF! depth=1 score=-30000
DEBUG EVAL: material=-31800 pst=-5 total=-31805
DEBUG: evaluate returned crazy score! stand_pat=31805
DEBUG: child returned INF! depth=1 score=-30000
DEBUG EVAL: material=-31800 pst=-5 total=-31805
DEBUG: evaluate returned crazy score! stand_pat=31805
DEBUG: child returned INF! depth=1 score=-30000
DEBUG EVAL: material=-31800 pst=10 total=-31790
DEBUG: evaluate returned crazy score! stand_pat=31790
DEBUG: child returned INF! depth=1 score=-30000
DEBUG EVAL: material=-31800 pst=5 total=-31795
DEBUG: evaluate returned crazy score! stand_pat=31795
DEBUG: child returned INF! depth=1 score=-30000
DEBUG EVAL: material=-31800 pst=15 total=-31785
DEBUG: evaluate returned crazy score! stand_pat=31785
DEBUG: child returned INF! depth=1 score=-30000
DEBUG EVAL: material=-31800 pst=15 total=-31785
DEBUG: evaluate returned crazy score! stand_pat=31785
DEBUG: child returned INF! depth=1 score=-30000
DEBUG EVAL: material=-31800 pst=65 total=-31735
DEBUG: evaluate returned crazy score! stand_pat=31735
DEBUG: child returned INF! depth=1 score=-30000
DEBUG EVAL: material=-31800 pst=10 total=-31790
DEBUG: evaluate returned crazy score! stand_pat=31790
DEBUG: child returned INF! depth=1 score=-30000
DEBUG EVAL: material=-31800 pst=5 total=-31795
DEBUG: evaluate returned crazy score! stand_pat=31795
DEBUG: child returned INF! depth=1 score=-30000
DEBUG EVAL: material=-31800 pst=15 total=-31785
DEBUG: evaluate returned crazy score! stand_pat=31785
DEBUG: child returned INF! depth=1 score=-30000
DEBUG EVAL: material=-31800 pst=15 total=-31785
DEBUG: evaluate returned crazy score! stand_pat=31785
DEBUG: child returned INF! depth=1 score=-30000
DEBUG EVAL: material=-31800 pst=15 total=-31785
DEBUG: evaluate returned crazy score! stand_pat=31785
DEBUG: child returned INF! depth=1 score=-30000
DEBUG EVAL: material=-31800 pst=15 total=-31785
DEBUG: evaluate returned crazy score! stand_pat=31785
DEBUG: child returned INF! depth=1 score=-30000
DEBUG EVAL: material=-31800 pst=0 total=-31800
DEBUG: evaluate returned crazy score! stand_pat=31800
DEBUG: child returned INF! depth=1 score=-30000
DEBUG EVAL: material=-31800 pst=10 total=-31790
DEBUG: evaluate returned crazy score! stand_pat=31790
DEBUG: child returned INF! depth=1 score=-30000
DEBUG EVAL: material=-31800 pst=0 total=-31800
DEBUG: evaluate returned crazy score! stand_pat=31800
DEBUG: child returned INF! depth=1 score=-30000
DEBUG EVAL: material=-31800 pst=15 total=-31785
DEBUG: evaluate returned crazy score! stand_pat=31785
DEBUG: child returned INF! depth=1 score=-30000
DEBUG EVAL: material=-31800 pst=15 total=-31785
DEBUG: evaluate returned crazy score! stand_pat=31785
DEBUG: child returned INF! depth=1 score=-30000
DEBUG EVAL: material=-31800 pst=15 total=-31785
DEBUG: evaluate returned crazy score! stand_pat=31785
DEBUG: child returned INF! depth=1 score=-30000
DEBUG EVAL: material=-31800 pst=-5 total=-31805
DEBUG: evaluate returned crazy score! stand_pat=31805
DEBUG: child returned INF! depth=1 score=-30000
DEBUG: negamax returning -INF! depth=1 ply=5 legal_moves=43 alpha=-30000 beta=90
DEBUG: child returned INF! depth=3 score=-30000
DEBUG EVAL: material=-32700 pst=70 total=-32630
DEBUG: evaluate returned crazy score! stand_pat=32630
DEBUG: child returned INF! depth=1 score=-30000
DEBUG EVAL: material=-32700 pst=75 total=-32625
DEBUG: evaluate returned crazy score! stand_pat=32625
DEBUG: child returned INF! depth=1 score=-30000
DEBUG EVAL: material=-32700 pst=35 total=-32665
DEBUG: evaluate returned crazy score! stand_pat=32665
DEBUG: child returned INF! depth=1 score=-30000
DEBUG EVAL: material=-32700 pst=45 total=-32655
DEBUG: evaluate returned crazy score! stand_pat=32655
DEBUG: child returned INF! depth=1 score=-30000
DEBUG EVAL: material=-32700 pst=45 total=-32655
DEBUG: evaluate returned crazy score! stand_pat=32655
DEBUG: child returned INF! depth=1 score=-30000
DEBUG EVAL: material=-32700 pst=40 total=-32660
DEBUG: evaluate returned crazy score! stand_pat=32660
DEBUG: child returned INF! depth=1 score=-30000
DEBUG EVAL: material=-32700 pst=25 total=-32675
DEBUG: evaluate returned crazy score! stand_pat=32675
DEBUG: child returned INF! depth=1 score=-30000
DEBUG EVAL: material=-32700 pst=35 total=-32665
DEBUG: evaluate returned crazy score! stand_pat=32665
DEBUG: child returned INF! depth=1 score=-30000
DEBUG EVAL: material=-32700 pst=75 total=-32625
DEBUG: evaluate returned crazy score! stand_pat=32625
DEBUG: child returned INF! depth=1 score=-30000
DEBUG EVAL: material=-32700 pst=35 total=-32665
DEBUG: evaluate returned crazy score! stand_pat=32665
DEBUG: child returned INF! depth=1 score=-30000
DEBUG EVAL: material=-32700 pst=5 total=-32695
DEBUG: evaluate returned crazy score! stand_pat=32695
DEBUG: child returned INF! depth=1 score=-30000
DEBUG EVAL: material=-32700 pst=5 total=-32695
DEBUG: evaluate returned crazy score! stand_pat=32695
DEBUG: child returned INF! depth=1 score=-30000
DEBUG EVAL: material=-32700 pst=5 total=-32695
DEBUG: evaluate returned crazy score! stand_pat=32695
DEBUG: child returned INF! depth=1 score=-30000
DEBUG EVAL: material=-32700 pst=5 total=-32695
DEBUG: evaluate returned crazy score! stand_pat=32695
DEBUG: child returned INF! depth=1 score=-30000
DEBUG EVAL: material=-32700 pst=5 total=-32695
DEBUG: evaluate returned crazy score! stand_pat=32695
DEBUG: child returned INF! depth=1 score=-30000
DEBUG EVAL: material=-32700 pst=5 total=-32695
DEBUG: evaluate returned crazy score! stand_pat=32695
DEBUG: child returned INF! depth=1 score=-30000
DEBUG EVAL: material=-32700 pst=25 total=-32675
DEBUG: evaluate returned crazy score! stand_pat=32675
DEBUG: child returned INF! depth=1 score=-30000
DEBUG EVAL: material=-32700 pst=5 total=-32695
DEBUG: evaluate returned crazy score! stand_pat=32695
DEBUG: child returned INF! depth=1 score=-30000
DEBUG EVAL: material=-32700 pst=5 total=-32695
DEBUG: evaluate returned crazy score! stand_pat=32695
DEBUG: child returned INF! depth=1 score=-30000
DEBUG EVAL: material=-32700 pst=5 total=-32695
DEBUG: evaluate returned crazy score! stand_pat=32695
DEBUG: child returned INF! depth=1 score=-30000
DEBUG EVAL: material=-32700 pst=5 total=-32695
DEBUG: evaluate returned crazy score! stand_pat=32695
DEBUG: child returned INF! depth=1 score=-30000
DEBUG EVAL: material=-32700 pst=5 total=-32695
DEBUG: evaluate returned crazy score! stand_pat=32695
DEBUG: child returned INF! depth=1 score=-30000
DEBUG EVAL: material=-32700 pst=5 total=-32695
DEBUG: evaluate returned crazy score! stand_pat=32695
DEBUG: child returned INF! depth=1 score=-30000
DEBUG EVAL: material=-32700 pst=5 total=-32695
DEBUG: evaluate returned crazy score! stand_pat=32695
DEBUG: child returned INF! depth=1 score=-30000
DEBUG EVAL: material=-32700 pst=5 total=-32695
DEBUG: evaluate returned crazy score! stand_pat=32695
DEBUG: child returned INF! depth=1 score=-30000
DEBUG: negamax returning -INF! depth=1 ply=5 legal_moves=25 alpha=-30000 beta=90
DEBUG: child returned INF! depth=3 score=-30000
DEBUG EVAL: material=-31700 pst=0 total=-31700
DEBUG: evaluate returned crazy score! stand_pat=31700
DEBUG: child returned INF! depth=1 score=-30000
DEBUG EVAL: material=-31700 pst=10 total=-31690
DEBUG: evaluate returned crazy score! stand_pat=31690
DEBUG: child returned INF! depth=1 score=-30000
DEBUG EVAL: material=-31800 pst=50 total=-31750
DEBUG: evaluate returned crazy score! stand_pat=31750
DEBUG: child returned INF! depth=1 score=-30000
DEBUG EVAL: material=-31800 pst=25 total=-31775
DEBUG: evaluate returned crazy score! stand_pat=31775
DEBUG: child returned INF! depth=1 score=-30000
DEBUG EVAL: material=-31800 pst=25 total=-31775
DEBUG: evaluate returned crazy score! stand_pat=31775
DEBUG: child returned INF! depth=1 score=-30000
DEBUG EVAL: material=-31800 pst=20 total=-31780
DEBUG: evaluate returned crazy score! stand_pat=31780
DEBUG: child returned INF! depth=1 score=-30000
DEBUG EVAL: material=-31800 pst=5 total=-31795
DEBUG: evaluate returned crazy score! stand_pat=31795
DEBUG: child returned INF! depth=1 score=-30000
DEBUG EVAL: material=-31800 pst=15 total=-31785
DEBUG: evaluate returned crazy score! stand_pat=31785
DEBUG: child returned INF! depth=1 score=-30000
DEBUG EVAL: material=-31800 pst=55 total=-31745
DEBUG: evaluate returned crazy score! stand_pat=31745
DEBUG: child returned INF! depth=1 score=-30000
DEBUG EVAL: material=-31800 pst=15 total=-31785
DEBUG: evaluate returned crazy score! stand_pat=31785
DEBUG: child returned INF! depth=1 score=-30000
DEBUG EVAL: material=-31800 pst=-15 total=-31815
DEBUG: evaluate returned crazy score! stand_pat=31815
DEBUG: child returned INF! depth=1 score=-30000
DEBUG EVAL: material=-31800 pst=-15 total=-31815
DEBUG: evaluate returned crazy score! stand_pat=31815
DEBUG: child returned INF! depth=1 score=-30000
DEBUG EVAL: material=-31800 pst=-15 total=-31815
DEBUG: evaluate returned crazy score! stand_pat=31815
DEBUG: child returned INF! depth=1 score=-30000
DEBUG EVAL: material=-31800 pst=-15 total=-31815
DEBUG: evaluate returned crazy score! stand_pat=31815
DEBUG: child returned INF! depth=1 score=-30000
DEBUG EVAL: material=-31800 pst=-15 total=-31815
DEBUG: evaluate returned crazy score! stand_pat=31815
DEBUG: child returned INF! depth=1 score=-30000
DEBUG EVAL: material=-31800 pst=-15 total=-31815
DEBUG: evaluate returned crazy score! stand_pat=31815
DEBUG: child returned INF! depth=1 score=-30000
DEBUG EVAL: material=-31800 pst=5 total=-31795
DEBUG: evaluate returned crazy score! stand_pat=31795
DEBUG: child returned INF! depth=1 score=-30000
DEBUG EVAL: material=-31800 pst=5 total=-31795
DEBUG: evaluate returned crazy score! stand_pat=31795
DEBUG: child returned INF! depth=1 score=-30000
DEBUG EVAL: material=-31800 pst=5 total=-31795
DEBUG: evaluate returned crazy score! stand_pat=31795
DEBUG: child returned INF! depth=1 score=-30000
DEBUG EVAL: material=-31800 pst=-15 total=-31815
DEBUG: evaluate returned crazy score! stand_pat=31815
DEBUG: child returned INF! depth=1 score=-30000
DEBUG EVAL: material=-31800 pst=-15 total=-31815
DEBUG: evaluate returned crazy score! stand_pat=31815
DEBUG: child returned INF! depth=1 score=-30000
DEBUG EVAL: material=-31800 pst=-15 total=-31815
DEBUG: evaluate returned crazy score! stand_pat=31815
DEBUG: child returned INF! depth=1 score=-30000
DEBUG EVAL: material=-31800 pst=15 total=-31785
DEBUG: evaluate returned crazy score! stand_pat=31785
DEBUG: child returned INF! depth=1 score=-30000
DEBUG EVAL: material=-31800 pst=-15 total=-31815
DEBUG: evaluate returned crazy score! stand_pat=31815
DEBUG: child returned INF! depth=1 score=-30000
DEBUG EVAL: material=-31800 pst=-15 total=-31815
DEBUG: evaluate returned crazy score! stand_pat=31815
DEBUG: child returned INF! depth=1 score=-30000
DEBUG EVAL: material=-31800 pst=-15 total=-31815
DEBUG: evaluate returned crazy score! stand_pat=31815
DEBUG: child returned INF! depth=1 score=-30000
DEBUG EVAL: material=-31800 pst=-15 total=-31815
DEBUG: evaluate returned crazy score! stand_pat=31815
DEBUG: child returned INF! depth=1 score=-30000
DEBUG EVAL: material=-31800 pst=-15 total=-31815
DEBUG: evaluate returned crazy score! stand_pat=31815
DEBUG: child returned INF! depth=1 score=-30000
DEBUG EVAL: material=-31800 pst=10 total=-31790
DEBUG: evaluate returned crazy score! stand_pat=31790
DEBUG: child returned INF! depth=1 score=-30000
DEBUG EVAL: material=-31800 pst=15 total=-31785
DEBUG: evaluate returned crazy score! stand_pat=31785
DEBUG: child returned INF! depth=1 score=-30000
DEBUG EVAL: material=-31800 pst=10 total=-31790
DEBUG: evaluate returned crazy score! stand_pat=31790
DEBUG: child returned INF! depth=1 score=-30000
DEBUG EVAL: material=-31800 pst=5 total=-31795
DEBUG: evaluate returned crazy score! stand_pat=31795
DEBUG: child returned INF! depth=1 score=-30000
DEBUG EVAL: material=-31800 pst=10 total=-31790
DEBUG: evaluate returned crazy score! stand_pat=31790
DEBUG: child returned INF! depth=1 score=-30000
DEBUG EVAL: material=-31800 pst=55 total=-31745
DEBUG: evaluate returned crazy score! stand_pat=31745
DEBUG: child returned INF! depth=1 score=-30000
DEBUG EVAL: material=-31800 pst=5 total=-31795
DEBUG: evaluate returned crazy score! stand_pat=31795
DEBUG: child returned INF! depth=1 score=-30000
DEBUG EVAL: material=-31800 pst=0 total=-31800
DEBUG: evaluate returned crazy score! stand_pat=31800
DEBUG: child returned INF! depth=1 score=-30000
DEBUG EVAL: material=-31800 pst=10 total=-31790
DEBUG: evaluate returned crazy score! stand_pat=31790
DEBUG: child returned INF! depth=1 score=-30000
DEBUG EVAL: material=-31800 pst=15 total=-31785
DEBUG: evaluate returned crazy score! stand_pat=31785
DEBUG: child returned INF! depth=1 score=-30000
DEBUG EVAL: material=-31800 pst=15 total=-31785
DEBUG: evaluate returned crazy score! stand_pat=31785
DEBUG: child returned INF! depth=1 score=-30000
DEBUG EVAL: material=-31800 pst=15 total=-31785
DEBUG: evaluate returned crazy score! stand_pat=31785
DEBUG: child returned INF! depth=1 score=-30000
DEBUG EVAL: material=-31800 pst=15 total=-31785
DEBUG: evaluate returned crazy score! stand_pat=31785
DEBUG: child returned INF! depth=1 score=-30000
DEBUG EVAL: material=-31800 pst=10 total=-31790
DEBUG: evaluate returned crazy score! stand_pat=31790
DEBUG: child returned INF! depth=1 score=-30000
DEBUG EVAL: material=-31800 pst=5 total=-31795
DEBUG: evaluate returned crazy score! stand_pat=31795
DEBUG: child returned INF! depth=1 score=-30000
DEBUG EVAL: material=-31800 pst=0 total=-31800
DEBUG: evaluate returned crazy score! stand_pat=31800
DEBUG: child returned INF! depth=1 score=-30000
DEBUG EVAL: material=-31800 pst=-15 total=-31815
DEBUG: evaluate returned crazy score! stand_pat=31815
DEBUG: child returned INF! depth=1 score=-30000
DEBUG: negamax returning -INF! depth=1 ply=5 legal_moves=45 alpha=-30000 beta=90
DEBUG: child returned INF! depth=3 score=-30000
DEBUG EVAL: material=-31700 pst=25 total=-31675
DEBUG: evaluate returned crazy score! stand_pat=31675
DEBUG: child returned INF! depth=1 score=-30000
DEBUG EVAL: material=-31800 pst=50 total=-31750
DEBUG: evaluate returned crazy score! stand_pat=31750
DEBUG: child returned INF! depth=1 score=-30000
DEBUG EVAL: material=-31800 pst=5 total=-31795
DEBUG: evaluate returned crazy score! stand_pat=31795
DEBUG: child returned INF! depth=1 score=-30000
DEBUG EVAL: material=-31800 pst=10 total=-31790
DEBUG: evaluate returned crazy score! stand_pat=31790
DEBUG: child returned INF! depth=1 score=-30000
DEBUG EVAL: material=-31800 pst=15 total=-31785
DEBUG: evaluate returned crazy score! stand_pat=31785
DEBUG: child returned INF! depth=1 score=-30000
DEBUG EVAL: material=-31800 pst=15 total=-31785
DEBUG: evaluate returned crazy score! stand_pat=31785
DEBUG: child returned INF! depth=1 score=-30000
DEBUG EVAL: material=-31800 pst=15 total=-31785
DEBUG: evaluate returned crazy score! stand_pat=31785
DEBUG: child returned INF! depth=1 score=-30000
DEBUG EVAL: material=-31800 pst=55 total=-31745
DEBUG: evaluate returned crazy score! stand_pat=31745
DEBUG: child returned INF! depth=1 score=-30000
DEBUG EVAL: material=-31800 pst=15 total=-31785
DEBUG: evaluate returned crazy score! stand_pat=31785
DEBUG: child returned INF! depth=1 score=-30000
DEBUG EVAL: material=-31800 pst=25 total=-31775
DEBUG: evaluate returned crazy score! stand_pat=31775
DEBUG: child returned INF! depth=1 score=-30000
DEBUG EVAL: material=-31800 pst=25 total=-31775
DEBUG: evaluate returned crazy score! stand_pat=31775
DEBUG: child returned INF! depth=1 score=-30000
DEBUG EVAL: material=-31800 pst=20 total=-31780
DEBUG: evaluate returned crazy score! stand_pat=31780
DEBUG: child returned INF! depth=1 score=-30000
DEBUG EVAL: material=-31800 pst=5 total=-31795
DEBUG: evaluate returned crazy score! stand_pat=31795
DEBUG: child returned INF! depth=1 score=-30000
DEBUG EVAL: material=-31800 pst=15 total=-31785
DEBUG: evaluate returned crazy score! stand_pat=31785
DEBUG: child returned INF! depth=1 score=-30000
DEBUG EVAL: material=-31800 pst=55 total=-31745
DEBUG: evaluate returned crazy score! stand_pat=31745
DEBUG: child returned INF! depth=1 score=-30000
DEBUG EVAL: material=-31800 pst=15 total=-31785
DEBUG: evaluate returned crazy score! stand_pat=31785
DEBUG: child returned INF! depth=1 score=-30000
DEBUG EVAL: material=-31800 pst=-15 total=-31815
DEBUG: evaluate returned crazy score! stand_pat=31815
DEBUG: child returned INF! depth=1 score=-30000
DEBUG EVAL: material=-31800 pst=-15 total=-31815
DEBUG: evaluate returned crazy score! stand_pat=31815
DEBUG: child returned INF! depth=1 score=-30000
DEBUG EVAL: material=-31800 pst=-15 total=-31815
DEBUG: evaluate returned crazy score! stand_pat=31815
DEBUG: child returned INF! depth=1 score=-30000
DEBUG EVAL: material=-31800 pst=-15 total=-31815
DEBUG: evaluate returned crazy score! stand_pat=31815
DEBUG: child returned INF! depth=1 score=-30000
DEBUG EVAL: material=-31800 pst=-15 total=-31815
DEBUG: evaluate returned crazy score! stand_pat=31815
DEBUG: child returned INF! depth=1 score=-30000
DEBUG EVAL: material=-31800 pst=-15 total=-31815
DEBUG: evaluate returned crazy score! stand_pat=31815
DEBUG: child returned INF! depth=1 score=-30000
DEBUG EVAL: material=-31800 pst=5 total=-31795
DEBUG: evaluate returned crazy score! stand_pat=31795
DEBUG: child returned INF! depth=1 score=-30000
DEBUG EVAL: material=-31800 pst=5 total=-31795
DEBUG: evaluate returned crazy score! stand_pat=31795
DEBUG: child returned INF! depth=1 score=-30000
DEBUG EVAL: material=-31800 pst=-15 total=-31815
DEBUG: evaluate returned crazy score! stand_pat=31815
DEBUG: child returned INF! depth=1 score=-30000
DEBUG EVAL: material=-31800 pst=-15 total=-31815
DEBUG: evaluate returned crazy score! stand_pat=31815
DEBUG: child returned INF! depth=1 score=-30000
DEBUG EVAL: material=-31800 pst=-15 total=-31815
DEBUG: evaluate returned crazy score! stand_pat=31815
DEBUG: child returned INF! depth=1 score=-30000
DEBUG EVAL: material=-31800 pst=-15 total=-31815
DEBUG: evaluate returned crazy score! stand_pat=31815
DEBUG: child returned INF! depth=1 score=-30000
DEBUG EVAL: material=-31800 pst=-15 total=-31815
DEBUG: evaluate returned crazy score! stand_pat=31815
DEBUG: child returned INF! depth=1 score=-30000
DEBUG EVAL: material=-31800 pst=-15 total=-31815
DEBUG: evaluate returned crazy score! stand_pat=31815
DEBUG: child returned INF! depth=1 score=-30000
DEBUG EVAL: material=-31800 pst=-15 total=-31815
DEBUG: evaluate returned crazy score! stand_pat=31815
DEBUG: child returned INF! depth=1 score=-30000
DEBUG EVAL: material=-31800 pst=-15 total=-31815
DEBUG: evaluate returned crazy score! stand_pat=31815
DEBUG: child returned INF! depth=1 score=-30000
DEBUG EVAL: material=-31800 pst=-15 total=-31815
DEBUG: evaluate returned crazy score! stand_pat=31815
DEBUG: child returned INF! depth=1 score=-30000
DEBUG: negamax returning -INF! depth=1 ply=5 legal_moves=33 alpha=-30000 beta=90
DEBUG: child returned INF! depth=3 score=-30000
DEBUG EVAL: material=-31800 pst=25 total=-31775
DEBUG: evaluate returned crazy score! stand_pat=31775
DEBUG: child returned INF! depth=1 score=-30000
DEBUG EVAL: material=-31800 pst=65 total=-31735
DEBUG: evaluate returned crazy score! stand_pat=31735
DEBUG: child returned INF! depth=1 score=-30000
DEBUG EVAL: material=-31800 pst=15 total=-31785
DEBUG: evaluate returned crazy score! stand_pat=31785
DEBUG: child returned INF! depth=1 score=-30000
DEBUG EVAL: material=-31800 pst=10 total=-31790
DEBUG: evaluate returned crazy score! stand_pat=31790
DEBUG: child returned INF! depth=1 score=-30000
DEBUG EVAL: material=-31800 pst=65 total=-31735
DEBUG: evaluate returned crazy score! stand_pat=31735
DEBUG: child returned INF! depth=1 score=-30000
DEBUG EVAL: material=-31800 pst=25 total=-31775
DEBUG: evaluate returned crazy score! stand_pat=31775
DEBUG: child returned INF! depth=1 score=-30000
DEBUG EVAL: material=-31800 pst=-5 total=-31805
DEBUG: evaluate returned crazy score! stand_pat=31805
DEBUG: child returned INF! depth=1 score=-30000
DEBUG EVAL: material=-31800 pst=-5 total=-31805
DEBUG: evaluate returned crazy score! stand_pat=31805
DEBUG: child returned INF! depth=1 score=-30000
DEBUG EVAL: material=-31800 pst=-5 total=-31805
DEBUG: evaluate returned crazy score! stand_pat=31805
DEBUG: child returned INF! depth=1 score=-30000
DEBUG EVAL: material=-31800 pst=-5 total=-31805
DEBUG: evaluate returned crazy score! stand_pat=31805
DEBUG: child returned INF! depth=1 score=-30000
DEBUG EVAL: material=-31800 pst=-5 total=-31805
DEBUG: evaluate returned crazy score! stand_pat=31805
DEBUG: child returned INF! depth=1 score=-30000
DEBUG EVAL: material=-31800 pst=-5 total=-31805
DEBUG: evaluate returned crazy score! stand_pat=31805
DEBUG: child returned INF! depth=1 score=-30000
DEBUG EVAL: material=-31800 pst=15 total=-31785
DEBUG: evaluate returned crazy score! stand_pat=31785
DEBUG: child returned INF! depth=1 score=-30000
DEBUG EVAL: material=-31800 pst=-5 total=-31805
DEBUG: evaluate returned crazy score! stand_pat=31805
DEBUG: child returned INF! depth=1 score=-30000
DEBUG EVAL: material=-31800 pst=-5 total=-31805
DEBUG: evaluate returned crazy score! stand_pat=31805
DEBUG: child returned INF! depth=1 score=-30000
DEBUG EVAL: material=-31800 pst=-5 total=-31805
DEBUG: evaluate returned crazy score! stand_pat=31805
DEBUG: child returned INF! depth=1 score=-30000
DEBUG EVAL: material=-31800 pst=5 total=-31795
DEBUG: evaluate returned crazy score! stand_pat=31795
DEBUG: child returned INF! depth=1 score=-30000
DEBUG EVAL: material=-31800 pst=25 total=-31775
DEBUG: evaluate returned crazy score! stand_pat=31775
DEBUG: child returned INF! depth=1 score=-30000
DEBUG EVAL: material=-31800 pst=25 total=-31775
DEBUG: evaluate returned crazy score! stand_pat=31775
DEBUG: child returned INF! depth=1 score=-30000
DEBUG EVAL: material=-31800 pst=20 total=-31780
DEBUG: evaluate returned crazy score! stand_pat=31780
DEBUG: child returned INF! depth=1 score=-30000
DEBUG EVAL: material=-31800 pst=5 total=-31795
DEBUG: evaluate returned crazy score! stand_pat=31795
DEBUG: child returned INF! depth=1 score=-30000
DEBUG EVAL: material=-31800 pst=25 total=-31775
DEBUG: evaluate returned crazy score! stand_pat=31775
DEBUG: child returned INF! depth=1 score=-30000
DEBUG EVAL: material=-31800 pst=15 total=-31785
DEBUG: evaluate returned crazy score! stand_pat=31785
DEBUG: child returned INF! depth=1 score=-30000
DEBUG EVAL: material=-31800 pst=5 total=-31795
DEBUG: evaluate returned crazy score! stand_pat=31795
DEBUG: child returned INF! depth=1 score=-30000
DEBUG EVAL: material=-31800 pst=-5 total=-31805
DEBUG: evaluate returned crazy score! stand_pat=31805
DEBUG: child returned INF! depth=1 score=-30000
DEBUG EVAL: material=-31800 pst=-5 total=-31805
DEBUG: evaluate returned crazy score! stand_pat=31805
DEBUG: child returned INF! depth=1 score=-30000
DEBUG EVAL: material=-31800 pst=-5 total=-31805
DEBUG: evaluate returned crazy score! stand_pat=31805
DEBUG: child returned INF! depth=1 score=-30000
DEBUG EVAL: material=-31800 pst=-5 total=-31805
DEBUG: evaluate returned crazy score! stand_pat=31805
DEBUG: child returned INF! depth=1 score=-30000
DEBUG EVAL: material=-31800 pst=-5 total=-31805
DEBUG: evaluate returned crazy score! stand_pat=31805
DEBUG: child returned INF! depth=1 score=-30000
DEBUG EVAL: material=-31800 pst=-5 total=-31805
DEBUG: evaluate returned crazy score! stand_pat=31805
DEBUG: child returned INF! depth=1 score=-30000
DEBUG: negamax returning -INF! depth=1 ply=5 legal_moves=30 alpha=-30000 beta=90
DEBUG: child returned INF! depth=3 score=-30000
DEBUG EVAL: material=-31700 pst=5 total=-31695
DEBUG: evaluate returned crazy score! stand_pat=31695
DEBUG: child returned INF! depth=1 score=-30000
DEBUG EVAL: material=-31800 pst=35 total=-31765
DEBUG: evaluate returned crazy score! stand_pat=31765
DEBUG: child returned INF! depth=1 score=-30000
DEBUG EVAL: material=-31800 pst=70 total=-31730
DEBUG: evaluate returned crazy score! stand_pat=31730
DEBUG: child returned INF! depth=1 score=-30000
DEBUG EVAL: material=-31800 pst=30 total=-31770
DEBUG: evaluate returned crazy score! stand_pat=31770
DEBUG: child returned INF! depth=1 score=-30000
DEBUG EVAL: material=-31800 pst=30 total=-31770
DEBUG: evaluate returned crazy score! stand_pat=31770
DEBUG: child returned INF! depth=1 score=-30000
DEBUG EVAL: material=-31800 pst=25 total=-31775
DEBUG: evaluate returned crazy score! stand_pat=31775
DEBUG: child returned INF! depth=1 score=-30000
DEBUG EVAL: material=-31800 pst=25 total=-31775
DEBUG: evaluate returned crazy score! stand_pat=31775
DEBUG: child returned INF! depth=1 score=-30000
DEBUG EVAL: material=-31800 pst=20 total=-31780
DEBUG: evaluate returned crazy score! stand_pat=31780
DEBUG: child returned INF! depth=1 score=-30000
DEBUG EVAL: material=-31800 pst=75 total=-31725
DEBUG: evaluate returned crazy score! stand_pat=31725
DEBUG: child returned INF! depth=1 score=-30000
DEBUG EVAL: material=-31800 pst=75 total=-31725
DEBUG: evaluate returned crazy score! stand_pat=31725
DEBUG: child returned INF! depth=1 score=-30000
DEBUG EVAL: material=-31800 pst=35 total=-31765
DEBUG: evaluate returned crazy score! stand_pat=31765
DEBUG: child returned INF! depth=1 score=-30000
DEBUG EVAL: material=-31800 pst=5 total=-31795
DEBUG: evaluate returned crazy score! stand_pat=31795
DEBUG: child returned INF! depth=1 score=-30000
DEBUG EVAL: material=-31800 pst=5 total=-31795
DEBUG: evaluate returned crazy score! stand_pat=31795
DEBUG: child returned INF! depth=1 score=-30000
DEBUG EVAL: material=-31800 pst=5 total=-31795
DEBUG: evaluate returned crazy score! stand_pat=31795
DEBUG: child returned INF! depth=1 score=-30000
DEBUG EVAL: material=-31800 pst=5 total=-31795
DEBUG: evaluate returned crazy score! stand_pat=31795
DEBUG: child returned INF! depth=1 score=-30000
DEBUG EVAL: material=-31800 pst=5 total=-31795
DEBUG: evaluate returned crazy score! stand_pat=31795
DEBUG: child returned INF! depth=1 score=-30000
DEBUG EVAL: material=-31800 pst=5 total=-31795
DEBUG: evaluate returned crazy score! stand_pat=31795
DEBUG: child returned INF! depth=1 score=-30000
DEBUG EVAL: material=-31800 pst=25 total=-31775
DEBUG: evaluate returned crazy score! stand_pat=31775
DEBUG: child returned INF! depth=1 score=-30000
DEBUG EVAL: material=-31800 pst=35 total=-31765
DEBUG: evaluate returned crazy score! stand_pat=31765
DEBUG: child returned INF! depth=1 score=-30000
DEBUG EVAL: material=-31800 pst=5 total=-31795
DEBUG: evaluate returned crazy score! stand_pat=31795
DEBUG: child returned INF! depth=1 score=-30000
DEBUG EVAL: material=-31800 pst=5 total=-31795
DEBUG: evaluate returned crazy score! stand_pat=31795
DEBUG: child returned INF! depth=1 score=-30000
DEBUG EVAL: material=-31800 pst=5 total=-31795
DEBUG: evaluate returned crazy score! stand_pat=31795
DEBUG: child returned INF! depth=1 score=-30000
DEBUG EVAL: material=-31800 pst=5 total=-31795
DEBUG: evaluate returned crazy score! stand_pat=31795
DEBUG: child returned INF! depth=1 score=-30000
DEBUG EVAL: material=-31800 pst=5 total=-31795
DEBUG: evaluate returned crazy score! stand_pat=31795
DEBUG: child returned INF! depth=1 score=-30000
DEBUG EVAL: material=-31800 pst=5 total=-31795
DEBUG: evaluate returned crazy score! stand_pat=31795
DEBUG: child returned INF! depth=1 score=-30000
DEBUG EVAL: material=-31800 pst=5 total=-31795
DEBUG: evaluate returned crazy score! stand_pat=31795
DEBUG: child returned INF! depth=1 score=-30000
DEBUG EVAL: material=-31800 pst=5 total=-31795
DEBUG: evaluate returned crazy score! stand_pat=31795
DEBUG: child returned INF! depth=1 score=-30000
DEBUG EVAL: material=-31800 pst=15 total=-31785
DEBUG: evaluate returned crazy score! stand_pat=31785
DEBUG: child returned INF! depth=1 score=-30000
DEBUG EVAL: material=-31800 pst=5 total=-31795
DEBUG: evaluate returned crazy score! stand_pat=31795
DEBUG: child returned INF! depth=1 score=-30000
DEBUG EVAL: material=-31800 pst=25 total=-31775
DEBUG: evaluate returned crazy score! stand_pat=31775
DEBUG: child returned INF! depth=1 score=-30000
DEBUG EVAL: material=-31800 pst=20 total=-31780
DEBUG: evaluate returned crazy score! stand_pat=31780
DEBUG: child returned INF! depth=1 score=-30000
DEBUG EVAL: material=-31800 pst=5 total=-31795
DEBUG: evaluate returned crazy score! stand_pat=31795
DEBUG: child returned INF! depth=1 score=-30000
DEBUG EVAL: material=-31800 pst=25 total=-31775
DEBUG: evaluate returned crazy score! stand_pat=31775
DEBUG: child returned INF! depth=1 score=-30000
DEBUG EVAL: material=-31800 pst=20 total=-31780
DEBUG: evaluate returned crazy score! stand_pat=31780
DEBUG: child returned INF! depth=1 score=-30000
DEBUG EVAL: material=-31800 pst=15 total=-31785
DEBUG: evaluate returned crazy score! stand_pat=31785
DEBUG: child returned INF! depth=1 score=-30000
DEBUG EVAL: material=-31800 pst=25 total=-31775
DEBUG: evaluate returned crazy score! stand_pat=31775
DEBUG: child returned INF! depth=1 score=-30000
DEBUG: negamax returning -INF! depth=1 ply=5 legal_moves=36 alpha=-30000 beta=90
DEBUG: child returned INF! depth=3 score=-30000
DEBUG EVAL: material=-31700 pst=35 total=-31665
DEBUG: evaluate returned crazy score! stand_pat=31665
DEBUG: child returned INF! depth=1 score=-30000
DEBUG EVAL: material=-31800 pst=35 total=-31765
DEBUG: evaluate returned crazy score! stand_pat=31765
DEBUG: child returned INF! depth=1 score=-30000
DEBUG EVAL: material=-31800 pst=70 total=-31730
DEBUG: evaluate returned crazy score! stand_pat=31730
DEBUG: child returned INF! depth=1 score=-30000
DEBUG EVAL: material=-31800 pst=30 total=-31770
DEBUG: evaluate returned crazy score! stand_pat=31770
DEBUG: child returned INF! depth=1 score=-30000
DEBUG EVAL: material=-31800 pst=30 total=-31770
DEBUG: evaluate returned crazy score! stand_pat=31770
DEBUG: child returned INF! depth=1 score=-30000
DEBUG EVAL: material=-31800 pst=25 total=-31775
DEBUG: evaluate returned crazy score! stand_pat=31775
DEBUG: child returned INF! depth=1 score=-30000
DEBUG EVAL: material=-31800 pst=25 total=-31775
DEBUG: evaluate returned crazy score! stand_pat=31775
DEBUG: child returned INF! depth=1 score=-30000
DEBUG EVAL: material=-31800 pst=20 total=-31780
DEBUG: evaluate returned crazy score! stand_pat=31780
DEBUG: child returned INF! depth=1 score=-30000
DEBUG EVAL: material=-31800 pst=75 total=-31725
DEBUG: evaluate returned crazy score! stand_pat=31725
DEBUG: child returned INF! depth=1 score=-30000
DEBUG EVAL: material=-31800 pst=75 total=-31725
DEBUG: evaluate returned crazy score! stand_pat=31725
DEBUG: child returned INF! depth=1 score=-30000
DEBUG EVAL: material=-31800 pst=35 total=-31765
DEBUG: evaluate returned crazy score! stand_pat=31765
DEBUG: child returned INF! depth=1 score=-30000
DEBUG EVAL: material=-31800 pst=5 total=-31795
DEBUG: evaluate returned crazy score! stand_pat=31795
DEBUG: child returned INF! depth=1 score=-30000
DEBUG EVAL: material=-31800 pst=5 total=-31795
DEBUG: evaluate returned crazy score! stand_pat=31795
DEBUG: child returned INF! depth=1 score=-30000
DEBUG EVAL: material=-31800 pst=5 total=-31795
DEBUG: evaluate returned crazy score! stand_pat=31795
DEBUG: child returned INF! depth=1 score=-30000
DEBUG EVAL: material=-31800 pst=5 total=-31795
DEBUG: evaluate returned crazy score! stand_pat=31795
DEBUG: child returned INF! depth=1 score=-30000
DEBUG EVAL: material=-31800 pst=5 total=-31795
DEBUG: evaluate returned crazy score! stand_pat=31795
DEBUG: child returned INF! depth=1 score=-30000
DEBUG EVAL: material=-31800 pst=25 total=-31775
DEBUG: evaluate returned crazy score! stand_pat=31775
DEBUG: child returned INF! depth=1 score=-30000
DEBUG EVAL: material=-31800 pst=35 total=-31765
DEBUG: evaluate returned crazy score! stand_pat=31765
DEBUG: child returned INF! depth=1 score=-30000
DEBUG EVAL: material=-31800 pst=5 total=-31795
DEBUG: evaluate returned crazy score! stand_pat=31795
DEBUG: child returned INF! depth=1 score=-30000
DEBUG EVAL: material=-31800 pst=5 total=-31795
DEBUG: evaluate returned crazy score! stand_pat=31795
DEBUG: child returned INF! depth=1 score=-30000
DEBUG EVAL: material=-31800 pst=5 total=-31795
DEBUG: evaluate returned crazy score! stand_pat=31795
DEBUG: child returned INF! depth=1 score=-30000
DEBUG EVAL: material=-31800 pst=5 total=-31795
DEBUG: evaluate returned crazy score! stand_pat=31795
DEBUG: child returned INF! depth=1 score=-30000
DEBUG EVAL: material=-31800 pst=5 total=-31795
DEBUG: evaluate returned crazy score! stand_pat=31795
DEBUG: child returned INF! depth=1 score=-30000
DEBUG EVAL: material=-31800 pst=5 total=-31795
DEBUG: evaluate returned crazy score! stand_pat=31795
DEBUG: child returned INF! depth=1 score=-30000
DEBUG EVAL: material=-31800 pst=5 total=-31795
DEBUG: evaluate returned crazy score! stand_pat=31795
DEBUG: child returned INF! depth=1 score=-30000
DEBUG EVAL: material=-31800 pst=5 total=-31795
DEBUG: evaluate returned crazy score! stand_pat=31795
DEBUG: child returned INF! depth=1 score=-30000
DEBUG EVAL: material=-31800 pst=5 total=-31795
DEBUG: evaluate returned crazy score! stand_pat=31795
DEBUG: child returned INF! depth=1 score=-30000
DEBUG EVAL: material=-31800 pst=25 total=-31775
DEBUG: evaluate returned crazy score! stand_pat=31775
DEBUG: child returned INF! depth=1 score=-30000
DEBUG EVAL: material=-31800 pst=25 total=-31775
DEBUG: evaluate returned crazy score! stand_pat=31775
DEBUG: child returned INF! depth=1 score=-30000
DEBUG EVAL: material=-31800 pst=15 total=-31785
DEBUG: evaluate returned crazy score! stand_pat=31785
DEBUG: child returned INF! depth=1 score=-30000
DEBUG EVAL: material=-31800 pst=5 total=-31795
DEBUG: evaluate returned crazy score! stand_pat=31795
DEBUG: child returned INF! depth=1 score=-30000
DEBUG EVAL: material=-31800 pst=20 total=-31780
DEBUG: evaluate returned crazy score! stand_pat=31780
DEBUG: child returned INF! depth=1 score=-30000
DEBUG EVAL: material=-31800 pst=5 total=-31795
DEBUG: evaluate returned crazy score! stand_pat=31795
DEBUG: child returned INF! depth=1 score=-30000
DEBUG EVAL: material=-31800 pst=25 total=-31775
DEBUG: evaluate returned crazy score! stand_pat=31775
DEBUG: child returned INF! depth=1 score=-30000
DEBUG EVAL: material=-31800 pst=25 total=-31775
DEBUG: evaluate returned crazy score! stand_pat=31775
DEBUG: child returned INF! depth=1 score=-30000
DEBUG: negamax returning -INF! depth=1 ply=5 legal_moves=35 alpha=-30000 beta=90
DEBUG: child returned INF! depth=3 score=-30000
DEBUG EVAL: material=-32130 pst=55 total=-32075
DEBUG: evaluate returned crazy score! stand_pat=32075
DEBUG: child returned INF! depth=1 score=-30000
DEBUG EVAL: material=-32130 pst=90 total=-32040
DEBUG: evaluate returned crazy score! stand_pat=32040
DEBUG: child returned INF! depth=1 score=-30000
DEBUG EVAL: material=-32130 pst=50 total=-32080
DEBUG: evaluate returned crazy score! stand_pat=32080
DEBUG: child returned INF! depth=1 score=-30000
DEBUG EVAL: material=-32130 pst=95 total=-32035
DEBUG: evaluate returned crazy score! stand_pat=32035
DEBUG: child returned INF! depth=1 score=-30000
DEBUG EVAL: material=-32130 pst=50 total=-32080
DEBUG: evaluate returned crazy score! stand_pat=32080
DEBUG: child returned INF! depth=1 score=-30000
DEBUG EVAL: material=-32130 pst=45 total=-32085
DEBUG: evaluate returned crazy score! stand_pat=32085
DEBUG: child returned INF! depth=1 score=-30000
DEBUG EVAL: material=-32130 pst=45 total=-32085
DEBUG: evaluate returned crazy score! stand_pat=32085
DEBUG: child returned INF! depth=1 score=-30000
DEBUG EVAL: material=-32130 pst=40 total=-32090
DEBUG: evaluate returned crazy score! stand_pat=32090
DEBUG: child returned INF! depth=1 score=-30000
DEBUG EVAL: material=-32130 pst=55 total=-32075
DEBUG: evaluate returned crazy score! stand_pat=32075
DEBUG: child returned INF! depth=1 score=-30000
DEBUG EVAL: material=-32130 pst=95 total=-32035
DEBUG: evaluate returned crazy score! stand_pat=32035
DEBUG: child returned INF! depth=1 score=-30000
DEBUG EVAL: material=-32130 pst=55 total=-32075
DEBUG: evaluate returned crazy score! stand_pat=32075
DEBUG: child returned INF! depth=1 score=-30000
DEBUG EVAL: material=-32130 pst=25 total=-32105
DEBUG: evaluate returned crazy score! stand_pat=32105
DEBUG: child returned INF! depth=1 score=-30000
DEBUG EVAL: material=-32130 pst=25 total=-32105
DEBUG: evaluate returned crazy score! stand_pat=32105
DEBUG: child returned INF! depth=1 score=-30000
DEBUG EVAL: material=-32130 pst=25 total=-32105
DEBUG: evaluate returned crazy score! stand_pat=32105
DEBUG: child returned INF! depth=1 score=-30000
DEBUG EVAL: material=-32130 pst=25 total=-32105
DEBUG: evaluate returned crazy score! stand_pat=32105
DEBUG: child returned INF! depth=1 score=-30000
DEBUG EVAL: material=-32130 pst=25 total=-32105
DEBUG: evaluate returned crazy score! stand_pat=32105
DEBUG: child returned INF! depth=1 score=-30000
DEBUG EVAL: material=-32130 pst=25 total=-32105
DEBUG: evaluate returned crazy score! stand_pat=32105
DEBUG: child returned INF! depth=1 score=-30000
DEBUG EVAL: material=-32130 pst=45 total=-32085
DEBUG: evaluate returned crazy score! stand_pat=32085
DEBUG: child returned INF! depth=1 score=-30000
DEBUG EVAL: material=-32130 pst=45 total=-32085
DEBUG: evaluate returned crazy score! stand_pat=32085
DEBUG: child returned INF! depth=1 score=-30000
DEBUG EVAL: material=-32130 pst=25 total=-32105
DEBUG: evaluate returned crazy score! stand_pat=32105
DEBUG: child returned INF! depth=1 score=-30000
DEBUG EVAL: material=-32130 pst=25 total=-32105
DEBUG: evaluate returned crazy score! stand_pat=32105
DEBUG: child returned INF! depth=1 score=-30000
DEBUG EVAL: material=-32130 pst=25 total=-32105
DEBUG: evaluate returned crazy score! stand_pat=32105
DEBUG: child returned INF! depth=1 score=-30000
DEBUG EVAL: material=-32130 pst=25 total=-32105
DEBUG: evaluate returned crazy score! stand_pat=32105
DEBUG: child returned INF! depth=1 score=-30000
DEBUG EVAL: material=-32130 pst=25 total=-32105
DEBUG: evaluate returned crazy score! stand_pat=32105
DEBUG: child returned INF! depth=1 score=-30000
DEBUG EVAL: material=-32130 pst=25 total=-32105
DEBUG: evaluate returned crazy score! stand_pat=32105
DEBUG: child returned INF! depth=1 score=-30000
DEBUG EVAL: material=-32130 pst=25 total=-32105
DEBUG: evaluate returned crazy score! stand_pat=32105
DEBUG: child returned INF! depth=1 score=-30000
DEBUG EVAL: material=-32130 pst=25 total=-32105
DEBUG: evaluate returned crazy score! stand_pat=32105
DEBUG: child returned INF! depth=1 score=-30000
DEBUG EVAL: material=-32130 pst=25 total=-32105
DEBUG: evaluate returned crazy score! stand_pat=32105
DEBUG: child returned INF! depth=1 score=-30000
DEBUG: negamax returning -INF! depth=1 ply=5 legal_moves=28 alpha=-30000 beta=90
DEBUG: child returned INF! depth=3 score=-30000
DEBUG EVAL: material=-32130 pst=45 total=-32085
DEBUG: evaluate returned crazy score! stand_pat=32085
DEBUG: child returned INF! depth=1 score=-30000
DEBUG EVAL: material=-32130 pst=80 total=-32050
DEBUG: evaluate returned crazy score! stand_pat=32050
DEBUG: child returned INF! depth=1 score=-30000
DEBUG EVAL: material=-32130 pst=40 total=-32090
DEBUG: evaluate returned crazy score! stand_pat=32090
DEBUG: child returned INF! depth=1 score=-30000
DEBUG EVAL: material=-32130 pst=85 total=-32045
DEBUG: evaluate returned crazy score! stand_pat=32045
DEBUG: child returned INF! depth=1 score=-30000
DEBUG EVAL: material=-32130 pst=40 total=-32090
DEBUG: evaluate returned crazy score! stand_pat=32090
DEBUG: child returned INF! depth=1 score=-30000
DEBUG EVAL: material=-32130 pst=35 total=-32095
DEBUG: evaluate returned crazy score! stand_pat=32095
DEBUG: child returned INF! depth=1 score=-30000
DEBUG EVAL: material=-32130 pst=35 total=-32095
DEBUG: evaluate returned crazy score! stand_pat=32095
DEBUG: child returned INF! depth=1 score=-30000
DEBUG EVAL: material=-32130 pst=30 total=-32100
DEBUG: evaluate returned crazy score! stand_pat=32100
DEBUG: child returned INF! depth=1 score=-30000
DEBUG EVAL: material=-32130 pst=45 total=-32085
DEBUG: evaluate returned crazy score! stand_pat=32085
DEBUG: child returned INF! depth=1 score=-30000
DEBUG EVAL: material=-32130 pst=85 total=-32045
DEBUG: evaluate returned crazy score! stand_pat=32045
DEBUG: child returned INF! depth=1 score=-30000
DEBUG EVAL: material=-32130 pst=45 total=-32085
DEBUG: evaluate returned crazy score! stand_pat=32085
DEBUG: child returned INF! depth=1 score=-30000
DEBUG EVAL: material=-32130 pst=15 total=-32115
DEBUG: evaluate returned crazy score! stand_pat=32115
DEBUG: child returned INF! depth=1 score=-30000
DEBUG EVAL: material=-32130 pst=15 total=-32115
DEBUG: evaluate returned crazy score! stand_pat=32115
DEBUG: child returned INF! depth=1 score=-30000
DEBUG EVAL: material=-32130 pst=15 total=-32115
DEBUG: evaluate returned crazy score! stand_pat=32115
DEBUG: child returned INF! depth=1 score=-30000
DEBUG EVAL: material=-32130 pst=15 total=-32115
DEBUG: evaluate returned crazy score! stand_pat=32115
DEBUG: child returned INF! depth=1 score=-30000
DEBUG EVAL: material=-32130 pst=15 total=-32115
DEBUG: evaluate returned crazy score! stand_pat=32115
DEBUG: child returned INF! depth=1 score=-30000
DEBUG EVAL: material=-32130 pst=15 total=-32115
DEBUG: evaluate returned crazy score! stand_pat=32115
DEBUG: child returned INF! depth=1 score=-30000
DEBUG EVAL: material=-32130 pst=35 total=-32095
DEBUG: evaluate returned crazy score! stand_pat=32095
DEBUG: child returned INF! depth=1 score=-30000
DEBUG EVAL: material=-32130 pst=35 total=-32095
DEBUG: evaluate returned crazy score! stand_pat=32095
DEBUG: child returned INF! depth=1 score=-30000
DEBUG EVAL: material=-32130 pst=15 total=-32115
DEBUG: evaluate returned crazy score! stand_pat=32115
DEBUG: child returned INF! depth=1 score=-30000
DEBUG EVAL: material=-32130 pst=15 total=-32115
DEBUG: evaluate returned crazy score! stand_pat=32115
DEBUG: child returned INF! depth=1 score=-30000
DEBUG EVAL: material=-32130 pst=15 total=-32115
DEBUG: evaluate returned crazy score! stand_pat=32115
DEBUG: child returned INF! depth=1 score=-30000
DEBUG EVAL: material=-32130 pst=15 total=-32115
DEBUG: evaluate returned crazy score! stand_pat=32115
DEBUG: child returned INF! depth=1 score=-30000
DEBUG EVAL: material=-32130 pst=15 total=-32115
DEBUG: evaluate returned crazy score! stand_pat=32115
DEBUG: child returned INF! depth=1 score=-30000
DEBUG EVAL: material=-32130 pst=15 total=-32115
DEBUG: evaluate returned crazy score! stand_pat=32115
DEBUG: child returned INF! depth=1 score=-30000
DEBUG EVAL: material=-32130 pst=15 total=-32115
DEBUG: evaluate returned crazy score! stand_pat=32115
DEBUG: child returned INF! depth=1 score=-30000
DEBUG EVAL: material=-32130 pst=15 total=-32115
DEBUG: evaluate returned crazy score! stand_pat=32115
DEBUG: child returned INF! depth=1 score=-30000
DEBUG EVAL: material=-32130 pst=15 total=-32115
DEBUG: evaluate returned crazy score! stand_pat=32115
DEBUG: child returned INF! depth=1 score=-30000
DEBUG: negamax returning -INF! depth=1 ply=5 legal_moves=28 alpha=-30000 beta=90
DEBUG: child returned INF! depth=3 score=-30000
DEBUG EVAL: material=-31800 pst=60 total=-31740
DEBUG: evaluate returned crazy score! stand_pat=31740
DEBUG: child returned INF! depth=1 score=-30000
DEBUG EVAL: material=-31800 pst=100 total=-31700
DEBUG: evaluate returned crazy score! stand_pat=31700
DEBUG: child returned INF! depth=1 score=-30000
DEBUG EVAL: material=-31800 pst=50 total=-31750
DEBUG: evaluate returned crazy score! stand_pat=31750
DEBUG: child returned INF! depth=1 score=-30000
DEBUG EVAL: material=-31800 pst=50 total=-31750
DEBUG: evaluate returned crazy score! stand_pat=31750
DEBUG: child returned INF! depth=1 score=-30000
DEBUG EVAL: material=-31800 pst=30 total=-31770
DEBUG: evaluate returned crazy score! stand_pat=31770
DEBUG: child returned INF! depth=1 score=-30000
DEBUG EVAL: material=-31800 pst=30 total=-31770
DEBUG: evaluate returned crazy score! stand_pat=31770
DEBUG: child returned INF! depth=1 score=-30000
DEBUG EVAL: material=-31800 pst=30 total=-31770
DEBUG: evaluate returned crazy score! stand_pat=31770
DEBUG: child returned INF! depth=1 score=-30000
DEBUG EVAL: material=-31800 pst=30 total=-31770
DEBUG: evaluate returned crazy score! stand_pat=31770
DEBUG: child returned INF! depth=1 score=-30000
DEBUG EVAL: material=-31800 pst=30 total=-31770
DEBUG: evaluate returned crazy score! stand_pat=31770
DEBUG: child returned INF! depth=1 score=-30000
DEBUG EVAL: material=-31800 pst=30 total=-31770
DEBUG: evaluate returned crazy score! stand_pat=31770
DEBUG: child returned INF! depth=1 score=-30000
DEBUG EVAL: material=-31800 pst=50 total=-31750
DEBUG: evaluate returned crazy score! stand_pat=31750
DEBUG: child returned INF! depth=1 score=-30000
DEBUG EVAL: material=-31800 pst=30 total=-31770
DEBUG: evaluate returned crazy score! stand_pat=31770
DEBUG: child returned INF! depth=1 score=-30000
DEBUG EVAL: material=-31800 pst=30 total=-31770
DEBUG: evaluate returned crazy score! stand_pat=31770
DEBUG: child returned INF! depth=1 score=-30000
DEBUG EVAL: material=-31800 pst=30 total=-31770
DEBUG: evaluate returned crazy score! stand_pat=31770
DEBUG: child returned INF! depth=1 score=-30000
DEBUG EVAL: material=-31800 pst=5 total=-31795
DEBUG: evaluate returned crazy score! stand_pat=31795
DEBUG: child returned INF! depth=1 score=-30000
DEBUG EVAL: material=-31800 pst=55 total=-31745
DEBUG: evaluate returned crazy score! stand_pat=31745
DEBUG: child returned INF! depth=1 score=-30000
DEBUG EVAL: material=-31800 pst=50 total=-31750
DEBUG: evaluate returned crazy score! stand_pat=31750
DEBUG: child returned INF! depth=1 score=-30000
DEBUG EVAL: material=-31800 pst=65 total=-31735
DEBUG: evaluate returned crazy score! stand_pat=31735
DEBUG: child returned INF! depth=1 score=-30000
DEBUG EVAL: material=-31800 pst=60 total=-31740
DEBUG: evaluate returned crazy score! stand_pat=31740
DEBUG: child returned INF! depth=1 score=-30000
DEBUG EVAL: material=-31800 pst=30 total=-31770
DEBUG: evaluate returned crazy score! stand_pat=31770
DEBUG: child returned INF! depth=1 score=-30000
DEBUG EVAL: material=-31800 pst=30 total=-31770
DEBUG: evaluate returned crazy score! stand_pat=31770
DEBUG: child returned INF! depth=1 score=-30000
DEBUG EVAL: material=-31800 pst=30 total=-31770
DEBUG: evaluate returned crazy score! stand_pat=31770
DEBUG: child returned INF! depth=1 score=-30000
DEBUG EVAL: material=-31800 pst=30 total=-31770
DEBUG: evaluate returned crazy score! stand_pat=31770
DEBUG: child returned INF! depth=1 score=-30000
DEBUG EVAL: material=-31800 pst=30 total=-31770
DEBUG: evaluate returned crazy score! stand_pat=31770
DEBUG: child returned INF! depth=1 score=-30000
DEBUG EVAL: material=-31800 pst=30 total=-31770
DEBUG: evaluate returned crazy score! stand_pat=31770
DEBUG: child returned INF! depth=1 score=-30000
DEBUG: negamax returning -INF! depth=1 ply=5 legal_moves=25 alpha=-30000 beta=90
DEBUG: child returned INF! depth=3 score=-30000
DEBUG EVAL: material=-31800 pst=25 total=-31775
DEBUG: evaluate returned crazy score! stand_pat=31775
DEBUG: child returned INF! depth=1 score=-30000
DEBUG EVAL: material=-31800 pst=60 total=-31740
DEBUG: evaluate returned crazy score! stand_pat=31740
DEBUG: child returned INF! depth=1 score=-30000
DEBUG EVAL: material=-31800 pst=20 total=-31780
DEBUG: evaluate returned crazy score! stand_pat=31780
DEBUG: child returned INF! depth=1 score=-30000
DEBUG EVAL: material=-31800 pst=20 total=-31780
DEBUG: evaluate returned crazy score! stand_pat=31780
DEBUG: child returned INF! depth=1 score=-30000
DEBUG EVAL: material=-31800 pst=15 total=-31785
DEBUG: evaluate returned crazy score! stand_pat=31785
DEBUG: child returned INF! depth=1 score=-30000
DEBUG EVAL: material=-31800 pst=15 total=-31785
DEBUG: evaluate returned crazy score! stand_pat=31785
DEBUG: child returned INF! depth=1 score=-30000
DEBUG EVAL: material=-31800 pst=25 total=-31775
DEBUG: evaluate returned crazy score! stand_pat=31775
DEBUG: child returned INF! depth=1 score=-30000
DEBUG EVAL: material=-31800 pst=35 total=-31765
DEBUG: evaluate returned crazy score! stand_pat=31765
DEBUG: child returned INF! depth=1 score=-30000
DEBUG EVAL: material=-31800 pst=35 total=-31765
DEBUG: evaluate returned crazy score! stand_pat=31765
DEBUG: child returned INF! depth=1 score=-30000
DEBUG EVAL: material=-31800 pst=30 total=-31770
DEBUG: evaluate returned crazy score! stand_pat=31770
DEBUG: child returned INF! depth=1 score=-30000
DEBUG EVAL: material=-31800 pst=15 total=-31785
DEBUG: evaluate returned crazy score! stand_pat=31785
DEBUG: child returned INF! depth=1 score=-30000
DEBUG EVAL: material=-31800 pst=15 total=-31785
DEBUG: evaluate returned crazy score! stand_pat=31785
DEBUG: child returned INF! depth=1 score=-30000
DEBUG EVAL: material=-31800 pst=65 total=-31735
DEBUG: evaluate returned crazy score! stand_pat=31735
DEBUG: child returned INF! depth=1 score=-30000
DEBUG EVAL: material=-31800 pst=25 total=-31775
DEBUG: evaluate returned crazy score! stand_pat=31775
DEBUG: child returned INF! depth=1 score=-30000
DEBUG EVAL: material=-31800 pst=-5 total=-31805
DEBUG: evaluate returned crazy score! stand_pat=31805
DEBUG: child returned INF! depth=1 score=-30000
DEBUG EVAL: material=-31800 pst=-5 total=-31805
DEBUG: evaluate returned crazy score! stand_pat=31805
DEBUG: child returned INF! depth=1 score=-30000
DEBUG EVAL: material=-31800 pst=-5 total=-31805
DEBUG: evaluate returned crazy score! stand_pat=31805
DEBUG: child returned INF! depth=1 score=-30000
DEBUG EVAL: material=-31800 pst=-5 total=-31805
DEBUG: evaluate returned crazy score! stand_pat=31805
DEBUG: child returned INF! depth=1 score=-30000
DEBUG EVAL: material=-31800 pst=15 total=-31785
DEBUG: evaluate returned crazy score! stand_pat=31785
DEBUG: child returned INF! depth=1 score=-30000
DEBUG EVAL: material=-31800 pst=15 total=-31785
DEBUG: evaluate returned crazy score! stand_pat=31785
DEBUG: child returned INF! depth=1 score=-30000
DEBUG EVAL: material=-31800 pst=-5 total=-31805
DEBUG: evaluate returned crazy score! stand_pat=31805
DEBUG: child returned INF! depth=1 score=-30000
DEBUG EVAL: material=-31800 pst=-5 total=-31805
DEBUG: evaluate returned crazy score! stand_pat=31805
DEBUG: child returned INF! depth=1 score=-30000
DEBUG EVAL: material=-31800 pst=-5 total=-31805
DEBUG: evaluate returned crazy score! stand_pat=31805
DEBUG: child returned INF! depth=1 score=-30000
DEBUG EVAL: material=-31800 pst=-5 total=-31805
DEBUG: evaluate returned crazy score! stand_pat=31805
DEBUG: child returned INF! depth=1 score=-30000
DEBUG EVAL: material=-31800 pst=-5 total=-31805
DEBUG: evaluate returned crazy score! stand_pat=31805
DEBUG: child returned INF! depth=1 score=-30000
DEBUG EVAL: material=-31800 pst=-5 total=-31805
DEBUG: evaluate returned crazy score! stand_pat=31805
DEBUG: child returned INF! depth=1 score=-30000
DEBUG EVAL: material=-31800 pst=-5 total=-31805
DEBUG: evaluate returned crazy score! stand_pat=31805
DEBUG: child returned INF! depth=1 score=-30000
DEBUG EVAL: material=-31800 pst=-5 total=-31805
DEBUG: evaluate returned crazy score! stand_pat=31805
DEBUG: child returned INF! depth=1 score=-30000
DEBUG EVAL: material=-31800 pst=-5 total=-31805
DEBUG: evaluate returned crazy score! stand_pat=31805
DEBUG: child returned INF! depth=1 score=-30000
DEBUG EVAL: material=-31800 pst=5 total=-31795
DEBUG: evaluate returned crazy score! stand_pat=31795
DEBUG: child returned INF! depth=1 score=-30000
DEBUG EVAL: material=-31800 pst=60 total=-31740
DEBUG: evaluate returned crazy score! stand_pat=31740
DEBUG: child returned INF! depth=1 score=-30000
DEBUG EVAL: material=-31800 pst=50 total=-31750
DEBUG: evaluate returned crazy score! stand_pat=31750
DEBUG: child returned INF! depth=1 score=-30000
DEBUG: negamax returning -INF! depth=1 ply=5 legal_moves=32 alpha=-30000 beta=90
DEBUG: child returned INF! depth=3 score=-30000
DEBUG EVAL: material=-31790 pst=45 total=-31745
DEBUG: evaluate returned crazy score! stand_pat=31745
DEBUG: child returned INF! depth=1 score=-30000
DEBUG EVAL: material=-32120 pst=85 total=-32035
DEBUG: evaluate returned crazy score! stand_pat=32035
DEBUG: child returned INF! depth=1 score=-30000
DEBUG EVAL: material=-32120 pst=80 total=-32040
DEBUG: evaluate returned crazy score! stand_pat=32040
DEBUG: child returned INF! depth=1 score=-30000
DEBUG EVAL: material=-32120 pst=125 total=-31995
DEBUG: evaluate returned crazy score! stand_pat=31995
DEBUG: child returned INF! depth=1 score=-30000
DEBUG EVAL: material=-32120 pst=80 total=-32040
DEBUG: evaluate returned crazy score! stand_pat=32040
DEBUG: child returned INF! depth=1 score=-30000
DEBUG EVAL: material=-32120 pst=75 total=-32045
DEBUG: evaluate returned crazy score! stand_pat=32045
DEBUG: child returned INF! depth=1 score=-30000
DEBUG EVAL: material=-32120 pst=75 total=-32045
DEBUG: evaluate returned crazy score! stand_pat=32045
DEBUG: child returned INF! depth=1 score=-30000
DEBUG EVAL: material=-32120 pst=85 total=-32035
DEBUG: evaluate returned crazy score! stand_pat=32035
DEBUG: child returned INF! depth=1 score=-30000
DEBUG EVAL: material=-32120 pst=95 total=-32025
DEBUG: evaluate returned crazy score! stand_pat=32025
DEBUG: child returned INF! depth=1 score=-30000
DEBUG EVAL: material=-32120 pst=95 total=-32025
DEBUG: evaluate returned crazy score! stand_pat=32025
DEBUG: child returned INF! depth=1 score=-30000
DEBUG EVAL: material=-32120 pst=90 total=-32030
DEBUG: evaluate returned crazy score! stand_pat=32030
DEBUG: child returned INF! depth=1 score=-30000
DEBUG EVAL: material=-32120 pst=75 total=-32045
DEBUG: evaluate returned crazy score! stand_pat=32045
DEBUG: child returned INF! depth=1 score=-30000
DEBUG EVAL: material=-32120 pst=75 total=-32045
DEBUG: evaluate returned crazy score! stand_pat=32045
DEBUG: child returned INF! depth=1 score=-30000
DEBUG EVAL: material=-32120 pst=55 total=-32065
DEBUG: evaluate returned crazy score! stand_pat=32065
DEBUG: child returned INF! depth=1 score=-30000
DEBUG EVAL: material=-32120 pst=85 total=-32035
DEBUG: evaluate returned crazy score! stand_pat=32035
DEBUG: child returned INF! depth=1 score=-30000
DEBUG EVAL: material=-32120 pst=55 total=-32065
DEBUG: evaluate returned crazy score! stand_pat=32065
DEBUG: child returned INF! depth=1 score=-30000
DEBUG EVAL: material=-32120 pst=55 total=-32065
DEBUG: evaluate returned crazy score! stand_pat=32065
DEBUG: child returned INF! depth=1 score=-30000
DEBUG EVAL: material=-32120 pst=55 total=-32065
DEBUG: evaluate returned crazy score! stand_pat=32065
DEBUG: child returned INF! depth=1 score=-30000
DEBUG EVAL: material=-32120 pst=55 total=-32065
DEBUG: evaluate returned crazy score! stand_pat=32065
DEBUG: child returned INF! depth=1 score=-30000
DEBUG EVAL: material=-32120 pst=75 total=-32045
DEBUG: evaluate returned crazy score! stand_pat=32045
DEBUG: child returned INF! depth=1 score=-30000
DEBUG EVAL: material=-32120 pst=75 total=-32045
DEBUG: evaluate returned crazy score! stand_pat=32045
DEBUG: child returned INF! depth=1 score=-30000
DEBUG EVAL: material=-32120 pst=55 total=-32065
DEBUG: evaluate returned crazy score! stand_pat=32065
DEBUG: child returned INF! depth=1 score=-30000
DEBUG EVAL: material=-32120 pst=55 total=-32065
DEBUG: evaluate returned crazy score! stand_pat=32065
DEBUG: child returned INF! depth=1 score=-30000
DEBUG EVAL: material=-32120 pst=55 total=-32065
DEBUG: evaluate returned crazy score! stand_pat=32065
DEBUG: child returned INF! depth=1 score=-30000
DEBUG EVAL: material=-32120 pst=55 total=-32065
DEBUG: evaluate returned crazy score! stand_pat=32065
DEBUG: child returned INF! depth=1 score=-30000
DEBUG EVAL: material=-32120 pst=55 total=-32065
DEBUG: evaluate returned crazy score! stand_pat=32065
DEBUG: child returned INF! depth=1 score=-30000
DEBUG EVAL: material=-32120 pst=55 total=-32065
DEBUG: evaluate returned crazy score! stand_pat=32065
DEBUG: child returned INF! depth=1 score=-30000
DEBUG EVAL: material=-32120 pst=55 total=-32065
DEBUG: evaluate returned crazy score! stand_pat=32065
DEBUG: child returned INF! depth=1 score=-30000
DEBUG EVAL: material=-32120 pst=55 total=-32065
DEBUG: evaluate returned crazy score! stand_pat=32065
DEBUG: child returned INF! depth=1 score=-30000
DEBUG: negamax returning -INF! depth=1 ply=5 legal_moves=29 alpha=-30000 beta=90
DEBUG: child returned INF! depth=3 score=-30000
DEBUG EVAL: material=-31800 pst=-5 total=-31805
DEBUG: evaluate returned crazy score! stand_pat=31805
DEBUG: child returned INF! depth=1 score=-30000
DEBUG EVAL: material=-31800 pst=30 total=-31770
DEBUG: evaluate returned crazy score! stand_pat=31770
DEBUG: child returned INF! depth=1 score=-30000
DEBUG EVAL: material=-31800 pst=-10 total=-31810
DEBUG: evaluate returned crazy score! stand_pat=31810
DEBUG: child returned INF! depth=1 score=-30000
DEBUG EVAL: material=-31800 pst=35 total=-31765
DEBUG: evaluate returned crazy score! stand_pat=31765
DEBUG: child returned INF! depth=1 score=-30000
DEBUG EVAL: material=-31800 pst=-10 total=-31810
DEBUG: evaluate returned crazy score! stand_pat=31810
DEBUG: child returned INF! depth=1 score=-30000
DEBUG EVAL: material=-31800 pst=-15 total=-31815
DEBUG: evaluate returned crazy score! stand_pat=31815
DEBUG: child returned INF! depth=1 score=-30000
DEBUG EVAL: material=-31800 pst=-15 total=-31815
DEBUG: evaluate returned crazy score! stand_pat=31815
DEBUG: child returned INF! depth=1 score=-30000
DEBUG EVAL: material=-31800 pst=-5 total=-31805
DEBUG: evaluate returned crazy score! stand_pat=31805
DEBUG: child returned INF! depth=1 score=-30000
DEBUG EVAL: material=-31800 pst=5 total=-31795
DEBUG: evaluate returned crazy score! stand_pat=31795
DEBUG: child returned INF! depth=1 score=-30000
DEBUG EVAL: material=-31800 pst=5 total=-31795
DEBUG: evaluate returned crazy score! stand_pat=31795
DEBUG: child returned INF! depth=1 score=-30000
DEBUG EVAL: material=-31800 pst=0 total=-31800
DEBUG: evaluate returned crazy score! stand_pat=31800
DEBUG: child returned INF! depth=1 score=-30000
DEBUG EVAL: material=-31800 pst=-15 total=-31815
DEBUG: evaluate returned crazy score! stand_pat=31815
DEBUG: child returned INF! depth=1 score=-30000
DEBUG EVAL: material=-31800 pst=-20 total=-31820
DEBUG: evaluate returned crazy score! stand_pat=31820
DEBUG: child returned INF! depth=1 score=-30000
DEBUG EVAL: material=-31800 pst=35 total=-31765
DEBUG: evaluate returned crazy score! stand_pat=31765
DEBUG: child returned INF! depth=1 score=-30000
DEBUG EVAL: material=-31800 pst=-5 total=-31805
DEBUG: evaluate returned crazy score! stand_pat=31805
DEBUG: child returned INF! depth=1 score=-30000
DEBUG EVAL: material=-31800 pst=-35 total=-31835
DEBUG: evaluate returned crazy score! stand_pat=31835
DEBUG: child returned INF! depth=1 score=-30000
DEBUG EVAL: material=-31800 pst=-35 total=-31835
DEBUG: evaluate returned crazy score! stand_pat=31835
DEBUG: child returned INF! depth=1 score=-30000
DEBUG EVAL: material=-31800 pst=-35 total=-31835
DEBUG: evaluate returned crazy score! stand_pat=31835
DEBUG: child returned INF! depth=1 score=-30000
DEBUG EVAL: material=-31800 pst=-35 total=-31835
DEBUG: evaluate returned crazy score! stand_pat=31835
DEBUG: child returned INF! depth=1 score=-30000
DEBUG EVAL: material=-31800 pst=-15 total=-31815
DEBUG: evaluate returned crazy score! stand_pat=31815
DEBUG: child returned INF! depth=1 score=-30000
DEBUG EVAL: material=-31800 pst=-15 total=-31815
DEBUG: evaluate returned crazy score! stand_pat=31815
DEBUG: child returned INF! depth=1 score=-30000
DEBUG EVAL: material=-31800 pst=-35 total=-31835
DEBUG: evaluate returned crazy score! stand_pat=31835
DEBUG: child returned INF! depth=1 score=-30000
DEBUG EVAL: material=-31800 pst=-35 total=-31835
DEBUG: evaluate returned crazy score! stand_pat=31835
DEBUG: child returned INF! depth=1 score=-30000
DEBUG EVAL: material=-31800 pst=-35 total=-31835
DEBUG: evaluate returned crazy score! stand_pat=31835
DEBUG: child returned INF! depth=1 score=-30000
DEBUG EVAL: material=-31800 pst=-35 total=-31835
DEBUG: evaluate returned crazy score! stand_pat=31835
DEBUG: child returned INF! depth=1 score=-30000
DEBUG EVAL: material=-31800 pst=-35 total=-31835
DEBUG: evaluate returned crazy score! stand_pat=31835
DEBUG: child returned INF! depth=1 score=-30000
DEBUG EVAL: material=-31800 pst=-35 total=-31835
DEBUG: evaluate returned crazy score! stand_pat=31835
DEBUG: child returned INF! depth=1 score=-30000
DEBUG EVAL: material=-31800 pst=-35 total=-31835
DEBUG: evaluate returned crazy score! stand_pat=31835
DEBUG: child returned INF! depth=1 score=-30000
DEBUG EVAL: material=-31800 pst=-35 total=-31835
DEBUG: evaluate returned crazy score! stand_pat=31835
DEBUG: child returned INF! depth=1 score=-30000
DEBUG EVAL: material=-31800 pst=-35 total=-31835
DEBUG: evaluate returned crazy score! stand_pat=31835
DEBUG: child returned INF! depth=1 score=-30000
DEBUG EVAL: material=-31800 pst=-15 total=-31815
DEBUG: evaluate returned crazy score! stand_pat=31815
DEBUG: child returned INF! depth=1 score=-30000
DEBUG: negamax returning -INF! depth=1 ply=5 legal_moves=31 alpha=-30000 beta=90
DEBUG: child returned INF! depth=3 score=-30000
DEBUG EVAL: material=-31800 pst=-5 total=-31805
DEBUG: evaluate returned crazy score! stand_pat=31805
DEBUG: child returned INF! depth=1 score=-30000
DEBUG EVAL: material=-31800 pst=30 total=-31770
DEBUG: evaluate returned crazy score! stand_pat=31770
DEBUG: child returned INF! depth=1 score=-30000
DEBUG EVAL: material=-31800 pst=-5 total=-31805
DEBUG: evaluate returned crazy score! stand_pat=31805
DEBUG: child returned INF! depth=1 score=-30000
DEBUG EVAL: material=-31800 pst=35 total=-31765
DEBUG: evaluate returned crazy score! stand_pat=31765
DEBUG: child returned INF! depth=1 score=-30000
DEBUG EVAL: material=-31800 pst=-10 total=-31810
DEBUG: evaluate returned crazy score! stand_pat=31810
DEBUG: child returned INF! depth=1 score=-30000
DEBUG EVAL: material=-31800 pst=-20 total=-31820
DEBUG: evaluate returned crazy score! stand_pat=31820
DEBUG: child returned INF! depth=1 score=-30000
DEBUG EVAL: material=-31800 pst=-10 total=-31810
DEBUG: evaluate returned crazy score! stand_pat=31810
DEBUG: child returned INF! depth=1 score=-30000
DEBUG EVAL: material=-31800 pst=-15 total=-31815
DEBUG: evaluate returned crazy score! stand_pat=31815
DEBUG: child returned INF! depth=1 score=-30000
DEBUG EVAL: material=-31800 pst=-15 total=-31815
DEBUG: evaluate returned crazy score! stand_pat=31815
DEBUG: child returned INF! depth=1 score=-30000
DEBUG EVAL: material=-31800 pst=-5 total=-31805
DEBUG: evaluate returned crazy score! stand_pat=31805
DEBUG: child returned INF! depth=1 score=-30000
DEBUG EVAL: material=-31800 pst=5 total=-31795
DEBUG: evaluate returned crazy score! stand_pat=31795
DEBUG: child returned INF! depth=1 score=-30000
DEBUG EVAL: material=-31800 pst=5 total=-31795
DEBUG: evaluate returned crazy score! stand_pat=31795
DEBUG: child returned INF! depth=1 score=-30000
DEBUG EVAL: material=-31800 pst=0 total=-31800
DEBUG: evaluate returned crazy score! stand_pat=31800
DEBUG: child returned INF! depth=1 score=-30000
DEBUG EVAL: material=-31800 pst=-15 total=-31815
DEBUG: evaluate returned crazy score! stand_pat=31815
DEBUG: child returned INF! depth=1 score=-30000
DEBUG EVAL: material=-31800 pst=-20 total=-31820
DEBUG: evaluate returned crazy score! stand_pat=31820
DEBUG: child returned INF! depth=1 score=-30000
DEBUG EVAL: material=-31800 pst=35 total=-31765
DEBUG: evaluate returned crazy score! stand_pat=31765
DEBUG: child returned INF! depth=1 score=-30000
DEBUG EVAL: material=-31800 pst=-5 total=-31805
DEBUG: evaluate returned crazy score! stand_pat=31805
DEBUG: child returned INF! depth=1 score=-30000
DEBUG EVAL: material=-31800 pst=-35 total=-31835
DEBUG: evaluate returned crazy score! stand_pat=31835
DEBUG: child returned INF! depth=1 score=-30000
DEBUG EVAL: material=-31800 pst=-35 total=-31835
DEBUG: evaluate returned crazy score! stand_pat=31835
DEBUG: child returned INF! depth=1 score=-30000
DEBUG EVAL: material=-31800 pst=-35 total=-31835
DEBUG: evaluate returned crazy score! stand_pat=31835
DEBUG: child returned INF! depth=1 score=-30000
DEBUG EVAL: material=-31800 pst=-35 total=-31835
DEBUG: evaluate returned crazy score! stand_pat=31835
DEBUG: child returned INF! depth=1 score=-30000
DEBUG EVAL: material=-31800 pst=-15 total=-31815
DEBUG: evaluate returned crazy score! stand_pat=31815
DEBUG: child returned INF! depth=1 score=-30000
DEBUG EVAL: material=-31800 pst=-15 total=-31815
DEBUG: evaluate returned crazy score! stand_pat=31815
DEBUG: child returned INF! depth=1 score=-30000
DEBUG EVAL: material=-31800 pst=-35 total=-31835
DEBUG: evaluate returned crazy score! stand_pat=31835
DEBUG: child returned INF! depth=1 score=-30000
DEBUG EVAL: material=-31800 pst=-35 total=-31835
DEBUG: evaluate returned crazy score! stand_pat=31835
DEBUG: child returned INF! depth=1 score=-30000
DEBUG EVAL: material=-31800 pst=-35 total=-31835
DEBUG: evaluate returned crazy score! stand_pat=31835
DEBUG: child returned INF! depth=1 score=-30000
DEBUG EVAL: material=-31800 pst=-35 total=-31835
DEBUG: evaluate returned crazy score! stand_pat=31835
DEBUG: child returned INF! depth=1 score=-30000
DEBUG EVAL: material=-31800 pst=-35 total=-31835
DEBUG: evaluate returned crazy score! stand_pat=31835
DEBUG: child returned INF! depth=1 score=-30000
DEBUG EVAL: material=-31800 pst=-35 total=-31835
DEBUG: evaluate returned crazy score! stand_pat=31835
DEBUG: child returned INF! depth=1 score=-30000
DEBUG EVAL: material=-31800 pst=-35 total=-31835
DEBUG: evaluate returned crazy score! stand_pat=31835
DEBUG: child returned INF! depth=1 score=-30000
DEBUG EVAL: material=-31800 pst=-35 total=-31835
DEBUG: evaluate returned crazy score! stand_pat=31835
DEBUG: child returned INF! depth=1 score=-30000
DEBUG EVAL: material=-31800 pst=-35 total=-31835
DEBUG: evaluate returned crazy score! stand_pat=31835
DEBUG: child returned INF! depth=1 score=-30000
DEBUG EVAL: material=-31800 pst=10 total=-31790
DEBUG: evaluate returned crazy score! stand_pat=31790
DEBUG: child returned INF! depth=1 score=-30000
DEBUG: negamax returning -INF! depth=1 ply=5 legal_moves=33 alpha=-30000 beta=90
DEBUG: child returned INF! depth=3 score=-30000
DEBUG EVAL: material=-31800 pst=-5 total=-31805
DEBUG: evaluate returned crazy score! stand_pat=31805
DEBUG: child returned INF! depth=1 score=-30000
DEBUG EVAL: material=-31800 pst=30 total=-31770
DEBUG: evaluate returned crazy score! stand_pat=31770
DEBUG: child returned INF! depth=1 score=-30000
DEBUG EVAL: material=-31800 pst=0 total=-31800
DEBUG: evaluate returned crazy score! stand_pat=31800
DEBUG: child returned INF! depth=1 score=-30000
DEBUG EVAL: material=-31800 pst=-15 total=-31815
DEBUG: evaluate returned crazy score! stand_pat=31815
DEBUG: child returned INF! depth=1 score=-30000
DEBUG EVAL: material=-31800 pst=-10 total=-31810
DEBUG: evaluate returned crazy score! stand_pat=31810
DEBUG: child returned INF! depth=1 score=-30000
DEBUG EVAL: material=-31800 pst=35 total=-31765
DEBUG: evaluate returned crazy score! stand_pat=31765
DEBUG: child returned INF! depth=1 score=-30000
DEBUG EVAL: material=-31800 pst=-10 total=-31810
DEBUG: evaluate returned crazy score! stand_pat=31810
DEBUG: child returned INF! depth=1 score=-30000
DEBUG EVAL: material=-31800 pst=-15 total=-31815
DEBUG: evaluate returned crazy score! stand_pat=31815
DEBUG: child returned INF! depth=1 score=-30000
DEBUG EVAL: material=-31800 pst=-15 total=-31815
DEBUG: evaluate returned crazy score! stand_pat=31815
DEBUG: child returned INF! depth=1 score=-30000
DEBUG EVAL: material=-31800 pst=-5 total=-31805
DEBUG: evaluate returned crazy score! stand_pat=31805
DEBUG: child returned INF! depth=1 score=-30000
DEBUG EVAL: material=-31800 pst=5 total=-31795
DEBUG: evaluate returned crazy score! stand_pat=31795
DEBUG: child returned INF! depth=1 score=-30000
DEBUG EVAL: material=-31800 pst=5 total=-31795
DEBUG: evaluate returned crazy score! stand_pat=31795
DEBUG: child returned INF! depth=1 score=-30000
DEBUG EVAL: material=-31800 pst=0 total=-31800
DEBUG: evaluate returned crazy score! stand_pat=31800
DEBUG: child returned INF! depth=1 score=-30000
DEBUG EVAL: material=-31800 pst=-15 total=-31815
DEBUG: evaluate returned crazy score! stand_pat=31815
DEBUG: child returned INF! depth=1 score=-30000
DEBUG EVAL: material=-31800 pst=-5 total=-31805
DEBUG: evaluate returned crazy score! stand_pat=31805
DEBUG: child returned INF! depth=1 score=-30000
DEBUG EVAL: material=-31800 pst=35 total=-31765
DEBUG: evaluate returned crazy score! stand_pat=31765
DEBUG: child returned INF! depth=1 score=-30000
DEBUG EVAL: material=-31800 pst=-5 total=-31805
DEBUG: evaluate returned crazy score! stand_pat=31805
DEBUG: child returned INF! depth=1 score=-30000
DEBUG EVAL: material=-31800 pst=-35 total=-31835
DEBUG: evaluate returned crazy score! stand_pat=31835
DEBUG: child returned INF! depth=1 score=-30000
DEBUG EVAL: material=-31800 pst=-35 total=-31835
DEBUG: evaluate returned crazy score! stand_pat=31835
DEBUG: child returned INF! depth=1 score=-30000
DEBUG EVAL: material=-31800 pst=-35 total=-31835
DEBUG: evaluate returned crazy score! stand_pat=31835
DEBUG: child returned INF! depth=1 score=-30000
DEBUG EVAL: material=-31800 pst=-35 total=-31835
DEBUG: evaluate returned crazy score! stand_pat=31835
DEBUG: child returned INF! depth=1 score=-30000
DEBUG EVAL: material=-31800 pst=-15 total=-31815
DEBUG: evaluate returned crazy score! stand_pat=31815
DEBUG: child returned INF! depth=1 score=-30000
DEBUG EVAL: material=-31800 pst=-15 total=-31815
DEBUG: evaluate returned crazy score! stand_pat=31815
DEBUG: child returned INF! depth=1 score=-30000
DEBUG EVAL: material=-31800 pst=-35 total=-31835
DEBUG: evaluate returned crazy score! stand_pat=31835
DEBUG: child returned INF! depth=1 score=-30000
DEBUG EVAL: material=-31800 pst=-35 total=-31835
DEBUG: evaluate returned crazy score! stand_pat=31835
DEBUG: child returned INF! depth=1 score=-30000
DEBUG EVAL: material=-31800 pst=-35 total=-31835
DEBUG: evaluate returned crazy score! stand_pat=31835
DEBUG: child returned INF! depth=1 score=-30000
DEBUG EVAL: material=-31800 pst=-35 total=-31835
DEBUG: evaluate returned crazy score! stand_pat=31835
DEBUG: child returned INF! depth=1 score=-30000
DEBUG EVAL: material=-31800 pst=-35 total=-31835
DEBUG: evaluate returned crazy score! stand_pat=31835
DEBUG: child returned INF! depth=1 score=-30000
DEBUG EVAL: material=-31800 pst=-35 total=-31835
DEBUG: evaluate returned crazy score! stand_pat=31835
DEBUG: child returned INF! depth=1 score=-30000
DEBUG EVAL: material=-31800 pst=-35 total=-31835
DEBUG: evaluate returned crazy score! stand_pat=31835
DEBUG: child returned INF! depth=1 score=-30000
DEBUG EVAL: material=-31800 pst=-35 total=-31835
DEBUG: evaluate returned crazy score! stand_pat=31835
DEBUG: child returned INF! depth=1 score=-30000
DEBUG EVAL: material=-31800 pst=-35 total=-31835
DEBUG: evaluate returned crazy score! stand_pat=31835
DEBUG: child returned INF! depth=1 score=-30000
DEBUG EVAL: material=-31800 pst=-15 total=-31815
DEBUG: evaluate returned crazy score! stand_pat=31815
DEBUG: child returned INF! depth=1 score=-30000
DEBUG: negamax returning -INF! depth=1 ply=5 legal_moves=33 alpha=-30000 beta=90
DEBUG: child returned INF! depth=3 score=-30000
DEBUG EVAL: material=-31800 pst=-5 total=-31805
DEBUG: evaluate returned crazy score! stand_pat=31805
DEBUG: child returned INF! depth=1 score=-30000
DEBUG EVAL: material=-31800 pst=30 total=-31770
DEBUG: evaluate returned crazy score! stand_pat=31770
DEBUG: child returned INF! depth=1 score=-30000
DEBUG EVAL: material=-31800 pst=0 total=-31800
DEBUG: evaluate returned crazy score! stand_pat=31800
DEBUG: child returned INF! depth=1 score=-30000
DEBUG EVAL: material=-31800 pst=-15 total=-31815
DEBUG: evaluate returned crazy score! stand_pat=31815
DEBUG: child returned INF! depth=1 score=-30000
DEBUG EVAL: material=-31800 pst=-10 total=-31810
DEBUG: evaluate returned crazy score! stand_pat=31810
DEBUG: child returned INF! depth=1 score=-30000
DEBUG EVAL: material=-31800 pst=35 total=-31765
DEBUG: evaluate returned crazy score! stand_pat=31765
DEBUG: child returned INF! depth=1 score=-30000
DEBUG EVAL: material=-31800 pst=-10 total=-31810
DEBUG: evaluate returned crazy score! stand_pat=31810
DEBUG: child returned INF! depth=1 score=-30000
DEBUG EVAL: material=-31800 pst=-15 total=-31815
DEBUG: evaluate returned crazy score! stand_pat=31815
DEBUG: child returned INF! depth=1 score=-30000
DEBUG EVAL: material=-31800 pst=-15 total=-31815
DEBUG: evaluate returned crazy score! stand_pat=31815
DEBUG: child returned INF! depth=1 score=-30000
DEBUG EVAL: material=-31800 pst=-5 total=-31805
DEBUG: evaluate returned crazy score! stand_pat=31805
DEBUG: child returned INF! depth=1 score=-30000
DEBUG EVAL: material=-31800 pst=5 total=-31795
DEBUG: evaluate returned crazy score! stand_pat=31795
DEBUG: child returned INF! depth=1 score=-30000
DEBUG EVAL: material=-31800 pst=5 total=-31795
DEBUG: evaluate returned crazy score! stand_pat=31795
DEBUG: child returned INF! depth=1 score=-30000
DEBUG EVAL: material=-31800 pst=0 total=-31800
DEBUG: evaluate returned crazy score! stand_pat=31800
DEBUG: child returned INF! depth=1 score=-30000
DEBUG EVAL: material=-31800 pst=-15 total=-31815
DEBUG: evaluate returned crazy score! stand_pat=31815
DEBUG: child returned INF! depth=1 score=-30000
DEBUG EVAL: material=-31800 pst=-5 total=-31805
DEBUG: evaluate returned crazy score! stand_pat=31805
DEBUG: child returned INF! depth=1 score=-30000
DEBUG EVAL: material=-31800 pst=35 total=-31765
DEBUG: evaluate returned crazy score! stand_pat=31765
DEBUG: child returned INF! depth=1 score=-30000
DEBUG EVAL: material=-31800 pst=-5 total=-31805
DEBUG: evaluate returned crazy score! stand_pat=31805
DEBUG: child returned INF! depth=1 score=-30000
DEBUG EVAL: material=-31800 pst=-35 total=-31835
DEBUG: evaluate returned crazy score! stand_pat=31835
DEBUG: child returned INF! depth=1 score=-30000
DEBUG EVAL: material=-31800 pst=-35 total=-31835
DEBUG: evaluate returned crazy score! stand_pat=31835
DEBUG: child returned INF! depth=1 score=-30000
DEBUG EVAL: material=-31800 pst=-35 total=-31835
DEBUG: evaluate returned crazy score! stand_pat=31835
DEBUG: child returned INF! depth=1 score=-30000
DEBUG EVAL: material=-31800 pst=-35 total=-31835
DEBUG: evaluate returned crazy score! stand_pat=31835
DEBUG: child returned INF! depth=1 score=-30000
DEBUG EVAL: material=-31800 pst=-15 total=-31815
DEBUG: evaluate returned crazy score! stand_pat=31815
DEBUG: child returned INF! depth=1 score=-30000
DEBUG EVAL: material=-31800 pst=-15 total=-31815
DEBUG: evaluate returned crazy score! stand_pat=31815
DEBUG: child returned INF! depth=1 score=-30000
DEBUG EVAL: material=-31800 pst=-35 total=-31835
DEBUG: evaluate returned crazy score! stand_pat=31835
DEBUG: child returned INF! depth=1 score=-30000
DEBUG EVAL: material=-31800 pst=-35 total=-31835
DEBUG: evaluate returned crazy score! stand_pat=31835
DEBUG: child returned INF! depth=1 score=-30000
DEBUG EVAL: material=-31800 pst=-35 total=-31835
DEBUG: evaluate returned crazy score! stand_pat=31835
DEBUG: child returned INF! depth=1 score=-30000
DEBUG EVAL: material=-31800 pst=-35 total=-31835
DEBUG: evaluate returned crazy score! stand_pat=31835
DEBUG: child returned INF! depth=1 score=-30000
DEBUG EVAL: material=-31800 pst=-35 total=-31835
DEBUG: evaluate returned crazy score! stand_pat=31835
DEBUG: child returned INF! depth=1 score=-30000
DEBUG EVAL: material=-31800 pst=-35 total=-31835
DEBUG: evaluate returned crazy score! stand_pat=31835
DEBUG: child returned INF! depth=1 score=-30000
DEBUG EVAL: material=-31800 pst=-35 total=-31835
DEBUG: evaluate returned crazy score! stand_pat=31835
DEBUG: child returned INF! depth=1 score=-30000
DEBUG EVAL: material=-31800 pst=-35 total=-31835
DEBUG: evaluate returned crazy score! stand_pat=31835
DEBUG: child returned INF! depth=1 score=-30000
DEBUG EVAL: material=-31800 pst=-35 total=-31835
DEBUG: evaluate returned crazy score! stand_pat=31835
DEBUG: child returned INF! depth=1 score=-30000
DEBUG EVAL: material=-31800 pst=10 total=-31790
DEBUG: evaluate returned crazy score! stand_pat=31790
DEBUG: child returned INF! depth=1 score=-30000
DEBUG: negamax returning -INF! depth=1 ply=5 legal_moves=33 alpha=-30000 beta=90
DEBUG: child returned INF! depth=3 score=-30000
DEBUG EVAL: material=-31800 pst=-5 total=-31805
DEBUG: evaluate returned crazy score! stand_pat=31805
DEBUG: child returned INF! depth=1 score=-30000
DEBUG EVAL: material=-31800 pst=30 total=-31770
DEBUG: evaluate returned crazy score! stand_pat=31770
DEBUG: child returned INF! depth=1 score=-30000
DEBUG EVAL: material=-31800 pst=-5 total=-31805
DEBUG: evaluate returned crazy score! stand_pat=31805
DEBUG: child returned INF! depth=1 score=-30000
DEBUG EVAL: material=-31800 pst=-10 total=-31810
DEBUG: evaluate returned crazy score! stand_pat=31810
DEBUG: child returned INF! depth=1 score=-30000
DEBUG EVAL: material=-31800 pst=-10 total=-31810
DEBUG: evaluate returned crazy score! stand_pat=31810
DEBUG: child returned INF! depth=1 score=-30000
DEBUG EVAL: material=-31800 pst=-5 total=-31805
DEBUG: evaluate returned crazy score! stand_pat=31805
DEBUG: child returned INF! depth=1 score=-30000
DEBUG EVAL: material=-31800 pst=-10 total=-31810
DEBUG: evaluate returned crazy score! stand_pat=31810
DEBUG: child returned INF! depth=1 score=-30000
DEBUG EVAL: material=-31800 pst=-15 total=-31815
DEBUG: evaluate returned crazy score! stand_pat=31815
DEBUG: child returned INF! depth=1 score=-30000
DEBUG EVAL: material=-31800 pst=-15 total=-31815
DEBUG: evaluate returned crazy score! stand_pat=31815
DEBUG: child returned INF! depth=1 score=-30000
DEBUG EVAL: material=-31800 pst=-5 total=-31805
DEBUG: evaluate returned crazy score! stand_pat=31805
DEBUG: child returned INF! depth=1 score=-30000
DEBUG EVAL: material=-31800 pst=5 total=-31795
DEBUG: evaluate returned crazy score! stand_pat=31795
DEBUG: child returned INF! depth=1 score=-30000
DEBUG EVAL: material=-31800 pst=5 total=-31795
DEBUG: evaluate returned crazy score! stand_pat=31795
DEBUG: child returned INF! depth=1 score=-30000
DEBUG EVAL: material=-31800 pst=0 total=-31800
DEBUG: evaluate returned crazy score! stand_pat=31800
DEBUG: child returned INF! depth=1 score=-30000
DEBUG EVAL: material=-31800 pst=-15 total=-31815
DEBUG: evaluate returned crazy score! stand_pat=31815
DEBUG: child returned INF! depth=1 score=-30000
DEBUG EVAL: material=-31800 pst=-5 total=-31805
DEBUG: evaluate returned crazy score! stand_pat=31805
DEBUG: child returned INF! depth=1 score=-30000
DEBUG EVAL: material=-31800 pst=35 total=-31765
DEBUG: evaluate returned crazy score! stand_pat=31765
DEBUG: child returned INF! depth=1 score=-30000
DEBUG EVAL: material=-31800 pst=-5 total=-31805
DEBUG: evaluate returned crazy score! stand_pat=31805
DEBUG: child returned INF! depth=1 score=-30000
DEBUG EVAL: material=-31800 pst=-35 total=-31835
DEBUG: evaluate returned crazy score! stand_pat=31835
DEBUG: child returned INF! depth=1 score=-30000
DEBUG EVAL: material=-31800 pst=-35 total=-31835
DEBUG: evaluate returned crazy score! stand_pat=31835
DEBUG: child returned INF! depth=1 score=-30000
DEBUG EVAL: material=-31800 pst=-35 total=-31835
DEBUG: evaluate returned crazy score! stand_pat=31835
DEBUG: child returned INF! depth=1 score=-30000
DEBUG EVAL: material=-31800 pst=-35 total=-31835
DEBUG: evaluate returned crazy score! stand_pat=31835
DEBUG: child returned INF! depth=1 score=-30000
DEBUG EVAL: material=-31800 pst=-15 total=-31815
DEBUG: evaluate returned crazy score! stand_pat=31815
DEBUG: child returned INF! depth=1 score=-30000
DEBUG EVAL: material=-31800 pst=-15 total=-31815
DEBUG: evaluate returned crazy score! stand_pat=31815
DEBUG: child returned INF! depth=1 score=-30000
DEBUG EVAL: material=-31800 pst=-15 total=-31815
DEBUG: evaluate returned crazy score! stand_pat=31815
DEBUG: child returned INF! depth=1 score=-30000
DEBUG EVAL: material=-31800 pst=-35 total=-31835
DEBUG: evaluate returned crazy score! stand_pat=31835
DEBUG: child returned INF! depth=1 score=-30000
DEBUG EVAL: material=-31800 pst=-35 total=-31835
DEBUG: evaluate returned crazy score! stand_pat=31835
DEBUG: child returned INF! depth=1 score=-30000
DEBUG EVAL: material=-31800 pst=-35 total=-31835
DEBUG: evaluate returned crazy score! stand_pat=31835
DEBUG: child returned INF! depth=1 score=-30000
DEBUG EVAL: material=-31800 pst=-35 total=-31835
DEBUG: evaluate returned crazy score! stand_pat=31835
DEBUG: child returned INF! depth=1 score=-30000
DEBUG EVAL: material=-31800 pst=-35 total=-31835
DEBUG: evaluate returned crazy score! stand_pat=31835
DEBUG: child returned INF! depth=1 score=-30000
DEBUG EVAL: material=-31800 pst=-35 total=-31835
DEBUG: evaluate returned crazy score! stand_pat=31835
DEBUG: child returned INF! depth=1 score=-30000
DEBUG EVAL: material=-31800 pst=-35 total=-31835
DEBUG: evaluate returned crazy score! stand_pat=31835
DEBUG: child returned INF! depth=1 score=-30000
DEBUG EVAL: material=-31800 pst=-35 total=-31835
DEBUG: evaluate returned crazy score! stand_pat=31835
DEBUG: child returned INF! depth=1 score=-30000
DEBUG EVAL: material=-31800 pst=-15 total=-31815
DEBUG: evaluate returned crazy score! stand_pat=31815
DEBUG: child returned INF! depth=1 score=-30000
DEBUG: negamax returning -INF! depth=1 ply=5 legal_moves=33 alpha=-30000 beta=90
DEBUG: child returned INF! depth=3 score=-30000
DEBUG EVAL: material=-31800 pst=-5 total=-31805
DEBUG: evaluate returned crazy score! stand_pat=31805
DEBUG: child returned INF! depth=1 score=-30000
DEBUG EVAL: material=-31800 pst=30 total=-31770
DEBUG: evaluate returned crazy score! stand_pat=31770
DEBUG: child returned INF! depth=1 score=-30000
DEBUG EVAL: material=-31800 pst=-5 total=-31805
DEBUG: evaluate returned crazy score! stand_pat=31805
DEBUG: child returned INF! depth=1 score=-30000
DEBUG EVAL: material=-31800 pst=-5 total=-31805
DEBUG: evaluate returned crazy score! stand_pat=31805
DEBUG: child returned INF! depth=1 score=-30000
DEBUG EVAL: material=-31800 pst=-10 total=-31810
DEBUG: evaluate returned crazy score! stand_pat=31810
DEBUG: child returned INF! depth=1 score=-30000
DEBUG EVAL: material=-31800 pst=-10 total=-31810
DEBUG: evaluate returned crazy score! stand_pat=31810
DEBUG: child returned INF! depth=1 score=-30000
DEBUG EVAL: material=-31800 pst=35 total=-31765
DEBUG: evaluate returned crazy score! stand_pat=31765
DEBUG: child returned INF! depth=1 score=-30000
DEBUG EVAL: material=-31800 pst=-10 total=-31810
DEBUG: evaluate returned crazy score! stand_pat=31810
DEBUG: child returned INF! depth=1 score=-30000
DEBUG EVAL: material=-31800 pst=-15 total=-31815
DEBUG: evaluate returned crazy score! stand_pat=31815
DEBUG: child returned INF! depth=1 score=-30000
DEBUG EVAL: material=-31800 pst=-15 total=-31815
DEBUG: evaluate returned crazy score! stand_pat=31815
DEBUG: child returned INF! depth=1 score=-30000
DEBUG EVAL: material=-31800 pst=-5 total=-31805
DEBUG: evaluate returned crazy score! stand_pat=31805
DEBUG: child returned INF! depth=1 score=-30000
DEBUG EVAL: material=-31800 pst=5 total=-31795
DEBUG: evaluate returned crazy score! stand_pat=31795
DEBUG: child returned INF! depth=1 score=-30000
DEBUG EVAL: material=-31800 pst=-5 total=-31805
DEBUG: evaluate returned crazy score! stand_pat=31805
DEBUG: child returned INF! depth=1 score=-30000
DEBUG EVAL: material=-31800 pst=35 total=-31765
DEBUG: evaluate returned crazy score! stand_pat=31765
DEBUG: child returned INF! depth=1 score=-30000
DEBUG EVAL: material=-31800 pst=-5 total=-31805
DEBUG: evaluate returned crazy score! stand_pat=31805
DEBUG: child returned INF! depth=1 score=-30000
DEBUG EVAL: material=-31800 pst=-35 total=-31835
DEBUG: evaluate returned crazy score! stand_pat=31835
DEBUG: child returned INF! depth=1 score=-30000
DEBUG EVAL: material=-31800 pst=-35 total=-31835
DEBUG: evaluate returned crazy score! stand_pat=31835
DEBUG: child returned INF! depth=1 score=-30000
DEBUG EVAL: material=-31800 pst=-35 total=-31835
DEBUG: evaluate returned crazy score! stand_pat=31835
DEBUG: child returned INF! depth=1 score=-30000
DEBUG EVAL: material=-31800 pst=-35 total=-31835
DEBUG: evaluate returned crazy score! stand_pat=31835
DEBUG: child returned INF! depth=1 score=-30000
DEBUG EVAL: material=-31800 pst=-15 total=-31815
DEBUG: evaluate returned crazy score! stand_pat=31815
DEBUG: child returned INF! depth=1 score=-30000
DEBUG EVAL: material=-31800 pst=-15 total=-31815
DEBUG: evaluate returned crazy score! stand_pat=31815
DEBUG: child returned INF! depth=1 score=-30000
DEBUG EVAL: material=-31800 pst=-15 total=-31815
DEBUG: evaluate returned crazy score! stand_pat=31815
DEBUG: child returned INF! depth=1 score=-30000
DEBUG EVAL: material=-31800 pst=-35 total=-31835
DEBUG: evaluate returned crazy score! stand_pat=31835
DEBUG: child returned INF! depth=1 score=-30000
DEBUG EVAL: material=-31800 pst=-35 total=-31835
DEBUG: evaluate returned crazy score! stand_pat=31835
DEBUG: child returned INF! depth=1 score=-30000
DEBUG EVAL: material=-31800 pst=-35 total=-31835
DEBUG: evaluate returned crazy score! stand_pat=31835
DEBUG: child returned INF! depth=1 score=-30000
DEBUG EVAL: material=-31800 pst=-35 total=-31835
DEBUG: evaluate returned crazy score! stand_pat=31835
DEBUG: child returned INF! depth=1 score=-30000
DEBUG EVAL: material=-31800 pst=-35 total=-31835
DEBUG: evaluate returned crazy score! stand_pat=31835
DEBUG: child returned INF! depth=1 score=-30000
DEBUG EVAL: material=-31800 pst=-35 total=-31835
DEBUG: evaluate returned crazy score! stand_pat=31835
DEBUG: child returned INF! depth=1 score=-30000
DEBUG EVAL: material=-31800 pst=-35 total=-31835
DEBUG: evaluate returned crazy score! stand_pat=31835
DEBUG: child returned INF! depth=1 score=-30000
DEBUG EVAL: material=-31800 pst=-35 total=-31835
DEBUG: evaluate returned crazy score! stand_pat=31835
DEBUG: child returned INF! depth=1 score=-30000
DEBUG EVAL: material=-31800 pst=-35 total=-31835
DEBUG: evaluate returned crazy score! stand_pat=31835
DEBUG: child returned INF! depth=1 score=-30000
DEBUG EVAL: material=-31800 pst=15 total=-31785
DEBUG: evaluate returned crazy score! stand_pat=31785
DEBUG: child returned INF! depth=1 score=-30000
DEBUG: negamax returning -INF! depth=1 ply=5 legal_moves=32 alpha=-30000 beta=90
DEBUG: child returned INF! depth=3 score=-30000
DEBUG EVAL: material=-31800 pst=15 total=-31785
DEBUG: evaluate returned crazy score! stand_pat=31785
DEBUG: child returned INF! depth=1 score=-30000
DEBUG EVAL: material=-31800 pst=50 total=-31750
DEBUG: evaluate returned crazy score! stand_pat=31750
DEBUG: child returned INF! depth=1 score=-30000
DEBUG EVAL: material=-31800 pst=55 total=-31745
DEBUG: evaluate returned crazy score! stand_pat=31745
DEBUG: child returned INF! depth=1 score=-30000
DEBUG EVAL: material=-31800 pst=15 total=-31785
DEBUG: evaluate returned crazy score! stand_pat=31785
DEBUG: child returned INF! depth=1 score=-30000
DEBUG EVAL: material=-31800 pst=25 total=-31775
DEBUG: evaluate returned crazy score! stand_pat=31775
DEBUG: child returned INF! depth=1 score=-30000
DEBUG EVAL: material=-31800 pst=25 total=-31775
DEBUG: evaluate returned crazy score! stand_pat=31775
DEBUG: child returned INF! depth=1 score=-30000
DEBUG EVAL: material=-31800 pst=20 total=-31780
DEBUG: evaluate returned crazy score! stand_pat=31780
DEBUG: child returned INF! depth=1 score=-30000
DEBUG EVAL: material=-31800 pst=5 total=-31795
DEBUG: evaluate returned crazy score! stand_pat=31795
DEBUG: child returned INF! depth=1 score=-30000
DEBUG EVAL: material=-31800 pst=10 total=-31790
DEBUG: evaluate returned crazy score! stand_pat=31790
DEBUG: child returned INF! depth=1 score=-30000
DEBUG EVAL: material=-31800 pst=15 total=-31785
DEBUG: evaluate returned crazy score! stand_pat=31785
DEBUG: child returned INF! depth=1 score=-30000
DEBUG EVAL: material=-31800 pst=10 total=-31790
DEBUG: evaluate returned crazy score! stand_pat=31790
DEBUG: child returned INF! depth=1 score=-30000
DEBUG EVAL: material=-31800 pst=5 total=-31795
DEBUG: evaluate returned crazy score! stand_pat=31795
DEBUG: child returned INF! depth=1 score=-30000
DEBUG EVAL: material=-31800 pst=10 total=-31790
DEBUG: evaluate returned crazy score! stand_pat=31790
DEBUG: child returned INF! depth=1 score=-30000
DEBUG EVAL: material=-31800 pst=15 total=-31785
DEBUG: evaluate returned crazy score! stand_pat=31785
DEBUG: child returned INF! depth=1 score=-30000
DEBUG EVAL: material=-31800 pst=15 total=-31785
DEBUG: evaluate returned crazy score! stand_pat=31785
DEBUG: child returned INF! depth=1 score=-30000
DEBUG EVAL: material=-31800 pst=15 total=-31785
DEBUG: evaluate returned crazy score! stand_pat=31785
DEBUG: child returned INF! depth=1 score=-30000
DEBUG EVAL: material=-31800 pst=15 total=-31785
DEBUG: evaluate returned crazy score! stand_pat=31785
DEBUG: child returned INF! depth=1 score=-30000
DEBUG EVAL: material=-31800 pst=10 total=-31790
DEBUG: evaluate returned crazy score! stand_pat=31790
DEBUG: child returned INF! depth=1 score=-30000
DEBUG EVAL: material=-31800 pst=5 total=-31795
DEBUG: evaluate returned crazy score! stand_pat=31795
DEBUG: child returned INF! depth=1 score=-30000
DEBUG EVAL: material=-31800 pst=5 total=-31795
DEBUG: evaluate returned crazy score! stand_pat=31795
DEBUG: child returned INF! depth=1 score=-30000
DEBUG EVAL: material=-31800 pst=5 total=-31795
DEBUG: evaluate returned crazy score! stand_pat=31795
DEBUG: child returned INF! depth=1 score=-30000
DEBUG EVAL: material=-31800 pst=15 total=-31785
DEBUG: evaluate returned crazy score! stand_pat=31785
DEBUG: child returned INF! depth=1 score=-30000
DEBUG EVAL: material=-31800 pst=25 total=-31775
DEBUG: evaluate returned crazy score! stand_pat=31775
DEBUG: child returned INF! depth=1 score=-30000
DEBUG EVAL: material=-31800 pst=25 total=-31775
DEBUG: evaluate returned crazy score! stand_pat=31775
DEBUG: child returned INF! depth=1 score=-30000
DEBUG EVAL: material=-31800 pst=20 total=-31780
DEBUG: evaluate returned crazy score! stand_pat=31780
DEBUG: child returned INF! depth=1 score=-30000
DEBUG EVAL: material=-31800 pst=5 total=-31795
DEBUG: evaluate returned crazy score! stand_pat=31795
DEBUG: child returned INF! depth=1 score=-30000
DEBUG EVAL: material=-31800 pst=50 total=-31750
DEBUG: evaluate returned crazy score! stand_pat=31750
DEBUG: child returned INF! depth=1 score=-30000
DEBUG EVAL: material=-31800 pst=55 total=-31745
DEBUG: evaluate returned crazy score! stand_pat=31745
DEBUG: child returned INF! depth=1 score=-30000
DEBUG EVAL: material=-31800 pst=15 total=-31785
DEBUG: evaluate returned crazy score! stand_pat=31785
DEBUG: child returned INF! depth=1 score=-30000
DEBUG EVAL: material=-31800 pst=-15 total=-31815
DEBUG: evaluate returned crazy score! stand_pat=31815
DEBUG: child returned INF! depth=1 score=-30000
DEBUG EVAL: material=-31800 pst=-15 total=-31815
DEBUG: evaluate returned crazy score! stand_pat=31815
DEBUG: child returned INF! depth=1 score=-30000
DEBUG EVAL: material=-31800 pst=-15 total=-31815
DEBUG: evaluate returned crazy score! stand_pat=31815
DEBUG: child returned INF! depth=1 score=-30000
DEBUG EVAL: material=-31800 pst=-15 total=-31815
DEBUG: evaluate returned crazy score! stand_pat=31815
DEBUG: child returned INF! depth=1 score=-30000
DEBUG EVAL: material=-31800 pst=-15 total=-31815
DEBUG: evaluate returned crazy score! stand_pat=31815
DEBUG: child returned INF! depth=1 score=-30000
DEBUG EVAL: material=-31800 pst=-15 total=-31815
DEBUG: evaluate returned crazy score! stand_pat=31815
DEBUG: child returned INF! depth=1 score=-30000
DEBUG EVAL: material=-31800 pst=-15 total=-31815
DEBUG: evaluate returned crazy score! stand_pat=31815
DEBUG: child returned INF! depth=1 score=-30000
DEBUG EVAL: material=-31800 pst=-15 total=-31815
DEBUG: evaluate returned crazy score! stand_pat=31815
DEBUG: child returned INF! depth=1 score=-30000
DEBUG EVAL: material=-31800 pst=-15 total=-31815
DEBUG: evaluate returned crazy score! stand_pat=31815
DEBUG: child returned INF! depth=1 score=-30000
DEBUG EVAL: material=-31800 pst=-15 total=-31815
DEBUG: evaluate returned crazy score! stand_pat=31815
DEBUG: child returned INF! depth=1 score=-30000
DEBUG EVAL: material=-31800 pst=-15 total=-31815
DEBUG: evaluate returned crazy score! stand_pat=31815
DEBUG: child returned INF! depth=1 score=-30000
DEBUG EVAL: material=-31800 pst=-15 total=-31815
DEBUG: evaluate returned crazy score! stand_pat=31815
DEBUG: child returned INF! depth=1 score=-30000
DEBUG: negamax returning -INF! depth=1 ply=5 legal_moves=41 alpha=-30000 beta=90
DEBUG: child returned INF! depth=3 score=-30000
DEBUG EVAL: material=-31800 pst=50 total=-31750
DEBUG: evaluate returned crazy score! stand_pat=31750
DEBUG: child returned INF! depth=1 score=-30000
DEBUG EVAL: material=-31800 pst=15 total=-31785
DEBUG: evaluate returned crazy score! stand_pat=31785
DEBUG: child returned INF! depth=1 score=-30000
DEBUG EVAL: material=-31800 pst=55 total=-31745
DEBUG: evaluate returned crazy score! stand_pat=31745
DEBUG: child returned INF! depth=1 score=-30000
DEBUG EVAL: material=-31800 pst=15 total=-31785
DEBUG: evaluate returned crazy score! stand_pat=31785
DEBUG: child returned INF! depth=1 score=-30000
DEBUG EVAL: material=-31800 pst=25 total=-31775
DEBUG: evaluate returned crazy score! stand_pat=31775
DEBUG: child returned INF! depth=1 score=-30000
DEBUG EVAL: material=-31800 pst=25 total=-31775
DEBUG: evaluate returned crazy score! stand_pat=31775
DEBUG: child returned INF! depth=1 score=-30000
DEBUG EVAL: material=-31800 pst=20 total=-31780
DEBUG: evaluate returned crazy score! stand_pat=31780
DEBUG: child returned INF! depth=1 score=-30000
DEBUG EVAL: material=-31800 pst=5 total=-31795
DEBUG: evaluate returned crazy score! stand_pat=31795
DEBUG: child returned INF! depth=1 score=-30000
DEBUG EVAL: material=-31800 pst=5 total=-31795
DEBUG: evaluate returned crazy score! stand_pat=31795
DEBUG: child returned INF! depth=1 score=-30000
DEBUG EVAL: material=-31800 pst=10 total=-31790
DEBUG: evaluate returned crazy score! stand_pat=31790
DEBUG: child returned INF! depth=1 score=-30000
DEBUG EVAL: material=-31800 pst=15 total=-31785
DEBUG: evaluate returned crazy score! stand_pat=31785
DEBUG: child returned INF! depth=1 score=-30000
DEBUG EVAL: material=-31800 pst=15 total=-31785
DEBUG: evaluate returned crazy score! stand_pat=31785
DEBUG: child returned INF! depth=1 score=-30000
DEBUG EVAL: material=-31800 pst=15 total=-31785
DEBUG: evaluate returned crazy score! stand_pat=31785
DEBUG: child returned INF! depth=1 score=-30000
DEBUG EVAL: material=-31800 pst=15 total=-31785
DEBUG: evaluate returned crazy score! stand_pat=31785
DEBUG: child returned INF! depth=1 score=-30000
DEBUG EVAL: material=-31800 pst=10 total=-31790
DEBUG: evaluate returned crazy score! stand_pat=31790
DEBUG: child returned INF! depth=1 score=-30000
DEBUG EVAL: material=-31800 pst=5 total=-31795
DEBUG: evaluate returned crazy score! stand_pat=31795
DEBUG: child returned INF! depth=1 score=-30000
DEBUG EVAL: material=-31800 pst=55 total=-31745
DEBUG: evaluate returned crazy score! stand_pat=31745
DEBUG: child returned INF! depth=1 score=-30000
DEBUG EVAL: material=-31800 pst=15 total=-31785
DEBUG: evaluate returned crazy score! stand_pat=31785
DEBUG: child returned INF! depth=1 score=-30000
DEBUG EVAL: material=-31800 pst=-15 total=-31815
DEBUG: evaluate returned crazy score! stand_pat=31815
DEBUG: child returned INF! depth=1 score=-30000
DEBUG EVAL: material=-31800 pst=-15 total=-31815
DEBUG: evaluate returned crazy score! stand_pat=31815
DEBUG: child returned INF! depth=1 score=-30000
DEBUG EVAL: material=-31800 pst=-15 total=-31815
DEBUG: evaluate returned crazy score! stand_pat=31815
DEBUG: child returned INF! depth=1 score=-30000
DEBUG EVAL: material=-31800 pst=-15 total=-31815
DEBUG: evaluate returned crazy score! stand_pat=31815
DEBUG: child returned INF! depth=1 score=-30000
DEBUG EVAL: material=-31800 pst=-15 total=-31815
DEBUG: evaluate returned crazy score! stand_pat=31815
DEBUG: child returned INF! depth=1 score=-30000
DEBUG EVAL: material=-31800 pst=-15 total=-31815
DEBUG: evaluate returned crazy score! stand_pat=31815
DEBUG: child returned INF! depth=1 score=-30000
DEBUG EVAL: material=-31800 pst=5 total=-31795
DEBUG: evaluate returned crazy score! stand_pat=31795
DEBUG: child returned INF! depth=1 score=-30000
DEBUG EVAL: material=-31800 pst=5 total=-31795
DEBUG: evaluate returned crazy score! stand_pat=31795
DEBUG: child returned INF! depth=1 score=-30000
DEBUG EVAL: material=-31800 pst=-15 total=-31815
DEBUG: evaluate returned crazy score! stand_pat=31815
DEBUG: child returned INF! depth=1 score=-30000
DEBUG EVAL: material=-31800 pst=-15 total=-31815
DEBUG: evaluate returned crazy score! stand_pat=31815
DEBUG: child returned INF! depth=1 score=-30000
DEBUG EVAL: material=-31800 pst=-15 total=-31815
DEBUG: evaluate returned crazy score! stand_pat=31815
DEBUG: child returned INF! depth=1 score=-30000
DEBUG EVAL: material=-31800 pst=-15 total=-31815
DEBUG: evaluate returned crazy score! stand_pat=31815
DEBUG: child returned INF! depth=1 score=-30000
DEBUG EVAL: material=-31800 pst=-15 total=-31815
DEBUG: evaluate returned crazy score! stand_pat=31815
DEBUG: child returned INF! depth=1 score=-30000
DEBUG EVAL: material=-31800 pst=-15 total=-31815
DEBUG: evaluate returned crazy score! stand_pat=31815
DEBUG: child returned INF! depth=1 score=-30000
DEBUG EVAL: material=-31800 pst=-15 total=-31815
DEBUG: evaluate returned crazy score! stand_pat=31815
DEBUG: child returned INF! depth=1 score=-30000
DEBUG EVAL: material=-31800 pst=-15 total=-31815
DEBUG: evaluate returned crazy score! stand_pat=31815
DEBUG: child returned INF! depth=1 score=-30000
DEBUG EVAL: material=-31800 pst=-15 total=-31815
DEBUG: evaluate returned crazy score! stand_pat=31815
DEBUG: child returned INF! depth=1 score=-30000
DEBUG: negamax returning -INF! depth=1 ply=5 legal_moves=35 alpha=-30000 beta=90
DEBUG: child returned INF! depth=3 score=-30000
DEBUG EVAL: material=-31800 pst=-5 total=-31805
DEBUG: evaluate returned crazy score! stand_pat=31805
DEBUG: child returned INF! depth=1 score=-30000
DEBUG EVAL: material=-31800 pst=30 total=-31770
DEBUG: evaluate returned crazy score! stand_pat=31770
DEBUG: child returned INF! depth=1 score=-30000
DEBUG EVAL: material=-31800 pst=-5 total=-31805
DEBUG: evaluate returned crazy score! stand_pat=31805
DEBUG: child returned INF! depth=1 score=-30000
DEBUG EVAL: material=-31800 pst=5 total=-31795
DEBUG: evaluate returned crazy score! stand_pat=31795
DEBUG: child returned INF! depth=1 score=-30000
DEBUG EVAL: material=-31800 pst=5 total=-31795
DEBUG: evaluate returned crazy score! stand_pat=31795
DEBUG: child returned INF! depth=1 score=-30000
DEBUG EVAL: material=-31800 pst=0 total=-31800
DEBUG: evaluate returned crazy score! stand_pat=31800
DEBUG: child returned INF! depth=1 score=-30000
DEBUG EVAL: material=-31800 pst=-15 total=-31815
DEBUG: evaluate returned crazy score! stand_pat=31815
DEBUG: child returned INF! depth=1 score=-30000
DEBUG EVAL: material=-31800 pst=-10 total=-31810
DEBUG: evaluate returned crazy score! stand_pat=31810
DEBUG: child returned INF! depth=1 score=-30000
DEBUG EVAL: material=-31800 pst=-5 total=-31805
DEBUG: evaluate returned crazy score! stand_pat=31805
DEBUG: child returned INF! depth=1 score=-30000
DEBUG EVAL: material=-31800 pst=-10 total=-31810
DEBUG: evaluate returned crazy score! stand_pat=31810
DEBUG: child returned INF! depth=1 score=-30000
DEBUG EVAL: material=-31800 pst=-15 total=-31815
DEBUG: evaluate returned crazy score! stand_pat=31815
DEBUG: child returned INF! depth=1 score=-30000
DEBUG EVAL: material=-31800 pst=-15 total=-31815
DEBUG: evaluate returned crazy score! stand_pat=31815
DEBUG: child returned INF! depth=1 score=-30000
DEBUG EVAL: material=-31800 pst=-10 total=-31810
DEBUG: evaluate returned crazy score! stand_pat=31810
DEBUG: child returned INF! depth=1 score=-30000
DEBUG EVAL: material=-31800 pst=-5 total=-31805
DEBUG: evaluate returned crazy score! stand_pat=31805
DEBUG: child returned INF! depth=1 score=-30000
DEBUG EVAL: material=-31800 pst=-5 total=-31805
DEBUG: evaluate returned crazy score! stand_pat=31805
DEBUG: child returned INF! depth=1 score=-30000
DEBUG EVAL: material=-31800 pst=-5 total=-31805
DEBUG: evaluate returned crazy score! stand_pat=31805
DEBUG: child returned INF! depth=1 score=-30000
DEBUG EVAL: material=-31800 pst=-5 total=-31805
DEBUG: evaluate returned crazy score! stand_pat=31805
DEBUG: child returned INF! depth=1 score=-30000
DEBUG EVAL: material=-31800 pst=-10 total=-31810
DEBUG: evaluate returned crazy score! stand_pat=31810
DEBUG: child returned INF! depth=1 score=-30000
DEBUG EVAL: material=-31800 pst=-15 total=-31815
DEBUG: evaluate returned crazy score! stand_pat=31815
DEBUG: child returned INF! depth=1 score=-30000
DEBUG EVAL: material=-31800 pst=-5 total=-31805
DEBUG: evaluate returned crazy score! stand_pat=31805
DEBUG: child returned INF! depth=1 score=-30000
DEBUG EVAL: material=-31800 pst=5 total=-31795
DEBUG: evaluate returned crazy score! stand_pat=31795
DEBUG: child returned INF! depth=1 score=-30000
DEBUG EVAL: material=-31800 pst=5 total=-31795
DEBUG: evaluate returned crazy score! stand_pat=31795
DEBUG: child returned INF! depth=1 score=-30000
DEBUG EVAL: material=-31800 pst=0 total=-31800
DEBUG: evaluate returned crazy score! stand_pat=31800
DEBUG: child returned INF! depth=1 score=-30000
DEBUG EVAL: material=-31800 pst=-15 total=-31815
DEBUG: evaluate returned crazy score! stand_pat=31815
DEBUG: child returned INF! depth=1 score=-30000
DEBUG EVAL: material=-31800 pst=30 total=-31770
DEBUG: evaluate returned crazy score! stand_pat=31770
DEBUG: child returned INF! depth=1 score=-30000
DEBUG EVAL: material=-31800 pst=35 total=-31765
DEBUG: evaluate returned crazy score! stand_pat=31765
DEBUG: child returned INF! depth=1 score=-30000
DEBUG EVAL: material=-31800 pst=-5 total=-31805
DEBUG: evaluate returned crazy score! stand_pat=31805
DEBUG: child returned INF! depth=1 score=-30000
DEBUG EVAL: material=-31800 pst=-35 total=-31835
DEBUG: evaluate returned crazy score! stand_pat=31835
DEBUG: child returned INF! depth=1 score=-30000
DEBUG EVAL: material=-31800 pst=-35 total=-31835
DEBUG: evaluate returned crazy score! stand_pat=31835
DEBUG: child returned INF! depth=1 score=-30000
DEBUG EVAL: material=-31800 pst=-35 total=-31835
DEBUG: evaluate returned crazy score! stand_pat=31835
DEBUG: child returned INF! depth=1 score=-30000
DEBUG EVAL: material=-31800 pst=-35 total=-31835
DEBUG: evaluate returned crazy score! stand_pat=31835
DEBUG: child returned INF! depth=1 score=-30000
DEBUG EVAL: material=-31800 pst=-35 total=-31835
DEBUG: evaluate returned crazy score! stand_pat=31835
DEBUG: child returned INF! depth=1 score=-30000
DEBUG EVAL: material=-31800 pst=-35 total=-31835
DEBUG: evaluate returned crazy score! stand_pat=31835
DEBUG: child returned INF! depth=1 score=-30000
DEBUG EVAL: material=-31800 pst=-35 total=-31835
DEBUG: evaluate returned crazy score! stand_pat=31835
DEBUG: child returned INF! depth=1 score=-30000
DEBUG EVAL: material=-31800 pst=-35 total=-31835
DEBUG: evaluate returned crazy score! stand_pat=31835
DEBUG: child returned INF! depth=1 score=-30000
DEBUG EVAL: material=-31800 pst=-35 total=-31835
DEBUG: evaluate returned crazy score! stand_pat=31835
DEBUG: child returned INF! depth=1 score=-30000
DEBUG EVAL: material=-31800 pst=-35 total=-31835
DEBUG: evaluate returned crazy score! stand_pat=31835
DEBUG: child returned INF! depth=1 score=-30000
DEBUG EVAL: material=-31800 pst=5 total=-31795
DEBUG: evaluate returned crazy score! stand_pat=31795
DEBUG: child returned INF! depth=1 score=-30000
DEBUG EVAL: material=-31800 pst=-15 total=-31815
DEBUG: evaluate returned crazy score! stand_pat=31815
DEBUG: child returned INF! depth=1 score=-30000
DEBUG EVAL: material=-31800 pst=-15 total=-31815
DEBUG: evaluate returned crazy score! stand_pat=31815
DEBUG: child returned INF! depth=1 score=-30000
DEBUG EVAL: material=-31800 pst=-25 total=-31825
DEBUG: evaluate returned crazy score! stand_pat=31825
DEBUG: child returned INF! depth=1 score=-30000
DEBUG EVAL: material=-31800 pst=-35 total=-31835
DEBUG: evaluate returned crazy score! stand_pat=31835
DEBUG: child returned INF! depth=1 score=-30000
DEBUG: negamax returning -INF! depth=1 ply=5 legal_moves=42 alpha=-30000 beta=90
DEBUG: child returned INF! depth=3 score=-30000
DEBUG EVAL: material=-31800 pst=-5 total=-31805
DEBUG: evaluate returned crazy score! stand_pat=31805
DEBUG: child returned INF! depth=1 score=-30000
DEBUG EVAL: material=-31800 pst=30 total=-31770
DEBUG: evaluate returned crazy score! stand_pat=31770
DEBUG: child returned INF! depth=1 score=-30000
DEBUG EVAL: material=-31800 pst=35 total=-31765
DEBUG: evaluate returned crazy score! stand_pat=31765
DEBUG: child returned INF! depth=1 score=-30000
DEBUG EVAL: material=-31800 pst=-5 total=-31805
DEBUG: evaluate returned crazy score! stand_pat=31805
DEBUG: child returned INF! depth=1 score=-30000
DEBUG EVAL: material=-31800 pst=5 total=-31795
DEBUG: evaluate returned crazy score! stand_pat=31795
DEBUG: child returned INF! depth=1 score=-30000
DEBUG EVAL: material=-31800 pst=5 total=-31795
DEBUG: evaluate returned crazy score! stand_pat=31795
DEBUG: child returned INF! depth=1 score=-30000
DEBUG EVAL: material=-31800 pst=0 total=-31800
DEBUG: evaluate returned crazy score! stand_pat=31800
DEBUG: child returned INF! depth=1 score=-30000
DEBUG EVAL: material=-31800 pst=-15 total=-31815
DEBUG: evaluate returned crazy score! stand_pat=31815
DEBUG: child returned INF! depth=1 score=-30000
DEBUG EVAL: material=-31800 pst=-10 total=-31810
DEBUG: evaluate returned crazy score! stand_pat=31810
DEBUG: child returned INF! depth=1 score=-30000
DEBUG EVAL: material=-31800 pst=-5 total=-31805
DEBUG: evaluate returned crazy score! stand_pat=31805
DEBUG: child returned INF! depth=1 score=-30000
DEBUG EVAL: material=-31800 pst=-10 total=-31810
DEBUG: evaluate returned crazy score! stand_pat=31810
DEBUG: child returned INF! depth=1 score=-30000
DEBUG EVAL: material=-31800 pst=-15 total=-31815
DEBUG: evaluate returned crazy score! stand_pat=31815
DEBUG: child returned INF! depth=1 score=-30000
DEBUG EVAL: material=-31800 pst=-15 total=-31815
DEBUG: evaluate returned crazy score! stand_pat=31815
DEBUG: child returned INF! depth=1 score=-30000
DEBUG EVAL: material=-31800 pst=-10 total=-31810
DEBUG: evaluate returned crazy score! stand_pat=31810
DEBUG: child returned INF! depth=1 score=-30000
DEBUG EVAL: material=-31800 pst=-5 total=-31805
DEBUG: evaluate returned crazy score! stand_pat=31805
DEBUG: child returned INF! depth=1 score=-30000
DEBUG EVAL: material=-31800 pst=30 total=-31770
DEBUG: evaluate returned crazy score! stand_pat=31770
DEBUG: child returned INF! depth=1 score=-30000
DEBUG EVAL: material=-31800 pst=35 total=-31765
DEBUG: evaluate returned crazy score! stand_pat=31765
DEBUG: child returned INF! depth=1 score=-30000
DEBUG EVAL: material=-31800 pst=-5 total=-31805
DEBUG: evaluate returned crazy score! stand_pat=31805
DEBUG: child returned INF! depth=1 score=-30000
DEBUG EVAL: material=-31800 pst=-35 total=-31835
DEBUG: evaluate returned crazy score! stand_pat=31835
DEBUG: child returned INF! depth=1 score=-30000
DEBUG EVAL: material=-31800 pst=-35 total=-31835
DEBUG: evaluate returned crazy score! stand_pat=31835
DEBUG: child returned INF! depth=1 score=-30000
DEBUG EVAL: material=-31800 pst=-35 total=-31835
DEBUG: evaluate returned crazy score! stand_pat=31835
DEBUG: child returned INF! depth=1 score=-30000
DEBUG EVAL: material=-31800 pst=-35 total=-31835
DEBUG: evaluate returned crazy score! stand_pat=31835
DEBUG: child returned INF! depth=1 score=-30000
DEBUG EVAL: material=-31800 pst=-35 total=-31835
DEBUG: evaluate returned crazy score! stand_pat=31835
DEBUG: child returned INF! depth=1 score=-30000
DEBUG EVAL: material=-31800 pst=-35 total=-31835
DEBUG: evaluate returned crazy score! stand_pat=31835
DEBUG: child returned INF! depth=1 score=-30000
DEBUG EVAL: material=-31800 pst=-35 total=-31835
DEBUG: evaluate returned crazy score! stand_pat=31835
DEBUG: child returned INF! depth=1 score=-30000
DEBUG EVAL: material=-31800 pst=-35 total=-31835
DEBUG: evaluate returned crazy score! stand_pat=31835
DEBUG: child returned INF! depth=1 score=-30000
DEBUG EVAL: material=-31800 pst=-35 total=-31835
DEBUG: evaluate returned crazy score! stand_pat=31835
DEBUG: child returned INF! depth=1 score=-30000
DEBUG EVAL: material=-31800 pst=-35 total=-31835
DEBUG: evaluate returned crazy score! stand_pat=31835
DEBUG: child returned INF! depth=1 score=-30000
DEBUG EVAL: material=-31800 pst=-35 total=-31835
DEBUG: evaluate returned crazy score! stand_pat=31835
DEBUG: child returned INF! depth=1 score=-30000
DEBUG EVAL: material=-31800 pst=-35 total=-31835
DEBUG: evaluate returned crazy score! stand_pat=31835
DEBUG: child returned INF! depth=1 score=-30000
DEBUG EVAL: material=-31800 pst=5 total=-31795
DEBUG: evaluate returned crazy score! stand_pat=31795
DEBUG: child returned INF! depth=1 score=-30000
DEBUG EVAL: material=-31800 pst=5 total=-31795
DEBUG: evaluate returned crazy score! stand_pat=31795
DEBUG: child returned INF! depth=1 score=-30000
DEBUG EVAL: material=-31800 pst=-15 total=-31815
DEBUG: evaluate returned crazy score! stand_pat=31815
DEBUG: child returned INF! depth=1 score=-30000
DEBUG EVAL: material=-31800 pst=-15 total=-31815
DEBUG: evaluate returned crazy score! stand_pat=31815
DEBUG: child returned INF! depth=1 score=-30000
DEBUG EVAL: material=-31800 pst=-25 total=-31825
DEBUG: evaluate returned crazy score! stand_pat=31825
DEBUG: child returned INF! depth=1 score=-30000
DEBUG EVAL: material=-31800 pst=-35 total=-31835
DEBUG: evaluate returned crazy score! stand_pat=31835
DEBUG: child returned INF! depth=1 score=-30000
DEBUG EVAL: material=-31800 pst=-35 total=-31835
DEBUG: evaluate returned crazy score! stand_pat=31835
DEBUG: child returned INF! depth=1 score=-30000
DEBUG: negamax returning -INF! depth=1 ply=5 legal_moves=37 alpha=-30000 beta=90
DEBUG: child returned INF! depth=3 score=-30000
DEBUG EVAL: material=-31800 pst=-5 total=-31805
DEBUG: evaluate returned crazy score! stand_pat=31805
DEBUG: child returned INF! depth=1 score=-30000
DEBUG EVAL: material=-31800 pst=30 total=-31770
DEBUG: evaluate returned crazy score! stand_pat=31770
DEBUG: child returned INF! depth=1 score=-30000
DEBUG EVAL: material=-31800 pst=35 total=-31765
DEBUG: evaluate returned crazy score! stand_pat=31765
DEBUG: child returned INF! depth=1 score=-30000
DEBUG EVAL: material=-31800 pst=-5 total=-31805
DEBUG: evaluate returned crazy score! stand_pat=31805
DEBUG: child returned INF! depth=1 score=-30000
DEBUG EVAL: material=-31800 pst=-10 total=-31810
DEBUG: evaluate returned crazy score! stand_pat=31810
DEBUG: child returned INF! depth=1 score=-30000
DEBUG EVAL: material=-31800 pst=-5 total=-31805
DEBUG: evaluate returned crazy score! stand_pat=31805
DEBUG: child returned INF! depth=1 score=-30000
DEBUG EVAL: material=-31800 pst=-10 total=-31810
DEBUG: evaluate returned crazy score! stand_pat=31810
DEBUG: child returned INF! depth=1 score=-30000
DEBUG EVAL: material=-31800 pst=-15 total=-31815
DEBUG: evaluate returned crazy score! stand_pat=31815
DEBUG: child returned INF! depth=1 score=-30000
DEBUG EVAL: material=-31800 pst=-15 total=-31815
DEBUG: evaluate returned crazy score! stand_pat=31815
DEBUG: child returned INF! depth=1 score=-30000
DEBUG EVAL: material=-31800 pst=-10 total=-31810
DEBUG: evaluate returned crazy score! stand_pat=31810
DEBUG: child returned INF! depth=1 score=-30000
DEBUG EVAL: material=-31800 pst=-5 total=-31805
DEBUG: evaluate returned crazy score! stand_pat=31805
DEBUG: child returned INF! depth=1 score=-30000
DEBUG EVAL: material=-31800 pst=-5 total=-31805
DEBUG: evaluate returned crazy score! stand_pat=31805
DEBUG: child returned INF! depth=1 score=-30000
DEBUG EVAL: material=-31800 pst=-5 total=-31805
DEBUG: evaluate returned crazy score! stand_pat=31805
DEBUG: child returned INF! depth=1 score=-30000
DEBUG EVAL: material=-31800 pst=-5 total=-31805
DEBUG: evaluate returned crazy score! stand_pat=31805
DEBUG: child returned INF! depth=1 score=-30000
DEBUG EVAL: material=-31800 pst=-10 total=-31810
DEBUG: evaluate returned crazy score! stand_pat=31810
DEBUG: child returned INF! depth=1 score=-30000
DEBUG EVAL: material=-31800 pst=-15 total=-31815
DEBUG: evaluate returned crazy score! stand_pat=31815
DEBUG: child returned INF! depth=1 score=-30000
DEBUG EVAL: material=-31800 pst=-5 total=-31805
DEBUG: evaluate returned crazy score! stand_pat=31805
DEBUG: child returned INF! depth=1 score=-30000
DEBUG EVAL: material=-31800 pst=5 total=-31795
DEBUG: evaluate returned crazy score! stand_pat=31795
DEBUG: child returned INF! depth=1 score=-30000
DEBUG EVAL: material=-31800 pst=5 total=-31795
DEBUG: evaluate returned crazy score! stand_pat=31795
DEBUG: child returned INF! depth=1 score=-30000
DEBUG EVAL: material=-31800 pst=0 total=-31800
DEBUG: evaluate returned crazy score! stand_pat=31800
DEBUG: child returned INF! depth=1 score=-30000
DEBUG EVAL: material=-31800 pst=-15 total=-31815
DEBUG: evaluate returned crazy score! stand_pat=31815
DEBUG: child returned INF! depth=1 score=-30000
DEBUG EVAL: material=-31800 pst=30 total=-31770
DEBUG: evaluate returned crazy score! stand_pat=31770
DEBUG: child returned INF! depth=1 score=-30000
DEBUG EVAL: material=-31800 pst=35 total=-31765
DEBUG: evaluate returned crazy score! stand_pat=31765
DEBUG: child returned INF! depth=1 score=-30000
DEBUG EVAL: material=-31800 pst=-5 total=-31805
DEBUG: evaluate returned crazy score! stand_pat=31805
DEBUG: child returned INF! depth=1 score=-30000
DEBUG EVAL: material=-31800 pst=-35 total=-31835
DEBUG: evaluate returned crazy score! stand_pat=31835
DEBUG: child returned INF! depth=1 score=-30000
DEBUG EVAL: material=-31800 pst=-35 total=-31835
DEBUG: evaluate returned crazy score! stand_pat=31835
DEBUG: child returned INF! depth=1 score=-30000
DEBUG EVAL: material=-31800 pst=-35 total=-31835
DEBUG: evaluate returned crazy score! stand_pat=31835
DEBUG: child returned INF! depth=1 score=-30000
DEBUG EVAL: material=-31800 pst=-35 total=-31835
DEBUG: evaluate returned crazy score! stand_pat=31835
DEBUG: child returned INF! depth=1 score=-30000
DEBUG EVAL: material=-31800 pst=-35 total=-31835
DEBUG: evaluate returned crazy score! stand_pat=31835
DEBUG: child returned INF! depth=1 score=-30000
DEBUG EVAL: material=-31800 pst=-35 total=-31835
DEBUG: evaluate returned crazy score! stand_pat=31835
DEBUG: child returned INF! depth=1 score=-30000
DEBUG EVAL: material=-31800 pst=-35 total=-31835
DEBUG: evaluate returned crazy score! stand_pat=31835
DEBUG: child returned INF! depth=1 score=-30000
DEBUG EVAL: material=-31800 pst=-35 total=-31835
DEBUG: evaluate returned crazy score! stand_pat=31835
DEBUG: child returned INF! depth=1 score=-30000
DEBUG EVAL: material=-31800 pst=-35 total=-31835
DEBUG: evaluate returned crazy score! stand_pat=31835
DEBUG: child returned INF! depth=1 score=-30000
DEBUG EVAL: material=-31800 pst=-35 total=-31835
DEBUG: evaluate returned crazy score! stand_pat=31835
DEBUG: child returned INF! depth=1 score=-30000
DEBUG EVAL: material=-31800 pst=-35 total=-31835
DEBUG: evaluate returned crazy score! stand_pat=31835
DEBUG: child returned INF! depth=1 score=-30000
DEBUG EVAL: material=-31800 pst=-35 total=-31835
DEBUG: evaluate returned crazy score! stand_pat=31835
DEBUG: child returned INF! depth=1 score=-30000
DEBUG EVAL: material=-31800 pst=5 total=-31795
DEBUG: evaluate returned crazy score! stand_pat=31795
DEBUG: child returned INF! depth=1 score=-30000
DEBUG EVAL: material=-31800 pst=5 total=-31795
DEBUG: evaluate returned crazy score! stand_pat=31795
DEBUG: child returned INF! depth=1 score=-30000
DEBUG EVAL: material=-31800 pst=-15 total=-31815
DEBUG: evaluate returned crazy score! stand_pat=31815
DEBUG: child returned INF! depth=1 score=-30000
DEBUG EVAL: material=-31800 pst=-15 total=-31815
DEBUG: evaluate returned crazy score! stand_pat=31815
DEBUG: child returned INF! depth=1 score=-30000
DEBUG EVAL: material=-31800 pst=-35 total=-31835
DEBUG: evaluate returned crazy score! stand_pat=31835
DEBUG: child returned INF! depth=1 score=-30000
DEBUG EVAL: material=-31800 pst=-35 total=-31835
DEBUG: evaluate returned crazy score! stand_pat=31835
DEBUG: child returned INF! depth=1 score=-30000
DEBUG EVAL: material=-31800 pst=-25 total=-31825
DEBUG: evaluate returned crazy score! stand_pat=31825
DEBUG: child returned INF! depth=1 score=-30000
DEBUG: negamax returning -INF! depth=1 ply=5 legal_moves=43 alpha=-30000 beta=90
DEBUG: child returned INF! depth=3 score=-30000
DEBUG EVAL: material=-31800 pst=30 total=-31770
DEBUG: evaluate returned crazy score! stand_pat=31770
DEBUG: child returned INF! depth=1 score=-30000
DEBUG EVAL: material=-31800 pst=35 total=-31765
DEBUG: evaluate returned crazy score! stand_pat=31765
DEBUG: child returned INF! depth=1 score=-30000
DEBUG EVAL: material=-31800 pst=-10 total=-31810
DEBUG: evaluate returned crazy score! stand_pat=31810
DEBUG: child returned INF! depth=1 score=-30000
DEBUG EVAL: material=-31800 pst=-15 total=-31815
DEBUG: evaluate returned crazy score! stand_pat=31815
DEBUG: child returned INF! depth=1 score=-30000
DEBUG EVAL: material=-31800 pst=-5 total=-31805
DEBUG: evaluate returned crazy score! stand_pat=31805
DEBUG: child returned INF! depth=1 score=-30000
DEBUG EVAL: material=-31800 pst=5 total=-31795
DEBUG: evaluate returned crazy score! stand_pat=31795
DEBUG: child returned INF! depth=1 score=-30000
DEBUG EVAL: material=-31800 pst=5 total=-31795
DEBUG: evaluate returned crazy score! stand_pat=31795
DEBUG: child returned INF! depth=1 score=-30000
DEBUG EVAL: material=-31800 pst=0 total=-31800
DEBUG: evaluate returned crazy score! stand_pat=31800
DEBUG: child returned INF! depth=1 score=-30000
DEBUG EVAL: material=-31800 pst=-15 total=-31815
DEBUG: evaluate returned crazy score! stand_pat=31815
DEBUG: child returned INF! depth=1 score=-30000
DEBUG EVAL: material=-31800 pst=-5 total=-31805
DEBUG: evaluate returned crazy score! stand_pat=31805
DEBUG: child returned INF! depth=1 score=-30000
DEBUG EVAL: material=-31800 pst=-5 total=-31805
DEBUG: evaluate returned crazy score! stand_pat=31805
DEBUG: child returned INF! depth=1 score=-30000
DEBUG EVAL: material=-31800 pst=-35 total=-31835
DEBUG: evaluate returned crazy score! stand_pat=31835
DEBUG: child returned INF! depth=1 score=-30000
DEBUG EVAL: material=-31800 pst=-35 total=-31835
DEBUG: evaluate returned crazy score! stand_pat=31835
DEBUG: child returned INF! depth=1 score=-30000
DEBUG EVAL: material=-31800 pst=-35 total=-31835
DEBUG: evaluate returned crazy score! stand_pat=31835
DEBUG: child returned INF! depth=1 score=-30000
DEBUG EVAL: material=-31800 pst=-35 total=-31835
DEBUG: evaluate returned crazy score! stand_pat=31835
DEBUG: child returned INF! depth=1 score=-30000
DEBUG EVAL: material=-31800 pst=-35 total=-31835
DEBUG: evaluate returned crazy score! stand_pat=31835
DEBUG: child returned INF! depth=1 score=-30000
DEBUG EVAL: material=-31800 pst=-35 total=-31835
DEBUG: evaluate returned crazy score! stand_pat=31835
DEBUG: child returned INF! depth=1 score=-30000
DEBUG EVAL: material=-31800 pst=-15 total=-31815
DEBUG: evaluate returned crazy score! stand_pat=31815
DEBUG: child returned INF! depth=1 score=-30000
DEBUG EVAL: material=-31800 pst=-15 total=-31815
DEBUG: evaluate returned crazy score! stand_pat=31815
DEBUG: child returned INF! depth=1 score=-30000
DEBUG EVAL: material=-31800 pst=-35 total=-31835
DEBUG: evaluate returned crazy score! stand_pat=31835
DEBUG: child returned INF! depth=1 score=-30000
DEBUG EVAL: material=-31800 pst=-35 total=-31835
DEBUG: evaluate returned crazy score! stand_pat=31835
DEBUG: child returned INF! depth=1 score=-30000
DEBUG EVAL: material=-31800 pst=-35 total=-31835
DEBUG: evaluate returned crazy score! stand_pat=31835
DEBUG: child returned INF! depth=1 score=-30000
DEBUG EVAL: material=-31800 pst=-35 total=-31835
DEBUG: evaluate returned crazy score! stand_pat=31835
DEBUG: child returned INF! depth=1 score=-30000
DEBUG EVAL: material=-31800 pst=-35 total=-31835
DEBUG: evaluate returned crazy score! stand_pat=31835
DEBUG: child returned INF! depth=1 score=-30000
DEBUG EVAL: material=-31800 pst=-35 total=-31835
DEBUG: evaluate returned crazy score! stand_pat=31835
DEBUG: child returned INF! depth=1 score=-30000
DEBUG EVAL: material=-31800 pst=-35 total=-31835
DEBUG: evaluate returned crazy score! stand_pat=31835
DEBUG: child returned INF! depth=1 score=-30000
DEBUG EVAL: material=-31800 pst=-15 total=-31815
DEBUG: evaluate returned crazy score! stand_pat=31815
DEBUG: child returned INF! depth=1 score=-30000
DEBUG: negamax returning -INF! depth=1 ply=5 legal_moves=27 alpha=-30000 beta=90
DEBUG: child returned INF! depth=3 score=-30000
DEBUG EVAL: material=-31800 pst=-5 total=-31805
DEBUG: evaluate returned crazy score! stand_pat=31805
DEBUG: child returned INF! depth=1 score=-30000
DEBUG EVAL: material=-31800 pst=30 total=-31770
DEBUG: evaluate returned crazy score! stand_pat=31770
DEBUG: child returned INF! depth=1 score=-30000
DEBUG EVAL: material=-31800 pst=-10 total=-31810
DEBUG: evaluate returned crazy score! stand_pat=31810
DEBUG: child returned INF! depth=1 score=-30000
DEBUG EVAL: material=-31800 pst=35 total=-31765
DEBUG: evaluate returned crazy score! stand_pat=31765
DEBUG: child returned INF! depth=1 score=-30000
DEBUG EVAL: material=-31800 pst=-10 total=-31810
DEBUG: evaluate returned crazy score! stand_pat=31810
DEBUG: child returned INF! depth=1 score=-30000
DEBUG EVAL: material=-31800 pst=-15 total=-31815
DEBUG: evaluate returned crazy score! stand_pat=31815
DEBUG: child returned INF! depth=1 score=-30000
DEBUG EVAL: material=-31800 pst=-15 total=-31815
DEBUG: evaluate returned crazy score! stand_pat=31815
DEBUG: child returned INF! depth=1 score=-30000
DEBUG EVAL: material=-31800 pst=-5 total=-31805
DEBUG: evaluate returned crazy score! stand_pat=31805
DEBUG: child returned INF! depth=1 score=-30000
DEBUG EVAL: material=-31800 pst=5 total=-31795
DEBUG: evaluate returned crazy score! stand_pat=31795
DEBUG: child returned INF! depth=1 score=-30000
DEBUG EVAL: material=-31800 pst=5 total=-31795
DEBUG: evaluate returned crazy score! stand_pat=31795
DEBUG: child returned INF! depth=1 score=-30000
DEBUG EVAL: material=-31800 pst=0 total=-31800
DEBUG: evaluate returned crazy score! stand_pat=31800
DEBUG: child returned INF! depth=1 score=-30000
DEBUG EVAL: material=-31800 pst=-15 total=-31815
DEBUG: evaluate returned crazy score! stand_pat=31815
DEBUG: child returned INF! depth=1 score=-30000
DEBUG EVAL: material=-31800 pst=-5 total=-31805
DEBUG: evaluate returned crazy score! stand_pat=31805
DEBUG: child returned INF! depth=1 score=-30000
DEBUG EVAL: material=-31800 pst=35 total=-31765
DEBUG: evaluate returned crazy score! stand_pat=31765
DEBUG: child returned INF! depth=1 score=-30000
DEBUG EVAL: material=-31800 pst=-5 total=-31805
DEBUG: evaluate returned crazy score! stand_pat=31805
DEBUG: child returned INF! depth=1 score=-30000
DEBUG EVAL: material=-31800 pst=-35 total=-31835
DEBUG: evaluate returned crazy score! stand_pat=31835
DEBUG: child returned INF! depth=1 score=-30000
DEBUG EVAL: material=-31800 pst=-35 total=-31835
DEBUG: evaluate returned crazy score! stand_pat=31835
DEBUG: child returned INF! depth=1 score=-30000
DEBUG EVAL: material=-31800 pst=-35 total=-31835
DEBUG: evaluate returned crazy score! stand_pat=31835
DEBUG: child returned INF! depth=1 score=-30000
DEBUG EVAL: material=-31800 pst=-35 total=-31835
DEBUG: evaluate returned crazy score! stand_pat=31835
DEBUG: child returned INF! depth=1 score=-30000
DEBUG EVAL: material=-31800 pst=-35 total=-31835
DEBUG: evaluate returned crazy score! stand_pat=31835
DEBUG: child returned INF! depth=1 score=-30000
DEBUG EVAL: material=-31800 pst=-35 total=-31835
DEBUG: evaluate returned crazy score! stand_pat=31835
DEBUG: child returned INF! depth=1 score=-30000
DEBUG EVAL: material=-31800 pst=-15 total=-31815
DEBUG: evaluate returned crazy score! stand_pat=31815
DEBUG: child returned INF! depth=1 score=-30000
DEBUG EVAL: material=-31800 pst=-15 total=-31815
DEBUG: evaluate returned crazy score! stand_pat=31815
DEBUG: child returned INF! depth=1 score=-30000
DEBUG EVAL: material=-31800 pst=-35 total=-31835
DEBUG: evaluate returned crazy score! stand_pat=31835
DEBUG: child returned INF! depth=1 score=-30000
DEBUG EVAL: material=-31800 pst=-35 total=-31835
DEBUG: evaluate returned crazy score! stand_pat=31835
DEBUG: child returned INF! depth=1 score=-30000
DEBUG EVAL: material=-31800 pst=-35 total=-31835
DEBUG: evaluate returned crazy score! stand_pat=31835
DEBUG: child returned INF! depth=1 score=-30000
DEBUG EVAL: material=-31800 pst=-35 total=-31835
DEBUG: evaluate returned crazy score! stand_pat=31835
DEBUG: child returned INF! depth=1 score=-30000
DEBUG EVAL: material=-31800 pst=-35 total=-31835
DEBUG: evaluate returned crazy score! stand_pat=31835
DEBUG: child returned INF! depth=1 score=-30000
DEBUG EVAL: material=-31800 pst=-35 total=-31835
DEBUG: evaluate returned crazy score! stand_pat=31835
DEBUG: child returned INF! depth=1 score=-30000
DEBUG EVAL: material=-31800 pst=-35 total=-31835
DEBUG: evaluate returned crazy score! stand_pat=31835
DEBUG: child returned INF! depth=1 score=-30000
DEBUG EVAL: material=-31800 pst=15 total=-31785
DEBUG: evaluate returned crazy score! stand_pat=31785
DEBUG: child returned INF! depth=1 score=-30000
DEBUG: negamax returning -INF! depth=1 ply=5 legal_moves=31 alpha=-30000 beta=90
DEBUG: child returned INF! depth=3 score=-30000
DEBUG EVAL: material=-31800 pst=-5 total=-31805
DEBUG: evaluate returned crazy score! stand_pat=31805
DEBUG: child returned INF! depth=1 score=-30000
DEBUG EVAL: material=-31800 pst=30 total=-31770
DEBUG: evaluate returned crazy score! stand_pat=31770
DEBUG: child returned INF! depth=1 score=-30000
DEBUG EVAL: material=-31800 pst=-10 total=-31810
DEBUG: evaluate returned crazy score! stand_pat=31810
DEBUG: child returned INF! depth=1 score=-30000
DEBUG EVAL: material=-31800 pst=35 total=-31765
DEBUG: evaluate returned crazy score! stand_pat=31765
DEBUG: child returned INF! depth=1 score=-30000
DEBUG EVAL: material=-31800 pst=-10 total=-31810
DEBUG: evaluate returned crazy score! stand_pat=31810
DEBUG: child returned INF! depth=1 score=-30000
DEBUG EVAL: material=-31800 pst=-15 total=-31815
DEBUG: evaluate returned crazy score! stand_pat=31815
DEBUG: child returned INF! depth=1 score=-30000
DEBUG EVAL: material=-31800 pst=-15 total=-31815
DEBUG: evaluate returned crazy score! stand_pat=31815
DEBUG: child returned INF! depth=1 score=-30000
DEBUG EVAL: material=-31800 pst=-5 total=-31805
DEBUG: evaluate returned crazy score! stand_pat=31805
DEBUG: child returned INF! depth=1 score=-30000
DEBUG EVAL: material=-31800 pst=5 total=-31795
DEBUG: evaluate returned crazy score! stand_pat=31795
DEBUG: child returned INF! depth=1 score=-30000
DEBUG EVAL: material=-31800 pst=5 total=-31795
DEBUG: evaluate returned crazy score! stand_pat=31795
DEBUG: child returned INF! depth=1 score=-30000
DEBUG EVAL: material=-31800 pst=0 total=-31800
DEBUG: evaluate returned crazy score! stand_pat=31800
DEBUG: child returned INF! depth=1 score=-30000
DEBUG EVAL: material=-31800 pst=-15 total=-31815
DEBUG: evaluate returned crazy score! stand_pat=31815
DEBUG: child returned INF! depth=1 score=-30000
DEBUG EVAL: material=-31800 pst=0 total=-31800
DEBUG: evaluate returned crazy score! stand_pat=31800
DEBUG: child returned INF! depth=1 score=-30000
DEBUG EVAL: material=-31800 pst=-15 total=-31815
DEBUG: evaluate returned crazy score! stand_pat=31815
DEBUG: child returned INF! depth=1 score=-30000
DEBUG EVAL: material=-31800 pst=-5 total=-31805
DEBUG: evaluate returned crazy score! stand_pat=31805
DEBUG: child returned INF! depth=1 score=-30000
DEBUG EVAL: material=-31800 pst=35 total=-31765
DEBUG: evaluate returned crazy score! stand_pat=31765
DEBUG: child returned INF! depth=1 score=-30000
DEBUG EVAL: material=-31800 pst=-5 total=-31805
DEBUG: evaluate returned crazy score! stand_pat=31805
DEBUG: child returned INF! depth=1 score=-30000
DEBUG EVAL: material=-31800 pst=-35 total=-31835
DEBUG: evaluate returned crazy score! stand_pat=31835
DEBUG: child returned INF! depth=1 score=-30000
DEBUG EVAL: material=-31800 pst=-35 total=-31835
DEBUG: evaluate returned crazy score! stand_pat=31835
DEBUG: child returned INF! depth=1 score=-30000
DEBUG EVAL: material=-31800 pst=-35 total=-31835
DEBUG: evaluate returned crazy score! stand_pat=31835
DEBUG: child returned INF! depth=1 score=-30000
DEBUG EVAL: material=-31800 pst=-35 total=-31835
DEBUG: evaluate returned crazy score! stand_pat=31835
DEBUG: child returned INF! depth=1 score=-30000
DEBUG EVAL: material=-31800 pst=-35 total=-31835
DEBUG: evaluate returned crazy score! stand_pat=31835
DEBUG: child returned INF! depth=1 score=-30000
DEBUG EVAL: material=-31800 pst=-35 total=-31835
DEBUG: evaluate returned crazy score! stand_pat=31835
DEBUG: child returned INF! depth=1 score=-30000
DEBUG EVAL: material=-31800 pst=-15 total=-31815
DEBUG: evaluate returned crazy score! stand_pat=31815
DEBUG: child returned INF! depth=1 score=-30000
DEBUG EVAL: material=-31800 pst=-15 total=-31815
DEBUG: evaluate returned crazy score! stand_pat=31815
DEBUG: child returned INF! depth=1 score=-30000
DEBUG EVAL: material=-31800 pst=-35 total=-31835
DEBUG: evaluate returned crazy score! stand_pat=31835
DEBUG: child returned INF! depth=1 score=-30000
DEBUG EVAL: material=-31800 pst=-35 total=-31835
DEBUG: evaluate returned crazy score! stand_pat=31835
DEBUG: child returned INF! depth=1 score=-30000
DEBUG EVAL: material=-31800 pst=-35 total=-31835
DEBUG: evaluate returned crazy score! stand_pat=31835
DEBUG: child returned INF! depth=1 score=-30000
DEBUG EVAL: material=-31800 pst=-35 total=-31835
DEBUG: evaluate returned crazy score! stand_pat=31835
DEBUG: child returned INF! depth=1 score=-30000
DEBUG EVAL: material=-31800 pst=-35 total=-31835
DEBUG: evaluate returned crazy score! stand_pat=31835
DEBUG: child returned INF! depth=1 score=-30000
DEBUG EVAL: material=-31800 pst=-35 total=-31835
DEBUG: evaluate returned crazy score! stand_pat=31835
DEBUG: child returned INF! depth=1 score=-30000
DEBUG EVAL: material=-31800 pst=-35 total=-31835
DEBUG: evaluate returned crazy score! stand_pat=31835
DEBUG: child returned INF! depth=1 score=-30000
DEBUG EVAL: material=-31800 pst=-15 total=-31815
DEBUG: evaluate returned crazy score! stand_pat=31815
DEBUG: child returned INF! depth=1 score=-30000
DEBUG: negamax returning -INF! depth=1 ply=5 legal_moves=33 alpha=-30000 beta=90
DEBUG: child returned INF! depth=3 score=-30000
DEBUG EVAL: material=-31570 pst=30 total=-31540
DEBUG: evaluate returned crazy score! stand_pat=31540
DEBUG: child returned INF! depth=1 score=-30000
DEBUG EVAL: material=-31900 pst=30 total=-31870
DEBUG: evaluate returned crazy score! stand_pat=31870
DEBUG: child returned INF! depth=1 score=-30000
DEBUG EVAL: material=-31900 pst=65 total=-31835
DEBUG: evaluate returned crazy score! stand_pat=31835
DEBUG: child returned INF! depth=1 score=-30000
DEBUG EVAL: material=-31900 pst=25 total=-31875
DEBUG: evaluate returned crazy score! stand_pat=31875
DEBUG: child returned INF! depth=1 score=-30000
DEBUG EVAL: material=-31900 pst=70 total=-31830
DEBUG: evaluate returned crazy score! stand_pat=31830
DEBUG: child returned INF! depth=1 score=-30000
DEBUG EVAL: material=-31900 pst=20 total=-31880
DEBUG: evaluate returned crazy score! stand_pat=31880
DEBUG: child returned INF! depth=1 score=-30000
DEBUG EVAL: material=-31900 pst=30 total=-31870
DEBUG: evaluate returned crazy score! stand_pat=31870
DEBUG: child returned INF! depth=1 score=-30000
DEBUG EVAL: material=-31900 pst=40 total=-31860
DEBUG: evaluate returned crazy score! stand_pat=31860
DEBUG: child returned INF! depth=1 score=-30000
DEBUG EVAL: material=-31900 pst=40 total=-31860
DEBUG: evaluate returned crazy score! stand_pat=31860
DEBUG: child returned INF! depth=1 score=-30000
DEBUG EVAL: material=-31900 pst=35 total=-31865
DEBUG: evaluate returned crazy score! stand_pat=31865
DEBUG: child returned INF! depth=1 score=-30000
DEBUG EVAL: material=-31900 pst=20 total=-31880
DEBUG: evaluate returned crazy score! stand_pat=31880
DEBUG: child returned INF! depth=1 score=-30000
DEBUG EVAL: material=-31900 pst=35 total=-31865
DEBUG: evaluate returned crazy score! stand_pat=31865
DEBUG: child returned INF! depth=1 score=-30000
DEBUG EVAL: material=-31900 pst=20 total=-31880
DEBUG: evaluate returned crazy score! stand_pat=31880
DEBUG: child returned INF! depth=1 score=-30000
DEBUG EVAL: material=-31900 pst=30 total=-31870
DEBUG: evaluate returned crazy score! stand_pat=31870
DEBUG: child returned INF! depth=1 score=-30000
DEBUG EVAL: material=-31900 pst=70 total=-31830
DEBUG: evaluate returned crazy score! stand_pat=31830
DEBUG: child returned INF! depth=1 score=-30000
DEBUG EVAL: material=-31900 pst=30 total=-31870
DEBUG: evaluate returned crazy score! stand_pat=31870
DEBUG: child returned INF! depth=1 score=-30000
DEBUG EVAL: material=-31900 pst=0 total=-31900
DEBUG: evaluate returned crazy score! stand_pat=31900
DEBUG: child returned INF! depth=1 score=-30000
DEBUG EVAL: material=-31900 pst=0 total=-31900
DEBUG: evaluate returned crazy score! stand_pat=31900
DEBUG: child returned INF! depth=1 score=-30000
DEBUG EVAL: material=-31900 pst=0 total=-31900
DEBUG: evaluate returned crazy score! stand_pat=31900
DEBUG: child returned INF! depth=1 score=-30000
DEBUG EVAL: material=-31900 pst=0 total=-31900
DEBUG: evaluate returned crazy score! stand_pat=31900
DEBUG: child returned INF! depth=1 score=-30000
DEBUG EVAL: material=-31900 pst=0 total=-31900
DEBUG: evaluate returned crazy score! stand_pat=31900
DEBUG: child returned INF! depth=1 score=-30000
DEBUG EVAL: material=-31900 pst=0 total=-31900
DEBUG: evaluate returned crazy score! stand_pat=31900
DEBUG: child returned INF! depth=1 score=-30000
DEBUG EVAL: material=-31900 pst=20 total=-31880
DEBUG: evaluate returned crazy score! stand_pat=31880
DEBUG: child returned INF! depth=1 score=-30000
DEBUG EVAL: material=-31900 pst=0 total=-31900
DEBUG: evaluate returned crazy score! stand_pat=31900
DEBUG: child returned INF! depth=1 score=-30000
DEBUG EVAL: material=-31900 pst=0 total=-31900
DEBUG: evaluate returned crazy score! stand_pat=31900
DEBUG: child returned INF! depth=1 score=-30000
DEBUG EVAL: material=-31900 pst=0 total=-31900
DEBUG: evaluate returned crazy score! stand_pat=31900
DEBUG: child returned INF! depth=1 score=-30000
DEBUG EVAL: material=-31900 pst=0 total=-31900
DEBUG: evaluate returned crazy score! stand_pat=31900
DEBUG: child returned INF! depth=1 score=-30000
DEBUG EVAL: material=-31900 pst=0 total=-31900
DEBUG: evaluate returned crazy score! stand_pat=31900
DEBUG: child returned INF! depth=1 score=-30000
DEBUG EVAL: material=-31900 pst=0 total=-31900
DEBUG: evaluate returned crazy score! stand_pat=31900
DEBUG: child returned INF! depth=1 score=-30000
DEBUG EVAL: material=-31900 pst=0 total=-31900
DEBUG: evaluate returned crazy score! stand_pat=31900
DEBUG: child returned INF! depth=1 score=-30000
DEBUG: negamax returning -INF! depth=1 ply=5 legal_moves=30 alpha=-30000 beta=90
DEBUG: child returned INF! depth=3 score=-30000
DEBUG EVAL: material=-31570 pst=5 total=-31565
DEBUG: evaluate returned crazy score! stand_pat=31565
DEBUG: child returned INF! depth=1 score=-30000
DEBUG EVAL: material=-31570 pst=35 total=-31535
DEBUG: evaluate returned crazy score! stand_pat=31535
DEBUG: child returned INF! depth=1 score=-30000
DEBUG EVAL: material=-31570 pst=20 total=-31550
DEBUG: evaluate returned crazy score! stand_pat=31550
DEBUG: child returned INF! depth=1 score=-30000
DEBUG EVAL: material=-31900 pst=45 total=-31855
DEBUG: evaluate returned crazy score! stand_pat=31855
DEBUG: child returned INF! depth=1 score=-30000
DEBUG EVAL: material=-31900 pst=80 total=-31820
DEBUG: evaluate returned crazy score! stand_pat=31820
DEBUG: child returned INF! depth=1 score=-30000
DEBUG EVAL: material=-31900 pst=35 total=-31865
DEBUG: evaluate returned crazy score! stand_pat=31865
DEBUG: child returned INF! depth=1 score=-30000
DEBUG EVAL: material=-31900 pst=35 total=-31865
DEBUG: evaluate returned crazy score! stand_pat=31865
DEBUG: child returned INF! depth=1 score=-30000
DEBUG EVAL: material=-31900 pst=45 total=-31855
DEBUG: evaluate returned crazy score! stand_pat=31855
DEBUG: child returned INF! depth=1 score=-30000
DEBUG EVAL: material=-31900 pst=55 total=-31845
DEBUG: evaluate returned crazy score! stand_pat=31845
DEBUG: child returned INF! depth=1 score=-30000
DEBUG EVAL: material=-31900 pst=55 total=-31845
DEBUG: evaluate returned crazy score! stand_pat=31845
DEBUG: child returned INF! depth=1 score=-30000
DEBUG EVAL: material=-31900 pst=50 total=-31850
DEBUG: evaluate returned crazy score! stand_pat=31850
DEBUG: child returned INF! depth=1 score=-30000
DEBUG EVAL: material=-31900 pst=35 total=-31865
DEBUG: evaluate returned crazy score! stand_pat=31865
DEBUG: child returned INF! depth=1 score=-30000
DEBUG EVAL: material=-31900 pst=40 total=-31860
DEBUG: evaluate returned crazy score! stand_pat=31860
DEBUG: child returned INF! depth=1 score=-30000
DEBUG EVAL: material=-31900 pst=85 total=-31815
DEBUG: evaluate returned crazy score! stand_pat=31815
DEBUG: child returned INF! depth=1 score=-30000
DEBUG EVAL: material=-31900 pst=85 total=-31815
DEBUG: evaluate returned crazy score! stand_pat=31815
DEBUG: child returned INF! depth=1 score=-30000
DEBUG EVAL: material=-31900 pst=30 total=-31870
DEBUG: evaluate returned crazy score! stand_pat=31870
DEBUG: child returned INF! depth=1 score=-30000
DEBUG EVAL: material=-31900 pst=40 total=-31860
DEBUG: evaluate returned crazy score! stand_pat=31860
DEBUG: child returned INF! depth=1 score=-30000
DEBUG EVAL: material=-31900 pst=15 total=-31885
DEBUG: evaluate returned crazy score! stand_pat=31885
DEBUG: child returned INF! depth=1 score=-30000
DEBUG EVAL: material=-31900 pst=15 total=-31885
DEBUG: evaluate returned crazy score! stand_pat=31885
DEBUG: child returned INF! depth=1 score=-30000
DEBUG EVAL: material=-31900 pst=15 total=-31885
DEBUG: evaluate returned crazy score! stand_pat=31885
DEBUG: child returned INF! depth=1 score=-30000
DEBUG EVAL: material=-31900 pst=15 total=-31885
DEBUG: evaluate returned crazy score! stand_pat=31885
DEBUG: child returned INF! depth=1 score=-30000
DEBUG EVAL: material=-31900 pst=15 total=-31885
DEBUG: evaluate returned crazy score! stand_pat=31885
DEBUG: child returned INF! depth=1 score=-30000
DEBUG EVAL: material=-31900 pst=15 total=-31885
DEBUG: evaluate returned crazy score! stand_pat=31885
DEBUG: child returned INF! depth=1 score=-30000
DEBUG EVAL: material=-31900 pst=35 total=-31865
DEBUG: evaluate returned crazy score! stand_pat=31865
DEBUG: child returned INF! depth=1 score=-30000
DEBUG EVAL: material=-31900 pst=35 total=-31865
DEBUG: evaluate returned crazy score! stand_pat=31865
DEBUG: child returned INF! depth=1 score=-30000
DEBUG EVAL: material=-31900 pst=15 total=-31885
DEBUG: evaluate returned crazy score! stand_pat=31885
DEBUG: child returned INF! depth=1 score=-30000
DEBUG EVAL: material=-31900 pst=15 total=-31885
DEBUG: evaluate returned crazy score! stand_pat=31885
DEBUG: child returned INF! depth=1 score=-30000
DEBUG EVAL: material=-31900 pst=15 total=-31885
DEBUG: evaluate returned crazy score! stand_pat=31885
DEBUG: child returned INF! depth=1 score=-30000
DEBUG EVAL: material=-31900 pst=15 total=-31885
DEBUG: evaluate returned crazy score! stand_pat=31885
DEBUG: child returned INF! depth=1 score=-30000
DEBUG EVAL: material=-31900 pst=15 total=-31885
DEBUG: evaluate returned crazy score! stand_pat=31885
DEBUG: child returned INF! depth=1 score=-30000
DEBUG EVAL: material=-31900 pst=15 total=-31885
DEBUG: evaluate returned crazy score! stand_pat=31885
DEBUG: child returned INF! depth=1 score=-30000
DEBUG EVAL: material=-31900 pst=15 total=-31885
DEBUG: evaluate returned crazy score! stand_pat=31885
DEBUG: child returned INF! depth=1 score=-30000
DEBUG EVAL: material=-31900 pst=45 total=-31855
DEBUG: evaluate returned crazy score! stand_pat=31855
DEBUG: child returned INF! depth=1 score=-30000
DEBUG: negamax returning -INF! depth=1 ply=5 legal_moves=33 alpha=-30000 beta=90
DEBUG: child returned INF! depth=3 score=-30000
DEBUG EVAL: material=-31800 pst=-5 total=-31805
DEBUG: evaluate returned crazy score! stand_pat=31805
DEBUG: child returned INF! depth=1 score=-30000
DEBUG EVAL: material=-31800 pst=30 total=-31770
DEBUG: evaluate returned crazy score! stand_pat=31770
DEBUG: child returned INF! depth=1 score=-30000
DEBUG EVAL: material=-31800 pst=-10 total=-31810
DEBUG: evaluate returned crazy score! stand_pat=31810
DEBUG: child returned INF! depth=1 score=-30000
DEBUG EVAL: material=-31800 pst=35 total=-31765
DEBUG: evaluate returned crazy score! stand_pat=31765
DEBUG: child returned INF! depth=1 score=-30000
DEBUG EVAL: material=-31800 pst=-10 total=-31810
DEBUG: evaluate returned crazy score! stand_pat=31810
DEBUG: child returned INF! depth=1 score=-30000
DEBUG EVAL: material=-31800 pst=-15 total=-31815
DEBUG: evaluate returned crazy score! stand_pat=31815
DEBUG: child returned INF! depth=1 score=-30000
DEBUG EVAL: material=-31800 pst=-15 total=-31815
DEBUG: evaluate returned crazy score! stand_pat=31815
DEBUG: child returned INF! depth=1 score=-30000
DEBUG EVAL: material=-31800 pst=-5 total=-31805
DEBUG: evaluate returned crazy score! stand_pat=31805
DEBUG: child returned INF! depth=1 score=-30000
DEBUG EVAL: material=-31800 pst=5 total=-31795
DEBUG: evaluate returned crazy score! stand_pat=31795
DEBUG: child returned INF! depth=1 score=-30000
DEBUG EVAL: material=-31800 pst=5 total=-31795
DEBUG: evaluate returned crazy score! stand_pat=31795
DEBUG: child returned INF! depth=1 score=-30000
DEBUG EVAL: material=-31800 pst=0 total=-31800
DEBUG: evaluate returned crazy score! stand_pat=31800
DEBUG: child returned INF! depth=1 score=-30000
DEBUG EVAL: material=-31800 pst=-15 total=-31815
DEBUG: evaluate returned crazy score! stand_pat=31815
DEBUG: child returned INF! depth=1 score=-30000
DEBUG EVAL: material=-31800 pst=-5 total=-31805
DEBUG: evaluate returned crazy score! stand_pat=31805
DEBUG: child returned INF! depth=1 score=-30000
DEBUG EVAL: material=-31800 pst=35 total=-31765
DEBUG: evaluate returned crazy score! stand_pat=31765
DEBUG: child returned INF! depth=1 score=-30000
DEBUG EVAL: material=-31800 pst=-5 total=-31805
DEBUG: evaluate returned crazy score! stand_pat=31805
DEBUG: child returned INF! depth=1 score=-30000
DEBUG EVAL: material=-31800 pst=-20 total=-31820
DEBUG: evaluate returned crazy score! stand_pat=31820
DEBUG: child returned INF! depth=1 score=-30000
DEBUG EVAL: material=-31800 pst=-20 total=-31820
DEBUG: evaluate returned crazy score! stand_pat=31820
DEBUG: child returned INF! depth=1 score=-30000
DEBUG EVAL: material=-31800 pst=-35 total=-31835
DEBUG: evaluate returned crazy score! stand_pat=31835
DEBUG: child returned INF! depth=1 score=-30000
DEBUG EVAL: material=-31800 pst=-35 total=-31835
DEBUG: evaluate returned crazy score! stand_pat=31835
DEBUG: child returned INF! depth=1 score=-30000
DEBUG EVAL: material=-31800 pst=-35 total=-31835
DEBUG: evaluate returned crazy score! stand_pat=31835
DEBUG: child returned INF! depth=1 score=-30000
DEBUG EVAL: material=-31800 pst=-35 total=-31835
DEBUG: evaluate returned crazy score! stand_pat=31835
DEBUG: child returned INF! depth=1 score=-30000
DEBUG EVAL: material=-31800 pst=-35 total=-31835
DEBUG: evaluate returned crazy score! stand_pat=31835
DEBUG: child returned INF! depth=1 score=-30000
DEBUG EVAL: material=-31800 pst=-35 total=-31835
DEBUG: evaluate returned crazy score! stand_pat=31835
DEBUG: child returned INF! depth=1 score=-30000
DEBUG EVAL: material=-31800 pst=-15 total=-31815
DEBUG: evaluate returned crazy score! stand_pat=31815
DEBUG: child returned INF! depth=1 score=-30000
DEBUG EVAL: material=-31800 pst=-15 total=-31815
DEBUG: evaluate returned crazy score! stand_pat=31815
DEBUG: child returned INF! depth=1 score=-30000
DEBUG EVAL: material=-31800 pst=-35 total=-31835
DEBUG: evaluate returned crazy score! stand_pat=31835
DEBUG: child returned INF! depth=1 score=-30000
DEBUG EVAL: material=-31800 pst=-35 total=-31835
DEBUG: evaluate returned crazy score! stand_pat=31835
DEBUG: child returned INF! depth=1 score=-30000
DEBUG EVAL: material=-31800 pst=-35 total=-31835
DEBUG: evaluate returned crazy score! stand_pat=31835
DEBUG: child returned INF! depth=1 score=-30000
DEBUG EVAL: material=-31800 pst=-35 total=-31835
DEBUG: evaluate returned crazy score! stand_pat=31835
DEBUG: child returned INF! depth=1 score=-30000
DEBUG EVAL: material=-31800 pst=-35 total=-31835
DEBUG: evaluate returned crazy score! stand_pat=31835
DEBUG: child returned INF! depth=1 score=-30000
DEBUG EVAL: material=-31800 pst=-35 total=-31835
DEBUG: evaluate returned crazy score! stand_pat=31835
DEBUG: child returned INF! depth=1 score=-30000
DEBUG EVAL: material=-31800 pst=-35 total=-31835
DEBUG: evaluate returned crazy score! stand_pat=31835
DEBUG: child returned INF! depth=1 score=-30000
DEBUG EVAL: material=-31800 pst=10 total=-31790
DEBUG: evaluate returned crazy score! stand_pat=31790
DEBUG: child returned INF! depth=1 score=-30000
DEBUG: negamax returning -INF! depth=1 ply=5 legal_moves=33 alpha=-30000 beta=90
DEBUG: child returned INF! depth=3 score=-30000
DEBUG: negamax returning -INF! depth=3 ply=3 legal_moves=32 alpha=-30000 beta=90
DEBUG: child returned INF! depth=5 score=-30000
DEBUG: negamax returning -INF! depth=5 ply=1 legal_moves=4 alpha=-30000 beta=90
info string Move d8d2 score 30000
DEBUG EVAL: material=-31680 pst=-60 total=-31740
DEBUG: evaluate returned crazy score! stand_pat=31740
DEBUG: child returned INF! depth=1 score=-30000
DEBUG: negamax returning -INF! depth=1 ply=5 legal_moves=1 alpha=-30000 beta=-30000
DEBUG: child returned INF! depth=3 score=-30000
DEBUG: negamax returning -INF! depth=3 ply=3 legal_moves=1 alpha=-30000 beta=-30000
DEBUG: child returned INF! depth=5 score=-30000
DEBUG: negamax returning -INF! depth=5 ply=1 legal_moves=1 alpha=-30000 beta=-30000
info string Move b7b5 score 30000
DEBUG EVAL: material=-31800 pst=40 total=-31760
DEBUG: evaluate returned crazy score! stand_pat=31760
DEBUG: child returned INF! depth=1 score=-30000
DEBUG: negamax returning -INF! depth=1 ply=5 legal_moves=1 alpha=-30000 beta=-30000
DEBUG: child returned INF! depth=3 score=-30000
DEBUG: negamax returning -INF! depth=3 ply=3 legal_moves=1 alpha=-30000 beta=-30000
DEBUG: child returned INF! depth=5 score=-30000
DEBUG: negamax returning -INF! depth=5 ply=1 legal_moves=1 alpha=-30000 beta=-30000
info string Move b7b6 score 30000
DEBUG EVAL: material=-32490 pst=-20 total=-32510
DEBUG: evaluate returned crazy score! stand_pat=32510
DEBUG: child returned INF! depth=1 score=-30000
DEBUG: negamax returning -INF! depth=1 ply=5 legal_moves=1 alpha=-30000 beta=-30000
DEBUG: child returned INF! depth=3 score=-30000
DEBUG: negamax returning -INF! depth=3 ply=3 legal_moves=1 alpha=-30000 beta=-30000
DEBUG: child returned INF! depth=5 score=-30000
DEBUG: negamax returning -INF! depth=5 ply=1 legal_moves=1 alpha=-30000 beta=-30000
info string Move e7e6 score 30000
DEBUG EVAL: material=-32490 pst=-30 total=-32520
DEBUG: evaluate returned crazy score! stand_pat=32520
DEBUG: child returned INF! depth=1 score=-30000
DEBUG: negamax returning -INF! depth=1 ply=5 legal_moves=1 alpha=-30000 beta=-30000
DEBUG: child returned INF! depth=3 score=-30000
DEBUG: negamax returning -INF! depth=3 ply=3 legal_moves=1 alpha=-30000 beta=-30000
DEBUG: child returned INF! depth=5 score=-30000
DEBUG: negamax returning -INF! depth=5 ply=1 legal_moves=1 alpha=-30000 beta=-30000
info string Move e7e5 score 30000
DEBUG EVAL: material=-32490 pst=30 total=-32460
DEBUG: evaluate returned crazy score! stand_pat=32460
DEBUG: child returned INF! depth=1 score=-30000
DEBUG: negamax returning -INF! depth=1 ply=5 legal_moves=1 alpha=-30000 beta=-30000
DEBUG: child returned INF! depth=3 score=-30000
DEBUG: negamax returning -INF! depth=3 ply=3 legal_moves=1 alpha=-30000 beta=-30000
DEBUG: child returned INF! depth=5 score=-30000
DEBUG: negamax returning -INF! depth=5 ply=1 legal_moves=1 alpha=-30000 beta=-30000
info string Move f7f6 score 30000
DEBUG EVAL: material=-32490 pst=30 total=-32460
DEBUG: evaluate returned crazy score! stand_pat=32460
DEBUG: child returned INF! depth=1 score=-30000
DEBUG: negamax returning -INF! depth=1 ply=5 legal_moves=1 alpha=-30000 beta=-30000
DEBUG: child returned INF! depth=3 score=-30000
DEBUG: negamax returning -INF! depth=3 ply=3 legal_moves=1 alpha=-30000 beta=-30000
DEBUG: child returned INF! depth=5 score=-30000
DEBUG: negamax returning -INF! depth=5 ply=1 legal_moves=1 alpha=-30000 beta=-30000
info string Move f7f5 score 30000
DEBUG EVAL: material=-32490 pst=30 total=-32460
DEBUG: evaluate returned crazy score! stand_pat=32460
DEBUG: child returned INF! depth=1 score=-30000
DEBUG: negamax returning -INF! depth=1 ply=5 legal_moves=1 alpha=-30000 beta=-30000
DEBUG: child returned INF! depth=3 score=-30000
DEBUG: negamax returning -INF! depth=3 ply=3 legal_moves=1 alpha=-30000 beta=-30000
DEBUG: child returned INF! depth=5 score=-30000
DEBUG: negamax returning -INF! depth=5 ply=1 legal_moves=1 alpha=-30000 beta=-30000
info string Move g7g6 score 30000
DEBUG EVAL: material=-32490 pst=30 total=-32460
DEBUG: evaluate returned crazy score! stand_pat=32460
DEBUG: child returned INF! depth=1 score=-30000
DEBUG: negamax returning -INF! depth=1 ply=5 legal_moves=1 alpha=-30000 beta=-30000
DEBUG: child returned INF! depth=3 score=-30000
DEBUG: negamax returning -INF! depth=3 ply=3 legal_moves=1 alpha=-30000 beta=-30000
DEBUG: child returned INF! depth=5 score=-30000
DEBUG: negamax returning -INF! depth=5 ply=1 legal_moves=1 alpha=-30000 beta=-30000
info string Move g7g5 score 30000
DEBUG EVAL: material=-32490 pst=30 total=-32460
DEBUG: evaluate returned crazy score! stand_pat=32460
DEBUG: child returned INF! depth=1 score=-30000
DEBUG: negamax returning -INF! depth=1 ply=5 legal_moves=1 alpha=-30000 beta=-30000
DEBUG: child returned INF! depth=3 score=-30000
DEBUG: negamax returning -INF! depth=3 ply=3 legal_moves=1 alpha=-30000 beta=-30000
DEBUG: child returned INF! depth=5 score=-30000
DEBUG: negamax returning -INF! depth=5 ply=1 legal_moves=1 alpha=-30000 beta=-30000
info string Move h7h6 score 30000
DEBUG EVAL: material=-33300 pst=40 total=-33260
DEBUG: evaluate returned crazy score! stand_pat=33260
DEBUG: child returned INF! depth=1 score=-30000
DEBUG: negamax returning -INF! depth=1 ply=5 legal_moves=1 alpha=-30000 beta=-30000
DEBUG: child returned INF! depth=3 score=-30000
DEBUG: negamax returning -INF! depth=3 ply=3 legal_moves=1 alpha=-30000 beta=-30000
DEBUG: child returned INF! depth=5 score=-30000
DEBUG: negamax returning -INF! depth=5 ply=1 legal_moves=1 alpha=-30000 beta=-30000
info string Move h7h5 score 30000
DEBUG EVAL: material=-31710 pst=120 total=-31590
DEBUG: evaluate returned crazy score! stand_pat=31590
DEBUG: child returned INF! depth=1 score=-30000
DEBUG: negamax returning -INF! depth=1 ply=5 legal_moves=1 alpha=-30000 beta=-30000
DEBUG: child returned INF! depth=3 score=-30000
DEBUG: negamax returning -INF! depth=3 ply=3 legal_moves=1 alpha=-30000 beta=-30000
DEBUG: child returned INF! depth=5 score=-30000
DEBUG: negamax returning -INF! depth=5 ply=1 legal_moves=1 alpha=-30000 beta=-30000
info string Move b8a6 score 30000
DEBUG EVAL: material=-32490 pst=30 total=-32460
DEBUG: evaluate returned crazy score! stand_pat=32460
DEBUG: child returned INF! depth=1 score=-30000
DEBUG: negamax returning -INF! depth=1 ply=5 legal_moves=1 alpha=-30000 beta=-30000
DEBUG: child returned INF! depth=3 score=-30000
DEBUG: negamax returning -INF! depth=3 ply=3 legal_moves=1 alpha=-30000 beta=-30000
DEBUG: child returned INF! depth=5 score=-30000
DEBUG: negamax returning -INF! depth=5 ply=1 legal_moves=1 alpha=-30000 beta=-30000
info string Move a7a5 score 30000
DEBUG EVAL: material=-32280 pst=-20 total=-32300
DEBUG: evaluate returned crazy score! stand_pat=32300
DEBUG: child returned INF! depth=1 score=-30000
DEBUG: negamax returning -INF! depth=1 ply=5 legal_moves=1 alpha=-30000 beta=-30000
DEBUG: child returned INF! depth=3 score=-30000
DEBUG: negamax returning -INF! depth=3 ply=3 legal_moves=1 alpha=-30000 beta=-30000
DEBUG: child returned INF! depth=5 score=-30000
DEBUG: negamax returning -INF! depth=5 ply=1 legal_moves=1 alpha=-30000 beta=-30000
info string Move b8d7 score 30000
DEBUG EVAL: material=-32270 pst=-25 total=-32295
DEBUG: evaluate returned crazy score! stand_pat=32295
DEBUG: child returned INF! depth=1 score=-30000
DEBUG: negamax returning -INF! depth=1 ply=5 legal_moves=1 alpha=-30000 beta=-30000
DEBUG: child returned INF! depth=3 score=-30000
DEBUG: negamax returning -INF! depth=3 ply=3 legal_moves=1 alpha=-30000 beta=-30000
DEBUG: child returned INF! depth=5 score=-30000
DEBUG: negamax returning -INF! depth=5 ply=1 legal_moves=1 alpha=-30000 beta=-30000
info string Move c8d7 score 30000
DEBUG EVAL: material=-31290 pst=10 total=-31280
DEBUG: evaluate returned crazy score! stand_pat=31280
DEBUG: child returned INF! depth=1 score=-30000
DEBUG: negamax returning -INF! depth=1 ply=5 legal_moves=1 alpha=-30000 beta=-30000
DEBUG: child returned INF! depth=3 score=-30000
DEBUG: negamax returning -INF! depth=3 ply=3 legal_moves=1 alpha=-30000 beta=-30000
DEBUG: child returned INF! depth=5 score=-30000
DEBUG: negamax returning -INF! depth=5 ply=1 legal_moves=1 alpha=-30000 beta=-30000
info string Move c8e6 score 30000
DEBUG EVAL: material=-31980 pst=-45 total=-32025
DEBUG: evaluate returned crazy score! stand_pat=32025
DEBUG: child returned INF! depth=1 score=-30000
DEBUG: negamax returning -INF! depth=1 ply=5 legal_moves=1 alpha=-30000 beta=-30000
DEBUG: child returned INF! depth=3 score=-30000
DEBUG: negamax returning -INF! depth=3 ply=3 legal_moves=1 alpha=-30000 beta=-30000
DEBUG: child returned INF! depth=5 score=-30000
DEBUG: negamax returning -INF! depth=5 ply=1 legal_moves=1 alpha=-30000 beta=-30000
info string Move c8f5 score 30000
DEBUG EVAL: material=-33270 pst=10 total=-33260
DEBUG: evaluate returned crazy score! stand_pat=33260
DEBUG: child returned INF! depth=1 score=-30000
DEBUG: negamax returning -INF! depth=1 ply=5 legal_moves=1 alpha=-30000 beta=-30000
DEBUG: child returned INF! depth=3 score=-30000
DEBUG: negamax returning -INF! depth=3 ply=3 legal_moves=1 alpha=-30000 beta=-30000
DEBUG: child returned INF! depth=5 score=-30000
DEBUG: negamax returning -INF! depth=5 ply=1 legal_moves=1 alpha=-30000 beta=-30000
info string Move c8g4 score 30000
DEBUG EVAL: material=-31670 pst=100 total=-31570
DEBUG: evaluate returned crazy score! stand_pat=31570
DEBUG: child returned INF! depth=1 score=-30000
DEBUG: negamax returning -INF! depth=1 ply=5 legal_moves=1 alpha=-30000 beta=-30000
DEBUG: child returned INF! depth=3 score=-30000
DEBUG: negamax returning -INF! depth=3 ply=3 legal_moves=1 alpha=-30000 beta=-30000
DEBUG: child returned INF! depth=5 score=-30000
DEBUG: negamax returning -INF! depth=5 ply=1 legal_moves=1 alpha=-30000 beta=-30000
info string Move c8h3 score 30000
DEBUG EVAL: material=-32690 pst=0 total=-32690
DEBUG: evaluate returned crazy score! stand_pat=32690
DEBUG: child returned INF! depth=1 score=-30000
DEBUG: negamax returning -INF! depth=1 ply=5 legal_moves=1 alpha=-30000 beta=-30000
DEBUG: child returned INF! depth=3 score=-30000
DEBUG: negamax returning -INF! depth=3 ply=3 legal_moves=1 alpha=-30000 beta=-30000
DEBUG: child returned INF! depth=5 score=-30000
DEBUG: negamax returning -INF! depth=5 ply=1 legal_moves=1 alpha=-30000 beta=-30000
info string Move d8c7 score 30000
DEBUG EVAL: material=-32690 pst=0 total=-32690
DEBUG: evaluate returned crazy score! stand_pat=32690
DEBUG: child returned INF! depth=1 score=-30000
DEBUG: negamax returning -INF! depth=1 ply=5 legal_moves=1 alpha=-30000 beta=-30000
DEBUG: child returned INF! depth=3 score=-30000
DEBUG: negamax returning -INF! depth=3 ply=3 legal_moves=1 alpha=-30000 beta=-30000
DEBUG: child returned INF! depth=5 score=-30000
DEBUG: negamax returning -INF! depth=5 ply=1 legal_moves=1 alpha=-30000 beta=-30000
info string Move d8b6 score 30000
DEBUG EVAL: material=-32690 pst=5 total=-32685
DEBUG: evaluate returned crazy score! stand_pat=32685
DEBUG: child returned INF! depth=1 score=-30000
DEBUG: negamax returning -INF! depth=1 ply=5 legal_moves=1 alpha=-30000 beta=-30000
DEBUG: child returned INF! depth=3 score=-30000
DEBUG: negamax returning -INF! depth=3 ply=3 legal_moves=1 alpha=-30000 beta=-30000
DEBUG: child returned INF! depth=5 score=-30000
DEBUG: negamax returning -INF! depth=5 ply=1 legal_moves=1 alpha=-30000 beta=-30000
info string Move d8a5 score 30000
DEBUG EVAL: material=-31900 pst=-20 total=-31920
DEBUG: evaluate returned crazy score! stand_pat=31920
DEBUG: child returned INF! depth=1 score=-30000
DEBUG: negamax returning -INF! depth=1 ply=5 legal_moves=1 alpha=-30000 beta=-30000
DEBUG: child returned INF! depth=3 score=-30000
DEBUG: negamax returning -INF! depth=3 ply=3 legal_moves=1 alpha=-30000 beta=-30000
DEBUG: child returned INF! depth=5 score=-30000
DEBUG: negamax returning -INF! depth=5 ply=1 legal_moves=1 alpha=-30000 beta=-30000
info string Move d8d7 score 30000
DEBUG EVAL: material=-32690 pst=0 total=-32690
DEBUG: evaluate returned crazy score! stand_pat=32690
DEBUG: child returned INF! depth=1 score=-30000
DEBUG: negamax returning -INF! depth=1 ply=5 legal_moves=1 alpha=-30000 beta=-30000
DEBUG: child returned INF! depth=3 score=-30000
DEBUG: negamax returning -INF! depth=3 ply=3 legal_moves=1 alpha=-30000 beta=-30000
DEBUG: child returned INF! depth=5 score=-30000
DEBUG: negamax returning -INF! depth=5 ply=1 legal_moves=1 alpha=-30000 beta=-30000
info string Move d8d6 score 30000
DEBUG EVAL: material=-32120 pst=0 total=-32120
DEBUG: evaluate returned crazy score! stand_pat=32120
DEBUG: child returned INF! depth=1 score=-30000
DEBUG: negamax returning -INF! depth=1 ply=5 legal_moves=1 alpha=-30000 beta=-30000
DEBUG: child returned INF! depth=3 score=-30000
DEBUG: negamax returning -INF! depth=3 ply=3 legal_moves=1 alpha=-30000 beta=-30000
DEBUG: child returned INF! depth=5 score=-30000
DEBUG: negamax returning -INF! depth=5 ply=1 legal_moves=1 alpha=-30000 beta=-30000
info string Move d8d5 score 30000
DEBUG EVAL: material=-32690 pst=0 total=-32690
DEBUG: evaluate returned crazy score! stand_pat=32690
DEBUG: child returned INF! depth=1 score=-30000
DEBUG: negamax returning -INF! depth=1 ply=5 legal_moves=1 alpha=-30000 beta=-30000
DEBUG: child returned INF! depth=3 score=-30000
DEBUG: negamax returning -INF! depth=3 ply=3 legal_moves=1 alpha=-30000 beta=-30000
DEBUG: child returned INF! depth=5 score=-30000
DEBUG: negamax returning -INF! depth=5 ply=1 legal_moves=1 alpha=-30000 beta=-30000
info string Move d8d4 score 30000
DEBUG EVAL: material=-31900 pst=55 total=-31845
DEBUG: evaluate returned crazy score! stand_pat=31845
DEBUG: child returned INF! depth=1 score=-30000
DEBUG: negamax returning -INF! depth=1 ply=5 legal_moves=1 alpha=-30000 beta=-30000
DEBUG: child returned INF! depth=3 score=-30000
DEBUG: negamax returning -INF! depth=3 ply=3 legal_moves=1 alpha=-30000 beta=-30000
DEBUG: child returned INF! depth=5 score=-30000
DEBUG: negamax returning -INF! depth=5 ply=1 legal_moves=1 alpha=-30000 beta=-30000
info string Move d8d3 score 30000
DEBUG EVAL: material=-32930 pst=-5 total=-32935
DEBUG: evaluate returned crazy score! stand_pat=32935
DEBUG: child returned INF! depth=1 score=-30000
DEBUG: negamax returning -INF! depth=1 ply=5 legal_moves=1 alpha=-30000 beta=-30000
DEBUG: child returned INF! depth=3 score=-30000
DEBUG: negamax returning -INF! depth=3 ply=3 legal_moves=1 alpha=-30000 beta=-30000
DEBUG: child returned INF! depth=5 score=-30000
DEBUG: negamax returning -INF! depth=5 ply=1 legal_moves=1 alpha=-30000 beta=-30000
info string Move a7a6 score 30000
DEBUG EVAL: material=-32690 pst=-40 total=-32730
DEBUG: evaluate returned crazy score! stand_pat=32730
DEBUG: child returned INF! depth=1 score=-30000
DEBUG: negamax returning -INF! depth=1 ply=5 legal_moves=1 alpha=-30000 beta=-30000
DEBUG: child returned INF! depth=3 score=-30000
DEBUG: negamax returning -INF! depth=3 ply=3 legal_moves=1 alpha=-30000 beta=-30000
DEBUG: child returned INF! depth=5 score=-30000
DEBUG: negamax returning -INF! depth=5 ply=1 legal_moves=1 alpha=-30000 beta=-30000
info string Move g8f6 score 30000
DEBUG EVAL: material=-32690 pst=0 total=-32690
DEBUG: evaluate returned crazy score! stand_pat=32690
DEBUG: child returned INF! depth=1 score=-30000
DEBUG: negamax returning -INF! depth=1 ply=5 legal_moves=1 alpha=-30000 beta=-30000
DEBUG: child returned INF! depth=3 score=-30000
DEBUG: negamax returning -INF! depth=3 ply=3 legal_moves=1 alpha=-30000 beta=-30000
DEBUG: child returned INF! depth=5 score=-30000
DEBUG: negamax returning -INF! depth=5 ply=1 legal_moves=1 alpha=-30000 beta=-30000
info string Move g8h6 score 30000
bestmove d8d2
