id name Rista Advanced
id author Developer
uciok
info string Move b7c6 score -165
info string Move b8c6 score -90
DEBUG: evaluate returned crazy score! stand_pat=30090
DEBUG: evaluate returned crazy score! stand_pat=30085
DEBUG: evaluate returned crazy score! stand_pat=30090
DEBUG: evaluate returned crazy score! stand_pat=30080
DEBUG: evaluate returned crazy score! stand_pat=30070
DEBUG: evaluate returned crazy score! stand_pat=30070
DEBUG: evaluate returned crazy score! stand_pat=30075
DEBUG: evaluate returned crazy score! stand_pat=30090
DEBUG: evaluate returned crazy score! stand_pat=30090
DEBUG: evaluate returned crazy score! stand_pat=30110
DEBUG: evaluate returned crazy score! stand_pat=30110
DEBUG: evaluate returned crazy score! stand_pat=30110
DEBUG: evaluate returned crazy score! stand_pat=30110
DEBUG: evaluate returned crazy score! stand_pat=30110
DEBUG: evaluate returned crazy score! stand_pat=30110
DEBUG: evaluate returned crazy score! stand_pat=30135
DEBUG: evaluate returned crazy score! stand_pat=30090
DEBUG: evaluate returned crazy score! stand_pat=30080
DEBUG: evaluate returned crazy score! stand_pat=30075
DEBUG: evaluate returned crazy score! stand_pat=30110
DEBUG: evaluate returned crazy score! stand_pat=30110
DEBUG: evaluate returned crazy score! stand_pat=30110
DEBUG: evaluate returned crazy score! stand_pat=30110
DEBUG: evaluate returned crazy score! stand_pat=30140
DEBUG: evaluate returned crazy score! stand_pat=30080
DEBUG: evaluate returned crazy score! stand_pat=30130
DEBUG: evaluate returned crazy score! stand_pat=30080
DEBUG: evaluate returned crazy score! stand_pat=30095
DEBUG: evaluate returned crazy score! stand_pat=30035
DEBUG: evaluate returned crazy score! stand_pat=30050
DEBUG: evaluate returned crazy score! stand_pat=30085
DEBUG: evaluate returned crazy score! stand_pat=30120
DEBUG: evaluate returned crazy score! stand_pat=30110
DEBUG: evaluate returned crazy score! stand_pat=30110
DEBUG: evaluate returned crazy score! stand_pat=30115
DEBUG: evaluate returned crazy score! stand_pat=30130
DEBUG: evaluate returned crazy score! stand_pat=30130
DEBUG: evaluate returned crazy score! stand_pat=30120
DEBUG: evaluate returned crazy score! stand_pat=30150
DEBUG: evaluate returned crazy score! stand_pat=30150
DEBUG: evaluate returned crazy score! stand_pat=30150
DEBUG: evaluate returned crazy score! stand_pat=30150
DEBUG: evaluate returned crazy score! stand_pat=30150
DEBUG: evaluate returned crazy score! stand_pat=30150
DEBUG: evaluate returned crazy score! stand_pat=30175
DEBUG: evaluate returned crazy score! stand_pat=30130
DEBUG: evaluate returned crazy score! stand_pat=30120
DEBUG: evaluate returned crazy score! stand_pat=30115
DEBUG: evaluate returned crazy score! stand_pat=30150
DEBUG: evaluate returned crazy score! stand_pat=30130
DEBUG: evaluate returned crazy score! stand_pat=30150
DEBUG: evaluate returned crazy score! stand_pat=30150
DEBUG: evaluate returned crazy score! stand_pat=30135
DEBUG: evaluate returned crazy score! stand_pat=30140
DEBUG: evaluate returned crazy score! stand_pat=30130
DEBUG: evaluate returned crazy score! stand_pat=30130
DEBUG: evaluate returned crazy score! stand_pat=30130
DEBUG: evaluate returned crazy score! stand_pat=30135
DEBUG: evaluate returned crazy score! stand_pat=30140
DEBUG: evaluate returned crazy score! stand_pat=30130
DEBUG: evaluate returned crazy score! stand_pat=30130
DEBUG: evaluate returned crazy score! stand_pat=30130
DEBUG: evaluate returned crazy score! stand_pat=30130
DEBUG: evaluate returned crazy score! stand_pat=30145
DEBUG: evaluate returned crazy score! stand_pat=30135
DEBUG: evaluate returned crazy score! stand_pat=30145
DEBUG: evaluate returned crazy score! stand_pat=30130
DEBUG: evaluate returned crazy score! stand_pat=30130
DEBUG: evaluate returned crazy score! stand_pat=30130
DEBUG: evaluate returned crazy score! stand_pat=30150
DEBUG: evaluate returned crazy score! stand_pat=30800
DEBUG: evaluate returned crazy score! stand_pat=30885
DEBUG: evaluate returned crazy score! stand_pat=30920
DEBUG: evaluate returned crazy score! stand_pat=30910
DEBUG: evaluate returned crazy score! stand_pat=30910
DEBUG: evaluate returned crazy score! stand_pat=30915
DEBUG: evaluate returned crazy score! stand_pat=30930
DEBUG: evaluate returned crazy score! stand_pat=30880
DEBUG: evaluate returned crazy score! stand_pat=30920
DEBUG: evaluate returned crazy score! stand_pat=30950
DEBUG: evaluate returned crazy score! stand_pat=30950
DEBUG: evaluate returned crazy score! stand_pat=30950
DEBUG: evaluate returned crazy score! stand_pat=30930
DEBUG: evaluate returned crazy score! stand_pat=30950
DEBUG: evaluate returned crazy score! stand_pat=30950
DEBUG: evaluate returned crazy score! stand_pat=30975
DEBUG: evaluate returned crazy score! stand_pat=30930
DEBUG: evaluate returned crazy score! stand_pat=30925
DEBUG: evaluate returned crazy score! stand_pat=30920
DEBUG: evaluate returned crazy score! stand_pat=30915
DEBUG: evaluate returned crazy score! stand_pat=30950
DEBUG: evaluate returned crazy score! stand_pat=30950
DEBUG: evaluate returned crazy score! stand_pat=30950
DEBUG: evaluate returned crazy score! stand_pat=30950
DEBUG: evaluate returned crazy score! stand_pat=30950
DEBUG: evaluate returned crazy score! stand_pat=30900
DEBUG: evaluate returned crazy score! stand_pat=30950
DEBUG: evaluate returned crazy score! stand_pat=30045
DEBUG: evaluate returned crazy score! stand_pat=30035
DEBUG: evaluate returned crazy score! stand_pat=30095
DEBUG: evaluate returned crazy score! stand_pat=30130
DEBUG: evaluate returned crazy score! stand_pat=30120
DEBUG: evaluate returned crazy score! stand_pat=30120
DEBUG: evaluate returned crazy score! stand_pat=30125
DEBUG: evaluate returned crazy score! stand_pat=30140
DEBUG: evaluate returned crazy score! stand_pat=30140
DEBUG: evaluate returned crazy score! stand_pat=30090
DEBUG: evaluate returned crazy score! stand_pat=30130
DEBUG: evaluate returned crazy score! stand_pat=30160
DEBUG: evaluate returned crazy score! stand_pat=30160
DEBUG: evaluate returned crazy score! stand_pat=30160
DEBUG: evaluate returned crazy score! stand_pat=30160
DEBUG: evaluate returned crazy score! stand_pat=30160
DEBUG: evaluate returned crazy score! stand_pat=30160
DEBUG: evaluate returned crazy score! stand_pat=30185
DEBUG: evaluate returned crazy score! stand_pat=30140
DEBUG: evaluate returned crazy score! stand_pat=30135
DEBUG: evaluate returned crazy score! stand_pat=30130
DEBUG: evaluate returned crazy score! stand_pat=30125
DEBUG: evaluate returned crazy score! stand_pat=30140
DEBUG: evaluate returned crazy score! stand_pat=30160
DEBUG: evaluate returned crazy score! stand_pat=30160
DEBUG: evaluate returned crazy score! stand_pat=30160
DEBUG: evaluate returned crazy score! stand_pat=30160
DEBUG: evaluate returned crazy score! stand_pat=30160
DEBUG: evaluate returned crazy score! stand_pat=30135
DEBUG: evaluate returned crazy score! stand_pat=30130
DEBUG: evaluate returned crazy score! stand_pat=30135
DEBUG: evaluate returned crazy score! stand_pat=30140
DEBUG: evaluate returned crazy score! stand_pat=30135
DEBUG: evaluate returned crazy score! stand_pat=30140
DEBUG: evaluate returned crazy score! stand_pat=30140
DEBUG: evaluate returned crazy score! stand_pat=30145
DEBUG: evaluate returned crazy score! stand_pat=30135
DEBUG: evaluate returned crazy score! stand_pat=30130
DEBUG: evaluate returned crazy score! stand_pat=30130
DEBUG: evaluate returned crazy score! stand_pat=30130
DEBUG: evaluate returned crazy score! stand_pat=30130
DEBUG: evaluate returned crazy score! stand_pat=30135
DEBUG: evaluate returned crazy score! stand_pat=30140
DEBUG: evaluate returned crazy score! stand_pat=30145
DEBUG: evaluate returned crazy score! stand_pat=30160
DEBUG: evaluate returned crazy score! stand_pat=30140
DEBUG: evaluate returned crazy score! stand_pat=30140
DEBUG: evaluate returned crazy score! stand_pat=30090
DEBUG: evaluate returned crazy score! stand_pat=30130
DEBUG: evaluate returned crazy score! stand_pat=30160
DEBUG: evaluate returned crazy score! stand_pat=30160
DEBUG: evaluate returned crazy score! stand_pat=30160
DEBUG: evaluate returned crazy score! stand_pat=30160
DEBUG: evaluate returned crazy score! stand_pat=30160
DEBUG: evaluate returned crazy score! stand_pat=30160
DEBUG: evaluate returned crazy score! stand_pat=30185
DEBUG: evaluate returned crazy score! stand_pat=30140
DEBUG: evaluate returned crazy score! stand_pat=30135
DEBUG: evaluate returned crazy score! stand_pat=30130
DEBUG: evaluate returned crazy score! stand_pat=30125
DEBUG: evaluate returned crazy score! stand_pat=30140
DEBUG: evaluate returned crazy score! stand_pat=30160
DEBUG: evaluate returned crazy score! stand_pat=30160
DEBUG: evaluate returned crazy score! stand_pat=30160
DEBUG: evaluate returned crazy score! stand_pat=30160
DEBUG: evaluate returned crazy score! stand_pat=30160
DEBUG: evaluate returned crazy score! stand_pat=30160
DEBUG: evaluate returned crazy score! stand_pat=30160
DEBUG: evaluate returned crazy score! stand_pat=30160
DEBUG: evaluate returned crazy score! stand_pat=30160
DEBUG: evaluate returned crazy score! stand_pat=30130
DEBUG: evaluate returned crazy score! stand_pat=30120
DEBUG: evaluate returned crazy score! stand_pat=30080
DEBUG: evaluate returned crazy score! stand_pat=30120
DEBUG: evaluate returned crazy score! stand_pat=30150
DEBUG: evaluate returned crazy score! stand_pat=30150
DEBUG: evaluate returned crazy score! stand_pat=30150
DEBUG: evaluate returned crazy score! stand_pat=30150
DEBUG: evaluate returned crazy score! stand_pat=30150
DEBUG: evaluate returned crazy score! stand_pat=30150
DEBUG: evaluate returned crazy score! stand_pat=30175
DEBUG: evaluate returned crazy score! stand_pat=30165
DEBUG: evaluate returned crazy score! stand_pat=30130
DEBUG: evaluate returned crazy score! stand_pat=30125
DEBUG: evaluate returned crazy score! stand_pat=30120
DEBUG: evaluate returned crazy score! stand_pat=30115
DEBUG: evaluate returned crazy score! stand_pat=30140
DEBUG: evaluate returned crazy score! stand_pat=30120
DEBUG: evaluate returned crazy score! stand_pat=30120
DEBUG: evaluate returned crazy score! stand_pat=30125
DEBUG: evaluate returned crazy score! stand_pat=30140
DEBUG: evaluate returned crazy score! stand_pat=30120
DEBUG: evaluate returned crazy score! stand_pat=30130
DEBUG: evaluate returned crazy score! stand_pat=30140
DEBUG: evaluate returned crazy score! stand_pat=30150
DEBUG: evaluate returned crazy score! stand_pat=30150
DEBUG: evaluate returned crazy score! stand_pat=30150
DEBUG: evaluate returned crazy score! stand_pat=30150
DEBUG: evaluate returned crazy score! stand_pat=30150
DEBUG: evaluate returned crazy score! stand_pat=30150
DEBUG: evaluate returned crazy score! stand_pat=30040
DEBUG: evaluate returned crazy score! stand_pat=30110
DEBUG: evaluate returned crazy score! stand_pat=30075
DEBUG: evaluate returned crazy score! stand_pat=30115
DEBUG: evaluate returned crazy score! stand_pat=30120
DEBUG: evaluate returned crazy score! stand_pat=30110
DEBUG: evaluate returned crazy score! stand_pat=30120
DEBUG: evaluate returned crazy score! stand_pat=30115
DEBUG: evaluate returned crazy score! stand_pat=30070
DEBUG: evaluate returned crazy score! stand_pat=30110
DEBUG: evaluate returned crazy score! stand_pat=30140
DEBUG: evaluate returned crazy score! stand_pat=30140
DEBUG: evaluate returned crazy score! stand_pat=30140
DEBUG: evaluate returned crazy score! stand_pat=30140
DEBUG: evaluate returned crazy score! stand_pat=30140
DEBUG: evaluate returned crazy score! stand_pat=30140
DEBUG: evaluate returned crazy score! stand_pat=30165
DEBUG: evaluate returned crazy score! stand_pat=30155
DEBUG: evaluate returned crazy score! stand_pat=30120
DEBUG: evaluate returned crazy score! stand_pat=30115
DEBUG: evaluate returned crazy score! stand_pat=30110
DEBUG: evaluate returned crazy score! stand_pat=30105
DEBUG: evaluate returned crazy score! stand_pat=30140
DEBUG: evaluate returned crazy score! stand_pat=30140
DEBUG: evaluate returned crazy score! stand_pat=30140
DEBUG: evaluate returned crazy score! stand_pat=30140
DEBUG: evaluate returned crazy score! stand_pat=30140
DEBUG: evaluate returned crazy score! stand_pat=30140
DEBUG: evaluate returned crazy score! stand_pat=30130
DEBUG: evaluate returned crazy score! stand_pat=30140
DEBUG: evaluate returned crazy score! stand_pat=30120
DEBUG: evaluate returned crazy score! stand_pat=30125
DEBUG: evaluate returned crazy score! stand_pat=30140
DEBUG: evaluate returned crazy score! stand_pat=30120
DEBUG: evaluate returned crazy score! stand_pat=30125
DEBUG: evaluate returned crazy score! stand_pat=30130
DEBUG: evaluate returned crazy score! stand_pat=30120
DEBUG: evaluate returned crazy score! stand_pat=30010
DEBUG: evaluate returned crazy score! stand_pat=30225
DEBUG: evaluate returned crazy score! stand_pat=30345
DEBUG: evaluate returned crazy score! stand_pat=30310
DEBUG: evaluate returned crazy score! stand_pat=30355
DEBUG: evaluate returned crazy score! stand_pat=30350
DEBUG: evaluate returned crazy score! stand_pat=30305
DEBUG: evaluate returned crazy score! stand_pat=30345
DEBUG: evaluate returned crazy score! stand_pat=30375
DEBUG: evaluate returned crazy score! stand_pat=30375
DEBUG: evaluate returned crazy score! stand_pat=30375
DEBUG: evaluate returned crazy score! stand_pat=30375
DEBUG: evaluate returned crazy score! stand_pat=30355
DEBUG: evaluate returned crazy score! stand_pat=30400
DEBUG: evaluate returned crazy score! stand_pat=30390
DEBUG: evaluate returned crazy score! stand_pat=30355
DEBUG: evaluate returned crazy score! stand_pat=30350
DEBUG: evaluate returned crazy score! stand_pat=30350
DEBUG: evaluate returned crazy score! stand_pat=30340
DEBUG: evaluate returned crazy score! stand_pat=30375
DEBUG: evaluate returned crazy score! stand_pat=30375
DEBUG: evaluate returned crazy score! stand_pat=30375
DEBUG: evaluate returned crazy score! stand_pat=30375
DEBUG: evaluate returned crazy score! stand_pat=30375
DEBUG: evaluate returned crazy score! stand_pat=30375
DEBUG: evaluate returned crazy score! stand_pat=30325
DEBUG: evaluate returned crazy score! stand_pat=30375
DEBUG: evaluate returned crazy score! stand_pat=30045
DEBUG: evaluate returned crazy score! stand_pat=30115
DEBUG: evaluate returned crazy score! stand_pat=30080
DEBUG: evaluate returned crazy score! stand_pat=30120
DEBUG: evaluate returned crazy score! stand_pat=30125
DEBUG: evaluate returned crazy score! stand_pat=30115
DEBUG: evaluate returned crazy score! stand_pat=30125
DEBUG: evaluate returned crazy score! stand_pat=30120
DEBUG: evaluate returned crazy score! stand_pat=30075
DEBUG: evaluate returned crazy score! stand_pat=30115
DEBUG: evaluate returned crazy score! stand_pat=30145
DEBUG: evaluate returned crazy score! stand_pat=30145
DEBUG: evaluate returned crazy score! stand_pat=30145
DEBUG: evaluate returned crazy score! stand_pat=30145
DEBUG: evaluate returned crazy score! stand_pat=30145
DEBUG: evaluate returned crazy score! stand_pat=30145
DEBUG: evaluate returned crazy score! stand_pat=30170
DEBUG: evaluate returned crazy score! stand_pat=30125
DEBUG: evaluate returned crazy score! stand_pat=30125
DEBUG: evaluate returned crazy score! stand_pat=30120
DEBUG: evaluate returned crazy score! stand_pat=30115
DEBUG: evaluate returned crazy score! stand_pat=30110
DEBUG: evaluate returned crazy score! stand_pat=30145
DEBUG: evaluate returned crazy score! stand_pat=30145
DEBUG: evaluate returned crazy score! stand_pat=30145
DEBUG: evaluate returned crazy score! stand_pat=30145
DEBUG: evaluate returned crazy score! stand_pat=30145
DEBUG: evaluate returned crazy score! stand_pat=30145
DEBUG: evaluate returned crazy score! stand_pat=30140
DEBUG: evaluate returned crazy score! stand_pat=30120
DEBUG: evaluate returned crazy score! stand_pat=30120
DEBUG: evaluate returned crazy score! stand_pat=30130
DEBUG: evaluate returned crazy score! stand_pat=30140
DEBUG: evaluate returned crazy score! stand_pat=30140
DEBUG: evaluate returned crazy score! stand_pat=30160
DEBUG: evaluate returned crazy score! stand_pat=30330
DEBUG: evaluate returned crazy score! stand_pat=30295
DEBUG: evaluate returned crazy score! stand_pat=30335
DEBUG: evaluate returned crazy score! stand_pat=30335
DEBUG: evaluate returned crazy score! stand_pat=30340
DEBUG: evaluate returned crazy score! stand_pat=30330
DEBUG: evaluate returned crazy score! stand_pat=30340
DEBUG: evaluate returned crazy score! stand_pat=30340
DEBUG: evaluate returned crazy score! stand_pat=30290
DEBUG: evaluate returned crazy score! stand_pat=30330
DEBUG: evaluate returned crazy score! stand_pat=30360
DEBUG: evaluate returned crazy score! stand_pat=30360
DEBUG: evaluate returned crazy score! stand_pat=30360
DEBUG: evaluate returned crazy score! stand_pat=30360
DEBUG: evaluate returned crazy score! stand_pat=30360
DEBUG: evaluate returned crazy score! stand_pat=30360
DEBUG: evaluate returned crazy score! stand_pat=30385
DEBUG: evaluate returned crazy score! stand_pat=30375
DEBUG: evaluate returned crazy score! stand_pat=30340
DEBUG: evaluate returned crazy score! stand_pat=30335
DEBUG: evaluate returned crazy score! stand_pat=30330
DEBUG: evaluate returned crazy score! stand_pat=30325
DEBUG: evaluate returned crazy score! stand_pat=30360
DEBUG: evaluate returned crazy score! stand_pat=30360
DEBUG: evaluate returned crazy score! stand_pat=30360
DEBUG: evaluate returned crazy score! stand_pat=30360
DEBUG: evaluate returned crazy score! stand_pat=30360
DEBUG: evaluate returned crazy score! stand_pat=30360
DEBUG: evaluate returned crazy score! stand_pat=30310
DEBUG: evaluate returned crazy score! stand_pat=30095
DEBUG: evaluate returned crazy score! stand_pat=30095
DEBUG: evaluate returned crazy score! stand_pat=30115
DEBUG: evaluate returned crazy score! stand_pat=30115
DEBUG: evaluate returned crazy score! stand_pat=30115
DEBUG: evaluate returned crazy score! stand_pat=30115
DEBUG: evaluate returned crazy score! stand_pat=30115
DEBUG: evaluate returned crazy score! stand_pat=30115
DEBUG: evaluate returned crazy score! stand_pat=30140
DEBUG: evaluate returned crazy score! stand_pat=30095
DEBUG: evaluate returned crazy score! stand_pat=30090
DEBUG: evaluate returned crazy score! stand_pat=30085
DEBUG: evaluate returned crazy score! stand_pat=30080
DEBUG: evaluate returned crazy score! stand_pat=30140
DEBUG: evaluate returned crazy score! stand_pat=30090
DEBUG: evaluate returned crazy score! stand_pat=30095
DEBUG: evaluate returned crazy score! stand_pat=30080
DEBUG: evaluate returned crazy score! stand_pat=30085
DEBUG: evaluate returned crazy score! stand_pat=30115
DEBUG: evaluate returned crazy score! stand_pat=30115
DEBUG: evaluate returned crazy score! stand_pat=30115
DEBUG: evaluate returned crazy score! stand_pat=30115
DEBUG: evaluate returned crazy score! stand_pat=30115
DEBUG: evaluate returned crazy score! stand_pat=30115
DEBUG: evaluate returned crazy score! stand_pat=30135
DEBUG: evaluate returned crazy score! stand_pat=30085
DEBUG: evaluate returned crazy score! stand_pat=30125
DEBUG: evaluate returned crazy score! stand_pat=30155
DEBUG: evaluate returned crazy score! stand_pat=30155
DEBUG: evaluate returned crazy score! stand_pat=30155
DEBUG: evaluate returned crazy score! stand_pat=30155
DEBUG: evaluate returned crazy score! stand_pat=30155
DEBUG: evaluate returned crazy score! stand_pat=30155
DEBUG: evaluate returned crazy score! stand_pat=30180
DEBUG: evaluate returned crazy score! stand_pat=30135
DEBUG: evaluate returned crazy score! stand_pat=30130
DEBUG: evaluate returned crazy score! stand_pat=30125
DEBUG: evaluate returned crazy score! stand_pat=30120
DEBUG: evaluate returned crazy score! stand_pat=30140
DEBUG: evaluate returned crazy score! stand_pat=30130
DEBUG: evaluate returned crazy score! stand_pat=30130
DEBUG: evaluate returned crazy score! stand_pat=30135
DEBUG: evaluate returned crazy score! stand_pat=30145
DEBUG: evaluate returned crazy score! stand_pat=30130
DEBUG: evaluate returned crazy score! stand_pat=30135
DEBUG: evaluate returned crazy score! stand_pat=30140
DEBUG: evaluate returned crazy score! stand_pat=30130
DEBUG: evaluate returned crazy score! stand_pat=30130
DEBUG: evaluate returned crazy score! stand_pat=30130
DEBUG: evaluate returned crazy score! stand_pat=30135
DEBUG: evaluate returned crazy score! stand_pat=30155
DEBUG: evaluate returned crazy score! stand_pat=30155
DEBUG: evaluate returned crazy score! stand_pat=30155
DEBUG: evaluate returned crazy score! stand_pat=30155
DEBUG: evaluate returned crazy score! stand_pat=30155
DEBUG: evaluate returned crazy score! stand_pat=30155
DEBUG: evaluate returned crazy score! stand_pat=30000
DEBUG: evaluate returned crazy score! stand_pat=30170
DEBUG: evaluate returned crazy score! stand_pat=30290
DEBUG: evaluate returned crazy score! stand_pat=30295
DEBUG: evaluate returned crazy score! stand_pat=30300
DEBUG: evaluate returned crazy score! stand_pat=30300
DEBUG: evaluate returned crazy score! stand_pat=30290
DEBUG: evaluate returned crazy score! stand_pat=30280
DEBUG: evaluate returned crazy score! stand_pat=30280
DEBUG: evaluate returned crazy score! stand_pat=30285
DEBUG: evaluate returned crazy score! stand_pat=30300
DEBUG: evaluate returned crazy score! stand_pat=30300
DEBUG: evaluate returned crazy score! stand_pat=30320
DEBUG: evaluate returned crazy score! stand_pat=30320
DEBUG: evaluate returned crazy score! stand_pat=30320
DEBUG: evaluate returned crazy score! stand_pat=30300
DEBUG: evaluate returned crazy score! stand_pat=30320
DEBUG: evaluate returned crazy score! stand_pat=30320
DEBUG: evaluate returned crazy score! stand_pat=30345
DEBUG: evaluate returned crazy score! stand_pat=30300
DEBUG: evaluate returned crazy score! stand_pat=30295
DEBUG: evaluate returned crazy score! stand_pat=30290
DEBUG: evaluate returned crazy score! stand_pat=30285
DEBUG: evaluate returned crazy score! stand_pat=30320
DEBUG: evaluate returned crazy score! stand_pat=30320
DEBUG: evaluate returned crazy score! stand_pat=30320
DEBUG: evaluate returned crazy score! stand_pat=30320
DEBUG: evaluate returned crazy score! stand_pat=30295
DEBUG: evaluate returned crazy score! stand_pat=30270
DEBUG: evaluate returned crazy score! stand_pat=30320
DEBUG: evaluate returned crazy score! stand_pat=30150
DEBUG: evaluate returned crazy score! stand_pat=30115
DEBUG: evaluate returned crazy score! stand_pat=30155
DEBUG: evaluate returned crazy score! stand_pat=30165
DEBUG: evaluate returned crazy score! stand_pat=30155
DEBUG: evaluate returned crazy score! stand_pat=30160
DEBUG: evaluate returned crazy score! stand_pat=30160
DEBUG: evaluate returned crazy score! stand_pat=30150
DEBUG: evaluate returned crazy score! stand_pat=30140
DEBUG: evaluate returned crazy score! stand_pat=30140
DEBUG: evaluate returned crazy score! stand_pat=30145
DEBUG: evaluate returned crazy score! stand_pat=30160
DEBUG: evaluate returned crazy score! stand_pat=30160
DEBUG: evaluate returned crazy score! stand_pat=30110
DEBUG: evaluate returned crazy score! stand_pat=30150
DEBUG: evaluate returned crazy score! stand_pat=30180
DEBUG: evaluate returned crazy score! stand_pat=30180
DEBUG: evaluate returned crazy score! stand_pat=30180
DEBUG: evaluate returned crazy score! stand_pat=30180
DEBUG: evaluate returned crazy score! stand_pat=30205
DEBUG: evaluate returned crazy score! stand_pat=30160
DEBUG: evaluate returned crazy score! stand_pat=30155
DEBUG: evaluate returned crazy score! stand_pat=30150
DEBUG: evaluate returned crazy score! stand_pat=30145
DEBUG: evaluate returned crazy score! stand_pat=30180
DEBUG: evaluate returned crazy score! stand_pat=30180
DEBUG: evaluate returned crazy score! stand_pat=30180
DEBUG: evaluate returned crazy score! stand_pat=30180
DEBUG: evaluate returned crazy score! stand_pat=30180
DEBUG: evaluate returned crazy score! stand_pat=30180
DEBUG: evaluate returned crazy score! stand_pat=30160
DEBUG: evaluate returned crazy score! stand_pat=30150
DEBUG: evaluate returned crazy score! stand_pat=30115
DEBUG: evaluate returned crazy score! stand_pat=30165
DEBUG: evaluate returned crazy score! stand_pat=30155
DEBUG: evaluate returned crazy score! stand_pat=30165
DEBUG: evaluate returned crazy score! stand_pat=30155
DEBUG: evaluate returned crazy score! stand_pat=30160
DEBUG: evaluate returned crazy score! stand_pat=30160
DEBUG: evaluate returned crazy score! stand_pat=30150
DEBUG: evaluate returned crazy score! stand_pat=30140
DEBUG: evaluate returned crazy score! stand_pat=30140
DEBUG: evaluate returned crazy score! stand_pat=30145
DEBUG: evaluate returned crazy score! stand_pat=30160
DEBUG: evaluate returned crazy score! stand_pat=30160
DEBUG: evaluate returned crazy score! stand_pat=30110
DEBUG: evaluate returned crazy score! stand_pat=30150
DEBUG: evaluate returned crazy score! stand_pat=30180
DEBUG: evaluate returned crazy score! stand_pat=30180
DEBUG: evaluate returned crazy score! stand_pat=30180
DEBUG: evaluate returned crazy score! stand_pat=30180
DEBUG: evaluate returned crazy score! stand_pat=30205
DEBUG: evaluate returned crazy score! stand_pat=30160
DEBUG: evaluate returned crazy score! stand_pat=30155
DEBUG: evaluate returned crazy score! stand_pat=30150
DEBUG: evaluate returned crazy score! stand_pat=30145
DEBUG: evaluate returned crazy score! stand_pat=30180
DEBUG: evaluate returned crazy score! stand_pat=30180
DEBUG: evaluate returned crazy score! stand_pat=30180
DEBUG: evaluate returned crazy score! stand_pat=30180
DEBUG: evaluate returned crazy score! stand_pat=30180
DEBUG: evaluate returned crazy score! stand_pat=30180
DEBUG: evaluate returned crazy score! stand_pat=30135
DEBUG: evaluate returned crazy score! stand_pat=30130
DEBUG: evaluate returned crazy score! stand_pat=30095
DEBUG: evaluate returned crazy score! stand_pat=30135
DEBUG: evaluate returned crazy score! stand_pat=30135
DEBUG: evaluate returned crazy score! stand_pat=30140
DEBUG: evaluate returned crazy score! stand_pat=30140
DEBUG: evaluate returned crazy score! stand_pat=30130
DEBUG: evaluate returned crazy score! stand_pat=30120
DEBUG: evaluate returned crazy score! stand_pat=30120
DEBUG: evaluate returned crazy score! stand_pat=30125
DEBUG: evaluate returned crazy score! stand_pat=30140
DEBUG: evaluate returned crazy score! stand_pat=30140
DEBUG: evaluate returned crazy score! stand_pat=30090
DEBUG: evaluate returned crazy score! stand_pat=30130
DEBUG: evaluate returned crazy score! stand_pat=30160
DEBUG: evaluate returned crazy score! stand_pat=30160
DEBUG: evaluate returned crazy score! stand_pat=30160
DEBUG: evaluate returned crazy score! stand_pat=30160
DEBUG: evaluate returned crazy score! stand_pat=30160
DEBUG: evaluate returned crazy score! stand_pat=30160
DEBUG: evaluate returned crazy score! stand_pat=30140
DEBUG: evaluate returned crazy score! stand_pat=30135
DEBUG: evaluate returned crazy score! stand_pat=30130
DEBUG: evaluate returned crazy score! stand_pat=30125
DEBUG: evaluate returned crazy score! stand_pat=30160
DEBUG: evaluate returned crazy score! stand_pat=30160
DEBUG: evaluate returned crazy score! stand_pat=30160
DEBUG: evaluate returned crazy score! stand_pat=30160
DEBUG: evaluate returned crazy score! stand_pat=30160
DEBUG: evaluate returned crazy score! stand_pat=30160
DEBUG: evaluate returned crazy score! stand_pat=30150
DEBUG: evaluate returned crazy score! stand_pat=30115
DEBUG: evaluate returned crazy score! stand_pat=30160
DEBUG: evaluate returned crazy score! stand_pat=30155
DEBUG: evaluate returned crazy score! stand_pat=30145
DEBUG: evaluate returned crazy score! stand_pat=30155
DEBUG: evaluate returned crazy score! stand_pat=30160
DEBUG: evaluate returned crazy score! stand_pat=30160
DEBUG: evaluate returned crazy score! stand_pat=30150
DEBUG: evaluate returned crazy score! stand_pat=30140
DEBUG: evaluate returned crazy score! stand_pat=30140
DEBUG: evaluate returned crazy score! stand_pat=30145
DEBUG: evaluate returned crazy score! stand_pat=30160
DEBUG: evaluate returned crazy score! stand_pat=30160
DEBUG: evaluate returned crazy score! stand_pat=30110
DEBUG: evaluate returned crazy score! stand_pat=30150
DEBUG: evaluate returned crazy score! stand_pat=30180
DEBUG: evaluate returned crazy score! stand_pat=30180
DEBUG: evaluate returned crazy score! stand_pat=30180
DEBUG: evaluate returned crazy score! stand_pat=30180
DEBUG: evaluate returned crazy score! stand_pat=30205
DEBUG: evaluate returned crazy score! stand_pat=30160
DEBUG: evaluate returned crazy score! stand_pat=30155
DEBUG: evaluate returned crazy score! stand_pat=30150
DEBUG: evaluate returned crazy score! stand_pat=30145
DEBUG: evaluate returned crazy score! stand_pat=30180
DEBUG: evaluate returned crazy score! stand_pat=30180
DEBUG: evaluate returned crazy score! stand_pat=30180
DEBUG: evaluate returned crazy score! stand_pat=30180
DEBUG: evaluate returned crazy score! stand_pat=30180
DEBUG: evaluate returned crazy score! stand_pat=30180
DEBUG: evaluate returned crazy score! stand_pat=30135
DEBUG: evaluate returned crazy score! stand_pat=30150
DEBUG: evaluate returned crazy score! stand_pat=30115
DEBUG: evaluate returned crazy score! stand_pat=30150
DEBUG: evaluate returned crazy score! stand_pat=30155
DEBUG: evaluate returned crazy score! stand_pat=30155
DEBUG: evaluate returned crazy score! stand_pat=30150
DEBUG: evaluate returned crazy score! stand_pat=30155
DEBUG: evaluate returned crazy score! stand_pat=30160
DEBUG: evaluate returned crazy score! stand_pat=30160
DEBUG: evaluate returned crazy score! stand_pat=30150
DEBUG: evaluate returned crazy score! stand_pat=30140
DEBUG: evaluate returned crazy score! stand_pat=30140
DEBUG: evaluate returned crazy score! stand_pat=30145
DEBUG: evaluate returned crazy score! stand_pat=30160
DEBUG: evaluate returned crazy score! stand_pat=30160
DEBUG: evaluate returned crazy score! stand_pat=30110
DEBUG: evaluate returned crazy score! stand_pat=30150
DEBUG: evaluate returned crazy score! stand_pat=30180
DEBUG: evaluate returned crazy score! stand_pat=30180
DEBUG: evaluate returned crazy score! stand_pat=30180
DEBUG: evaluate returned crazy score! stand_pat=30180
DEBUG: evaluate returned crazy score! stand_pat=30205
DEBUG: evaluate returned crazy score! stand_pat=30160
DEBUG: evaluate returned crazy score! stand_pat=30155
DEBUG: evaluate returned crazy score! stand_pat=30150
DEBUG: evaluate returned crazy score! stand_pat=30145
DEBUG: evaluate returned crazy score! stand_pat=30180
DEBUG: evaluate returned crazy score! stand_pat=30180
DEBUG: evaluate returned crazy score! stand_pat=30180
DEBUG: evaluate returned crazy score! stand_pat=30180
DEBUG: evaluate returned crazy score! stand_pat=30180
DEBUG: evaluate returned crazy score! stand_pat=30180
DEBUG: evaluate returned crazy score! stand_pat=30160
DEBUG: evaluate returned crazy score! stand_pat=30150
DEBUG: evaluate returned crazy score! stand_pat=30115
DEBUG: evaluate returned crazy score! stand_pat=30150
DEBUG: evaluate returned crazy score! stand_pat=30155
DEBUG: evaluate returned crazy score! stand_pat=30155
DEBUG: evaluate returned crazy score! stand_pat=30150
DEBUG: evaluate returned crazy score! stand_pat=30155
DEBUG: evaluate returned crazy score! stand_pat=30160
DEBUG: evaluate returned crazy score! stand_pat=30160
DEBUG: evaluate returned crazy score! stand_pat=30150
DEBUG: evaluate returned crazy score! stand_pat=30140
DEBUG: evaluate returned crazy score! stand_pat=30160
DEBUG: evaluate returned crazy score! stand_pat=30110
DEBUG: evaluate returned crazy score! stand_pat=30150
DEBUG: evaluate returned crazy score! stand_pat=30180
DEBUG: evaluate returned crazy score! stand_pat=30180
DEBUG: evaluate returned crazy score! stand_pat=30180
DEBUG: evaluate returned crazy score! stand_pat=30180
DEBUG: evaluate returned crazy score! stand_pat=30205
DEBUG: evaluate returned crazy score! stand_pat=30160
DEBUG: evaluate returned crazy score! stand_pat=30155
DEBUG: evaluate returned crazy score! stand_pat=30145
DEBUG: evaluate returned crazy score! stand_pat=30180
DEBUG: evaluate returned crazy score! stand_pat=30180
DEBUG: evaluate returned crazy score! stand_pat=30180
DEBUG: evaluate returned crazy score! stand_pat=30180
DEBUG: evaluate returned crazy score! stand_pat=30180
DEBUG: evaluate returned crazy score! stand_pat=30180
DEBUG: evaluate returned crazy score! stand_pat=30130
DEBUG: evaluate returned crazy score! stand_pat=30175
DEBUG: evaluate returned crazy score! stand_pat=30140
DEBUG: evaluate returned crazy score! stand_pat=30135
DEBUG: evaluate returned crazy score! stand_pat=30175
DEBUG: evaluate returned crazy score! stand_pat=30165
DEBUG: evaluate returned crazy score! stand_pat=30165
DEBUG: evaluate returned crazy score! stand_pat=30170
DEBUG: evaluate returned crazy score! stand_pat=30185
DEBUG: evaluate returned crazy score! stand_pat=30180
DEBUG: evaluate returned crazy score! stand_pat=30175
DEBUG: evaluate returned crazy score! stand_pat=30180
DEBUG: evaluate returned crazy score! stand_pat=30185
DEBUG: evaluate returned crazy score! stand_pat=30180
DEBUG: evaluate returned crazy score! stand_pat=30175
DEBUG: evaluate returned crazy score! stand_pat=30175
DEBUG: evaluate returned crazy score! stand_pat=30175
DEBUG: evaluate returned crazy score! stand_pat=30175
DEBUG: evaluate returned crazy score! stand_pat=30180
DEBUG: evaluate returned crazy score! stand_pat=30185
DEBUG: evaluate returned crazy score! stand_pat=30185
DEBUG: evaluate returned crazy score! stand_pat=30185
DEBUG: evaluate returned crazy score! stand_pat=30175
DEBUG: evaluate returned crazy score! stand_pat=30165
DEBUG: evaluate returned crazy score! stand_pat=30165
DEBUG: evaluate returned crazy score! stand_pat=30170
DEBUG: evaluate returned crazy score! stand_pat=30185
DEBUG: evaluate returned crazy score! stand_pat=30140
DEBUG: evaluate returned crazy score! stand_pat=30135
DEBUG: evaluate returned crazy score! stand_pat=30175
DEBUG: evaluate returned crazy score! stand_pat=30205
DEBUG: evaluate returned crazy score! stand_pat=30205
DEBUG: evaluate returned crazy score! stand_pat=30205
DEBUG: evaluate returned crazy score! stand_pat=30205
DEBUG: evaluate returned crazy score! stand_pat=30205
DEBUG: evaluate returned crazy score! stand_pat=30205
DEBUG: evaluate returned crazy score! stand_pat=30205
DEBUG: evaluate returned crazy score! stand_pat=30205
DEBUG: evaluate returned crazy score! stand_pat=30205
DEBUG: evaluate returned crazy score! stand_pat=30205
DEBUG: evaluate returned crazy score! stand_pat=30205
DEBUG: evaluate returned crazy score! stand_pat=30205
DEBUG: evaluate returned crazy score! stand_pat=30045
DEBUG: evaluate returned crazy score! stand_pat=30045
DEBUG: evaluate returned crazy score! stand_pat=30225
DEBUG: evaluate returned crazy score! stand_pat=30345
DEBUG: evaluate returned crazy score! stand_pat=30310
DEBUG: evaluate returned crazy score! stand_pat=30355
DEBUG: evaluate returned crazy score! stand_pat=30350
DEBUG: evaluate returned crazy score! stand_pat=30340
DEBUG: evaluate returned crazy score! stand_pat=30350
DEBUG: evaluate returned crazy score! stand_pat=30355
DEBUG: evaluate returned crazy score! stand_pat=30350
DEBUG: evaluate returned crazy score! stand_pat=30345
DEBUG: evaluate returned crazy score! stand_pat=30345
DEBUG: evaluate returned crazy score! stand_pat=30345
DEBUG: evaluate returned crazy score! stand_pat=30345
DEBUG: evaluate returned crazy score! stand_pat=30350
DEBUG: evaluate returned crazy score! stand_pat=30355
DEBUG: evaluate returned crazy score! stand_pat=30355
DEBUG: evaluate returned crazy score! stand_pat=30355
DEBUG: evaluate returned crazy score! stand_pat=30345
DEBUG: evaluate returned crazy score! stand_pat=30355
DEBUG: evaluate returned crazy score! stand_pat=30335
DEBUG: evaluate returned crazy score! stand_pat=30340
DEBUG: evaluate returned crazy score! stand_pat=30355
DEBUG: evaluate returned crazy score! stand_pat=30335
DEBUG: evaluate returned crazy score! stand_pat=30305
DEBUG: evaluate returned crazy score! stand_pat=30345
DEBUG: evaluate returned crazy score! stand_pat=30375
DEBUG: evaluate returned crazy score! stand_pat=30375
DEBUG: evaluate returned crazy score! stand_pat=30335
DEBUG: evaluate returned crazy score! stand_pat=30375
DEBUG: evaluate returned crazy score! stand_pat=30375
DEBUG: evaluate returned crazy score! stand_pat=30345
DEBUG: evaluate returned crazy score! stand_pat=30375
DEBUG: evaluate returned crazy score! stand_pat=30375
DEBUG: evaluate returned crazy score! stand_pat=30375
DEBUG: evaluate returned crazy score! stand_pat=30375
DEBUG: evaluate returned crazy score! stand_pat=30375
DEBUG: evaluate returned crazy score! stand_pat=30375
DEBUG: evaluate returned crazy score! stand_pat=30325
DEBUG: evaluate returned crazy score! stand_pat=30335
DEBUG: evaluate returned crazy score! stand_pat=30090
DEBUG: evaluate returned crazy score! stand_pat=30125
DEBUG: evaluate returned crazy score! stand_pat=30115
DEBUG: evaluate returned crazy score! stand_pat=30115
DEBUG: evaluate returned crazy score! stand_pat=30120
DEBUG: evaluate returned crazy score! stand_pat=30135
DEBUG: evaluate returned crazy score! stand_pat=30130
DEBUG: evaluate returned crazy score! stand_pat=30130
DEBUG: evaluate returned crazy score! stand_pat=30125
DEBUG: evaluate returned crazy score! stand_pat=30125
DEBUG: evaluate returned crazy score! stand_pat=30125
DEBUG: evaluate returned crazy score! stand_pat=30125
DEBUG: evaluate returned crazy score! stand_pat=30130
DEBUG: evaluate returned crazy score! stand_pat=30135
DEBUG: evaluate returned crazy score! stand_pat=30135
DEBUG: evaluate returned crazy score! stand_pat=30135
DEBUG: evaluate returned crazy score! stand_pat=30125
DEBUG: evaluate returned crazy score! stand_pat=30115
DEBUG: evaluate returned crazy score! stand_pat=30115
DEBUG: evaluate returned crazy score! stand_pat=30120
DEBUG: evaluate returned crazy score! stand_pat=30135
DEBUG: evaluate returned crazy score! stand_pat=30135
DEBUG: evaluate returned crazy score! stand_pat=30125
DEBUG: evaluate returned crazy score! stand_pat=30155
DEBUG: evaluate returned crazy score! stand_pat=30155
DEBUG: evaluate returned crazy score! stand_pat=30155
DEBUG: evaluate returned crazy score! stand_pat=30155
DEBUG: evaluate returned crazy score! stand_pat=30155
DEBUG: evaluate returned crazy score! stand_pat=30155
DEBUG: evaluate returned crazy score! stand_pat=30155
DEBUG: evaluate returned crazy score! stand_pat=30155
DEBUG: evaluate returned crazy score! stand_pat=30155
DEBUG: evaluate returned crazy score! stand_pat=30155
DEBUG: evaluate returned crazy score! stand_pat=30140
DEBUG: evaluate returned crazy score! stand_pat=30125
DEBUG: evaluate returned crazy score! stand_pat=30175
DEBUG: evaluate returned crazy score! stand_pat=30125
DEBUG: evaluate returned crazy score! stand_pat=30140
DEBUG: evaluate returned crazy score! stand_pat=30005
DEBUG: evaluate returned crazy score! stand_pat=30230
DEBUG: evaluate returned crazy score! stand_pat=30350
DEBUG: evaluate returned crazy score! stand_pat=30315
DEBUG: evaluate returned crazy score! stand_pat=30345
DEBUG: evaluate returned crazy score! stand_pat=30360
DEBUG: evaluate returned crazy score! stand_pat=30355
DEBUG: evaluate returned crazy score! stand_pat=30340
DEBUG: evaluate returned crazy score! stand_pat=30355
DEBUG: evaluate returned crazy score! stand_pat=30360
DEBUG: evaluate returned crazy score! stand_pat=30355
DEBUG: evaluate returned crazy score! stand_pat=30350
DEBUG: evaluate returned crazy score! stand_pat=30350
DEBUG: evaluate returned crazy score! stand_pat=30350
DEBUG: evaluate returned crazy score! stand_pat=30350
DEBUG: evaluate returned crazy score! stand_pat=30355
DEBUG: evaluate returned crazy score! stand_pat=30360
DEBUG: evaluate returned crazy score! stand_pat=30360
DEBUG: evaluate returned crazy score! stand_pat=30360
DEBUG: evaluate returned crazy score! stand_pat=30340
DEBUG: evaluate returned crazy score! stand_pat=30340
DEBUG: evaluate returned crazy score! stand_pat=30350
DEBUG: evaluate returned crazy score! stand_pat=30310
DEBUG: evaluate returned crazy score! stand_pat=30350
DEBUG: evaluate returned crazy score! stand_pat=30380
DEBUG: evaluate returned crazy score! stand_pat=30380
DEBUG: evaluate returned crazy score! stand_pat=30380
DEBUG: evaluate returned crazy score! stand_pat=30380
DEBUG: evaluate returned crazy score! stand_pat=30380
DEBUG: evaluate returned crazy score! stand_pat=30380
DEBUG: evaluate returned crazy score! stand_pat=30380
DEBUG: evaluate returned crazy score! stand_pat=30380
DEBUG: evaluate returned crazy score! stand_pat=30380
DEBUG: evaluate returned crazy score! stand_pat=30380
DEBUG: evaluate returned crazy score! stand_pat=30380
DEBUG: evaluate returned crazy score! stand_pat=30330
DEBUG: evaluate returned crazy score! stand_pat=30350
DEBUG: evaluate returned crazy score! stand_pat=30115
DEBUG: evaluate returned crazy score! stand_pat=30080
DEBUG: evaluate returned crazy score! stand_pat=30105
DEBUG: evaluate returned crazy score! stand_pat=30105
DEBUG: evaluate returned crazy score! stand_pat=30110
DEBUG: evaluate returned crazy score! stand_pat=30125
DEBUG: evaluate returned crazy score! stand_pat=30120
DEBUG: evaluate returned crazy score! stand_pat=30115
DEBUG: evaluate returned crazy score! stand_pat=30120
DEBUG: evaluate returned crazy score! stand_pat=30125
DEBUG: evaluate returned crazy score! stand_pat=30120
DEBUG: evaluate returned crazy score! stand_pat=30115
DEBUG: evaluate returned crazy score! stand_pat=30115
DEBUG: evaluate returned crazy score! stand_pat=30115
DEBUG: evaluate returned crazy score! stand_pat=30115
DEBUG: evaluate returned crazy score! stand_pat=30120
DEBUG: evaluate returned crazy score! stand_pat=30125
DEBUG: evaluate returned crazy score! stand_pat=30125
DEBUG: evaluate returned crazy score! stand_pat=30125
DEBUG: evaluate returned crazy score! stand_pat=30115
DEBUG: evaluate returned crazy score! stand_pat=30105
DEBUG: evaluate returned crazy score! stand_pat=30105
DEBUG: evaluate returned crazy score! stand_pat=30110
DEBUG: evaluate returned crazy score! stand_pat=30125
DEBUG: evaluate returned crazy score! stand_pat=30125
DEBUG: evaluate returned crazy score! stand_pat=30075
DEBUG: evaluate returned crazy score! stand_pat=30115
DEBUG: evaluate returned crazy score! stand_pat=30145
DEBUG: evaluate returned crazy score! stand_pat=30145
DEBUG: evaluate returned crazy score! stand_pat=30145
DEBUG: evaluate returned crazy score! stand_pat=30145
DEBUG: evaluate returned crazy score! stand_pat=30145
DEBUG: evaluate returned crazy score! stand_pat=30145
DEBUG: evaluate returned crazy score! stand_pat=30145
DEBUG: evaluate returned crazy score! stand_pat=30145
DEBUG: evaluate returned crazy score! stand_pat=30145
DEBUG: evaluate returned crazy score! stand_pat=30145
DEBUG: evaluate returned crazy score! stand_pat=30145
DEBUG: evaluate returned crazy score! stand_pat=30145
DEBUG: evaluate returned crazy score! stand_pat=30140
DEBUG: evaluate returned crazy score! stand_pat=30135
DEBUG: evaluate returned crazy score! stand_pat=30140
DEBUG: evaluate returned crazy score! stand_pat=30130
DEBUG: evaluate returned crazy score! stand_pat=30140
DEBUG: evaluate returned crazy score! stand_pat=30130
DEBUG: evaluate returned crazy score! stand_pat=30135
DEBUG: evaluate returned crazy score! stand_pat=30115
DEBUG: evaluate returned crazy score! stand_pat=30155
DEBUG: evaluate returned crazy score! stand_pat=30160
DEBUG: evaluate returned crazy score! stand_pat=30160
DEBUG: evaluate returned crazy score! stand_pat=30150
DEBUG: evaluate returned crazy score! stand_pat=30140
DEBUG: evaluate returned crazy score! stand_pat=30140
DEBUG: evaluate returned crazy score! stand_pat=30145
DEBUG: evaluate returned crazy score! stand_pat=30160
DEBUG: evaluate returned crazy score! stand_pat=30160
DEBUG: evaluate returned crazy score! stand_pat=30150
DEBUG: evaluate returned crazy score! stand_pat=30180
DEBUG: evaluate returned crazy score! stand_pat=30180
DEBUG: evaluate returned crazy score! stand_pat=30180
DEBUG: evaluate returned crazy score! stand_pat=30180
DEBUG: evaluate returned crazy score! stand_pat=30180
DEBUG: evaluate returned crazy score! stand_pat=30180
DEBUG: evaluate returned crazy score! stand_pat=30205
DEBUG: evaluate returned crazy score! stand_pat=30160
DEBUG: evaluate returned crazy score! stand_pat=30150
DEBUG: evaluate returned crazy score! stand_pat=30145
DEBUG: evaluate returned crazy score! stand_pat=30180
DEBUG: evaluate returned crazy score! stand_pat=30180
DEBUG: evaluate returned crazy score! stand_pat=30180
DEBUG: evaluate returned crazy score! stand_pat=30180
DEBUG: evaluate returned crazy score! stand_pat=30160
DEBUG: evaluate returned crazy score! stand_pat=30150
DEBUG: evaluate returned crazy score! stand_pat=30115
DEBUG: evaluate returned crazy score! stand_pat=30155
DEBUG: evaluate returned crazy score! stand_pat=30155
DEBUG: evaluate returned crazy score! stand_pat=30160
DEBUG: evaluate returned crazy score! stand_pat=30160
DEBUG: evaluate returned crazy score! stand_pat=30160
DEBUG: evaluate returned crazy score! stand_pat=30150
DEBUG: evaluate returned crazy score! stand_pat=30140
DEBUG: evaluate returned crazy score! stand_pat=30140
DEBUG: evaluate returned crazy score! stand_pat=30145
DEBUG: evaluate returned crazy score! stand_pat=30160
DEBUG: evaluate returned crazy score! stand_pat=30160
DEBUG: evaluate returned crazy score! stand_pat=30110
DEBUG: evaluate returned crazy score! stand_pat=30150
DEBUG: evaluate returned crazy score! stand_pat=30180
DEBUG: evaluate returned crazy score! stand_pat=30180
DEBUG: evaluate returned crazy score! stand_pat=30180
DEBUG: evaluate returned crazy score! stand_pat=30180
DEBUG: evaluate returned crazy score! stand_pat=30180
DEBUG: evaluate returned crazy score! stand_pat=30180
DEBUG: evaluate returned crazy score! stand_pat=30205
DEBUG: evaluate returned crazy score! stand_pat=30160
DEBUG: evaluate returned crazy score! stand_pat=30155
DEBUG: evaluate returned crazy score! stand_pat=30150
DEBUG: evaluate returned crazy score! stand_pat=30145
DEBUG: evaluate returned crazy score! stand_pat=30180
DEBUG: evaluate returned crazy score! stand_pat=30180
DEBUG: evaluate returned crazy score! stand_pat=30180
DEBUG: evaluate returned crazy score! stand_pat=30180
DEBUG: evaluate returned crazy score! stand_pat=30130
DEBUG: evaluate returned crazy score! stand_pat=30150
DEBUG: evaluate returned crazy score! stand_pat=30115
DEBUG: evaluate returned crazy score! stand_pat=30155
DEBUG: evaluate returned crazy score! stand_pat=30155
DEBUG: evaluate returned crazy score! stand_pat=30160
DEBUG: evaluate returned crazy score! stand_pat=30160
DEBUG: evaluate returned crazy score! stand_pat=30150
DEBUG: evaluate returned crazy score! stand_pat=30140
DEBUG: evaluate returned crazy score! stand_pat=30140
DEBUG: evaluate returned crazy score! stand_pat=30145
DEBUG: evaluate returned crazy score! stand_pat=30160
DEBUG: evaluate returned crazy score! stand_pat=30145
DEBUG: evaluate returned crazy score! stand_pat=30160
DEBUG: evaluate returned crazy score! stand_pat=30160
DEBUG: evaluate returned crazy score! stand_pat=30110
DEBUG: evaluate returned crazy score! stand_pat=30150
DEBUG: evaluate returned crazy score! stand_pat=30180
DEBUG: evaluate returned crazy score! stand_pat=30180
DEBUG: evaluate returned crazy score! stand_pat=30180
DEBUG: evaluate returned crazy score! stand_pat=30180
DEBUG: evaluate returned crazy score! stand_pat=30180
DEBUG: evaluate returned crazy score! stand_pat=30180
DEBUG: evaluate returned crazy score! stand_pat=30205
DEBUG: evaluate returned crazy score! stand_pat=30160
DEBUG: evaluate returned crazy score! stand_pat=30155
DEBUG: evaluate returned crazy score! stand_pat=30150
DEBUG: evaluate returned crazy score! stand_pat=30145
DEBUG: evaluate returned crazy score! stand_pat=30180
DEBUG: evaluate returned crazy score! stand_pat=30180
DEBUG: evaluate returned crazy score! stand_pat=30180
DEBUG: evaluate returned crazy score! stand_pat=30180
DEBUG: evaluate returned crazy score! stand_pat=30160
DEBUG: evaluate returned crazy score! stand_pat=30150
DEBUG: evaluate returned crazy score! stand_pat=30115
DEBUG: evaluate returned crazy score! stand_pat=30155
DEBUG: evaluate returned crazy score! stand_pat=30160
DEBUG: evaluate returned crazy score! stand_pat=30150
DEBUG: evaluate returned crazy score! stand_pat=30140
DEBUG: evaluate returned crazy score! stand_pat=30140
DEBUG: evaluate returned crazy score! stand_pat=30145
DEBUG: evaluate returned crazy score! stand_pat=30160
DEBUG: evaluate returned crazy score! stand_pat=30145
DEBUG: evaluate returned crazy score! stand_pat=30160
DEBUG: evaluate returned crazy score! stand_pat=30160
DEBUG: evaluate returned crazy score! stand_pat=30110
DEBUG: evaluate returned crazy score! stand_pat=30150
DEBUG: evaluate returned crazy score! stand_pat=30180
DEBUG: evaluate returned crazy score! stand_pat=30180
DEBUG: evaluate returned crazy score! stand_pat=30180
DEBUG: evaluate returned crazy score! stand_pat=30180
DEBUG: evaluate returned crazy score! stand_pat=30180
DEBUG: evaluate returned crazy score! stand_pat=30180
DEBUG: evaluate returned crazy score! stand_pat=30205
DEBUG: evaluate returned crazy score! stand_pat=30160
DEBUG: evaluate returned crazy score! stand_pat=30155
DEBUG: evaluate returned crazy score! stand_pat=30150
DEBUG: evaluate returned crazy score! stand_pat=30145
DEBUG: evaluate returned crazy score! stand_pat=30180
DEBUG: evaluate returned crazy score! stand_pat=30180
DEBUG: evaluate returned crazy score! stand_pat=30180
DEBUG: evaluate returned crazy score! stand_pat=30180
DEBUG: evaluate returned crazy score! stand_pat=30135
DEBUG: evaluate returned crazy score! stand_pat=30150
DEBUG: evaluate returned crazy score! stand_pat=30115
DEBUG: evaluate returned crazy score! stand_pat=30155
DEBUG: evaluate returned crazy score! stand_pat=30155
DEBUG: evaluate returned crazy score! stand_pat=30160
DEBUG: evaluate returned crazy score! stand_pat=30160
DEBUG: evaluate returned crazy score! stand_pat=30150
DEBUG: evaluate returned crazy score! stand_pat=30140
DEBUG: evaluate returned crazy score! stand_pat=30140
DEBUG: evaluate returned crazy score! stand_pat=30145
DEBUG: evaluate returned crazy score! stand_pat=30160
DEBUG: evaluate returned crazy score! stand_pat=30160
DEBUG: evaluate returned crazy score! stand_pat=30110
DEBUG: evaluate returned crazy score! stand_pat=30165
DEBUG: evaluate returned crazy score! stand_pat=30180
DEBUG: evaluate returned crazy score! stand_pat=30180
DEBUG: evaluate returned crazy score! stand_pat=30180
DEBUG: evaluate returned crazy score! stand_pat=30180
DEBUG: evaluate returned crazy score! stand_pat=30180
DEBUG: evaluate returned crazy score! stand_pat=30180
DEBUG: evaluate returned crazy score! stand_pat=30205
DEBUG: evaluate returned crazy score! stand_pat=30160
DEBUG: evaluate returned crazy score! stand_pat=30155
DEBUG: evaluate returned crazy score! stand_pat=30150
DEBUG: evaluate returned crazy score! stand_pat=30145
DEBUG: evaluate returned crazy score! stand_pat=30180
DEBUG: evaluate returned crazy score! stand_pat=30180
DEBUG: evaluate returned crazy score! stand_pat=30180
DEBUG: evaluate returned crazy score! stand_pat=30180
DEBUG: evaluate returned crazy score! stand_pat=30160
DEBUG: evaluate returned crazy score! stand_pat=30150
DEBUG: evaluate returned crazy score! stand_pat=30115
DEBUG: evaluate returned crazy score! stand_pat=30155
DEBUG: evaluate returned crazy score! stand_pat=30155
DEBUG: evaluate returned crazy score! stand_pat=30160
DEBUG: evaluate returned crazy score! stand_pat=30160
DEBUG: evaluate returned crazy score! stand_pat=30150
DEBUG: evaluate returned crazy score! stand_pat=30140
DEBUG: evaluate returned crazy score! stand_pat=30140
DEBUG: evaluate returned crazy score! stand_pat=30145
DEBUG: evaluate returned crazy score! stand_pat=30160
DEBUG: evaluate returned crazy score! stand_pat=30160
DEBUG: evaluate returned crazy score! stand_pat=30110
DEBUG: evaluate returned crazy score! stand_pat=30150
DEBUG: evaluate returned crazy score! stand_pat=30165
DEBUG: evaluate returned crazy score! stand_pat=30165
DEBUG: evaluate returned crazy score! stand_pat=30180
DEBUG: evaluate returned crazy score! stand_pat=30180
DEBUG: evaluate returned crazy score! stand_pat=30180
DEBUG: evaluate returned crazy score! stand_pat=30180
DEBUG: evaluate returned crazy score! stand_pat=30180
DEBUG: evaluate returned crazy score! stand_pat=30180
DEBUG: evaluate returned crazy score! stand_pat=30205
DEBUG: evaluate returned crazy score! stand_pat=30160
DEBUG: evaluate returned crazy score! stand_pat=30155
DEBUG: evaluate returned crazy score! stand_pat=30150
DEBUG: evaluate returned crazy score! stand_pat=30145
DEBUG: evaluate returned crazy score! stand_pat=30180
DEBUG: evaluate returned crazy score! stand_pat=30180
DEBUG: evaluate returned crazy score! stand_pat=30180
DEBUG: evaluate returned crazy score! stand_pat=30180
DEBUG: evaluate returned crazy score! stand_pat=30135
DEBUG: evaluate returned crazy score! stand_pat=30280
DEBUG: evaluate returned crazy score! stand_pat=30245
DEBUG: evaluate returned crazy score! stand_pat=30290
DEBUG: evaluate returned crazy score! stand_pat=30290
DEBUG: evaluate returned crazy score! stand_pat=30280
DEBUG: evaluate returned crazy score! stand_pat=30270
DEBUG: evaluate returned crazy score! stand_pat=30270
DEBUG: evaluate returned crazy score! stand_pat=30275
DEBUG: evaluate returned crazy score! stand_pat=30290
DEBUG: evaluate returned crazy score! stand_pat=30285
DEBUG: evaluate returned crazy score! stand_pat=30240
DEBUG: evaluate returned crazy score! stand_pat=30280
DEBUG: evaluate returned crazy score! stand_pat=30310
DEBUG: evaluate returned crazy score! stand_pat=30290
DEBUG: evaluate returned crazy score! stand_pat=30310
DEBUG: evaluate returned crazy score! stand_pat=30310
DEBUG: evaluate returned crazy score! stand_pat=30335
DEBUG: evaluate returned crazy score! stand_pat=30290
DEBUG: evaluate returned crazy score! stand_pat=30285
DEBUG: evaluate returned crazy score! stand_pat=30280
DEBUG: evaluate returned crazy score! stand_pat=30275
DEBUG: evaluate returned crazy score! stand_pat=30310
DEBUG: evaluate returned crazy score! stand_pat=30310
DEBUG: evaluate returned crazy score! stand_pat=30310
DEBUG: evaluate returned crazy score! stand_pat=30310
DEBUG: evaluate returned crazy score! stand_pat=30310
DEBUG: evaluate returned crazy score! stand_pat=30310
DEBUG: evaluate returned crazy score! stand_pat=30285
DEBUG: evaluate returned crazy score! stand_pat=30310
DEBUG: evaluate returned crazy score! stand_pat=30350
DEBUG: evaluate returned crazy score! stand_pat=30315
DEBUG: evaluate returned crazy score! stand_pat=30360
DEBUG: evaluate returned crazy score! stand_pat=30355
DEBUG: evaluate returned crazy score! stand_pat=30345
DEBUG: evaluate returned crazy score! stand_pat=30355
DEBUG: evaluate returned crazy score! stand_pat=30360
DEBUG: evaluate returned crazy score! stand_pat=30360
DEBUG: evaluate returned crazy score! stand_pat=30350
DEBUG: evaluate returned crazy score! stand_pat=30340
DEBUG: evaluate returned crazy score! stand_pat=30340
DEBUG: evaluate returned crazy score! stand_pat=30345
DEBUG: evaluate returned crazy score! stand_pat=30360
DEBUG: evaluate returned crazy score! stand_pat=30360
DEBUG: evaluate returned crazy score! stand_pat=30310
DEBUG: evaluate returned crazy score! stand_pat=30350
DEBUG: evaluate returned crazy score! stand_pat=30380
DEBUG: evaluate returned crazy score! stand_pat=30380
DEBUG: evaluate returned crazy score! stand_pat=30380
DEBUG: evaluate returned crazy score! stand_pat=30380
DEBUG: evaluate returned crazy score! stand_pat=30405
DEBUG: evaluate returned crazy score! stand_pat=30355
DEBUG: evaluate returned crazy score! stand_pat=30350
DEBUG: evaluate returned crazy score! stand_pat=30345
DEBUG: evaluate returned crazy score! stand_pat=30380
DEBUG: evaluate returned crazy score! stand_pat=30380
DEBUG: evaluate returned crazy score! stand_pat=30380
DEBUG: evaluate returned crazy score! stand_pat=30380
DEBUG: evaluate returned crazy score! stand_pat=30380
DEBUG: evaluate returned crazy score! stand_pat=30380
DEBUG: evaluate returned crazy score! stand_pat=30360
DEBUG: evaluate returned crazy score! stand_pat=30290
DEBUG: evaluate returned crazy score! stand_pat=30255
DEBUG: evaluate returned crazy score! stand_pat=30295
DEBUG: evaluate returned crazy score! stand_pat=30300
DEBUG: evaluate returned crazy score! stand_pat=30300
DEBUG: evaluate returned crazy score! stand_pat=30290
DEBUG: evaluate returned crazy score! stand_pat=30280
DEBUG: evaluate returned crazy score! stand_pat=30280
DEBUG: evaluate returned crazy score! stand_pat=30285
DEBUG: evaluate returned crazy score! stand_pat=30300
DEBUG: evaluate returned crazy score! stand_pat=30295
DEBUG: evaluate returned crazy score! stand_pat=30250
DEBUG: evaluate returned crazy score! stand_pat=30290
DEBUG: evaluate returned crazy score! stand_pat=30300
DEBUG: evaluate returned crazy score! stand_pat=30320
DEBUG: evaluate returned crazy score! stand_pat=30320
DEBUG: evaluate returned crazy score! stand_pat=30320
DEBUG: evaluate returned crazy score! stand_pat=30345
DEBUG: evaluate returned crazy score! stand_pat=30300
DEBUG: evaluate returned crazy score! stand_pat=30295
DEBUG: evaluate returned crazy score! stand_pat=30290
DEBUG: evaluate returned crazy score! stand_pat=30285
DEBUG: evaluate returned crazy score! stand_pat=30320
DEBUG: evaluate returned crazy score! stand_pat=30320
DEBUG: evaluate returned crazy score! stand_pat=30320
DEBUG: evaluate returned crazy score! stand_pat=30320
DEBUG: evaluate returned crazy score! stand_pat=30320
DEBUG: evaluate returned crazy score! stand_pat=30320
DEBUG: evaluate returned crazy score! stand_pat=30320
DEBUG: evaluate returned crazy score! stand_pat=-30155
DEBUG: evaluate returned crazy score! stand_pat=30045
DEBUG: evaluate returned crazy score! stand_pat=30165
DEBUG: evaluate returned crazy score! stand_pat=30495
DEBUG: evaluate returned crazy score! stand_pat=30460
DEBUG: evaluate returned crazy score! stand_pat=30495
DEBUG: evaluate returned crazy score! stand_pat=30485
DEBUG: evaluate returned crazy score! stand_pat=30485
DEBUG: evaluate returned crazy score! stand_pat=30490
DEBUG: evaluate returned crazy score! stand_pat=30505
DEBUG: evaluate returned crazy score! stand_pat=30500
DEBUG: evaluate returned crazy score! stand_pat=30455
DEBUG: evaluate returned crazy score! stand_pat=30495
DEBUG: evaluate returned crazy score! stand_pat=30525
DEBUG: evaluate returned crazy score! stand_pat=30525
DEBUG: evaluate returned crazy score! stand_pat=30505
DEBUG: evaluate returned crazy score! stand_pat=30525
DEBUG: evaluate returned crazy score! stand_pat=30525
DEBUG: evaluate returned crazy score! stand_pat=30525
DEBUG: evaluate returned crazy score! stand_pat=30550
DEBUG: evaluate returned crazy score! stand_pat=30505
DEBUG: evaluate returned crazy score! stand_pat=30500
DEBUG: evaluate returned crazy score! stand_pat=30495
DEBUG: evaluate returned crazy score! stand_pat=30490
DEBUG: evaluate returned crazy score! stand_pat=30525
DEBUG: evaluate returned crazy score! stand_pat=30525
DEBUG: evaluate returned crazy score! stand_pat=30525
DEBUG: evaluate returned crazy score! stand_pat=30525
DEBUG: evaluate returned crazy score! stand_pat=30525
DEBUG: evaluate returned crazy score! stand_pat=30525
DEBUG: evaluate returned crazy score! stand_pat=31010
DEBUG: evaluate returned crazy score! stand_pat=31080
DEBUG: evaluate returned crazy score! stand_pat=31045
DEBUG: evaluate returned crazy score! stand_pat=31090
DEBUG: evaluate returned crazy score! stand_pat=31090
DEBUG: evaluate returned crazy score! stand_pat=31080
DEBUG: evaluate returned crazy score! stand_pat=31070
DEBUG: evaluate returned crazy score! stand_pat=31070
DEBUG: evaluate returned crazy score! stand_pat=31075
DEBUG: evaluate returned crazy score! stand_pat=31085
DEBUG: evaluate returned crazy score! stand_pat=31085
DEBUG: evaluate returned crazy score! stand_pat=31040
DEBUG: evaluate returned crazy score! stand_pat=31080
DEBUG: evaluate returned crazy score! stand_pat=31110
DEBUG: evaluate returned crazy score! stand_pat=31110
DEBUG: evaluate returned crazy score! stand_pat=31090
DEBUG: evaluate returned crazy score! stand_pat=31110
DEBUG: evaluate returned crazy score! stand_pat=31110
DEBUG: evaluate returned crazy score! stand_pat=31110
DEBUG: evaluate returned crazy score! stand_pat=31135
DEBUG: evaluate returned crazy score! stand_pat=31090
DEBUG: evaluate returned crazy score! stand_pat=31085
DEBUG: evaluate returned crazy score! stand_pat=31080
DEBUG: evaluate returned crazy score! stand_pat=31075
DEBUG: evaluate returned crazy score! stand_pat=31110
DEBUG: evaluate returned crazy score! stand_pat=31110
DEBUG: evaluate returned crazy score! stand_pat=31110
DEBUG: evaluate returned crazy score! stand_pat=31110
DEBUG: evaluate returned crazy score! stand_pat=31110
DEBUG: evaluate returned crazy score! stand_pat=31110
DEBUG: evaluate returned crazy score! stand_pat=31110
DEBUG: evaluate returned crazy score! stand_pat=-30050
DEBUG: evaluate returned crazy score! stand_pat=31180
DEBUG: evaluate returned crazy score! stand_pat=31145
DEBUG: evaluate returned crazy score! stand_pat=31185
DEBUG: evaluate returned crazy score! stand_pat=31190
DEBUG: evaluate returned crazy score! stand_pat=31190
DEBUG: evaluate returned crazy score! stand_pat=31180
DEBUG: evaluate returned crazy score! stand_pat=31170
DEBUG: evaluate returned crazy score! stand_pat=31170
DEBUG: evaluate returned crazy score! stand_pat=31175
DEBUG: evaluate returned crazy score! stand_pat=31190
DEBUG: evaluate returned crazy score! stand_pat=31185
DEBUG: evaluate returned crazy score! stand_pat=31140
DEBUG: evaluate returned crazy score! stand_pat=31180
DEBUG: evaluate returned crazy score! stand_pat=31210
DEBUG: evaluate returned crazy score! stand_pat=31210
DEBUG: evaluate returned crazy score! stand_pat=31190
DEBUG: evaluate returned crazy score! stand_pat=31210
DEBUG: evaluate returned crazy score! stand_pat=31210
DEBUG: evaluate returned crazy score! stand_pat=31210
DEBUG: evaluate returned crazy score! stand_pat=31235
DEBUG: evaluate returned crazy score! stand_pat=31190
DEBUG: evaluate returned crazy score! stand_pat=31185
DEBUG: evaluate returned crazy score! stand_pat=31180
DEBUG: evaluate returned crazy score! stand_pat=31175
DEBUG: evaluate returned crazy score! stand_pat=31210
DEBUG: evaluate returned crazy score! stand_pat=31210
DEBUG: evaluate returned crazy score! stand_pat=31210
DEBUG: evaluate returned crazy score! stand_pat=31210
DEBUG: evaluate returned crazy score! stand_pat=31210
DEBUG: evaluate returned crazy score! stand_pat=31210
DEBUG: evaluate returned crazy score! stand_pat=31210
DEBUG: evaluate returned crazy score! stand_pat=30080
DEBUG: child returned INF! depth=1 score=-30000
DEBUG: evaluate returned crazy score! stand_pat=30955
DEBUG: child returned INF! depth=1 score=-30000
DEBUG: evaluate returned crazy score! stand_pat=31300
DEBUG: child returned INF! depth=1 score=-30000
DEBUG: evaluate returned crazy score! stand_pat=31265
DEBUG: child returned INF! depth=1 score=-30000
DEBUG: evaluate returned crazy score! stand_pat=31310
DEBUG: child returned INF! depth=1 score=-30000
DEBUG: evaluate returned crazy score! stand_pat=31310
DEBUG: child returned INF! depth=1 score=-30000
DEBUG: evaluate returned crazy score! stand_pat=31300
DEBUG: child returned INF! depth=1 score=-30000
DEBUG: evaluate returned crazy score! stand_pat=31290
DEBUG: child returned INF! depth=1 score=-30000
DEBUG: evaluate returned crazy score! stand_pat=31290
DEBUG: child returned INF! depth=1 score=-30000
DEBUG: evaluate returned crazy score! stand_pat=31295
DEBUG: child returned INF! depth=1 score=-30000
DEBUG: evaluate returned crazy score! stand_pat=31310
DEBUG: child returned INF! depth=1 score=-30000
DEBUG: evaluate returned crazy score! stand_pat=31305
DEBUG: child returned INF! depth=1 score=-30000
DEBUG: evaluate returned crazy score! stand_pat=31260
DEBUG: child returned INF! depth=1 score=-30000
DEBUG: evaluate returned crazy score! stand_pat=31300
DEBUG: child returned INF! depth=1 score=-30000
DEBUG: evaluate returned crazy score! stand_pat=31330
DEBUG: child returned INF! depth=1 score=-30000
DEBUG: evaluate returned crazy score! stand_pat=31330
DEBUG: child returned INF! depth=1 score=-30000
DEBUG: evaluate returned crazy score! stand_pat=31310
DEBUG: child returned INF! depth=1 score=-30000
DEBUG: evaluate returned crazy score! stand_pat=31330
DEBUG: child returned INF! depth=1 score=-30000
DEBUG: evaluate returned crazy score! stand_pat=31330
DEBUG: child returned INF! depth=1 score=-30000
DEBUG: evaluate returned crazy score! stand_pat=31330
DEBUG: child returned INF! depth=1 score=-30000
DEBUG: evaluate returned crazy score! stand_pat=31355
DEBUG: child returned INF! depth=1 score=-30000
DEBUG: evaluate returned crazy score! stand_pat=31310
DEBUG: child returned INF! depth=1 score=-30000
DEBUG: evaluate returned crazy score! stand_pat=31305
DEBUG: child returned INF! depth=1 score=-30000
DEBUG: evaluate returned crazy score! stand_pat=31300
DEBUG: child returned INF! depth=1 score=-30000
DEBUG: evaluate returned crazy score! stand_pat=31305
DEBUG: child returned INF! depth=1 score=-30000
DEBUG: evaluate returned crazy score! stand_pat=31330
DEBUG: child returned INF! depth=1 score=-30000
DEBUG: evaluate returned crazy score! stand_pat=31330
DEBUG: child returned INF! depth=1 score=-30000
DEBUG: evaluate returned crazy score! stand_pat=31330
DEBUG: child returned INF! depth=1 score=-30000
DEBUG: evaluate returned crazy score! stand_pat=31330
DEBUG: child returned INF! depth=1 score=-30000
DEBUG: evaluate returned crazy score! stand_pat=31330
DEBUG: child returned INF! depth=1 score=-30000
DEBUG: evaluate returned crazy score! stand_pat=31330
DEBUG: child returned INF! depth=1 score=-30000
DEBUG: evaluate returned crazy score! stand_pat=31330
DEBUG: child returned INF! depth=1 score=-30000
DEBUG: negamax returning -INF! depth=1 ply=5 legal_moves=32 alpha=-30000 beta=-29960
DEBUG: child returned INF! depth=3 score=-30000
DEBUG: evaluate returned crazy score! stand_pat=31490
DEBUG: child returned INF! depth=1 score=-30000
DEBUG: evaluate returned crazy score! stand_pat=31485
DEBUG: child returned INF! depth=1 score=-30000
DEBUG: evaluate returned crazy score! stand_pat=31490
DEBUG: child returned INF! depth=1 score=-30000
DEBUG: evaluate returned crazy score! stand_pat=31480
DEBUG: child returned INF! depth=1 score=-30000
DEBUG: evaluate returned crazy score! stand_pat=31470
DEBUG: child returned INF! depth=1 score=-30000
DEBUG: evaluate returned crazy score! stand_pat=31470
DEBUG: child returned INF! depth=1 score=-30000
DEBUG: evaluate returned crazy score! stand_pat=31475
DEBUG: child returned INF! depth=1 score=-30000
DEBUG: evaluate returned crazy score! stand_pat=31490
DEBUG: child returned INF! depth=1 score=-30000
DEBUG: evaluate returned crazy score! stand_pat=31490
DEBUG: child returned INF! depth=1 score=-30000
DEBUG: evaluate returned crazy score! stand_pat=31510
DEBUG: child returned INF! depth=1 score=-30000
DEBUG: evaluate returned crazy score! stand_pat=31510
DEBUG: child returned INF! depth=1 score=-30000
DEBUG: evaluate returned crazy score! stand_pat=31510
DEBUG: child returned INF! depth=1 score=-30000
DEBUG: evaluate returned crazy score! stand_pat=31510
DEBUG: child returned INF! depth=1 score=-30000
DEBUG: evaluate returned crazy score! stand_pat=31510
DEBUG: child returned INF! depth=1 score=-30000
DEBUG: evaluate returned crazy score! stand_pat=31510
DEBUG: child returned INF! depth=1 score=-30000
DEBUG: evaluate returned crazy score! stand_pat=31535
DEBUG: child returned INF! depth=1 score=-30000
DEBUG: evaluate returned crazy score! stand_pat=31490
DEBUG: child returned INF! depth=1 score=-30000
DEBUG: evaluate returned crazy score! stand_pat=31480
DEBUG: child returned INF! depth=1 score=-30000
DEBUG: evaluate returned crazy score! stand_pat=31475
DEBUG: child returned INF! depth=1 score=-30000
DEBUG: evaluate returned crazy score! stand_pat=31510
DEBUG: child returned INF! depth=1 score=-30000
DEBUG: evaluate returned crazy score! stand_pat=31510
DEBUG: child returned INF! depth=1 score=-30000
DEBUG: evaluate returned crazy score! stand_pat=31510
DEBUG: child returned INF! depth=1 score=-30000
DEBUG: evaluate returned crazy score! stand_pat=31510
DEBUG: child returned INF! depth=1 score=-30000
DEBUG: evaluate returned crazy score! stand_pat=31540
DEBUG: child returned INF! depth=1 score=-30000
DEBUG: evaluate returned crazy score! stand_pat=31480
DEBUG: child returned INF! depth=1 score=-30000
DEBUG: evaluate returned crazy score! stand_pat=31530
DEBUG: child returned INF! depth=1 score=-30000
DEBUG: evaluate returned crazy score! stand_pat=31480
DEBUG: child returned INF! depth=1 score=-30000
DEBUG: evaluate returned crazy score! stand_pat=31495
DEBUG: child returned INF! depth=1 score=-30000
DEBUG: negamax returning -INF! depth=1 ply=5 legal_moves=28 alpha=-30000 beta=-28690
DEBUG: child returned INF! depth=3 score=-30000
DEBUG: evaluate returned crazy score! stand_pat=31190
DEBUG: child returned INF! depth=1 score=-30000
DEBUG: evaluate returned crazy score! stand_pat=31450
DEBUG: child returned INF! depth=1 score=-30000
DEBUG: evaluate returned crazy score! stand_pat=31485
DEBUG: child returned INF! depth=1 score=-30000
DEBUG: evaluate returned crazy score! stand_pat=31520
DEBUG: child returned INF! depth=1 score=-30000
DEBUG: evaluate returned crazy score! stand_pat=31510
DEBUG: child returned INF! depth=1 score=-30000
DEBUG: evaluate returned crazy score! stand_pat=31510
DEBUG: child returned INF! depth=1 score=-30000
DEBUG: evaluate returned crazy score! stand_pat=31515
DEBUG: child returned INF! depth=1 score=-30000
DEBUG: evaluate returned crazy score! stand_pat=31530
DEBUG: child returned INF! depth=1 score=-30000
DEBUG: evaluate returned crazy score! stand_pat=31530
DEBUG: child returned INF! depth=1 score=-30000
DEBUG: evaluate returned crazy score! stand_pat=31520
DEBUG: child returned INF! depth=1 score=-30000
DEBUG: evaluate returned crazy score! stand_pat=31550
DEBUG: child returned INF! depth=1 score=-30000
DEBUG: evaluate returned crazy score! stand_pat=31550
DEBUG: child returned INF! depth=1 score=-30000
DEBUG: evaluate returned crazy score! stand_pat=31550
DEBUG: child returned INF! depth=1 score=-30000
DEBUG: evaluate returned crazy score! stand_pat=31550
DEBUG: child returned INF! depth=1 score=-30000
DEBUG: evaluate returned crazy score! stand_pat=31550
DEBUG: child returned INF! depth=1 score=-30000
DEBUG: evaluate returned crazy score! stand_pat=31550
DEBUG: child returned INF! depth=1 score=-30000
DEBUG: evaluate returned crazy score! stand_pat=31575
DEBUG: child returned INF! depth=1 score=-30000
DEBUG: evaluate returned crazy score! stand_pat=31530
DEBUG: child returned INF! depth=1 score=-30000
DEBUG: evaluate returned crazy score! stand_pat=31520
DEBUG: child returned INF! depth=1 score=-30000
DEBUG: evaluate returned crazy score! stand_pat=31515
DEBUG: child returned INF! depth=1 score=-30000
DEBUG: evaluate returned crazy score! stand_pat=31530
DEBUG: child returned INF! depth=1 score=-30000
DEBUG: evaluate returned crazy score! stand_pat=31550
DEBUG: child returned INF! depth=1 score=-30000
DEBUG: evaluate returned crazy score! stand_pat=31550
DEBUG: child returned INF! depth=1 score=-30000
DEBUG: evaluate returned crazy score! stand_pat=31550
DEBUG: child returned INF! depth=1 score=-30000
DEBUG: evaluate returned crazy score! stand_pat=31535
DEBUG: child returned INF! depth=1 score=-30000
DEBUG: evaluate returned crazy score! stand_pat=31540
DEBUG: child returned INF! depth=1 score=-30000
DEBUG: evaluate returned crazy score! stand_pat=31530
DEBUG: child returned INF! depth=1 score=-30000
DEBUG: evaluate returned crazy score! stand_pat=31530
DEBUG: child returned INF! depth=1 score=-30000
DEBUG: evaluate returned crazy score! stand_pat=31530
DEBUG: child returned INF! depth=1 score=-30000
DEBUG: evaluate returned crazy score! stand_pat=31535
DEBUG: child returned INF! depth=1 score=-30000
DEBUG: evaluate returned crazy score! stand_pat=31540
DEBUG: child returned INF! depth=1 score=-30000
DEBUG: evaluate returned crazy score! stand_pat=31530
DEBUG: child returned INF! depth=1 score=-30000
DEBUG: evaluate returned crazy score! stand_pat=31530
DEBUG: child returned INF! depth=1 score=-30000
DEBUG: evaluate returned crazy score! stand_pat=31530
DEBUG: child returned INF! depth=1 score=-30000
DEBUG: evaluate returned crazy score! stand_pat=31530
DEBUG: child returned INF! depth=1 score=-30000
DEBUG: evaluate returned crazy score! stand_pat=31545
DEBUG: child returned INF! depth=1 score=-30000
DEBUG: evaluate returned crazy score! stand_pat=31535
DEBUG: child returned INF! depth=1 score=-30000
DEBUG: evaluate returned crazy score! stand_pat=31545
DEBUG: child returned INF! depth=1 score=-30000
DEBUG: evaluate returned crazy score! stand_pat=31530
DEBUG: child returned INF! depth=1 score=-30000
DEBUG: evaluate returned crazy score! stand_pat=31550
DEBUG: child returned INF! depth=1 score=-30000
DEBUG: negamax returning -INF! depth=1 ply=5 legal_moves=40 alpha=-30000 beta=-28690
DEBUG: child returned INF! depth=3 score=-30000
DEBUG: evaluate returned crazy score! stand_pat=32200
DEBUG: child returned INF! depth=1 score=-30000
DEBUG: evaluate returned crazy score! stand_pat=32285
DEBUG: child returned INF! depth=1 score=-30000
DEBUG: evaluate returned crazy score! stand_pat=32320
DEBUG: child returned INF! depth=1 score=-30000
DEBUG: evaluate returned crazy score! stand_pat=32310
DEBUG: child returned INF! depth=1 score=-30000
DEBUG: evaluate returned crazy score! stand_pat=32310
DEBUG: child returned INF! depth=1 score=-30000
DEBUG: evaluate returned crazy score! stand_pat=32315
DEBUG: child returned INF! depth=1 score=-30000
DEBUG: evaluate returned crazy score! stand_pat=32330
DEBUG: child returned INF! depth=1 score=-30000
DEBUG: evaluate returned crazy score! stand_pat=32280
DEBUG: child returned INF! depth=1 score=-30000
DEBUG: evaluate returned crazy score! stand_pat=32320
DEBUG: child returned INF! depth=1 score=-30000
DEBUG: evaluate returned crazy score! stand_pat=32350
DEBUG: child returned INF! depth=1 score=-30000
DEBUG: evaluate returned crazy score! stand_pat=32350
DEBUG: child returned INF! depth=1 score=-30000
DEBUG: evaluate returned crazy score! stand_pat=32350
DEBUG: child returned INF! depth=1 score=-30000
DEBUG: evaluate returned crazy score! stand_pat=32330
DEBUG: child returned INF! depth=1 score=-30000
DEBUG: evaluate returned crazy score! stand_pat=32350
DEBUG: child returned INF! depth=1 score=-30000
DEBUG: evaluate returned crazy score! stand_pat=32350
DEBUG: child returned INF! depth=1 score=-30000
DEBUG: evaluate returned crazy score! stand_pat=32375
DEBUG: child returned INF! depth=1 score=-30000
DEBUG: evaluate returned crazy score! stand_pat=32330
DEBUG: child returned INF! depth=1 score=-30000
DEBUG: evaluate returned crazy score! stand_pat=32325
DEBUG: child returned INF! depth=1 score=-30000
DEBUG: evaluate returned crazy score! stand_pat=32320
DEBUG: child returned INF! depth=1 score=-30000
DEBUG: evaluate returned crazy score! stand_pat=32315
DEBUG: child returned INF! depth=1 score=-30000
DEBUG: evaluate returned crazy score! stand_pat=32350
DEBUG: child returned INF! depth=1 score=-30000
DEBUG: evaluate returned crazy score! stand_pat=32350
DEBUG: child returned INF! depth=1 score=-30000
DEBUG: evaluate returned crazy score! stand_pat=32350
DEBUG: child returned INF! depth=1 score=-30000
DEBUG: evaluate returned crazy score! stand_pat=32350
DEBUG: child returned INF! depth=1 score=-30000
DEBUG: evaluate returned crazy score! stand_pat=32350
DEBUG: child returned INF! depth=1 score=-30000
DEBUG: evaluate returned crazy score! stand_pat=32300
DEBUG: child returned INF! depth=1 score=-30000
DEBUG: evaluate returned crazy score! stand_pat=32350
DEBUG: child returned INF! depth=1 score=-30000
DEBUG: negamax returning -INF! depth=1 ply=5 legal_moves=27 alpha=-30000 beta=-28690
DEBUG: child returned INF! depth=3 score=-30000
DEBUG: evaluate returned crazy score! stand_pat=31190
DEBUG: child returned INF! depth=1 score=-30000
DEBUG: evaluate returned crazy score! stand_pat=31445
DEBUG: child returned INF! depth=1 score=-30000
DEBUG: evaluate returned crazy score! stand_pat=31435
DEBUG: child returned INF! depth=1 score=-30000
DEBUG: evaluate returned crazy score! stand_pat=31495
DEBUG: child returned INF! depth=1 score=-30000
DEBUG: evaluate returned crazy score! stand_pat=31520
DEBUG: child returned INF! depth=1 score=-30000
DEBUG: evaluate returned crazy score! stand_pat=31520
DEBUG: child returned INF! depth=1 score=-30000
DEBUG: evaluate returned crazy score! stand_pat=31525
DEBUG: child returned INF! depth=1 score=-30000
DEBUG: evaluate returned crazy score! stand_pat=31540
DEBUG: child returned INF! depth=1 score=-30000
DEBUG: evaluate returned crazy score! stand_pat=31530
DEBUG: child returned INF! depth=1 score=-30000
DEBUG: evaluate returned crazy score! stand_pat=31490
DEBUG: child returned INF! depth=1 score=-30000
DEBUG: evaluate returned crazy score! stand_pat=31530
DEBUG: child returned INF! depth=1 score=-30000
DEBUG: evaluate returned crazy score! stand_pat=31560
DEBUG: child returned INF! depth=1 score=-30000
DEBUG: evaluate returned crazy score! stand_pat=31560
DEBUG: child returned INF! depth=1 score=-30000
DEBUG: evaluate returned crazy score! stand_pat=31560
DEBUG: child returned INF! depth=1 score=-30000
DEBUG: evaluate returned crazy score! stand_pat=31560
DEBUG: child returned INF! depth=1 score=-30000
DEBUG: evaluate returned crazy score! stand_pat=31560
DEBUG: child returned INF! depth=1 score=-30000
DEBUG: evaluate returned crazy score! stand_pat=31560
DEBUG: child returned INF! depth=1 score=-30000
DEBUG: evaluate returned crazy score! stand_pat=31585
DEBUG: child returned INF! depth=1 score=-30000
DEBUG: evaluate returned crazy score! stand_pat=31540
DEBUG: child returned INF! depth=1 score=-30000
DEBUG: evaluate returned crazy score! stand_pat=31535
DEBUG: child returned INF! depth=1 score=-30000
DEBUG: evaluate returned crazy score! stand_pat=31540
DEBUG: child returned INF! depth=1 score=-30000
DEBUG: evaluate returned crazy score! stand_pat=31525
DEBUG: child returned INF! depth=1 score=-30000
DEBUG: evaluate returned crazy score! stand_pat=31560
DEBUG: child returned INF! depth=1 score=-30000
DEBUG: evaluate returned crazy score! stand_pat=31560
DEBUG: child returned INF! depth=1 score=-30000
DEBUG: evaluate returned crazy score! stand_pat=31560
DEBUG: child returned INF! depth=1 score=-30000
DEBUG: evaluate returned crazy score! stand_pat=31560
DEBUG: child returned INF! depth=1 score=-30000
DEBUG: evaluate returned crazy score! stand_pat=31560
DEBUG: child returned INF! depth=1 score=-30000
DEBUG: evaluate returned crazy score! stand_pat=31560
DEBUG: child returned INF! depth=1 score=-30000
DEBUG: evaluate returned crazy score! stand_pat=31535
DEBUG: child returned INF! depth=1 score=-30000
DEBUG: evaluate returned crazy score! stand_pat=31530
DEBUG: child returned INF! depth=1 score=-30000
DEBUG: evaluate returned crazy score! stand_pat=31535
DEBUG: child returned INF! depth=1 score=-30000
DEBUG: evaluate returned crazy score! stand_pat=31540
DEBUG: child returned INF! depth=1 score=-30000
DEBUG: evaluate returned crazy score! stand_pat=31535
DEBUG: child returned INF! depth=1 score=-30000
DEBUG: evaluate returned crazy score! stand_pat=31540
DEBUG: child returned INF! depth=1 score=-30000
DEBUG: evaluate returned crazy score! stand_pat=31540
DEBUG: child returned INF! depth=1 score=-30000
DEBUG: evaluate returned crazy score! stand_pat=31545
DEBUG: child returned INF! depth=1 score=-30000
DEBUG: evaluate returned crazy score! stand_pat=31535
DEBUG: child returned INF! depth=1 score=-30000
DEBUG: evaluate returned crazy score! stand_pat=31540
DEBUG: child returned INF! depth=1 score=-30000
DEBUG: evaluate returned crazy score! stand_pat=31545
DEBUG: child returned INF! depth=1 score=-30000
DEBUG: evaluate returned crazy score! stand_pat=31530
DEBUG: child returned INF! depth=1 score=-30000
DEBUG: negamax returning -INF! depth=1 ply=5 legal_moves=40 alpha=-30000 beta=-28690
DEBUG: child returned INF! depth=3 score=-30000
DEBUG: evaluate returned crazy score! stand_pat=31540
DEBUG: child returned INF! depth=1 score=-30000
DEBUG: evaluate returned crazy score! stand_pat=31540
DEBUG: child returned INF! depth=1 score=-30000
DEBUG: evaluate returned crazy score! stand_pat=31490
DEBUG: child returned INF! depth=1 score=-30000
DEBUG: evaluate returned crazy score! stand_pat=31530
DEBUG: child returned INF! depth=1 score=-30000
DEBUG: evaluate returned crazy score! stand_pat=31560
DEBUG: child returned INF! depth=1 score=-30000
DEBUG: evaluate returned crazy score! stand_pat=31560
DEBUG: child returned INF! depth=1 score=-30000
DEBUG: evaluate returned crazy score! stand_pat=31560
DEBUG: child returned INF! depth=1 score=-30000
DEBUG: evaluate returned crazy score! stand_pat=31560
DEBUG: child returned INF! depth=1 score=-30000
DEBUG: evaluate returned crazy score! stand_pat=31560
DEBUG: child returned INF! depth=1 score=-30000
DEBUG: evaluate returned crazy score! stand_pat=31560
DEBUG: child returned INF! depth=1 score=-30000
DEBUG: evaluate returned crazy score! stand_pat=31585
DEBUG: child returned INF! depth=1 score=-30000
DEBUG: evaluate returned crazy score! stand_pat=31540
DEBUG: child returned INF! depth=1 score=-30000
DEBUG: evaluate returned crazy score! stand_pat=31535
DEBUG: child returned INF! depth=1 score=-30000
DEBUG: evaluate returned crazy score! stand_pat=31530
DEBUG: child returned INF! depth=1 score=-30000
DEBUG: evaluate returned crazy score! stand_pat=31525
DEBUG: child returned INF! depth=1 score=-30000
DEBUG: evaluate returned crazy score! stand_pat=31540
DEBUG: child returned INF! depth=1 score=-30000
DEBUG: evaluate returned crazy score! stand_pat=31560
DEBUG: child returned INF! depth=1 score=-30000
DEBUG: evaluate returned crazy score! stand_pat=31560
DEBUG: child returned INF! depth=1 score=-30000
DEBUG: evaluate returned crazy score! stand_pat=31560
DEBUG: child returned INF! depth=1 score=-30000
DEBUG: evaluate returned crazy score! stand_pat=31560
DEBUG: child returned INF! depth=1 score=-30000
DEBUG: evaluate returned crazy score! stand_pat=31560
DEBUG: child returned INF! depth=1 score=-30000
DEBUG: evaluate returned crazy score! stand_pat=31560
DEBUG: child returned INF! depth=1 score=-30000
DEBUG: evaluate returned crazy score! stand_pat=31560
DEBUG: child returned INF! depth=1 score=-30000
DEBUG: evaluate returned crazy score! stand_pat=31560
DEBUG: child returned INF! depth=1 score=-30000
DEBUG: negamax returning -INF! depth=1 ply=5 legal_moves=24 alpha=-30000 beta=-28690
DEBUG: child returned INF! depth=3 score=-30000
DEBUG: evaluate returned crazy score! stand_pat=31530
DEBUG: child returned INF! depth=1 score=-30000
DEBUG: evaluate returned crazy score! stand_pat=31520
DEBUG: child returned INF! depth=1 score=-30000
DEBUG: evaluate returned crazy score! stand_pat=31480
DEBUG: child returned INF! depth=1 score=-30000
DEBUG: evaluate returned crazy score! stand_pat=31520
DEBUG: child returned INF! depth=1 score=-30000
DEBUG: evaluate returned crazy score! stand_pat=31550
DEBUG: child returned INF! depth=1 score=-30000
DEBUG: evaluate returned crazy score! stand_pat=31550
DEBUG: child returned INF! depth=1 score=-30000
DEBUG: evaluate returned crazy score! stand_pat=31550
DEBUG: child returned INF! depth=1 score=-30000
DEBUG: evaluate returned crazy score! stand_pat=31550
DEBUG: child returned INF! depth=1 score=-30000
DEBUG: evaluate returned crazy score! stand_pat=31550
DEBUG: child returned INF! depth=1 score=-30000
DEBUG: evaluate returned crazy score! stand_pat=31550
DEBUG: child returned INF! depth=1 score=-30000
DEBUG: evaluate returned crazy score! stand_pat=31575
DEBUG: child returned INF! depth=1 score=-30000
DEBUG: evaluate returned crazy score! stand_pat=31565
DEBUG: child returned INF! depth=1 score=-30000
DEBUG: evaluate returned crazy score! stand_pat=31530
DEBUG: child returned INF! depth=1 score=-30000
DEBUG: evaluate returned crazy score! stand_pat=31525
DEBUG: child returned INF! depth=1 score=-30000
DEBUG: evaluate returned crazy score! stand_pat=31520
DEBUG: child returned INF! depth=1 score=-30000
DEBUG: evaluate returned crazy score! stand_pat=31515
DEBUG: child returned INF! depth=1 score=-30000
DEBUG: evaluate returned crazy score! stand_pat=31540
DEBUG: child returned INF! depth=1 score=-30000
DEBUG: evaluate returned crazy score! stand_pat=31520
DEBUG: child returned INF! depth=1 score=-30000
DEBUG: evaluate returned crazy score! stand_pat=31520
DEBUG: child returned INF! depth=1 score=-30000
DEBUG: evaluate returned crazy score! stand_pat=31525
DEBUG: child returned INF! depth=1 score=-30000
DEBUG: evaluate returned crazy score! stand_pat=31540
DEBUG: child returned INF! depth=1 score=-30000
DEBUG: evaluate returned crazy score! stand_pat=31520
DEBUG: child returned INF! depth=1 score=-30000
DEBUG: evaluate returned crazy score! stand_pat=31530
DEBUG: child returned INF! depth=1 score=-30000
DEBUG: evaluate returned crazy score! stand_pat=31540
DEBUG: child returned INF! depth=1 score=-30000
DEBUG: evaluate returned crazy score! stand_pat=31550
DEBUG: child returned INF! depth=1 score=-30000
DEBUG: evaluate returned crazy score! stand_pat=31550
DEBUG: child returned INF! depth=1 score=-30000
DEBUG: evaluate returned crazy score! stand_pat=31550
DEBUG: child returned INF! depth=1 score=-30000
DEBUG: evaluate returned crazy score! stand_pat=31550
DEBUG: child returned INF! depth=1 score=-30000
DEBUG: evaluate returned crazy score! stand_pat=31550
DEBUG: child returned INF! depth=1 score=-30000
DEBUG: evaluate returned crazy score! stand_pat=31550
DEBUG: child returned INF! depth=1 score=-30000
DEBUG: negamax returning -INF! depth=1 ply=5 legal_moves=30 alpha=-30000 beta=-28690
DEBUG: child returned INF! depth=3 score=-30000
DEBUG: evaluate returned crazy score! stand_pat=31410
DEBUG: child returned INF! depth=1 score=-30000
DEBUG: evaluate returned crazy score! stand_pat=31630
DEBUG: child returned INF! depth=1 score=-30000
DEBUG: evaluate returned crazy score! stand_pat=31750
DEBUG: child returned INF! depth=1 score=-30000
DEBUG: evaluate returned crazy score! stand_pat=31715
DEBUG: child returned INF! depth=1 score=-30000
DEBUG: evaluate returned crazy score! stand_pat=31760
DEBUG: child returned INF! depth=1 score=-30000
DEBUG: evaluate returned crazy score! stand_pat=31755
DEBUG: child returned INF! depth=1 score=-30000
DEBUG: evaluate returned crazy score! stand_pat=31710
DEBUG: child returned INF! depth=1 score=-30000
DEBUG: evaluate returned crazy score! stand_pat=31750
DEBUG: child returned INF! depth=1 score=-30000
DEBUG: evaluate returned crazy score! stand_pat=31780
DEBUG: child returned INF! depth=1 score=-30000
DEBUG: evaluate returned crazy score! stand_pat=31780
DEBUG: child returned INF! depth=1 score=-30000
DEBUG: evaluate returned crazy score! stand_pat=31780
DEBUG: child returned INF! depth=1 score=-30000
DEBUG: evaluate returned crazy score! stand_pat=31780
DEBUG: child returned INF! depth=1 score=-30000
DEBUG: evaluate returned crazy score! stand_pat=31780
DEBUG: child returned INF! depth=1 score=-30000
DEBUG: evaluate returned crazy score! stand_pat=31760
DEBUG: child returned INF! depth=1 score=-30000
DEBUG: evaluate returned crazy score! stand_pat=31755
DEBUG: child returned INF! depth=1 score=-30000
DEBUG: evaluate returned crazy score! stand_pat=31805
DEBUG: child returned INF! depth=1 score=-30000
DEBUG: evaluate returned crazy score! stand_pat=31795
DEBUG: child returned INF! depth=1 score=-30000
DEBUG: evaluate returned crazy score! stand_pat=31760
DEBUG: child returned INF! depth=1 score=-30000
DEBUG: evaluate returned crazy score! stand_pat=31755
DEBUG: child returned INF! depth=1 score=-30000
DEBUG: evaluate returned crazy score! stand_pat=31750
DEBUG: child returned INF! depth=1 score=-30000
DEBUG: evaluate returned crazy score! stand_pat=31745
DEBUG: child returned INF! depth=1 score=-30000
DEBUG: evaluate returned crazy score! stand_pat=31780
DEBUG: child returned INF! depth=1 score=-30000
DEBUG: evaluate returned crazy score! stand_pat=31780
DEBUG: child returned INF! depth=1 score=-30000
DEBUG: evaluate returned crazy score! stand_pat=31780
DEBUG: child returned INF! depth=1 score=-30000
DEBUG: evaluate returned crazy score! stand_pat=31780
DEBUG: child returned INF! depth=1 score=-30000
DEBUG: evaluate returned crazy score! stand_pat=31780
DEBUG: child returned INF! depth=1 score=-30000
DEBUG: evaluate returned crazy score! stand_pat=31780
DEBUG: child returned INF! depth=1 score=-30000
DEBUG: evaluate returned crazy score! stand_pat=31730
DEBUG: child returned INF! depth=1 score=-30000
DEBUG: evaluate returned crazy score! stand_pat=31780
DEBUG: child returned INF! depth=1 score=-30000
DEBUG: negamax returning -INF! depth=1 ply=5 legal_moves=29 alpha=-30000 beta=-28690
DEBUG: child returned INF! depth=3 score=-30000
DEBUG: evaluate returned crazy score! stand_pat=31430
DEBUG: child returned INF! depth=1 score=-30000
DEBUG: evaluate returned crazy score! stand_pat=31510
DEBUG: child returned INF! depth=1 score=-30000
DEBUG: evaluate returned crazy score! stand_pat=31475
DEBUG: child returned INF! depth=1 score=-30000
DEBUG: evaluate returned crazy score! stand_pat=31515
DEBUG: child returned INF! depth=1 score=-30000
DEBUG: evaluate returned crazy score! stand_pat=31520
DEBUG: child returned INF! depth=1 score=-30000
DEBUG: evaluate returned crazy score! stand_pat=31510
DEBUG: child returned INF! depth=1 score=-30000
DEBUG: evaluate returned crazy score! stand_pat=31520
DEBUG: child returned INF! depth=1 score=-30000
DEBUG: evaluate returned crazy score! stand_pat=31515
DEBUG: child returned INF! depth=1 score=-30000
DEBUG: evaluate returned crazy score! stand_pat=31470
DEBUG: child returned INF! depth=1 score=-30000
DEBUG: evaluate returned crazy score! stand_pat=31510
DEBUG: child returned INF! depth=1 score=-30000
DEBUG: evaluate returned crazy score! stand_pat=31540
DEBUG: child returned INF! depth=1 score=-30000
DEBUG: evaluate returned crazy score! stand_pat=31540
DEBUG: child returned INF! depth=1 score=-30000
DEBUG: evaluate returned crazy score! stand_pat=31540
DEBUG: child returned INF! depth=1 score=-30000
DEBUG: evaluate returned crazy score! stand_pat=31540
DEBUG: child returned INF! depth=1 score=-30000
DEBUG: evaluate returned crazy score! stand_pat=31540
DEBUG: child returned INF! depth=1 score=-30000
DEBUG: evaluate returned crazy score! stand_pat=31565
DEBUG: child returned INF! depth=1 score=-30000
DEBUG: evaluate returned crazy score! stand_pat=31555
DEBUG: child returned INF! depth=1 score=-30000
DEBUG: evaluate returned crazy score! stand_pat=31520
DEBUG: child returned INF! depth=1 score=-30000
DEBUG: evaluate returned crazy score! stand_pat=31515
DEBUG: child returned INF! depth=1 score=-30000
DEBUG: evaluate returned crazy score! stand_pat=31505
DEBUG: child returned INF! depth=1 score=-30000
DEBUG: evaluate returned crazy score! stand_pat=31540
DEBUG: child returned INF! depth=1 score=-30000
DEBUG: evaluate returned crazy score! stand_pat=31540
DEBUG: child returned INF! depth=1 score=-30000
DEBUG: evaluate returned crazy score! stand_pat=31540
DEBUG: child returned INF! depth=1 score=-30000
DEBUG: evaluate returned crazy score! stand_pat=31540
DEBUG: child returned INF! depth=1 score=-30000
DEBUG: evaluate returned crazy score! stand_pat=31540
DEBUG: child returned INF! depth=1 score=-30000
DEBUG: evaluate returned crazy score! stand_pat=31540
DEBUG: child returned INF! depth=1 score=-30000
DEBUG: evaluate returned crazy score! stand_pat=31520
DEBUG: child returned INF! depth=1 score=-30000
DEBUG: evaluate returned crazy score! stand_pat=31520
DEBUG: child returned INF! depth=1 score=-30000
DEBUG: evaluate returned crazy score! stand_pat=31530
DEBUG: child returned INF! depth=1 score=-30000
DEBUG: evaluate returned crazy score! stand_pat=31540
DEBUG: child returned INF! depth=1 score=-30000
DEBUG: evaluate returned crazy score! stand_pat=31525
DEBUG: child returned INF! depth=1 score=-30000
DEBUG: evaluate returned crazy score! stand_pat=31540
DEBUG: child returned INF! depth=1 score=-30000
DEBUG: evaluate returned crazy score! stand_pat=31520
DEBUG: child returned INF! depth=1 score=-30000
DEBUG: evaluate returned crazy score! stand_pat=31520
DEBUG: child returned INF! depth=1 score=-30000
DEBUG: evaluate returned crazy score! stand_pat=31520
DEBUG: child returned INF! depth=1 score=-30000
DEBUG: negamax returning -INF! depth=1 ply=5 legal_moves=35 alpha=-30000 beta=-28690
DEBUG: child returned INF! depth=3 score=-30000
DEBUG: evaluate returned crazy score! stand_pat=31445
DEBUG: child returned INF! depth=1 score=-30000
DEBUG: evaluate returned crazy score! stand_pat=31515
DEBUG: child returned INF! depth=1 score=-30000
DEBUG: evaluate returned crazy score! stand_pat=31480
DEBUG: child returned INF! depth=1 score=-30000
DEBUG: evaluate returned crazy score! stand_pat=31520
DEBUG: child returned INF! depth=1 score=-30000
DEBUG: evaluate returned crazy score! stand_pat=31525
DEBUG: child returned INF! depth=1 score=-30000
DEBUG: evaluate returned crazy score! stand_pat=31515
DEBUG: child returned INF! depth=1 score=-30000
DEBUG: evaluate returned crazy score! stand_pat=31525
DEBUG: child returned INF! depth=1 score=-30000
DEBUG: evaluate returned crazy score! stand_pat=31520
DEBUG: child returned INF! depth=1 score=-30000
DEBUG: evaluate returned crazy score! stand_pat=31475
DEBUG: child returned INF! depth=1 score=-30000
DEBUG: evaluate returned crazy score! stand_pat=31515
DEBUG: child returned INF! depth=1 score=-30000
DEBUG: evaluate returned crazy score! stand_pat=31545
DEBUG: child returned INF! depth=1 score=-30000
DEBUG: evaluate returned crazy score! stand_pat=31545
DEBUG: child returned INF! depth=1 score=-30000
DEBUG: evaluate returned crazy score! stand_pat=31545
DEBUG: child returned INF! depth=1 score=-30000
DEBUG: evaluate returned crazy score! stand_pat=31545
DEBUG: child returned INF! depth=1 score=-30000
DEBUG: evaluate returned crazy score! stand_pat=31545
DEBUG: child returned INF! depth=1 score=-30000
DEBUG: evaluate returned crazy score! stand_pat=31545
DEBUG: child returned INF! depth=1 score=-30000
DEBUG: evaluate returned crazy score! stand_pat=31570
DEBUG: child returned INF! depth=1 score=-30000
DEBUG: evaluate returned crazy score! stand_pat=31525
DEBUG: child returned INF! depth=1 score=-30000
DEBUG: evaluate returned crazy score! stand_pat=31525
DEBUG: child returned INF! depth=1 score=-30000
DEBUG: evaluate returned crazy score! stand_pat=31520
DEBUG: child returned INF! depth=1 score=-30000
DEBUG: evaluate returned crazy score! stand_pat=31515
DEBUG: child returned INF! depth=1 score=-30000
DEBUG: evaluate returned crazy score! stand_pat=31510
DEBUG: child returned INF! depth=1 score=-30000
DEBUG: evaluate returned crazy score! stand_pat=31545
DEBUG: child returned INF! depth=1 score=-30000
DEBUG: evaluate returned crazy score! stand_pat=31545
DEBUG: child returned INF! depth=1 score=-30000
DEBUG: evaluate returned crazy score! stand_pat=31545
DEBUG: child returned INF! depth=1 score=-30000
DEBUG: evaluate returned crazy score! stand_pat=31545
DEBUG: child returned INF! depth=1 score=-30000
DEBUG: evaluate returned crazy score! stand_pat=31545
DEBUG: child returned INF! depth=1 score=-30000
DEBUG: evaluate returned crazy score! stand_pat=31545
DEBUG: child returned INF! depth=1 score=-30000
DEBUG: evaluate returned crazy score! stand_pat=31540
DEBUG: child returned INF! depth=1 score=-30000
DEBUG: evaluate returned crazy score! stand_pat=31520
DEBUG: child returned INF! depth=1 score=-30000
DEBUG: evaluate returned crazy score! stand_pat=31520
DEBUG: child returned INF! depth=1 score=-30000
DEBUG: evaluate returned crazy score! stand_pat=31530
DEBUG: child returned INF! depth=1 score=-30000
DEBUG: evaluate returned crazy score! stand_pat=31540
DEBUG: child returned INF! depth=1 score=-30000
DEBUG: evaluate returned crazy score! stand_pat=31540
DEBUG: child returned INF! depth=1 score=-30000
DEBUG: evaluate returned crazy score! stand_pat=31560
DEBUG: child returned INF! depth=1 score=-30000
DEBUG: negamax returning -INF! depth=1 ply=5 legal_moves=35 alpha=-30000 beta=-28690
DEBUG: child returned INF! depth=3 score=-30000
DEBUG: evaluate returned crazy score! stand_pat=31730
DEBUG: child returned INF! depth=1 score=-30000
DEBUG: evaluate returned crazy score! stand_pat=31695
DEBUG: child returned INF! depth=1 score=-30000
DEBUG: evaluate returned crazy score! stand_pat=31735
DEBUG: child returned INF! depth=1 score=-30000
DEBUG: evaluate returned crazy score! stand_pat=31735
DEBUG: child returned INF! depth=1 score=-30000
DEBUG: evaluate returned crazy score! stand_pat=31740
DEBUG: child returned INF! depth=1 score=-30000
DEBUG: evaluate returned crazy score! stand_pat=31730
DEBUG: child returned INF! depth=1 score=-30000
DEBUG: evaluate returned crazy score! stand_pat=31740
DEBUG: child returned INF! depth=1 score=-30000
DEBUG: evaluate returned crazy score! stand_pat=31740
DEBUG: child returned INF! depth=1 score=-30000
DEBUG: evaluate returned crazy score! stand_pat=31690
DEBUG: child returned INF! depth=1 score=-30000
DEBUG: evaluate returned crazy score! stand_pat=31730
DEBUG: child returned INF! depth=1 score=-30000
DEBUG: evaluate returned crazy score! stand_pat=31760
DEBUG: child returned INF! depth=1 score=-30000
DEBUG: evaluate returned crazy score! stand_pat=31760
DEBUG: child returned INF! depth=1 score=-30000
DEBUG: evaluate returned crazy score! stand_pat=31760
DEBUG: child returned INF! depth=1 score=-30000
DEBUG: evaluate returned crazy score! stand_pat=31760
DEBUG: child returned INF! depth=1 score=-30000
DEBUG: evaluate returned crazy score! stand_pat=31760
DEBUG: child returned INF! depth=1 score=-30000
DEBUG: evaluate returned crazy score! stand_pat=31760
DEBUG: child returned INF! depth=1 score=-30000
DEBUG: evaluate returned crazy score! stand_pat=31785
DEBUG: child returned INF! depth=1 score=-30000
DEBUG: evaluate returned crazy score! stand_pat=31775
DEBUG: child returned INF! depth=1 score=-30000
DEBUG: evaluate returned crazy score! stand_pat=31740
DEBUG: child returned INF! depth=1 score=-30000
DEBUG: evaluate returned crazy score! stand_pat=31735
DEBUG: child returned INF! depth=1 score=-30000
DEBUG: evaluate returned crazy score! stand_pat=31730
DEBUG: child returned INF! depth=1 score=-30000
DEBUG: evaluate returned crazy score! stand_pat=31725
DEBUG: child returned INF! depth=1 score=-30000
DEBUG: evaluate returned crazy score! stand_pat=31760
DEBUG: child returned INF! depth=1 score=-30000
DEBUG: evaluate returned crazy score! stand_pat=31760
DEBUG: child returned INF! depth=1 score=-30000
DEBUG: evaluate returned crazy score! stand_pat=31760
DEBUG: child returned INF! depth=1 score=-30000
DEBUG: evaluate returned crazy score! stand_pat=31760
DEBUG: child returned INF! depth=1 score=-30000
DEBUG: evaluate returned crazy score! stand_pat=31760
DEBUG: child returned INF! depth=1 score=-30000
DEBUG: evaluate returned crazy score! stand_pat=31760
DEBUG: child returned INF! depth=1 score=-30000
DEBUG: evaluate returned crazy score! stand_pat=31710
DEBUG: child returned INF! depth=1 score=-30000
DEBUG: negamax returning -INF! depth=1 ply=5 legal_moves=29 alpha=-30000 beta=-28690
DEBUG: child returned INF! depth=3 score=-30000
DEBUG: evaluate returned crazy score! stand_pat=31495
DEBUG: child returned INF! depth=1 score=-30000
DEBUG: evaluate returned crazy score! stand_pat=31495
DEBUG: child returned INF! depth=1 score=-30000
DEBUG: evaluate returned crazy score! stand_pat=31515
DEBUG: child returned INF! depth=1 score=-30000
DEBUG: evaluate returned crazy score! stand_pat=31515
DEBUG: child returned INF! depth=1 score=-30000
DEBUG: evaluate returned crazy score! stand_pat=31515
DEBUG: child returned INF! depth=1 score=-30000
DEBUG: evaluate returned crazy score! stand_pat=31515
DEBUG: child returned INF! depth=1 score=-30000
DEBUG: evaluate returned crazy score! stand_pat=31515
DEBUG: child returned INF! depth=1 score=-30000
DEBUG: evaluate returned crazy score! stand_pat=31515
DEBUG: child returned INF! depth=1 score=-30000
DEBUG: evaluate returned crazy score! stand_pat=31540
DEBUG: child returned INF! depth=1 score=-30000
DEBUG: evaluate returned crazy score! stand_pat=31495
DEBUG: child returned INF! depth=1 score=-30000
DEBUG: evaluate returned crazy score! stand_pat=31490
DEBUG: child returned INF! depth=1 score=-30000
DEBUG: evaluate returned crazy score! stand_pat=31485
DEBUG: child returned INF! depth=1 score=-30000
DEBUG: evaluate returned crazy score! stand_pat=31480
DEBUG: child returned INF! depth=1 score=-30000
DEBUG: evaluate returned crazy score! stand_pat=31540
DEBUG: child returned INF! depth=1 score=-30000
DEBUG: evaluate returned crazy score! stand_pat=31490
DEBUG: child returned INF! depth=1 score=-30000
DEBUG: evaluate returned crazy score! stand_pat=31495
DEBUG: child returned INF! depth=1 score=-30000
DEBUG: evaluate returned crazy score! stand_pat=31480
DEBUG: child returned INF! depth=1 score=-30000
DEBUG: evaluate returned crazy score! stand_pat=31485
DEBUG: child returned INF! depth=1 score=-30000
DEBUG: evaluate returned crazy score! stand_pat=31515
DEBUG: child returned INF! depth=1 score=-30000
DEBUG: evaluate returned crazy score! stand_pat=31515
DEBUG: child returned INF! depth=1 score=-30000
DEBUG: evaluate returned crazy score! stand_pat=31515
DEBUG: child returned INF! depth=1 score=-30000
DEBUG: evaluate returned crazy score! stand_pat=31515
DEBUG: child returned INF! depth=1 score=-30000
DEBUG: evaluate returned crazy score! stand_pat=31515
DEBUG: child returned INF! depth=1 score=-30000
DEBUG: evaluate returned crazy score! stand_pat=31515
DEBUG: child returned INF! depth=1 score=-30000
DEBUG: negamax returning -INF! depth=1 ply=5 legal_moves=24 alpha=-30000 beta=-28690
DEBUG: child returned INF! depth=3 score=-30000
DEBUG: evaluate returned crazy score! stand_pat=31455
DEBUG: child returned INF! depth=1 score=-30000
DEBUG: evaluate returned crazy score! stand_pat=31535
DEBUG: child returned INF! depth=1 score=-30000
DEBUG: evaluate returned crazy score! stand_pat=31485
DEBUG: child returned INF! depth=1 score=-30000
DEBUG: evaluate returned crazy score! stand_pat=31525
DEBUG: child returned INF! depth=1 score=-30000
DEBUG: evaluate returned crazy score! stand_pat=31555
DEBUG: child returned INF! depth=1 score=-30000
DEBUG: evaluate returned crazy score! stand_pat=31555
DEBUG: child returned INF! depth=1 score=-30000
DEBUG: evaluate returned crazy score! stand_pat=31555
DEBUG: child returned INF! depth=1 score=-30000
DEBUG: evaluate returned crazy score! stand_pat=31555
DEBUG: child returned INF! depth=1 score=-30000
DEBUG: evaluate returned crazy score! stand_pat=31555
DEBUG: child returned INF! depth=1 score=-30000
DEBUG: evaluate returned crazy score! stand_pat=31555
DEBUG: child returned INF! depth=1 score=-30000
DEBUG: evaluate returned crazy score! stand_pat=31580
DEBUG: child returned INF! depth=1 score=-30000
DEBUG: evaluate returned crazy score! stand_pat=31535
DEBUG: child returned INF! depth=1 score=-30000
DEBUG: evaluate returned crazy score! stand_pat=31530
DEBUG: child returned INF! depth=1 score=-30000
DEBUG: evaluate returned crazy score! stand_pat=31525
DEBUG: child returned INF! depth=1 score=-30000
DEBUG: evaluate returned crazy score! stand_pat=31520
DEBUG: child returned INF! depth=1 score=-30000
DEBUG: evaluate returned crazy score! stand_pat=31540
DEBUG: child returned INF! depth=1 score=-30000
DEBUG: evaluate returned crazy score! stand_pat=31530
DEBUG: child returned INF! depth=1 score=-30000
DEBUG: evaluate returned crazy score! stand_pat=31530
DEBUG: child returned INF! depth=1 score=-30000
DEBUG: evaluate returned crazy score! stand_pat=31535
DEBUG: child returned INF! depth=1 score=-30000
DEBUG: evaluate returned crazy score! stand_pat=31545
DEBUG: child returned INF! depth=1 score=-30000
DEBUG: evaluate returned crazy score! stand_pat=31530
DEBUG: child returned INF! depth=1 score=-30000
DEBUG: evaluate returned crazy score! stand_pat=31535
DEBUG: child returned INF! depth=1 score=-30000
DEBUG: evaluate returned crazy score! stand_pat=31540
DEBUG: child returned INF! depth=1 score=-30000
DEBUG: evaluate returned crazy score! stand_pat=31530
DEBUG: child returned INF! depth=1 score=-30000
DEBUG: evaluate returned crazy score! stand_pat=31530
DEBUG: child returned INF! depth=1 score=-30000
DEBUG: evaluate returned crazy score! stand_pat=31530
DEBUG: child returned INF! depth=1 score=-30000
DEBUG: evaluate returned crazy score! stand_pat=31530
DEBUG: child returned INF! depth=1 score=-30000
DEBUG: evaluate returned crazy score! stand_pat=31535
DEBUG: child returned INF! depth=1 score=-30000
DEBUG: evaluate returned crazy score! stand_pat=31555
DEBUG: child returned INF! depth=1 score=-30000
DEBUG: evaluate returned crazy score! stand_pat=31555
DEBUG: child returned INF! depth=1 score=-30000
DEBUG: evaluate returned crazy score! stand_pat=31555
DEBUG: child returned INF! depth=1 score=-30000
DEBUG: evaluate returned crazy score! stand_pat=31555
DEBUG: child returned INF! depth=1 score=-30000
DEBUG: evaluate returned crazy score! stand_pat=31555
DEBUG: child returned INF! depth=1 score=-30000
DEBUG: evaluate returned crazy score! stand_pat=31555
DEBUG: child returned INF! depth=1 score=-30000
DEBUG: negamax returning -INF! depth=1 ply=5 legal_moves=34 alpha=-30000 beta=-28690
DEBUG: child returned INF! depth=3 score=-30000
DEBUG: evaluate returned crazy score! stand_pat=31400
DEBUG: child returned INF! depth=1 score=-30000
DEBUG: evaluate returned crazy score! stand_pat=31570
DEBUG: child returned INF! depth=1 score=-30000
DEBUG: evaluate returned crazy score! stand_pat=31690
DEBUG: child returned INF! depth=1 score=-30000
DEBUG: evaluate returned crazy score! stand_pat=31695
DEBUG: child returned INF! depth=1 score=-30000
DEBUG: evaluate returned crazy score! stand_pat=31700
DEBUG: child returned INF! depth=1 score=-30000
DEBUG: evaluate returned crazy score! stand_pat=31700
DEBUG: child returned INF! depth=1 score=-30000
DEBUG: evaluate returned crazy score! stand_pat=31690
DEBUG: child returned INF! depth=1 score=-30000
DEBUG: evaluate returned crazy score! stand_pat=31680
DEBUG: child returned INF! depth=1 score=-30000
DEBUG: evaluate returned crazy score! stand_pat=31680
DEBUG: child returned INF! depth=1 score=-30000
DEBUG: evaluate returned crazy score! stand_pat=31685
DEBUG: child returned INF! depth=1 score=-30000
DEBUG: evaluate returned crazy score! stand_pat=31700
DEBUG: child returned INF! depth=1 score=-30000
DEBUG: evaluate returned crazy score! stand_pat=31700
DEBUG: child returned INF! depth=1 score=-30000
DEBUG: evaluate returned crazy score! stand_pat=31720
DEBUG: child returned INF! depth=1 score=-30000
DEBUG: evaluate returned crazy score! stand_pat=31720
DEBUG: child returned INF! depth=1 score=-30000
DEBUG: evaluate returned crazy score! stand_pat=31720
DEBUG: child returned INF! depth=1 score=-30000
DEBUG: evaluate returned crazy score! stand_pat=31700
DEBUG: child returned INF! depth=1 score=-30000
DEBUG: evaluate returned crazy score! stand_pat=31720
DEBUG: child returned INF! depth=1 score=-30000
DEBUG: evaluate returned crazy score! stand_pat=31720
DEBUG: child returned INF! depth=1 score=-30000
DEBUG: evaluate returned crazy score! stand_pat=31745
DEBUG: child returned INF! depth=1 score=-30000
DEBUG: evaluate returned crazy score! stand_pat=31700
DEBUG: child returned INF! depth=1 score=-30000
DEBUG: evaluate returned crazy score! stand_pat=31695
DEBUG: child returned INF! depth=1 score=-30000
DEBUG: evaluate returned crazy score! stand_pat=31690
DEBUG: child returned INF! depth=1 score=-30000
DEBUG: evaluate returned crazy score! stand_pat=31685
DEBUG: child returned INF! depth=1 score=-30000
DEBUG: evaluate returned crazy score! stand_pat=31720
DEBUG: child returned INF! depth=1 score=-30000
DEBUG: evaluate returned crazy score! stand_pat=31720
DEBUG: child returned INF! depth=1 score=-30000
DEBUG: evaluate returned crazy score! stand_pat=31720
DEBUG: child returned INF! depth=1 score=-30000
DEBUG: evaluate returned crazy score! stand_pat=31720
DEBUG: child returned INF! depth=1 score=-30000
DEBUG: evaluate returned crazy score! stand_pat=31695
DEBUG: child returned INF! depth=1 score=-30000
DEBUG: evaluate returned crazy score! stand_pat=31670
DEBUG: child returned INF! depth=1 score=-30000
DEBUG: evaluate returned crazy score! stand_pat=31720
DEBUG: child returned INF! depth=1 score=-30000
DEBUG: negamax returning -INF! depth=1 ply=5 legal_moves=30 alpha=-30000 beta=-28690
DEBUG: child returned INF! depth=3 score=-30000
DEBUG: evaluate returned crazy score! stand_pat=31550
DEBUG: child returned INF! depth=1 score=-30000
DEBUG: evaluate returned crazy score! stand_pat=31515
DEBUG: child returned INF! depth=1 score=-30000
DEBUG: evaluate returned crazy score! stand_pat=31555
DEBUG: child returned INF! depth=1 score=-30000
DEBUG: evaluate returned crazy score! stand_pat=31565
DEBUG: child returned INF! depth=1 score=-30000
DEBUG: evaluate returned crazy score! stand_pat=31555
DEBUG: child returned INF! depth=1 score=-30000
DEBUG: evaluate returned crazy score! stand_pat=31560
DEBUG: child returned INF! depth=1 score=-30000
DEBUG: evaluate returned crazy score! stand_pat=31560
DEBUG: child returned INF! depth=1 score=-30000
DEBUG: evaluate returned crazy score! stand_pat=31550
DEBUG: child returned INF! depth=1 score=-30000
DEBUG: evaluate returned crazy score! stand_pat=31540
DEBUG: child returned INF! depth=1 score=-30000
DEBUG: evaluate returned crazy score! stand_pat=31540
DEBUG: child returned INF! depth=1 score=-30000
DEBUG: evaluate returned crazy score! stand_pat=31545
DEBUG: child returned INF! depth=1 score=-30000
DEBUG: evaluate returned crazy score! stand_pat=31560
DEBUG: child returned INF! depth=1 score=-30000
DEBUG: evaluate returned crazy score! stand_pat=31560
DEBUG: child returned INF! depth=1 score=-30000
DEBUG: evaluate returned crazy score! stand_pat=31510
DEBUG: child returned INF! depth=1 score=-30000
DEBUG: evaluate returned crazy score! stand_pat=31550
DEBUG: child returned INF! depth=1 score=-30000
DEBUG: evaluate returned crazy score! stand_pat=31580
DEBUG: child returned INF! depth=1 score=-30000
DEBUG: evaluate returned crazy score! stand_pat=31580
DEBUG: child returned INF! depth=1 score=-30000
DEBUG: evaluate returned crazy score! stand_pat=31580
DEBUG: child returned INF! depth=1 score=-30000
DEBUG: evaluate returned crazy score! stand_pat=31580
DEBUG: child returned INF! depth=1 score=-30000
DEBUG: evaluate returned crazy score! stand_pat=31605
DEBUG: child returned INF! depth=1 score=-30000
DEBUG: evaluate returned crazy score! stand_pat=31560
DEBUG: child returned INF! depth=1 score=-30000
DEBUG: evaluate returned crazy score! stand_pat=31555
DEBUG: child returned INF! depth=1 score=-30000
DEBUG: evaluate returned crazy score! stand_pat=31550
DEBUG: child returned INF! depth=1 score=-30000
DEBUG: evaluate returned crazy score! stand_pat=31545
DEBUG: child returned INF! depth=1 score=-30000
DEBUG: evaluate returned crazy score! stand_pat=31580
DEBUG: child returned INF! depth=1 score=-30000
DEBUG: evaluate returned crazy score! stand_pat=31580
DEBUG: child returned INF! depth=1 score=-30000
DEBUG: evaluate returned crazy score! stand_pat=31580
DEBUG: child returned INF! depth=1 score=-30000
DEBUG: evaluate returned crazy score! stand_pat=31580
DEBUG: child returned INF! depth=1 score=-30000
DEBUG: evaluate returned crazy score! stand_pat=31580
DEBUG: child returned INF! depth=1 score=-30000
DEBUG: evaluate returned crazy score! stand_pat=31580
DEBUG: child returned INF! depth=1 score=-30000
DEBUG: evaluate returned crazy score! stand_pat=31560
DEBUG: child returned INF! depth=1 score=-30000
DEBUG: negamax returning -INF! depth=1 ply=5 legal_moves=31 alpha=-30000 beta=-28690
DEBUG: child returned INF! depth=3 score=-30000
DEBUG: evaluate returned crazy score! stand_pat=31550
DEBUG: child returned INF! depth=1 score=-30000
DEBUG: evaluate returned crazy score! stand_pat=31515
DEBUG: child returned INF! depth=1 score=-30000
DEBUG: evaluate returned crazy score! stand_pat=31565
DEBUG: child returned INF! depth=1 score=-30000
DEBUG: evaluate returned crazy score! stand_pat=31555
DEBUG: child returned INF! depth=1 score=-30000
DEBUG: evaluate returned crazy score! stand_pat=31565
DEBUG: child returned INF! depth=1 score=-30000
DEBUG: evaluate returned crazy score! stand_pat=31555
DEBUG: child returned INF! depth=1 score=-30000
DEBUG: evaluate returned crazy score! stand_pat=31560
DEBUG: child returned INF! depth=1 score=-30000
DEBUG: evaluate returned crazy score! stand_pat=31560
DEBUG: child returned INF! depth=1 score=-30000
DEBUG: evaluate returned crazy score! stand_pat=31550
DEBUG: child returned INF! depth=1 score=-30000
DEBUG: evaluate returned crazy score! stand_pat=31540
DEBUG: child returned INF! depth=1 score=-30000
DEBUG: evaluate returned crazy score! stand_pat=31540
DEBUG: child returned INF! depth=1 score=-30000
DEBUG: evaluate returned crazy score! stand_pat=31545
DEBUG: child returned INF! depth=1 score=-30000
DEBUG: evaluate returned crazy score! stand_pat=31560
DEBUG: child returned INF! depth=1 score=-30000
DEBUG: evaluate returned crazy score! stand_pat=31560
DEBUG: child returned INF! depth=1 score=-30000
DEBUG: evaluate returned crazy score! stand_pat=31510
DEBUG: child returned INF! depth=1 score=-30000
DEBUG: evaluate returned crazy score! stand_pat=31550
DEBUG: child returned INF! depth=1 score=-30000
DEBUG: evaluate returned crazy score! stand_pat=31580
DEBUG: child returned INF! depth=1 score=-30000
DEBUG: evaluate returned crazy score! stand_pat=31580
DEBUG: child returned INF! depth=1 score=-30000
DEBUG: evaluate returned crazy score! stand_pat=31580
DEBUG: child returned INF! depth=1 score=-30000
DEBUG: evaluate returned crazy score! stand_pat=31580
DEBUG: child returned INF! depth=1 score=-30000
DEBUG: evaluate returned crazy score! stand_pat=31605
DEBUG: child returned INF! depth=1 score=-30000
DEBUG: evaluate returned crazy score! stand_pat=31560
DEBUG: child returned INF! depth=1 score=-30000
DEBUG: evaluate returned crazy score! stand_pat=31555
DEBUG: child returned INF! depth=1 score=-30000
DEBUG: evaluate returned crazy score! stand_pat=31550
DEBUG: child returned INF! depth=1 score=-30000
DEBUG: evaluate returned crazy score! stand_pat=31545
DEBUG: child returned INF! depth=1 score=-30000
DEBUG: evaluate returned crazy score! stand_pat=31580
DEBUG: child returned INF! depth=1 score=-30000
DEBUG: evaluate returned crazy score! stand_pat=31580
DEBUG: child returned INF! depth=1 score=-30000
DEBUG: evaluate returned crazy score! stand_pat=31580
DEBUG: child returned INF! depth=1 score=-30000
DEBUG: evaluate returned crazy score! stand_pat=31580
DEBUG: child returned INF! depth=1 score=-30000
DEBUG: evaluate returned crazy score! stand_pat=31580
DEBUG: child returned INF! depth=1 score=-30000
DEBUG: evaluate returned crazy score! stand_pat=31580
DEBUG: child returned INF! depth=1 score=-30000
DEBUG: evaluate returned crazy score! stand_pat=31535
DEBUG: child returned INF! depth=1 score=-30000
DEBUG: negamax returning -INF! depth=1 ply=5 legal_moves=32 alpha=-30000 beta=-28690
DEBUG: child returned INF! depth=3 score=-30000
DEBUG: evaluate returned crazy score! stand_pat=31530
DEBUG: child returned INF! depth=1 score=-30000
DEBUG: evaluate returned crazy score! stand_pat=31495
DEBUG: child returned INF! depth=1 score=-30000
DEBUG: evaluate returned crazy score! stand_pat=31535
DEBUG: child returned INF! depth=1 score=-30000
DEBUG: evaluate returned crazy score! stand_pat=31535
DEBUG: child returned INF! depth=1 score=-30000
DEBUG: evaluate returned crazy score! stand_pat=31540
DEBUG: child returned INF! depth=1 score=-30000
DEBUG: evaluate returned crazy score! stand_pat=31540
DEBUG: child returned INF! depth=1 score=-30000
DEBUG: evaluate returned crazy score! stand_pat=31530
DEBUG: child returned INF! depth=1 score=-30000
DEBUG: evaluate returned crazy score! stand_pat=31520
DEBUG: child returned INF! depth=1 score=-30000
DEBUG: evaluate returned crazy score! stand_pat=31520
DEBUG: child returned INF! depth=1 score=-30000
DEBUG: evaluate returned crazy score! stand_pat=31525
DEBUG: child returned INF! depth=1 score=-30000
DEBUG: evaluate returned crazy score! stand_pat=31540
DEBUG: child returned INF! depth=1 score=-30000
DEBUG: evaluate returned crazy score! stand_pat=31540
DEBUG: child returned INF! depth=1 score=-30000
DEBUG: evaluate returned crazy score! stand_pat=31490
DEBUG: child returned INF! depth=1 score=-30000
DEBUG: evaluate returned crazy score! stand_pat=31530
DEBUG: child returned INF! depth=1 score=-30000
DEBUG: evaluate returned crazy score! stand_pat=31560
DEBUG: child returned INF! depth=1 score=-30000
DEBUG: evaluate returned crazy score! stand_pat=31560
DEBUG: child returned INF! depth=1 score=-30000
DEBUG: evaluate returned crazy score! stand_pat=31560
DEBUG: child returned INF! depth=1 score=-30000
DEBUG: evaluate returned crazy score! stand_pat=31560
DEBUG: child returned INF! depth=1 score=-30000
DEBUG: evaluate returned crazy score! stand_pat=31560
DEBUG: child returned INF! depth=1 score=-30000
DEBUG: evaluate returned crazy score! stand_pat=31560
DEBUG: child returned INF! depth=1 score=-30000
DEBUG: evaluate returned crazy score! stand_pat=31540
DEBUG: child returned INF! depth=1 score=-30000
DEBUG: evaluate returned crazy score! stand_pat=31535
DEBUG: child returned INF! depth=1 score=-30000
DEBUG: evaluate returned crazy score! stand_pat=31530
DEBUG: child returned INF! depth=1 score=-30000
DEBUG: evaluate returned crazy score! stand_pat=31525
DEBUG: child returned INF! depth=1 score=-30000
DEBUG: evaluate returned crazy score! stand_pat=31560
DEBUG: child returned INF! depth=1 score=-30000
DEBUG: evaluate returned crazy score! stand_pat=31560
DEBUG: child returned INF! depth=1 score=-30000
DEBUG: evaluate returned crazy score! stand_pat=31560
DEBUG: child returned INF! depth=1 score=-30000
DEBUG: evaluate returned crazy score! stand_pat=31560
DEBUG: child returned INF! depth=1 score=-30000
DEBUG: evaluate returned crazy score! stand_pat=31560
DEBUG: child returned INF! depth=1 score=-30000
DEBUG: evaluate returned crazy score! stand_pat=31560
DEBUG: child returned INF! depth=1 score=-30000
DEBUG: negamax returning -INF! depth=1 ply=5 legal_moves=30 alpha=-30000 beta=-28690
DEBUG: child returned INF! depth=3 score=-30000
DEBUG: evaluate returned crazy score! stand_pat=31550
DEBUG: child returned INF! depth=1 score=-30000
DEBUG: evaluate returned crazy score! stand_pat=31515
DEBUG: child returned INF! depth=1 score=-30000
DEBUG: evaluate returned crazy score! stand_pat=31560
DEBUG: child returned INF! depth=1 score=-30000
DEBUG: evaluate returned crazy score! stand_pat=31555
DEBUG: child returned INF! depth=1 score=-30000
DEBUG: evaluate returned crazy score! stand_pat=31545
DEBUG: child returned INF! depth=1 score=-30000
DEBUG: evaluate returned crazy score! stand_pat=31555
DEBUG: child returned INF! depth=1 score=-30000
DEBUG: evaluate returned crazy score! stand_pat=31560
DEBUG: child returned INF! depth=1 score=-30000
DEBUG: evaluate returned crazy score! stand_pat=31560
DEBUG: child returned INF! depth=1 score=-30000
DEBUG: evaluate returned crazy score! stand_pat=31550
DEBUG: child returned INF! depth=1 score=-30000
DEBUG: evaluate returned crazy score! stand_pat=31540
DEBUG: child returned INF! depth=1 score=-30000
DEBUG: evaluate returned crazy score! stand_pat=31540
DEBUG: child returned INF! depth=1 score=-30000
DEBUG: evaluate returned crazy score! stand_pat=31545
DEBUG: child returned INF! depth=1 score=-30000
DEBUG: evaluate returned crazy score! stand_pat=31560
DEBUG: child returned INF! depth=1 score=-30000
DEBUG: evaluate returned crazy score! stand_pat=31560
DEBUG: child returned INF! depth=1 score=-30000
DEBUG: evaluate returned crazy score! stand_pat=31510
DEBUG: child returned INF! depth=1 score=-30000
DEBUG: evaluate returned crazy score! stand_pat=31550
DEBUG: child returned INF! depth=1 score=-30000
DEBUG: evaluate returned crazy score! stand_pat=31580
DEBUG: child returned INF! depth=1 score=-30000
DEBUG: evaluate returned crazy score! stand_pat=31580
DEBUG: child returned INF! depth=1 score=-30000
DEBUG: evaluate returned crazy score! stand_pat=31580
DEBUG: child returned INF! depth=1 score=-30000
DEBUG: evaluate returned crazy score! stand_pat=31580
DEBUG: child returned INF! depth=1 score=-30000
DEBUG: evaluate returned crazy score! stand_pat=31605
DEBUG: child returned INF! depth=1 score=-30000
DEBUG: evaluate returned crazy score! stand_pat=31560
DEBUG: child returned INF! depth=1 score=-30000
DEBUG: evaluate returned crazy score! stand_pat=31555
DEBUG: child returned INF! depth=1 score=-30000
DEBUG: evaluate returned crazy score! stand_pat=31550
DEBUG: child returned INF! depth=1 score=-30000
DEBUG: evaluate returned crazy score! stand_pat=31545
DEBUG: child returned INF! depth=1 score=-30000
DEBUG: evaluate returned crazy score! stand_pat=31580
DEBUG: child returned INF! depth=1 score=-30000
DEBUG: evaluate returned crazy score! stand_pat=31580
DEBUG: child returned INF! depth=1 score=-30000
DEBUG: evaluate returned crazy score! stand_pat=31580
DEBUG: child returned INF! depth=1 score=-30000
DEBUG: evaluate returned crazy score! stand_pat=31580
DEBUG: child returned INF! depth=1 score=-30000
DEBUG: evaluate returned crazy score! stand_pat=31580
DEBUG: child returned INF! depth=1 score=-30000
DEBUG: evaluate returned crazy score! stand_pat=31580
DEBUG: child returned INF! depth=1 score=-30000
DEBUG: evaluate returned crazy score! stand_pat=31535
DEBUG: child returned INF! depth=1 score=-30000
DEBUG: negamax returning -INF! depth=1 ply=5 legal_moves=32 alpha=-30000 beta=-28690
DEBUG: child returned INF! depth=3 score=-30000
DEBUG: evaluate returned crazy score! stand_pat=31550
DEBUG: child returned INF! depth=1 score=-30000
DEBUG: evaluate returned crazy score! stand_pat=31515
DEBUG: child returned INF! depth=1 score=-30000
DEBUG: evaluate returned crazy score! stand_pat=31550
DEBUG: child returned INF! depth=1 score=-30000
DEBUG: evaluate returned crazy score! stand_pat=31555
DEBUG: child returned INF! depth=1 score=-30000
DEBUG: evaluate returned crazy score! stand_pat=31555
DEBUG: child returned INF! depth=1 score=-30000
DEBUG: evaluate returned crazy score! stand_pat=31550
DEBUG: child returned INF! depth=1 score=-30000
DEBUG: evaluate returned crazy score! stand_pat=31555
DEBUG: child returned INF! depth=1 score=-30000
DEBUG: evaluate returned crazy score! stand_pat=31560
DEBUG: child returned INF! depth=1 score=-30000
DEBUG: evaluate returned crazy score! stand_pat=31560
DEBUG: child returned INF! depth=1 score=-30000
DEBUG: evaluate returned crazy score! stand_pat=31550
DEBUG: child returned INF! depth=1 score=-30000
DEBUG: evaluate returned crazy score! stand_pat=31540
DEBUG: child returned INF! depth=1 score=-30000
DEBUG: evaluate returned crazy score! stand_pat=31540
DEBUG: child returned INF! depth=1 score=-30000
DEBUG: evaluate returned crazy score! stand_pat=31545
DEBUG: child returned INF! depth=1 score=-30000
DEBUG: evaluate returned crazy score! stand_pat=31560
DEBUG: child returned INF! depth=1 score=-30000
DEBUG: evaluate returned crazy score! stand_pat=31560
DEBUG: child returned INF! depth=1 score=-30000
DEBUG: evaluate returned crazy score! stand_pat=31510
DEBUG: child returned INF! depth=1 score=-30000
DEBUG: evaluate returned crazy score! stand_pat=31550
DEBUG: child returned INF! depth=1 score=-30000
DEBUG: evaluate returned crazy score! stand_pat=31580
DEBUG: child returned INF! depth=1 score=-30000
DEBUG: evaluate returned crazy score! stand_pat=31580
DEBUG: child returned INF! depth=1 score=-30000
DEBUG: evaluate returned crazy score! stand_pat=31580
DEBUG: child returned INF! depth=1 score=-30000
DEBUG: evaluate returned crazy score! stand_pat=31580
DEBUG: child returned INF! depth=1 score=-30000
DEBUG: evaluate returned crazy score! stand_pat=31605
DEBUG: child returned INF! depth=1 score=-30000
DEBUG: evaluate returned crazy score! stand_pat=31560
DEBUG: child returned INF! depth=1 score=-30000
DEBUG: evaluate returned crazy score! stand_pat=31555
DEBUG: child returned INF! depth=1 score=-30000
DEBUG: evaluate returned crazy score! stand_pat=31550
DEBUG: child returned INF! depth=1 score=-30000
DEBUG: evaluate returned crazy score! stand_pat=31545
DEBUG: child returned INF! depth=1 score=-30000
DEBUG: evaluate returned crazy score! stand_pat=31580
DEBUG: child returned INF! depth=1 score=-30000
DEBUG: evaluate returned crazy score! stand_pat=31580
DEBUG: child returned INF! depth=1 score=-30000
DEBUG: evaluate returned crazy score! stand_pat=31580
DEBUG: child returned INF! depth=1 score=-30000
DEBUG: evaluate returned crazy score! stand_pat=31580
DEBUG: child returned INF! depth=1 score=-30000
DEBUG: evaluate returned crazy score! stand_pat=31580
DEBUG: child returned INF! depth=1 score=-30000
DEBUG: evaluate returned crazy score! stand_pat=31580
DEBUG: child returned INF! depth=1 score=-30000
DEBUG: evaluate returned crazy score! stand_pat=31560
DEBUG: child returned INF! depth=1 score=-30000
DEBUG: negamax returning -INF! depth=1 ply=5 legal_moves=33 alpha=-30000 beta=-28690
DEBUG: child returned INF! depth=3 score=-30000
DEBUG: evaluate returned crazy score! stand_pat=31550
DEBUG: child returned INF! depth=1 score=-30000
DEBUG: evaluate returned crazy score! stand_pat=31515
DEBUG: child returned INF! depth=1 score=-30000
DEBUG: evaluate returned crazy score! stand_pat=31550
DEBUG: child returned INF! depth=1 score=-30000
DEBUG: evaluate returned crazy score! stand_pat=31555
DEBUG: child returned INF! depth=1 score=-30000
DEBUG: evaluate returned crazy score! stand_pat=31555
DEBUG: child returned INF! depth=1 score=-30000
DEBUG: evaluate returned crazy score! stand_pat=31550
DEBUG: child returned INF! depth=1 score=-30000
DEBUG: evaluate returned crazy score! stand_pat=31555
DEBUG: child returned INF! depth=1 score=-30000
DEBUG: evaluate returned crazy score! stand_pat=31560
DEBUG: child returned INF! depth=1 score=-30000
DEBUG: evaluate returned crazy score! stand_pat=31560
DEBUG: child returned INF! depth=1 score=-30000
DEBUG: evaluate returned crazy score! stand_pat=31550
DEBUG: child returned INF! depth=1 score=-30000
DEBUG: evaluate returned crazy score! stand_pat=31540
DEBUG: child returned INF! depth=1 score=-30000
DEBUG: evaluate returned crazy score! stand_pat=31560
DEBUG: child returned INF! depth=1 score=-30000
DEBUG: evaluate returned crazy score! stand_pat=31510
DEBUG: child returned INF! depth=1 score=-30000
DEBUG: evaluate returned crazy score! stand_pat=31550
DEBUG: child returned INF! depth=1 score=-30000
DEBUG: evaluate returned crazy score! stand_pat=31580
DEBUG: child returned INF! depth=1 score=-30000
DEBUG: evaluate returned crazy score! stand_pat=31580
DEBUG: child returned INF! depth=1 score=-30000
DEBUG: evaluate returned crazy score! stand_pat=31580
DEBUG: child returned INF! depth=1 score=-30000
DEBUG: evaluate returned crazy score! stand_pat=31580
DEBUG: child returned INF! depth=1 score=-30000
DEBUG: evaluate returned crazy score! stand_pat=31605
DEBUG: child returned INF! depth=1 score=-30000
DEBUG: evaluate returned crazy score! stand_pat=31560
DEBUG: child returned INF! depth=1 score=-30000
DEBUG: evaluate returned crazy score! stand_pat=31555
DEBUG: child returned INF! depth=1 score=-30000
DEBUG: evaluate returned crazy score! stand_pat=31545
DEBUG: child returned INF! depth=1 score=-30000
DEBUG: evaluate returned crazy score! stand_pat=31580
DEBUG: child returned INF! depth=1 score=-30000
DEBUG: evaluate returned crazy score! stand_pat=31580
DEBUG: child returned INF! depth=1 score=-30000
DEBUG: evaluate returned crazy score! stand_pat=31580
DEBUG: child returned INF! depth=1 score=-30000
DEBUG: evaluate returned crazy score! stand_pat=31580
DEBUG: child returned INF! depth=1 score=-30000
DEBUG: evaluate returned crazy score! stand_pat=31580
DEBUG: child returned INF! depth=1 score=-30000
DEBUG: evaluate returned crazy score! stand_pat=31580
DEBUG: child returned INF! depth=1 score=-30000
DEBUG: evaluate returned crazy score! stand_pat=31530
DEBUG: child returned INF! depth=1 score=-30000
DEBUG: negamax returning -INF! depth=1 ply=5 legal_moves=29 alpha=-30000 beta=-28690
DEBUG: child returned INF! depth=3 score=-30000
DEBUG: evaluate returned crazy score! stand_pat=31575
DEBUG: child returned INF! depth=1 score=-30000
DEBUG: evaluate returned crazy score! stand_pat=31540
DEBUG: child returned INF! depth=1 score=-30000
DEBUG: evaluate returned crazy score! stand_pat=31535
DEBUG: child returned INF! depth=1 score=-30000
DEBUG: evaluate returned crazy score! stand_pat=31575
DEBUG: child returned INF! depth=1 score=-30000
DEBUG: evaluate returned crazy score! stand_pat=31565
DEBUG: child returned INF! depth=1 score=-30000
DEBUG: evaluate returned crazy score! stand_pat=31565
DEBUG: child returned INF! depth=1 score=-30000
DEBUG: evaluate returned crazy score! stand_pat=31570
DEBUG: child returned INF! depth=1 score=-30000
DEBUG: evaluate returned crazy score! stand_pat=31585
DEBUG: child returned INF! depth=1 score=-30000
DEBUG: evaluate returned crazy score! stand_pat=31580
DEBUG: child returned INF! depth=1 score=-30000
DEBUG: evaluate returned crazy score! stand_pat=31575
DEBUG: child returned INF! depth=1 score=-30000
DEBUG: evaluate returned crazy score! stand_pat=31580
DEBUG: child returned INF! depth=1 score=-30000
DEBUG: evaluate returned crazy score! stand_pat=31585
DEBUG: child returned INF! depth=1 score=-30000
DEBUG: evaluate returned crazy score! stand_pat=31580
DEBUG: child returned INF! depth=1 score=-30000
DEBUG: evaluate returned crazy score! stand_pat=31575
DEBUG: child returned INF! depth=1 score=-30000
DEBUG: evaluate returned crazy score! stand_pat=31575
DEBUG: child returned INF! depth=1 score=-30000
DEBUG: evaluate returned crazy score! stand_pat=31575
DEBUG: child returned INF! depth=1 score=-30000
DEBUG: evaluate returned crazy score! stand_pat=31575
DEBUG: child returned INF! depth=1 score=-30000
DEBUG: evaluate returned crazy score! stand_pat=31580
DEBUG: child returned INF! depth=1 score=-30000
DEBUG: evaluate returned crazy score! stand_pat=31585
DEBUG: child returned INF! depth=1 score=-30000
DEBUG: evaluate returned crazy score! stand_pat=31585
DEBUG: child returned INF! depth=1 score=-30000
DEBUG: evaluate returned crazy score! stand_pat=31585
DEBUG: child returned INF! depth=1 score=-30000
DEBUG: evaluate returned crazy score! stand_pat=31575
DEBUG: child returned INF! depth=1 score=-30000
DEBUG: evaluate returned crazy score! stand_pat=31565
DEBUG: child returned INF! depth=1 score=-30000
DEBUG: evaluate returned crazy score! stand_pat=31565
DEBUG: child returned INF! depth=1 score=-30000
DEBUG: evaluate returned crazy score! stand_pat=31570
DEBUG: child returned INF! depth=1 score=-30000
DEBUG: evaluate returned crazy score! stand_pat=31585
DEBUG: child returned INF! depth=1 score=-30000
DEBUG: evaluate returned crazy score! stand_pat=31540
DEBUG: child returned INF! depth=1 score=-30000
DEBUG: evaluate returned crazy score! stand_pat=31535
DEBUG: child returned INF! depth=1 score=-30000
DEBUG: evaluate returned crazy score! stand_pat=31575
DEBUG: child returned INF! depth=1 score=-30000
DEBUG: evaluate returned crazy score! stand_pat=31605
DEBUG: child returned INF! depth=1 score=-30000
DEBUG: evaluate returned crazy score! stand_pat=31605
DEBUG: child returned INF! depth=1 score=-30000
DEBUG: evaluate returned crazy score! stand_pat=31605
DEBUG: child returned INF! depth=1 score=-30000
DEBUG: evaluate returned crazy score! stand_pat=31605
DEBUG: child returned INF! depth=1 score=-30000
DEBUG: evaluate returned crazy score! stand_pat=31605
DEBUG: child returned INF! depth=1 score=-30000
DEBUG: evaluate returned crazy score! stand_pat=31605
DEBUG: child returned INF! depth=1 score=-30000
DEBUG: evaluate returned crazy score! stand_pat=31605
DEBUG: child returned INF! depth=1 score=-30000
DEBUG: evaluate returned crazy score! stand_pat=31605
DEBUG: child returned INF! depth=1 score=-30000
DEBUG: evaluate returned crazy score! stand_pat=31605
DEBUG: child returned INF! depth=1 score=-30000
DEBUG: evaluate returned crazy score! stand_pat=31605
DEBUG: child returned INF! depth=1 score=-30000
DEBUG: evaluate returned crazy score! stand_pat=31605
DEBUG: child returned INF! depth=1 score=-30000
DEBUG: evaluate returned crazy score! stand_pat=31605
DEBUG: child returned INF! depth=1 score=-30000
DEBUG: negamax returning -INF! depth=1 ply=5 legal_moves=41 alpha=-30000 beta=-28690
DEBUG: child returned INF! depth=3 score=-30000
DEBUG: evaluate returned crazy score! stand_pat=31530
DEBUG: child returned INF! depth=1 score=-30000
DEBUG: evaluate returned crazy score! stand_pat=31495
DEBUG: child returned INF! depth=1 score=-30000
DEBUG: evaluate returned crazy score! stand_pat=31520
DEBUG: child returned INF! depth=1 score=-30000
DEBUG: evaluate returned crazy score! stand_pat=31520
DEBUG: child returned INF! depth=1 score=-30000
DEBUG: evaluate returned crazy score! stand_pat=31525
DEBUG: child returned INF! depth=1 score=-30000
DEBUG: evaluate returned crazy score! stand_pat=31540
DEBUG: child returned INF! depth=1 score=-30000
DEBUG: evaluate returned crazy score! stand_pat=31535
DEBUG: child returned INF! depth=1 score=-30000
DEBUG: evaluate returned crazy score! stand_pat=31530
DEBUG: child returned INF! depth=1 score=-30000
DEBUG: evaluate returned crazy score! stand_pat=31535
DEBUG: child returned INF! depth=1 score=-30000
DEBUG: evaluate returned crazy score! stand_pat=31540
DEBUG: child returned INF! depth=1 score=-30000
DEBUG: evaluate returned crazy score! stand_pat=31535
DEBUG: child returned INF! depth=1 score=-30000
DEBUG: evaluate returned crazy score! stand_pat=31530
DEBUG: child returned INF! depth=1 score=-30000
DEBUG: evaluate returned crazy score! stand_pat=31530
DEBUG: child returned INF! depth=1 score=-30000
DEBUG: evaluate returned crazy score! stand_pat=31530
DEBUG: child returned INF! depth=1 score=-30000
DEBUG: evaluate returned crazy score! stand_pat=31530
DEBUG: child returned INF! depth=1 score=-30000
DEBUG: evaluate returned crazy score! stand_pat=31535
DEBUG: child returned INF! depth=1 score=-30000
DEBUG: evaluate returned crazy score! stand_pat=31540
DEBUG: child returned INF! depth=1 score=-30000
DEBUG: evaluate returned crazy score! stand_pat=31540
DEBUG: child returned INF! depth=1 score=-30000
DEBUG: evaluate returned crazy score! stand_pat=31540
DEBUG: child returned INF! depth=1 score=-30000
DEBUG: evaluate returned crazy score! stand_pat=31530
DEBUG: child returned INF! depth=1 score=-30000
DEBUG: evaluate returned crazy score! stand_pat=31520
DEBUG: child returned INF! depth=1 score=-30000
DEBUG: evaluate returned crazy score! stand_pat=31520
DEBUG: child returned INF! depth=1 score=-30000
DEBUG: evaluate returned crazy score! stand_pat=31525
DEBUG: child returned INF! depth=1 score=-30000
DEBUG: evaluate returned crazy score! stand_pat=31540
DEBUG: child returned INF! depth=1 score=-30000
DEBUG: evaluate returned crazy score! stand_pat=31540
DEBUG: child returned INF! depth=1 score=-30000
DEBUG: evaluate returned crazy score! stand_pat=31490
DEBUG: child returned INF! depth=1 score=-30000
DEBUG: evaluate returned crazy score! stand_pat=31530
DEBUG: child returned INF! depth=1 score=-30000
DEBUG: evaluate returned crazy score! stand_pat=31560
DEBUG: child returned INF! depth=1 score=-30000
DEBUG: evaluate returned crazy score! stand_pat=31560
DEBUG: child returned INF! depth=1 score=-30000
DEBUG: evaluate returned crazy score! stand_pat=31560
DEBUG: child returned INF! depth=1 score=-30000
DEBUG: evaluate returned crazy score! stand_pat=31560
DEBUG: child returned INF! depth=1 score=-30000
DEBUG: evaluate returned crazy score! stand_pat=31560
DEBUG: child returned INF! depth=1 score=-30000
DEBUG: evaluate returned crazy score! stand_pat=31560
DEBUG: child returned INF! depth=1 score=-30000
DEBUG: evaluate returned crazy score! stand_pat=31560
DEBUG: child returned INF! depth=1 score=-30000
DEBUG: evaluate returned crazy score! stand_pat=31560
DEBUG: child returned INF! depth=1 score=-30000
DEBUG: evaluate returned crazy score! stand_pat=31560
DEBUG: child returned INF! depth=1 score=-30000
DEBUG: evaluate returned crazy score! stand_pat=31560
DEBUG: child returned INF! depth=1 score=-30000
DEBUG: evaluate returned crazy score! stand_pat=31540
DEBUG: child returned INF! depth=1 score=-30000
DEBUG: evaluate returned crazy score! stand_pat=31525
DEBUG: child returned INF! depth=1 score=-30000
DEBUG: evaluate returned crazy score! stand_pat=31575
DEBUG: child returned INF! depth=1 score=-30000
DEBUG: evaluate returned crazy score! stand_pat=31530
DEBUG: child returned INF! depth=1 score=-30000
DEBUG: negamax returning -INF! depth=1 ply=5 legal_moves=41 alpha=-30000 beta=-28690
DEBUG: child returned INF! depth=3 score=-30000
DEBUG: evaluate returned crazy score! stand_pat=31490
DEBUG: child returned INF! depth=1 score=-30000
DEBUG: evaluate returned crazy score! stand_pat=31525
DEBUG: child returned INF! depth=1 score=-30000
DEBUG: evaluate returned crazy score! stand_pat=31515
DEBUG: child returned INF! depth=1 score=-30000
DEBUG: evaluate returned crazy score! stand_pat=31515
DEBUG: child returned INF! depth=1 score=-30000
DEBUG: evaluate returned crazy score! stand_pat=31520
DEBUG: child returned INF! depth=1 score=-30000
DEBUG: evaluate returned crazy score! stand_pat=31535
DEBUG: child returned INF! depth=1 score=-30000
DEBUG: evaluate returned crazy score! stand_pat=31530
DEBUG: child returned INF! depth=1 score=-30000
DEBUG: evaluate returned crazy score! stand_pat=31530
DEBUG: child returned INF! depth=1 score=-30000
DEBUG: evaluate returned crazy score! stand_pat=31525
DEBUG: child returned INF! depth=1 score=-30000
DEBUG: evaluate returned crazy score! stand_pat=31525
DEBUG: child returned INF! depth=1 score=-30000
DEBUG: evaluate returned crazy score! stand_pat=31525
DEBUG: child returned INF! depth=1 score=-30000
DEBUG: evaluate returned crazy score! stand_pat=31525
DEBUG: child returned INF! depth=1 score=-30000
DEBUG: evaluate returned crazy score! stand_pat=31530
DEBUG: child returned INF! depth=1 score=-30000
DEBUG: evaluate returned crazy score! stand_pat=31535
DEBUG: child returned INF! depth=1 score=-30000
DEBUG: evaluate returned crazy score! stand_pat=31535
DEBUG: child returned INF! depth=1 score=-30000
DEBUG: evaluate returned crazy score! stand_pat=31535
DEBUG: child returned INF! depth=1 score=-30000
DEBUG: evaluate returned crazy score! stand_pat=31525
DEBUG: child returned INF! depth=1 score=-30000
DEBUG: evaluate returned crazy score! stand_pat=31515
DEBUG: child returned INF! depth=1 score=-30000
DEBUG: evaluate returned crazy score! stand_pat=31515
DEBUG: child returned INF! depth=1 score=-30000
DEBUG: evaluate returned crazy score! stand_pat=31520
DEBUG: child returned INF! depth=1 score=-30000
DEBUG: evaluate returned crazy score! stand_pat=31535
DEBUG: child returned INF! depth=1 score=-30000
DEBUG: evaluate returned crazy score! stand_pat=31535
DEBUG: child returned INF! depth=1 score=-30000
DEBUG: evaluate returned crazy score! stand_pat=31525
DEBUG: child returned INF! depth=1 score=-30000
DEBUG: evaluate returned crazy score! stand_pat=31555
DEBUG: child returned INF! depth=1 score=-30000
DEBUG: evaluate returned crazy score! stand_pat=31555
DEBUG: child returned INF! depth=1 score=-30000
DEBUG: evaluate returned crazy score! stand_pat=31555
DEBUG: child returned INF! depth=1 score=-30000
DEBUG: evaluate returned crazy score! stand_pat=31555
DEBUG: child returned INF! depth=1 score=-30000
DEBUG: evaluate returned crazy score! stand_pat=31555
DEBUG: child returned INF! depth=1 score=-30000
DEBUG: evaluate returned crazy score! stand_pat=31555
DEBUG: child returned INF! depth=1 score=-30000
DEBUG: evaluate returned crazy score! stand_pat=31555
DEBUG: child returned INF! depth=1 score=-30000
DEBUG: evaluate returned crazy score! stand_pat=31555
DEBUG: child returned INF! depth=1 score=-30000
DEBUG: evaluate returned crazy score! stand_pat=31555
DEBUG: child returned INF! depth=1 score=-30000
DEBUG: evaluate returned crazy score! stand_pat=31555
DEBUG: child returned INF! depth=1 score=-30000
DEBUG: evaluate returned crazy score! stand_pat=31540
DEBUG: child returned INF! depth=1 score=-30000
DEBUG: evaluate returned crazy score! stand_pat=31525
DEBUG: child returned INF! depth=1 score=-30000
DEBUG: evaluate returned crazy score! stand_pat=31575
DEBUG: child returned INF! depth=1 score=-30000
DEBUG: evaluate returned crazy score! stand_pat=31525
DEBUG: child returned INF! depth=1 score=-30000
DEBUG: evaluate returned crazy score! stand_pat=31540
DEBUG: child returned INF! depth=1 score=-30000
DEBUG: negamax returning -INF! depth=1 ply=5 legal_moves=38 alpha=-30000 beta=-28690
DEBUG: child returned INF! depth=3 score=-30000
DEBUG: evaluate returned crazy score! stand_pat=31520
DEBUG: child returned INF! depth=1 score=-30000
DEBUG: evaluate returned crazy score! stand_pat=31485
DEBUG: child returned INF! depth=1 score=-30000
DEBUG: evaluate returned crazy score! stand_pat=31510
DEBUG: child returned INF! depth=1 score=-30000
DEBUG: evaluate returned crazy score! stand_pat=31510
DEBUG: child returned INF! depth=1 score=-30000
DEBUG: evaluate returned crazy score! stand_pat=31515
DEBUG: child returned INF! depth=1 score=-30000
DEBUG: evaluate returned crazy score! stand_pat=31530
DEBUG: child returned INF! depth=1 score=-30000
DEBUG: evaluate returned crazy score! stand_pat=31525
DEBUG: child returned INF! depth=1 score=-30000
DEBUG: evaluate returned crazy score! stand_pat=31520
DEBUG: child returned INF! depth=1 score=-30000
DEBUG: evaluate returned crazy score! stand_pat=31525
DEBUG: child returned INF! depth=1 score=-30000
DEBUG: evaluate returned crazy score! stand_pat=31530
DEBUG: child returned INF! depth=1 score=-30000
DEBUG: evaluate returned crazy score! stand_pat=31525
DEBUG: child returned INF! depth=1 score=-30000
DEBUG: evaluate returned crazy score! stand_pat=31520
DEBUG: child returned INF! depth=1 score=-30000
DEBUG: evaluate returned crazy score! stand_pat=31520
DEBUG: child returned INF! depth=1 score=-30000
DEBUG: evaluate returned crazy score! stand_pat=31520
DEBUG: child returned INF! depth=1 score=-30000
DEBUG: evaluate returned crazy score! stand_pat=31520
DEBUG: child returned INF! depth=1 score=-30000
DEBUG: evaluate returned crazy score! stand_pat=31525
DEBUG: child returned INF! depth=1 score=-30000
DEBUG: evaluate returned crazy score! stand_pat=31530
DEBUG: child returned INF! depth=1 score=-30000
DEBUG: evaluate returned crazy score! stand_pat=31530
DEBUG: child returned INF! depth=1 score=-30000
DEBUG: evaluate returned crazy score! stand_pat=31530
DEBUG: child returned INF! depth=1 score=-30000
DEBUG: evaluate returned crazy score! stand_pat=31520
DEBUG: child returned INF! depth=1 score=-30000
DEBUG: evaluate returned crazy score! stand_pat=31510
DEBUG: child returned INF! depth=1 score=-30000
DEBUG: evaluate returned crazy score! stand_pat=31530
DEBUG: child returned INF! depth=1 score=-30000
DEBUG: evaluate returned crazy score! stand_pat=31480
DEBUG: child returned INF! depth=1 score=-30000
DEBUG: evaluate returned crazy score! stand_pat=31520
DEBUG: child returned INF! depth=1 score=-30000
DEBUG: evaluate returned crazy score! stand_pat=31550
DEBUG: child returned INF! depth=1 score=-30000
DEBUG: evaluate returned crazy score! stand_pat=31550
DEBUG: child returned INF! depth=1 score=-30000
DEBUG: evaluate returned crazy score! stand_pat=31550
DEBUG: child returned INF! depth=1 score=-30000
DEBUG: evaluate returned crazy score! stand_pat=31550
DEBUG: child returned INF! depth=1 score=-30000
DEBUG: evaluate returned crazy score! stand_pat=31550
DEBUG: child returned INF! depth=1 score=-30000
DEBUG: evaluate returned crazy score! stand_pat=31550
DEBUG: child returned INF! depth=1 score=-30000
DEBUG: evaluate returned crazy score! stand_pat=31550
DEBUG: child returned INF! depth=1 score=-30000
DEBUG: evaluate returned crazy score! stand_pat=31550
DEBUG: child returned INF! depth=1 score=-30000
DEBUG: evaluate returned crazy score! stand_pat=31550
DEBUG: child returned INF! depth=1 score=-30000
DEBUG: evaluate returned crazy score! stand_pat=31550
DEBUG: child returned INF! depth=1 score=-30000
DEBUG: evaluate returned crazy score! stand_pat=31550
DEBUG: child returned INF! depth=1 score=-30000
DEBUG: evaluate returned crazy score! stand_pat=31540
DEBUG: child returned INF! depth=1 score=-30000
DEBUG: evaluate returned crazy score! stand_pat=31575
DEBUG: child returned INF! depth=1 score=-30000
DEBUG: evaluate returned crazy score! stand_pat=31530
DEBUG: child returned INF! depth=1 score=-30000
DEBUG: evaluate returned crazy score! stand_pat=31575
DEBUG: child returned INF! depth=1 score=-30000
DEBUG: evaluate returned crazy score! stand_pat=31525
DEBUG: child returned INF! depth=1 score=-30000
DEBUG: evaluate returned crazy score! stand_pat=31545
DEBUG: child returned INF! depth=1 score=-30000
DEBUG: evaluate returned crazy score! stand_pat=31530
DEBUG: child returned INF! depth=1 score=-30000
DEBUG: negamax returning -INF! depth=1 ply=5 legal_moves=42 alpha=-30000 beta=-28690
DEBUG: child returned INF! depth=3 score=-30000
DEBUG: evaluate returned crazy score! stand_pat=31635
DEBUG: child returned INF! depth=1 score=-30000
DEBUG: evaluate returned crazy score! stand_pat=31755
DEBUG: child returned INF! depth=1 score=-30000
DEBUG: evaluate returned crazy score! stand_pat=31720
DEBUG: child returned INF! depth=1 score=-30000
DEBUG: evaluate returned crazy score! stand_pat=31745
DEBUG: child returned INF! depth=1 score=-30000
DEBUG: evaluate returned crazy score! stand_pat=31750
DEBUG: child returned INF! depth=1 score=-30000
DEBUG: evaluate returned crazy score! stand_pat=31765
DEBUG: child returned INF! depth=1 score=-30000
DEBUG: evaluate returned crazy score! stand_pat=31760
DEBUG: child returned INF! depth=1 score=-30000
DEBUG: evaluate returned crazy score! stand_pat=31745
DEBUG: child returned INF! depth=1 score=-30000
DEBUG: evaluate returned crazy score! stand_pat=31760
DEBUG: child returned INF! depth=1 score=-30000
DEBUG: evaluate returned crazy score! stand_pat=31765
DEBUG: child returned INF! depth=1 score=-30000
DEBUG: evaluate returned crazy score! stand_pat=31760
DEBUG: child returned INF! depth=1 score=-30000
DEBUG: evaluate returned crazy score! stand_pat=31755
DEBUG: child returned INF! depth=1 score=-30000
DEBUG: evaluate returned crazy score! stand_pat=31755
DEBUG: child returned INF! depth=1 score=-30000
DEBUG: evaluate returned crazy score! stand_pat=31755
DEBUG: child returned INF! depth=1 score=-30000
DEBUG: evaluate returned crazy score! stand_pat=31755
DEBUG: child returned INF! depth=1 score=-30000
DEBUG: evaluate returned crazy score! stand_pat=31760
DEBUG: child returned INF! depth=1 score=-30000
DEBUG: evaluate returned crazy score! stand_pat=31765
DEBUG: child returned INF! depth=1 score=-30000
DEBUG: evaluate returned crazy score! stand_pat=31765
DEBUG: child returned INF! depth=1 score=-30000
DEBUG: evaluate returned crazy score! stand_pat=31765
DEBUG: child returned INF! depth=1 score=-30000
DEBUG: evaluate returned crazy score! stand_pat=31755
DEBUG: child returned INF! depth=1 score=-30000
DEBUG: evaluate returned crazy score! stand_pat=31765
DEBUG: child returned INF! depth=1 score=-30000
DEBUG: evaluate returned crazy score! stand_pat=31745
DEBUG: child returned INF! depth=1 score=-30000
DEBUG: evaluate returned crazy score! stand_pat=31750
DEBUG: child returned INF! depth=1 score=-30000
DEBUG: evaluate returned crazy score! stand_pat=31765
DEBUG: child returned INF! depth=1 score=-30000
DEBUG: evaluate returned crazy score! stand_pat=31755
DEBUG: child returned INF! depth=1 score=-30000
DEBUG: evaluate returned crazy score! stand_pat=31715
DEBUG: child returned INF! depth=1 score=-30000
DEBUG: evaluate returned crazy score! stand_pat=31755
DEBUG: child returned INF! depth=1 score=-30000
DEBUG: evaluate returned crazy score! stand_pat=31785
DEBUG: child returned INF! depth=1 score=-30000
DEBUG: evaluate returned crazy score! stand_pat=31785
DEBUG: child returned INF! depth=1 score=-30000
DEBUG: evaluate returned crazy score! stand_pat=31785
DEBUG: child returned INF! depth=1 score=-30000
DEBUG: evaluate returned crazy score! stand_pat=31785
DEBUG: child returned INF! depth=1 score=-30000
DEBUG: evaluate returned crazy score! stand_pat=31785
DEBUG: child returned INF! depth=1 score=-30000
DEBUG: evaluate returned crazy score! stand_pat=31785
DEBUG: child returned INF! depth=1 score=-30000
DEBUG: evaluate returned crazy score! stand_pat=31785
DEBUG: child returned INF! depth=1 score=-30000
DEBUG: evaluate returned crazy score! stand_pat=31785
DEBUG: child returned INF! depth=1 score=-30000
DEBUG: evaluate returned crazy score! stand_pat=31785
DEBUG: child returned INF! depth=1 score=-30000
DEBUG: evaluate returned crazy score! stand_pat=31785
DEBUG: child returned INF! depth=1 score=-30000
DEBUG: evaluate returned crazy score! stand_pat=31785
DEBUG: child returned INF! depth=1 score=-30000
DEBUG: evaluate returned crazy score! stand_pat=31785
DEBUG: child returned INF! depth=1 score=-30000
DEBUG: evaluate returned crazy score! stand_pat=31735
DEBUG: child returned INF! depth=1 score=-30000
DEBUG: evaluate returned crazy score! stand_pat=31745
DEBUG: child returned INF! depth=1 score=-30000
DEBUG: negamax returning -INF! depth=1 ply=5 legal_moves=41 alpha=-30000 beta=-28690
DEBUG: child returned INF! depth=3 score=-30000
DEBUG: evaluate returned crazy score! stand_pat=31515
DEBUG: child returned INF! depth=1 score=-30000
DEBUG: evaluate returned crazy score! stand_pat=31555
DEBUG: child returned INF! depth=1 score=-30000
DEBUG: evaluate returned crazy score! stand_pat=31560
DEBUG: child returned INF! depth=1 score=-30000
DEBUG: evaluate returned crazy score! stand_pat=31560
DEBUG: child returned INF! depth=1 score=-30000
DEBUG: evaluate returned crazy score! stand_pat=31550
DEBUG: child returned INF! depth=1 score=-30000
DEBUG: evaluate returned crazy score! stand_pat=31540
DEBUG: child returned INF! depth=1 score=-30000
DEBUG: evaluate returned crazy score! stand_pat=31540
DEBUG: child returned INF! depth=1 score=-30000
DEBUG: evaluate returned crazy score! stand_pat=31545
DEBUG: child returned INF! depth=1 score=-30000
DEBUG: evaluate returned crazy score! stand_pat=31560
DEBUG: child returned INF! depth=1 score=-30000
DEBUG: evaluate returned crazy score! stand_pat=31560
DEBUG: child returned INF! depth=1 score=-30000
DEBUG: evaluate returned crazy score! stand_pat=31550
DEBUG: child returned INF! depth=1 score=-30000
DEBUG: evaluate returned crazy score! stand_pat=31580
DEBUG: child returned INF! depth=1 score=-30000
DEBUG: evaluate returned crazy score! stand_pat=31580
DEBUG: child returned INF! depth=1 score=-30000
DEBUG: evaluate returned crazy score! stand_pat=31580
DEBUG: child returned INF! depth=1 score=-30000
DEBUG: evaluate returned crazy score! stand_pat=31580
DEBUG: child returned INF! depth=1 score=-30000
DEBUG: evaluate returned crazy score! stand_pat=31580
DEBUG: child returned INF! depth=1 score=-30000
DEBUG: evaluate returned crazy score! stand_pat=31580
DEBUG: child returned INF! depth=1 score=-30000
DEBUG: evaluate returned crazy score! stand_pat=31605
DEBUG: child returned INF! depth=1 score=-30000
DEBUG: evaluate returned crazy score! stand_pat=31560
DEBUG: child returned INF! depth=1 score=-30000
DEBUG: evaluate returned crazy score! stand_pat=31550
DEBUG: child returned INF! depth=1 score=-30000
DEBUG: evaluate returned crazy score! stand_pat=31545
DEBUG: child returned INF! depth=1 score=-30000
DEBUG: evaluate returned crazy score! stand_pat=31580
DEBUG: child returned INF! depth=1 score=-30000
DEBUG: evaluate returned crazy score! stand_pat=31580
DEBUG: child returned INF! depth=1 score=-30000
DEBUG: evaluate returned crazy score! stand_pat=31580
DEBUG: child returned INF! depth=1 score=-30000
DEBUG: evaluate returned crazy score! stand_pat=31580
DEBUG: child returned INF! depth=1 score=-30000
DEBUG: evaluate returned crazy score! stand_pat=31560
DEBUG: child returned INF! depth=1 score=-30000
DEBUG: negamax returning -INF! depth=1 ply=5 legal_moves=26 alpha=-30000 beta=-28690
DEBUG: child returned INF! depth=3 score=-30000
DEBUG: evaluate returned crazy score! stand_pat=31550
DEBUG: child returned INF! depth=1 score=-30000
DEBUG: evaluate returned crazy score! stand_pat=31515
DEBUG: child returned INF! depth=1 score=-30000
DEBUG: evaluate returned crazy score! stand_pat=31555
DEBUG: child returned INF! depth=1 score=-30000
DEBUG: evaluate returned crazy score! stand_pat=31555
DEBUG: child returned INF! depth=1 score=-30000
DEBUG: evaluate returned crazy score! stand_pat=31560
DEBUG: child returned INF! depth=1 score=-30000
DEBUG: evaluate returned crazy score! stand_pat=31560
DEBUG: child returned INF! depth=1 score=-30000
DEBUG: evaluate returned crazy score! stand_pat=31560
DEBUG: child returned INF! depth=1 score=-30000
DEBUG: evaluate returned crazy score! stand_pat=31550
DEBUG: child returned INF! depth=1 score=-30000
DEBUG: evaluate returned crazy score! stand_pat=31540
DEBUG: child returned INF! depth=1 score=-30000
DEBUG: evaluate returned crazy score! stand_pat=31540
DEBUG: child returned INF! depth=1 score=-30000
DEBUG: evaluate returned crazy score! stand_pat=31545
DEBUG: child returned INF! depth=1 score=-30000
DEBUG: evaluate returned crazy score! stand_pat=31560
DEBUG: child returned INF! depth=1 score=-30000
DEBUG: evaluate returned crazy score! stand_pat=31560
DEBUG: child returned INF! depth=1 score=-30000
DEBUG: evaluate returned crazy score! stand_pat=31510
DEBUG: child returned INF! depth=1 score=-30000
DEBUG: evaluate returned crazy score! stand_pat=31550
DEBUG: child returned INF! depth=1 score=-30000
DEBUG: evaluate returned crazy score! stand_pat=31580
DEBUG: child returned INF! depth=1 score=-30000
DEBUG: evaluate returned crazy score! stand_pat=31580
DEBUG: child returned INF! depth=1 score=-30000
DEBUG: evaluate returned crazy score! stand_pat=31580
DEBUG: child returned INF! depth=1 score=-30000
DEBUG: evaluate returned crazy score! stand_pat=31580
DEBUG: child returned INF! depth=1 score=-30000
DEBUG: evaluate returned crazy score! stand_pat=31580
DEBUG: child returned INF! depth=1 score=-30000
DEBUG: evaluate returned crazy score! stand_pat=31580
DEBUG: child returned INF! depth=1 score=-30000
DEBUG: evaluate returned crazy score! stand_pat=31605
DEBUG: child returned INF! depth=1 score=-30000
DEBUG: evaluate returned crazy score! stand_pat=31560
DEBUG: child returned INF! depth=1 score=-30000
DEBUG: evaluate returned crazy score! stand_pat=31555
DEBUG: child returned INF! depth=1 score=-30000
DEBUG: evaluate returned crazy score! stand_pat=31550
DEBUG: child returned INF! depth=1 score=-30000
DEBUG: evaluate returned crazy score! stand_pat=31545
DEBUG: child returned INF! depth=1 score=-30000
DEBUG: evaluate returned crazy score! stand_pat=31580
DEBUG: child returned INF! depth=1 score=-30000
DEBUG: evaluate returned crazy score! stand_pat=31580
DEBUG: child returned INF! depth=1 score=-30000
DEBUG: evaluate returned crazy score! stand_pat=31580
DEBUG: child returned INF! depth=1 score=-30000
DEBUG: evaluate returned crazy score! stand_pat=31580
DEBUG: child returned INF! depth=1 score=-30000
DEBUG: negamax returning -INF! depth=1 ply=5 legal_moves=30 alpha=-30000 beta=-28690
DEBUG: child returned INF! depth=3 score=-30000
DEBUG: evaluate returned crazy score! stand_pat=31550
DEBUG: child returned INF! depth=1 score=-30000
DEBUG: evaluate returned crazy score! stand_pat=31515
DEBUG: child returned INF! depth=1 score=-30000
DEBUG: evaluate returned crazy score! stand_pat=31555
DEBUG: child returned INF! depth=1 score=-30000
DEBUG: evaluate returned crazy score! stand_pat=31555
DEBUG: child returned INF! depth=1 score=-30000
DEBUG: evaluate returned crazy score! stand_pat=31560
DEBUG: child returned INF! depth=1 score=-30000
DEBUG: evaluate returned crazy score! stand_pat=31560
DEBUG: child returned INF! depth=1 score=-30000
DEBUG: evaluate returned crazy score! stand_pat=31550
DEBUG: child returned INF! depth=1 score=-30000
DEBUG: evaluate returned crazy score! stand_pat=31540
DEBUG: child returned INF! depth=1 score=-30000
DEBUG: evaluate returned crazy score! stand_pat=31540
DEBUG: child returned INF! depth=1 score=-30000
DEBUG: evaluate returned crazy score! stand_pat=31545
DEBUG: child returned INF! depth=1 score=-30000
DEBUG: evaluate returned crazy score! stand_pat=31560
DEBUG: child returned INF! depth=1 score=-30000
DEBUG: evaluate returned crazy score! stand_pat=31545
DEBUG: child returned INF! depth=1 score=-30000
DEBUG: evaluate returned crazy score! stand_pat=31560
DEBUG: child returned INF! depth=1 score=-30000
DEBUG: evaluate returned crazy score! stand_pat=31560
DEBUG: child returned INF! depth=1 score=-30000
DEBUG: evaluate returned crazy score! stand_pat=31510
DEBUG: child returned INF! depth=1 score=-30000
DEBUG: evaluate returned crazy score! stand_pat=31550
DEBUG: child returned INF! depth=1 score=-30000
DEBUG: evaluate returned crazy score! stand_pat=31580
DEBUG: child returned INF! depth=1 score=-30000
DEBUG: evaluate returned crazy score! stand_pat=31580
DEBUG: child returned INF! depth=1 score=-30000
DEBUG: evaluate returned crazy score! stand_pat=31580
DEBUG: child returned INF! depth=1 score=-30000
DEBUG: evaluate returned crazy score! stand_pat=31580
DEBUG: child returned INF! depth=1 score=-30000
DEBUG: evaluate returned crazy score! stand_pat=31580
DEBUG: child returned INF! depth=1 score=-30000
DEBUG: evaluate returned crazy score! stand_pat=31580
DEBUG: child returned INF! depth=1 score=-30000
DEBUG: evaluate returned crazy score! stand_pat=31605
DEBUG: child returned INF! depth=1 score=-30000
DEBUG: evaluate returned crazy score! stand_pat=31560
DEBUG: child returned INF! depth=1 score=-30000
DEBUG: evaluate returned crazy score! stand_pat=31555
DEBUG: child returned INF! depth=1 score=-30000
DEBUG: evaluate returned crazy score! stand_pat=31550
DEBUG: child returned INF! depth=1 score=-30000
DEBUG: evaluate returned crazy score! stand_pat=31545
DEBUG: child returned INF! depth=1 score=-30000
DEBUG: evaluate returned crazy score! stand_pat=31580
DEBUG: child returned INF! depth=1 score=-30000
DEBUG: evaluate returned crazy score! stand_pat=31580
DEBUG: child returned INF! depth=1 score=-30000
DEBUG: evaluate returned crazy score! stand_pat=31580
DEBUG: child returned INF! depth=1 score=-30000
DEBUG: evaluate returned crazy score! stand_pat=31580
DEBUG: child returned INF! depth=1 score=-30000
DEBUG: evaluate returned crazy score! stand_pat=31560
DEBUG: child returned INF! depth=1 score=-30000
DEBUG: negamax returning -INF! depth=1 ply=5 legal_moves=32 alpha=-30000 beta=-28690
DEBUG: child returned INF! depth=3 score=-30000
DEBUG: evaluate returned crazy score! stand_pat=31190
DEBUG: child returned INF! depth=1 score=-30000
DEBUG: evaluate returned crazy score! stand_pat=31550
DEBUG: child returned INF! depth=1 score=-30000
DEBUG: evaluate returned crazy score! stand_pat=31515
DEBUG: child returned INF! depth=1 score=-30000
DEBUG: evaluate returned crazy score! stand_pat=31560
DEBUG: child returned INF! depth=1 score=-30000
DEBUG: evaluate returned crazy score! stand_pat=31550
DEBUG: child returned INF! depth=1 score=-30000
DEBUG: evaluate returned crazy score! stand_pat=31540
DEBUG: child returned INF! depth=1 score=-30000
DEBUG: evaluate returned crazy score! stand_pat=31540
DEBUG: child returned INF! depth=1 score=-30000
DEBUG: evaluate returned crazy score! stand_pat=31545
DEBUG: child returned INF! depth=1 score=-30000
DEBUG: evaluate returned crazy score! stand_pat=31560
DEBUG: child returned INF! depth=1 score=-30000
DEBUG: evaluate returned crazy score! stand_pat=31545
DEBUG: child returned INF! depth=1 score=-30000
DEBUG: evaluate returned crazy score! stand_pat=31560
DEBUG: child returned INF! depth=1 score=-30000
DEBUG: evaluate returned crazy score! stand_pat=31555
DEBUG: child returned INF! depth=1 score=-30000
DEBUG: evaluate returned crazy score! stand_pat=31510
DEBUG: child returned INF! depth=1 score=-30000
DEBUG: evaluate returned crazy score! stand_pat=31550
DEBUG: child returned INF! depth=1 score=-30000
DEBUG: evaluate returned crazy score! stand_pat=31580
DEBUG: child returned INF! depth=1 score=-30000
DEBUG: evaluate returned crazy score! stand_pat=31560
DEBUG: child returned INF! depth=1 score=-30000
DEBUG: evaluate returned crazy score! stand_pat=31580
DEBUG: child returned INF! depth=1 score=-30000
DEBUG: evaluate returned crazy score! stand_pat=31580
DEBUG: child returned INF! depth=1 score=-30000
DEBUG: evaluate returned crazy score! stand_pat=31580
DEBUG: child returned INF! depth=1 score=-30000
DEBUG: evaluate returned crazy score! stand_pat=31580
DEBUG: child returned INF! depth=1 score=-30000
DEBUG: evaluate returned crazy score! stand_pat=31605
DEBUG: child returned INF! depth=1 score=-30000
DEBUG: evaluate returned crazy score! stand_pat=31560
DEBUG: child returned INF! depth=1 score=-30000
DEBUG: evaluate returned crazy score! stand_pat=31555
DEBUG: child returned INF! depth=1 score=-30000
DEBUG: evaluate returned crazy score! stand_pat=31550
DEBUG: child returned INF! depth=1 score=-30000
DEBUG: evaluate returned crazy score! stand_pat=31545
DEBUG: child returned INF! depth=1 score=-30000
DEBUG: evaluate returned crazy score! stand_pat=31580
DEBUG: child returned INF! depth=1 score=-30000
DEBUG: evaluate returned crazy score! stand_pat=31580
DEBUG: child returned INF! depth=1 score=-30000
DEBUG: evaluate returned crazy score! stand_pat=31580
DEBUG: child returned INF! depth=1 score=-30000
DEBUG: evaluate returned crazy score! stand_pat=31580
DEBUG: child returned INF! depth=1 score=-30000
DEBUG: evaluate returned crazy score! stand_pat=31535
DEBUG: child returned INF! depth=1 score=-30000
DEBUG: evaluate returned crazy score! stand_pat=31580
DEBUG: child returned INF! depth=1 score=-30000
DEBUG: negamax returning -INF! depth=1 ply=5 legal_moves=31 alpha=-30000 beta=-28690
DEBUG: child returned INF! depth=3 score=-30000
DEBUG: evaluate returned crazy score! stand_pat=31550
DEBUG: child returned INF! depth=1 score=-30000
DEBUG: evaluate returned crazy score! stand_pat=31515
DEBUG: child returned INF! depth=1 score=-30000
DEBUG: evaluate returned crazy score! stand_pat=31555
DEBUG: child returned INF! depth=1 score=-30000
DEBUG: evaluate returned crazy score! stand_pat=31555
DEBUG: child returned INF! depth=1 score=-30000
DEBUG: evaluate returned crazy score! stand_pat=31560
DEBUG: child returned INF! depth=1 score=-30000
DEBUG: evaluate returned crazy score! stand_pat=31560
DEBUG: child returned INF! depth=1 score=-30000
DEBUG: evaluate returned crazy score! stand_pat=31550
DEBUG: child returned INF! depth=1 score=-30000
DEBUG: evaluate returned crazy score! stand_pat=31540
DEBUG: child returned INF! depth=1 score=-30000
DEBUG: evaluate returned crazy score! stand_pat=31540
DEBUG: child returned INF! depth=1 score=-30000
DEBUG: evaluate returned crazy score! stand_pat=31545
DEBUG: child returned INF! depth=1 score=-30000
DEBUG: evaluate returned crazy score! stand_pat=31560
DEBUG: child returned INF! depth=1 score=-30000
DEBUG: evaluate returned crazy score! stand_pat=31560
DEBUG: child returned INF! depth=1 score=-30000
DEBUG: evaluate returned crazy score! stand_pat=31510
DEBUG: child returned INF! depth=1 score=-30000
DEBUG: evaluate returned crazy score! stand_pat=31565
DEBUG: child returned INF! depth=1 score=-30000
DEBUG: evaluate returned crazy score! stand_pat=31580
DEBUG: child returned INF! depth=1 score=-30000
DEBUG: evaluate returned crazy score! stand_pat=31580
DEBUG: child returned INF! depth=1 score=-30000
DEBUG: evaluate returned crazy score! stand_pat=31580
DEBUG: child returned INF! depth=1 score=-30000
DEBUG: evaluate returned crazy score! stand_pat=31580
DEBUG: child returned INF! depth=1 score=-30000
DEBUG: evaluate returned crazy score! stand_pat=31580
DEBUG: child returned INF! depth=1 score=-30000
DEBUG: evaluate returned crazy score! stand_pat=31580
DEBUG: child returned INF! depth=1 score=-30000
DEBUG: evaluate returned crazy score! stand_pat=31605
DEBUG: child returned INF! depth=1 score=-30000
DEBUG: evaluate returned crazy score! stand_pat=31560
DEBUG: child returned INF! depth=1 score=-30000
DEBUG: evaluate returned crazy score! stand_pat=31555
DEBUG: child returned INF! depth=1 score=-30000
DEBUG: evaluate returned crazy score! stand_pat=31550
DEBUG: child returned INF! depth=1 score=-30000
DEBUG: evaluate returned crazy score! stand_pat=31545
DEBUG: child returned INF! depth=1 score=-30000
DEBUG: evaluate returned crazy score! stand_pat=31580
DEBUG: child returned INF! depth=1 score=-30000
DEBUG: evaluate returned crazy score! stand_pat=31580
DEBUG: child returned INF! depth=1 score=-30000
DEBUG: evaluate returned crazy score! stand_pat=31580
DEBUG: child returned INF! depth=1 score=-30000
DEBUG: evaluate returned crazy score! stand_pat=31580
DEBUG: child returned INF! depth=1 score=-30000
DEBUG: evaluate returned crazy score! stand_pat=31560
DEBUG: child returned INF! depth=1 score=-30000
DEBUG: negamax returning -INF! depth=1 ply=5 legal_moves=30 alpha=-30000 beta=-28690
DEBUG: child returned INF! depth=3 score=-30000
DEBUG: evaluate returned crazy score! stand_pat=31550
DEBUG: child returned INF! depth=1 score=-30000
DEBUG: evaluate returned crazy score! stand_pat=31515
DEBUG: child returned INF! depth=1 score=-30000
DEBUG: evaluate returned crazy score! stand_pat=31555
DEBUG: child returned INF! depth=1 score=-30000
DEBUG: evaluate returned crazy score! stand_pat=31555
DEBUG: child returned INF! depth=1 score=-30000
DEBUG: evaluate returned crazy score! stand_pat=31560
DEBUG: child returned INF! depth=1 score=-30000
DEBUG: evaluate returned crazy score! stand_pat=31560
DEBUG: child returned INF! depth=1 score=-30000
DEBUG: evaluate returned crazy score! stand_pat=31550
DEBUG: child returned INF! depth=1 score=-30000
DEBUG: evaluate returned crazy score! stand_pat=31540
DEBUG: child returned INF! depth=1 score=-30000
DEBUG: evaluate returned crazy score! stand_pat=31540
DEBUG: child returned INF! depth=1 score=-30000
DEBUG: evaluate returned crazy score! stand_pat=31545
DEBUG: child returned INF! depth=1 score=-30000
DEBUG: evaluate returned crazy score! stand_pat=31560
DEBUG: child returned INF! depth=1 score=-30000
DEBUG: evaluate returned crazy score! stand_pat=31560
DEBUG: child returned INF! depth=1 score=-30000
DEBUG: evaluate returned crazy score! stand_pat=31510
DEBUG: child returned INF! depth=1 score=-30000
DEBUG: evaluate returned crazy score! stand_pat=31550
DEBUG: child returned INF! depth=1 score=-30000
DEBUG: evaluate returned crazy score! stand_pat=31565
DEBUG: child returned INF! depth=1 score=-30000
DEBUG: evaluate returned crazy score! stand_pat=31565
DEBUG: child returned INF! depth=1 score=-30000
DEBUG: evaluate returned crazy score! stand_pat=31580
DEBUG: child returned INF! depth=1 score=-30000
DEBUG: evaluate returned crazy score! stand_pat=31580
DEBUG: child returned INF! depth=1 score=-30000
DEBUG: evaluate returned crazy score! stand_pat=31580
DEBUG: child returned INF! depth=1 score=-30000
DEBUG: evaluate returned crazy score! stand_pat=31580
DEBUG: child returned INF! depth=1 score=-30000
DEBUG: evaluate returned crazy score! stand_pat=31580
DEBUG: child returned INF! depth=1 score=-30000
DEBUG: evaluate returned crazy score! stand_pat=31580
DEBUG: child returned INF! depth=1 score=-30000
DEBUG: evaluate returned crazy score! stand_pat=31605
DEBUG: child returned INF! depth=1 score=-30000
DEBUG: evaluate returned crazy score! stand_pat=31560
DEBUG: child returned INF! depth=1 score=-30000
DEBUG: evaluate returned crazy score! stand_pat=31555
DEBUG: child returned INF! depth=1 score=-30000
DEBUG: evaluate returned crazy score! stand_pat=31550
DEBUG: child returned INF! depth=1 score=-30000
DEBUG: evaluate returned crazy score! stand_pat=31545
DEBUG: child returned INF! depth=1 score=-30000
DEBUG: evaluate returned crazy score! stand_pat=31580
DEBUG: child returned INF! depth=1 score=-30000
DEBUG: evaluate returned crazy score! stand_pat=31580
DEBUG: child returned INF! depth=1 score=-30000
DEBUG: evaluate returned crazy score! stand_pat=31580
DEBUG: child returned INF! depth=1 score=-30000
DEBUG: evaluate returned crazy score! stand_pat=31580
DEBUG: child returned INF! depth=1 score=-30000
DEBUG: evaluate returned crazy score! stand_pat=31535
DEBUG: child returned INF! depth=1 score=-30000
DEBUG: negamax returning -INF! depth=1 ply=5 legal_moves=32 alpha=-30000 beta=-28690
DEBUG: child returned INF! depth=3 score=-30000
DEBUG: evaluate returned crazy score! stand_pat=30580
DEBUG: child returned INF! depth=1 score=-30000
DEBUG: evaluate returned crazy score! stand_pat=30960
DEBUG: child returned INF! depth=1 score=-30000
DEBUG: evaluate returned crazy score! stand_pat=31360
DEBUG: child returned INF! depth=1 score=-30000
DEBUG: evaluate returned crazy score! stand_pat=31690
DEBUG: child returned INF! depth=1 score=-30000
DEBUG: evaluate returned crazy score! stand_pat=31655
DEBUG: child returned INF! depth=1 score=-30000
DEBUG: evaluate returned crazy score! stand_pat=31700
DEBUG: child returned INF! depth=1 score=-30000
DEBUG: evaluate returned crazy score! stand_pat=31700
DEBUG: child returned INF! depth=1 score=-30000
DEBUG: evaluate returned crazy score! stand_pat=31690
DEBUG: child returned INF! depth=1 score=-30000
DEBUG: evaluate returned crazy score! stand_pat=31680
DEBUG: child returned INF! depth=1 score=-30000
DEBUG: evaluate returned crazy score! stand_pat=31680
DEBUG: child returned INF! depth=1 score=-30000
DEBUG: evaluate returned crazy score! stand_pat=31685
DEBUG: child returned INF! depth=1 score=-30000
DEBUG: evaluate returned crazy score! stand_pat=31700
DEBUG: child returned INF! depth=1 score=-30000
DEBUG: evaluate returned crazy score! stand_pat=31695
DEBUG: child returned INF! depth=1 score=-30000
DEBUG: evaluate returned crazy score! stand_pat=31650
DEBUG: child returned INF! depth=1 score=-30000
DEBUG: evaluate returned crazy score! stand_pat=31690
DEBUG: child returned INF! depth=1 score=-30000
DEBUG: evaluate returned crazy score! stand_pat=31720
DEBUG: child returned INF! depth=1 score=-30000
DEBUG: evaluate returned crazy score! stand_pat=31700
DEBUG: child returned INF! depth=1 score=-30000
DEBUG: evaluate returned crazy score! stand_pat=31720
DEBUG: child returned INF! depth=1 score=-30000
DEBUG: evaluate returned crazy score! stand_pat=31720
DEBUG: child returned INF! depth=1 score=-30000
DEBUG: evaluate returned crazy score! stand_pat=31745
DEBUG: child returned INF! depth=1 score=-30000
DEBUG: evaluate returned crazy score! stand_pat=31700
DEBUG: child returned INF! depth=1 score=-30000
DEBUG: evaluate returned crazy score! stand_pat=31695
DEBUG: child returned INF! depth=1 score=-30000
DEBUG: evaluate returned crazy score! stand_pat=31690
DEBUG: child returned INF! depth=1 score=-30000
DEBUG: evaluate returned crazy score! stand_pat=31685
DEBUG: child returned INF! depth=1 score=-30000
DEBUG: evaluate returned crazy score! stand_pat=31720
DEBUG: child returned INF! depth=1 score=-30000
DEBUG: evaluate returned crazy score! stand_pat=31720
DEBUG: child returned INF! depth=1 score=-30000
DEBUG: evaluate returned crazy score! stand_pat=31720
DEBUG: child returned INF! depth=1 score=-30000
DEBUG: evaluate returned crazy score! stand_pat=31720
DEBUG: child returned INF! depth=1 score=-30000
DEBUG: evaluate returned crazy score! stand_pat=31720
DEBUG: child returned INF! depth=1 score=-30000
DEBUG: evaluate returned crazy score! stand_pat=31720
DEBUG: child returned INF! depth=1 score=-30000
DEBUG: evaluate returned crazy score! stand_pat=31695
DEBUG: child returned INF! depth=1 score=-30000
DEBUG: evaluate returned crazy score! stand_pat=31720
DEBUG: child returned INF! depth=1 score=-30000
DEBUG: negamax returning -INF! depth=1 ply=5 legal_moves=32 alpha=-30000 beta=-28690
DEBUG: child returned INF! depth=3 score=-30000
DEBUG: evaluate returned crazy score! stand_pat=31750
DEBUG: child returned INF! depth=1 score=-30000
DEBUG: evaluate returned crazy score! stand_pat=31715
DEBUG: child returned INF! depth=1 score=-30000
DEBUG: evaluate returned crazy score! stand_pat=31760
DEBUG: child returned INF! depth=1 score=-30000
DEBUG: evaluate returned crazy score! stand_pat=31755
DEBUG: child returned INF! depth=1 score=-30000
DEBUG: evaluate returned crazy score! stand_pat=31745
DEBUG: child returned INF! depth=1 score=-30000
DEBUG: evaluate returned crazy score! stand_pat=31755
DEBUG: child returned INF! depth=1 score=-30000
DEBUG: evaluate returned crazy score! stand_pat=31760
DEBUG: child returned INF! depth=1 score=-30000
DEBUG: evaluate returned crazy score! stand_pat=31760
DEBUG: child returned INF! depth=1 score=-30000
DEBUG: evaluate returned crazy score! stand_pat=31750
DEBUG: child returned INF! depth=1 score=-30000
DEBUG: evaluate returned crazy score! stand_pat=31740
DEBUG: child returned INF! depth=1 score=-30000
DEBUG: evaluate returned crazy score! stand_pat=31740
DEBUG: child returned INF! depth=1 score=-30000
DEBUG: evaluate returned crazy score! stand_pat=31745
DEBUG: child returned INF! depth=1 score=-30000
DEBUG: evaluate returned crazy score! stand_pat=31760
DEBUG: child returned INF! depth=1 score=-30000
DEBUG: evaluate returned crazy score! stand_pat=31760
DEBUG: child returned INF! depth=1 score=-30000
DEBUG: evaluate returned crazy score! stand_pat=31710
DEBUG: child returned INF! depth=1 score=-30000
DEBUG: evaluate returned crazy score! stand_pat=31750
DEBUG: child returned INF! depth=1 score=-30000
DEBUG: evaluate returned crazy score! stand_pat=31780
DEBUG: child returned INF! depth=1 score=-30000
DEBUG: evaluate returned crazy score! stand_pat=31780
DEBUG: child returned INF! depth=1 score=-30000
DEBUG: evaluate returned crazy score! stand_pat=31780
DEBUG: child returned INF! depth=1 score=-30000
DEBUG: evaluate returned crazy score! stand_pat=31780
DEBUG: child returned INF! depth=1 score=-30000
DEBUG: evaluate returned crazy score! stand_pat=31805
DEBUG: child returned INF! depth=1 score=-30000
DEBUG: evaluate returned crazy score! stand_pat=31755
DEBUG: child returned INF! depth=1 score=-30000
DEBUG: evaluate returned crazy score! stand_pat=31750
DEBUG: child returned INF! depth=1 score=-30000
DEBUG: evaluate returned crazy score! stand_pat=31745
DEBUG: child returned INF! depth=1 score=-30000
DEBUG: evaluate returned crazy score! stand_pat=31780
DEBUG: child returned INF! depth=1 score=-30000
DEBUG: evaluate returned crazy score! stand_pat=31780
DEBUG: child returned INF! depth=1 score=-30000
DEBUG: evaluate returned crazy score! stand_pat=31780
DEBUG: child returned INF! depth=1 score=-30000
DEBUG: evaluate returned crazy score! stand_pat=31780
DEBUG: child returned INF! depth=1 score=-30000
DEBUG: evaluate returned crazy score! stand_pat=31780
DEBUG: child returned INF! depth=1 score=-30000
DEBUG: evaluate returned crazy score! stand_pat=31780
DEBUG: child returned INF! depth=1 score=-30000
DEBUG: evaluate returned crazy score! stand_pat=31760
DEBUG: child returned INF! depth=1 score=-30000
DEBUG: negamax returning -INF! depth=1 ply=5 legal_moves=31 alpha=-30000 beta=-28690
DEBUG: child returned INF! depth=3 score=-30000
DEBUG: negamax returning -INF! depth=3 ply=3 legal_moves=33 alpha=-30000 beta=-28690
DEBUG: child returned INF! depth=5 score=-30000
DEBUG: evaluate returned crazy score! stand_pat=31725
DEBUG: child returned INF! depth=1 score=-30000
DEBUG: evaluate returned crazy score! stand_pat=31685
DEBUG: child returned INF! depth=1 score=-30000
DEBUG: evaluate returned crazy score! stand_pat=31730
DEBUG: child returned INF! depth=1 score=-30000
DEBUG: evaluate returned crazy score! stand_pat=31740
DEBUG: child returned INF! depth=1 score=-30000
DEBUG: evaluate returned crazy score! stand_pat=31735
DEBUG: child returned INF! depth=1 score=-30000
DEBUG: evaluate returned crazy score! stand_pat=31725
DEBUG: child returned INF! depth=1 score=-30000
DEBUG: evaluate returned crazy score! stand_pat=31715
DEBUG: child returned INF! depth=1 score=-30000
DEBUG: evaluate returned crazy score! stand_pat=31715
DEBUG: child returned INF! depth=1 score=-30000
DEBUG: evaluate returned crazy score! stand_pat=31720
DEBUG: child returned INF! depth=1 score=-30000
DEBUG: evaluate returned crazy score! stand_pat=31735
DEBUG: child returned INF! depth=1 score=-30000
DEBUG: evaluate returned crazy score! stand_pat=31735
DEBUG: child returned INF! depth=1 score=-30000
DEBUG: evaluate returned crazy score! stand_pat=31755
DEBUG: child returned INF! depth=1 score=-30000
DEBUG: evaluate returned crazy score! stand_pat=31755
DEBUG: child returned INF! depth=1 score=-30000
DEBUG: evaluate returned crazy score! stand_pat=31755
DEBUG: child returned INF! depth=1 score=-30000
DEBUG: evaluate returned crazy score! stand_pat=31755
DEBUG: child returned INF! depth=1 score=-30000
DEBUG: evaluate returned crazy score! stand_pat=31755
DEBUG: child returned INF! depth=1 score=-30000
DEBUG: evaluate returned crazy score! stand_pat=31755
DEBUG: child returned INF! depth=1 score=-30000
DEBUG: evaluate returned crazy score! stand_pat=31745
DEBUG: child returned INF! depth=1 score=-30000
DEBUG: evaluate returned crazy score! stand_pat=31725
DEBUG: child returned INF! depth=1 score=-30000
DEBUG: evaluate returned crazy score! stand_pat=31735
DEBUG: child returned INF! depth=1 score=-30000
DEBUG: evaluate returned crazy score! stand_pat=31745
DEBUG: child returned INF! depth=1 score=-30000
DEBUG: evaluate returned crazy score! stand_pat=31725
DEBUG: child returned INF! depth=1 score=-30000
DEBUG: evaluate returned crazy score! stand_pat=31725
DEBUG: child returned INF! depth=1 score=-30000
DEBUG: evaluate returned crazy score! stand_pat=31730
DEBUG: child returned INF! depth=1 score=-30000
DEBUG: evaluate returned crazy score! stand_pat=31745
DEBUG: child returned INF! depth=1 score=-30000
DEBUG: evaluate returned crazy score! stand_pat=31755
DEBUG: child returned INF! depth=1 score=-30000
DEBUG: evaluate returned crazy score! stand_pat=31755
DEBUG: child returned INF! depth=1 score=-30000
DEBUG: evaluate returned crazy score! stand_pat=31755
DEBUG: child returned INF! depth=1 score=-30000
DEBUG: evaluate returned crazy score! stand_pat=31755
DEBUG: child returned INF! depth=1 score=-30000
DEBUG: evaluate returned crazy score! stand_pat=31785
DEBUG: child returned INF! depth=1 score=-30000
DEBUG: evaluate returned crazy score! stand_pat=31725
DEBUG: child returned INF! depth=1 score=-30000
DEBUG: evaluate returned crazy score! stand_pat=31775
DEBUG: child returned INF! depth=1 score=-30000
DEBUG: evaluate returned crazy score! stand_pat=31725
DEBUG: child returned INF! depth=1 score=-30000
DEBUG: evaluate returned crazy score! stand_pat=31740
DEBUG: child returned INF! depth=1 score=-30000
DEBUG: negamax returning -INF! depth=1 ply=5 legal_moves=34 alpha=-30000 beta=90
DEBUG: child returned INF! depth=3 score=-30000
DEBUG: evaluate returned crazy score! stand_pat=31725
DEBUG: child returned INF! depth=1 score=-30000
DEBUG: evaluate returned crazy score! stand_pat=31690
DEBUG: child returned INF! depth=1 score=-30000
DEBUG: evaluate returned crazy score! stand_pat=31730
DEBUG: child returned INF! depth=1 score=-30000
DEBUG: evaluate returned crazy score! stand_pat=31735
DEBUG: child returned INF! depth=1 score=-30000
DEBUG: evaluate returned crazy score! stand_pat=31730
DEBUG: child returned INF! depth=1 score=-30000
DEBUG: evaluate returned crazy score! stand_pat=31735
DEBUG: child returned INF! depth=1 score=-30000
DEBUG: evaluate returned crazy score! stand_pat=31740
DEBUG: child returned INF! depth=1 score=-30000
DEBUG: evaluate returned crazy score! stand_pat=31740
DEBUG: child returned INF! depth=1 score=-30000
DEBUG: evaluate returned crazy score! stand_pat=31735
DEBUG: child returned INF! depth=1 score=-30000
DEBUG: evaluate returned crazy score! stand_pat=31725
DEBUG: child returned INF! depth=1 score=-30000
DEBUG: evaluate returned crazy score! stand_pat=31715
DEBUG: child returned INF! depth=1 score=-30000
DEBUG: evaluate returned crazy score! stand_pat=31715
DEBUG: child returned INF! depth=1 score=-30000
DEBUG: evaluate returned crazy score! stand_pat=31720
DEBUG: child returned INF! depth=1 score=-30000
DEBUG: evaluate returned crazy score! stand_pat=31735
DEBUG: child returned INF! depth=1 score=-30000
DEBUG: evaluate returned crazy score! stand_pat=31735
DEBUG: child returned INF! depth=1 score=-30000
DEBUG: evaluate returned crazy score! stand_pat=31685
DEBUG: child returned INF! depth=1 score=-30000
DEBUG: evaluate returned crazy score! stand_pat=31725
DEBUG: child returned INF! depth=1 score=-30000
DEBUG: evaluate returned crazy score! stand_pat=31755
DEBUG: child returned INF! depth=1 score=-30000
DEBUG: evaluate returned crazy score! stand_pat=31755
DEBUG: child returned INF! depth=1 score=-30000
DEBUG: evaluate returned crazy score! stand_pat=31755
DEBUG: child returned INF! depth=1 score=-30000
DEBUG: evaluate returned crazy score! stand_pat=31755
DEBUG: child returned INF! depth=1 score=-30000
DEBUG: evaluate returned crazy score! stand_pat=31745
DEBUG: child returned INF! depth=1 score=-30000
DEBUG: evaluate returned crazy score! stand_pat=31725
DEBUG: child returned INF! depth=1 score=-30000
DEBUG: evaluate returned crazy score! stand_pat=31725
DEBUG: child returned INF! depth=1 score=-30000
DEBUG: evaluate returned crazy score! stand_pat=31730
DEBUG: child returned INF! depth=1 score=-30000
DEBUG: evaluate returned crazy score! stand_pat=31745
DEBUG: child returned INF! depth=1 score=-30000
DEBUG: evaluate returned crazy score! stand_pat=31755
DEBUG: child returned INF! depth=1 score=-30000
DEBUG: evaluate returned crazy score! stand_pat=31755
DEBUG: child returned INF! depth=1 score=-30000
DEBUG: evaluate returned crazy score! stand_pat=31755
DEBUG: child returned INF! depth=1 score=-30000
DEBUG: evaluate returned crazy score! stand_pat=31755
DEBUG: child returned INF! depth=1 score=-30000
DEBUG: evaluate returned crazy score! stand_pat=31755
DEBUG: child returned INF! depth=1 score=-30000
DEBUG: evaluate returned crazy score! stand_pat=31755
DEBUG: child returned INF! depth=1 score=-30000
DEBUG: evaluate returned crazy score! stand_pat=31785
DEBUG: child returned INF! depth=1 score=-30000
DEBUG: evaluate returned crazy score! stand_pat=31740
DEBUG: child returned INF! depth=1 score=-30000
DEBUG: evaluate returned crazy score! stand_pat=31775
DEBUG: child returned INF! depth=1 score=-30000
DEBUG: evaluate returned crazy score! stand_pat=31725
DEBUG: child returned INF! depth=1 score=-30000
DEBUG: evaluate returned crazy score! stand_pat=31740
DEBUG: child returned INF! depth=1 score=-30000
DEBUG: evaluate returned crazy score! stand_pat=31725
DEBUG: child returned INF! depth=1 score=-30000
DEBUG: negamax returning -INF! depth=1 ply=5 legal_moves=38 alpha=-30000 beta=90
DEBUG: child returned INF! depth=3 score=-30000
DEBUG: evaluate returned crazy score! stand_pat=31665
DEBUG: child returned INF! depth=1 score=-30000
DEBUG: evaluate returned crazy score! stand_pat=31730
DEBUG: child returned INF! depth=1 score=-30000
DEBUG: evaluate returned crazy score! stand_pat=31780
DEBUG: child returned INF! depth=1 score=-30000
DEBUG: evaluate returned crazy score! stand_pat=31730
DEBUG: child returned INF! depth=1 score=-30000
DEBUG: evaluate returned crazy score! stand_pat=31770
DEBUG: child returned INF! depth=1 score=-30000
DEBUG: evaluate returned crazy score! stand_pat=31800
DEBUG: child returned INF! depth=1 score=-30000
DEBUG: evaluate returned crazy score! stand_pat=31800
DEBUG: child returned INF! depth=1 score=-30000
DEBUG: evaluate returned crazy score! stand_pat=31800
DEBUG: child returned INF! depth=1 score=-30000
DEBUG: evaluate returned crazy score! stand_pat=31800
DEBUG: child returned INF! depth=1 score=-30000
DEBUG: evaluate returned crazy score! stand_pat=31800
DEBUG: child returned INF! depth=1 score=-30000
DEBUG: evaluate returned crazy score! stand_pat=31800
DEBUG: child returned INF! depth=1 score=-30000
DEBUG: evaluate returned crazy score! stand_pat=31790
DEBUG: child returned INF! depth=1 score=-30000
DEBUG: evaluate returned crazy score! stand_pat=31770
DEBUG: child returned INF! depth=1 score=-30000
DEBUG: evaluate returned crazy score! stand_pat=31780
DEBUG: child returned INF! depth=1 score=-30000
DEBUG: evaluate returned crazy score! stand_pat=31790
DEBUG: child returned INF! depth=1 score=-30000
DEBUG: evaluate returned crazy score! stand_pat=31770
DEBUG: child returned INF! depth=1 score=-30000
DEBUG: evaluate returned crazy score! stand_pat=31770
DEBUG: child returned INF! depth=1 score=-30000
DEBUG: evaluate returned crazy score! stand_pat=31775
DEBUG: child returned INF! depth=1 score=-30000
DEBUG: evaluate returned crazy score! stand_pat=31790
DEBUG: child returned INF! depth=1 score=-30000
DEBUG: evaluate returned crazy score! stand_pat=31785
DEBUG: child returned INF! depth=1 score=-30000
DEBUG: evaluate returned crazy score! stand_pat=31775
DEBUG: child returned INF! depth=1 score=-30000
DEBUG: evaluate returned crazy score! stand_pat=31775
DEBUG: child returned INF! depth=1 score=-30000
DEBUG: evaluate returned crazy score! stand_pat=31780
DEBUG: child returned INF! depth=1 score=-30000
DEBUG: evaluate returned crazy score! stand_pat=31790
DEBUG: child returned INF! depth=1 score=-30000
DEBUG: evaluate returned crazy score! stand_pat=31775
DEBUG: child returned INF! depth=1 score=-30000
DEBUG: evaluate returned crazy score! stand_pat=31780
DEBUG: child returned INF! depth=1 score=-30000
DEBUG: evaluate returned crazy score! stand_pat=31785
DEBUG: child returned INF! depth=1 score=-30000
DEBUG: evaluate returned crazy score! stand_pat=31775
DEBUG: child returned INF! depth=1 score=-30000
DEBUG: evaluate returned crazy score! stand_pat=31775
DEBUG: child returned INF! depth=1 score=-30000
DEBUG: evaluate returned crazy score! stand_pat=31775
DEBUG: child returned INF! depth=1 score=-30000
DEBUG: evaluate returned crazy score! stand_pat=31770
DEBUG: child returned INF! depth=1 score=-30000
DEBUG: evaluate returned crazy score! stand_pat=31800
DEBUG: child returned INF! depth=1 score=-30000
DEBUG: evaluate returned crazy score! stand_pat=31800
DEBUG: child returned INF! depth=1 score=-30000
DEBUG: evaluate returned crazy score! stand_pat=31800
DEBUG: child returned INF! depth=1 score=-30000
DEBUG: evaluate returned crazy score! stand_pat=31800
DEBUG: child returned INF! depth=1 score=-30000
DEBUG: evaluate returned crazy score! stand_pat=31800
DEBUG: child returned INF! depth=1 score=-30000
DEBUG: evaluate returned crazy score! stand_pat=31800
DEBUG: child returned INF! depth=1 score=-30000
DEBUG: negamax returning -INF! depth=1 ply=5 legal_moves=37 alpha=-30000 beta=90
DEBUG: child returned INF! depth=3 score=-30000
DEBUG: evaluate returned crazy score! stand_pat=31680
DEBUG: child returned INF! depth=1 score=-30000
DEBUG: evaluate returned crazy score! stand_pat=31695
DEBUG: child returned INF! depth=1 score=-30000
DEBUG: evaluate returned crazy score! stand_pat=31730
DEBUG: child returned INF! depth=1 score=-30000
DEBUG: evaluate returned crazy score! stand_pat=31775
DEBUG: child returned INF! depth=1 score=-30000
DEBUG: evaluate returned crazy score! stand_pat=31765
DEBUG: child returned INF! depth=1 score=-30000
DEBUG: evaluate returned crazy score! stand_pat=31755
DEBUG: child returned INF! depth=1 score=-30000
DEBUG: evaluate returned crazy score! stand_pat=31755
DEBUG: child returned INF! depth=1 score=-30000
DEBUG: evaluate returned crazy score! stand_pat=31760
DEBUG: child returned INF! depth=1 score=-30000
DEBUG: evaluate returned crazy score! stand_pat=31775
DEBUG: child returned INF! depth=1 score=-30000
DEBUG: evaluate returned crazy score! stand_pat=31775
DEBUG: child returned INF! depth=1 score=-30000
DEBUG: evaluate returned crazy score! stand_pat=31765
DEBUG: child returned INF! depth=1 score=-30000
DEBUG: evaluate returned crazy score! stand_pat=31795
DEBUG: child returned INF! depth=1 score=-30000
DEBUG: evaluate returned crazy score! stand_pat=31795
DEBUG: child returned INF! depth=1 score=-30000
DEBUG: evaluate returned crazy score! stand_pat=31795
DEBUG: child returned INF! depth=1 score=-30000
DEBUG: evaluate returned crazy score! stand_pat=31795
DEBUG: child returned INF! depth=1 score=-30000
DEBUG: evaluate returned crazy score! stand_pat=31795
DEBUG: child returned INF! depth=1 score=-30000
DEBUG: evaluate returned crazy score! stand_pat=31795
DEBUG: child returned INF! depth=1 score=-30000
DEBUG: evaluate returned crazy score! stand_pat=31785
DEBUG: child returned INF! depth=1 score=-30000
DEBUG: evaluate returned crazy score! stand_pat=31765
DEBUG: child returned INF! depth=1 score=-30000
DEBUG: evaluate returned crazy score! stand_pat=31775
DEBUG: child returned INF! depth=1 score=-30000
DEBUG: evaluate returned crazy score! stand_pat=31785
DEBUG: child returned INF! depth=1 score=-30000
DEBUG: evaluate returned crazy score! stand_pat=31765
DEBUG: child returned INF! depth=1 score=-30000
DEBUG: evaluate returned crazy score! stand_pat=31765
DEBUG: child returned INF! depth=1 score=-30000
DEBUG: evaluate returned crazy score! stand_pat=31765
DEBUG: child returned INF! depth=1 score=-30000
DEBUG: evaluate returned crazy score! stand_pat=31785
DEBUG: child returned INF! depth=1 score=-30000
DEBUG: evaluate returned crazy score! stand_pat=31795
DEBUG: child returned INF! depth=1 score=-30000
DEBUG: evaluate returned crazy score! stand_pat=31795
DEBUG: child returned INF! depth=1 score=-30000
DEBUG: evaluate returned crazy score! stand_pat=31795
DEBUG: child returned INF! depth=1 score=-30000
DEBUG: evaluate returned crazy score! stand_pat=31795
DEBUG: child returned INF! depth=1 score=-30000
DEBUG: evaluate returned crazy score! stand_pat=31780
DEBUG: child returned INF! depth=1 score=-30000
DEBUG: evaluate returned crazy score! stand_pat=31785
DEBUG: child returned INF! depth=1 score=-30000
DEBUG: evaluate returned crazy score! stand_pat=31775
DEBUG: child returned INF! depth=1 score=-30000
DEBUG: evaluate returned crazy score! stand_pat=31775
DEBUG: child returned INF! depth=1 score=-30000
DEBUG: evaluate returned crazy score! stand_pat=31725
DEBUG: child returned INF! depth=1 score=-30000
DEBUG: evaluate returned crazy score! stand_pat=31780
DEBUG: child returned INF! depth=1 score=-30000
DEBUG: evaluate returned crazy score! stand_pat=31785
DEBUG: child returned INF! depth=1 score=-30000
DEBUG: evaluate returned crazy score! stand_pat=31775
DEBUG: child returned INF! depth=1 score=-30000
DEBUG: evaluate returned crazy score! stand_pat=31775
DEBUG: child returned INF! depth=1 score=-30000
DEBUG: evaluate returned crazy score! stand_pat=31775
DEBUG: child returned INF! depth=1 score=-30000
DEBUG: evaluate returned crazy score! stand_pat=31775
DEBUG: child returned INF! depth=1 score=-30000
DEBUG: evaluate returned crazy score! stand_pat=31790
DEBUG: child returned INF! depth=1 score=-30000
DEBUG: evaluate returned crazy score! stand_pat=31780
DEBUG: child returned INF! depth=1 score=-30000
DEBUG: evaluate returned crazy score! stand_pat=31790
DEBUG: child returned INF! depth=1 score=-30000
DEBUG: evaluate returned crazy score! stand_pat=31775
DEBUG: child returned INF! depth=1 score=-30000
DEBUG: evaluate returned crazy score! stand_pat=31775
DEBUG: child returned INF! depth=1 score=-30000
DEBUG: evaluate returned crazy score! stand_pat=31775
DEBUG: child returned INF! depth=1 score=-30000
DEBUG: evaluate returned crazy score! stand_pat=31770
DEBUG: child returned INF! depth=1 score=-30000
DEBUG: negamax returning -INF! depth=1 ply=5 legal_moves=47 alpha=-30000 beta=90
DEBUG: child returned INF! depth=3 score=-30000
DEBUG: evaluate returned crazy score! stand_pat=32620
DEBUG: child returned INF! depth=1 score=-30000
DEBUG: evaluate returned crazy score! stand_pat=32615
DEBUG: child returned INF! depth=1 score=-30000
DEBUG: evaluate returned crazy score! stand_pat=32655
DEBUG: child returned INF! depth=1 score=-30000
DEBUG: evaluate returned crazy score! stand_pat=32645
DEBUG: child returned INF! depth=1 score=-30000
DEBUG: evaluate returned crazy score! stand_pat=32645
DEBUG: child returned INF! depth=1 score=-30000
DEBUG: evaluate returned crazy score! stand_pat=32650
DEBUG: child returned INF! depth=1 score=-30000
DEBUG: evaluate returned crazy score! stand_pat=32665
DEBUG: child returned INF! depth=1 score=-30000
DEBUG: evaluate returned crazy score! stand_pat=32655
DEBUG: child returned INF! depth=1 score=-30000
DEBUG: evaluate returned crazy score! stand_pat=32615
DEBUG: child returned INF! depth=1 score=-30000
DEBUG: evaluate returned crazy score! stand_pat=32655
DEBUG: child returned INF! depth=1 score=-30000
DEBUG: evaluate returned crazy score! stand_pat=32685
DEBUG: child returned INF! depth=1 score=-30000
DEBUG: evaluate returned crazy score! stand_pat=32685
DEBUG: child returned INF! depth=1 score=-30000
DEBUG: evaluate returned crazy score! stand_pat=32685
DEBUG: child returned INF! depth=1 score=-30000
DEBUG: evaluate returned crazy score! stand_pat=32685
DEBUG: child returned INF! depth=1 score=-30000
DEBUG: evaluate returned crazy score! stand_pat=32685
DEBUG: child returned INF! depth=1 score=-30000
DEBUG: evaluate returned crazy score! stand_pat=32685
DEBUG: child returned INF! depth=1 score=-30000
DEBUG: evaluate returned crazy score! stand_pat=32675
DEBUG: child returned INF! depth=1 score=-30000
DEBUG: evaluate returned crazy score! stand_pat=32655
DEBUG: child returned INF! depth=1 score=-30000
DEBUG: evaluate returned crazy score! stand_pat=32665
DEBUG: child returned INF! depth=1 score=-30000
DEBUG: evaluate returned crazy score! stand_pat=32675
DEBUG: child returned INF! depth=1 score=-30000
DEBUG: evaluate returned crazy score! stand_pat=32655
DEBUG: child returned INF! depth=1 score=-30000
DEBUG: evaluate returned crazy score! stand_pat=32655
DEBUG: child returned INF! depth=1 score=-30000
DEBUG: evaluate returned crazy score! stand_pat=32660
DEBUG: child returned INF! depth=1 score=-30000
DEBUG: evaluate returned crazy score! stand_pat=32675
DEBUG: child returned INF! depth=1 score=-30000
DEBUG: evaluate returned crazy score! stand_pat=32685
DEBUG: child returned INF! depth=1 score=-30000
DEBUG: evaluate returned crazy score! stand_pat=32685
DEBUG: child returned INF! depth=1 score=-30000
DEBUG: evaluate returned crazy score! stand_pat=32685
DEBUG: child returned INF! depth=1 score=-30000
DEBUG: evaluate returned crazy score! stand_pat=32685
DEBUG: child returned INF! depth=1 score=-30000
DEBUG: evaluate returned crazy score! stand_pat=32685
DEBUG: child returned INF! depth=1 score=-30000
DEBUG: negamax returning -INF! depth=1 ply=5 legal_moves=29 alpha=-30000 beta=90
DEBUG: child returned INF! depth=3 score=-30000
DEBUG: evaluate returned crazy score! stand_pat=31690
DEBUG: child returned INF! depth=1 score=-30000
DEBUG: evaluate returned crazy score! stand_pat=31680
DEBUG: child returned INF! depth=1 score=-30000
DEBUG: evaluate returned crazy score! stand_pat=31740
DEBUG: child returned INF! depth=1 score=-30000
DEBUG: evaluate returned crazy score! stand_pat=31785
DEBUG: child returned INF! depth=1 score=-30000
DEBUG: evaluate returned crazy score! stand_pat=31775
DEBUG: child returned INF! depth=1 score=-30000
DEBUG: evaluate returned crazy score! stand_pat=31765
DEBUG: child returned INF! depth=1 score=-30000
DEBUG: evaluate returned crazy score! stand_pat=31765
DEBUG: child returned INF! depth=1 score=-30000
DEBUG: evaluate returned crazy score! stand_pat=31770
DEBUG: child returned INF! depth=1 score=-30000
DEBUG: evaluate returned crazy score! stand_pat=31785
DEBUG: child returned INF! depth=1 score=-30000
DEBUG: evaluate returned crazy score! stand_pat=31785
DEBUG: child returned INF! depth=1 score=-30000
DEBUG: evaluate returned crazy score! stand_pat=31735
DEBUG: child returned INF! depth=1 score=-30000
DEBUG: evaluate returned crazy score! stand_pat=31775
DEBUG: child returned INF! depth=1 score=-30000
DEBUG: evaluate returned crazy score! stand_pat=31805
DEBUG: child returned INF! depth=1 score=-30000
DEBUG: evaluate returned crazy score! stand_pat=31805
DEBUG: child returned INF! depth=1 score=-30000
DEBUG: evaluate returned crazy score! stand_pat=31805
DEBUG: child returned INF! depth=1 score=-30000
DEBUG: evaluate returned crazy score! stand_pat=31805
DEBUG: child returned INF! depth=1 score=-30000
DEBUG: evaluate returned crazy score! stand_pat=31805
DEBUG: child returned INF! depth=1 score=-30000
DEBUG: evaluate returned crazy score! stand_pat=31805
DEBUG: child returned INF! depth=1 score=-30000
DEBUG: evaluate returned crazy score! stand_pat=31795
DEBUG: child returned INF! depth=1 score=-30000
DEBUG: evaluate returned crazy score! stand_pat=31775
DEBUG: child returned INF! depth=1 score=-30000
DEBUG: evaluate returned crazy score! stand_pat=31785
DEBUG: child returned INF! depth=1 score=-30000
DEBUG: evaluate returned crazy score! stand_pat=31795
DEBUG: child returned INF! depth=1 score=-30000
DEBUG: evaluate returned crazy score! stand_pat=31775
DEBUG: child returned INF! depth=1 score=-30000
DEBUG: evaluate returned crazy score! stand_pat=31775
DEBUG: child returned INF! depth=1 score=-30000
DEBUG: evaluate returned crazy score! stand_pat=31775
DEBUG: child returned INF! depth=1 score=-30000
DEBUG: evaluate returned crazy score! stand_pat=31795
DEBUG: child returned INF! depth=1 score=-30000
DEBUG: evaluate returned crazy score! stand_pat=31805
DEBUG: child returned INF! depth=1 score=-30000
DEBUG: evaluate returned crazy score! stand_pat=31805
DEBUG: child returned INF! depth=1 score=-30000
DEBUG: evaluate returned crazy score! stand_pat=31805
DEBUG: child returned INF! depth=1 score=-30000
DEBUG: evaluate returned crazy score! stand_pat=31805
DEBUG: child returned INF! depth=1 score=-30000
DEBUG: evaluate returned crazy score! stand_pat=31805
DEBUG: child returned INF! depth=1 score=-30000
DEBUG: evaluate returned crazy score! stand_pat=31805
DEBUG: child returned INF! depth=1 score=-30000
DEBUG: evaluate returned crazy score! stand_pat=31780
DEBUG: child returned INF! depth=1 score=-30000
DEBUG: evaluate returned crazy score! stand_pat=31775
DEBUG: child returned INF! depth=1 score=-30000
DEBUG: evaluate returned crazy score! stand_pat=31780
DEBUG: child returned INF! depth=1 score=-30000
DEBUG: evaluate returned crazy score! stand_pat=31785
DEBUG: child returned INF! depth=1 score=-30000
DEBUG: evaluate returned crazy score! stand_pat=31780
DEBUG: child returned INF! depth=1 score=-30000
DEBUG: evaluate returned crazy score! stand_pat=31735
DEBUG: child returned INF! depth=1 score=-30000
DEBUG: evaluate returned crazy score! stand_pat=31785
DEBUG: child returned INF! depth=1 score=-30000
DEBUG: evaluate returned crazy score! stand_pat=31790
DEBUG: child returned INF! depth=1 score=-30000
DEBUG: evaluate returned crazy score! stand_pat=31780
DEBUG: child returned INF! depth=1 score=-30000
DEBUG: evaluate returned crazy score! stand_pat=31775
DEBUG: child returned INF! depth=1 score=-30000
DEBUG: evaluate returned crazy score! stand_pat=31775
DEBUG: child returned INF! depth=1 score=-30000
DEBUG: evaluate returned crazy score! stand_pat=31775
DEBUG: child returned INF! depth=1 score=-30000
DEBUG: evaluate returned crazy score! stand_pat=31775
DEBUG: child returned INF! depth=1 score=-30000
DEBUG: evaluate returned crazy score! stand_pat=31780
DEBUG: child returned INF! depth=1 score=-30000
DEBUG: evaluate returned crazy score! stand_pat=31785
DEBUG: child returned INF! depth=1 score=-30000
DEBUG: evaluate returned crazy score! stand_pat=31790
DEBUG: child returned INF! depth=1 score=-30000
DEBUG: evaluate returned crazy score! stand_pat=31780
DEBUG: child returned INF! depth=1 score=-30000
DEBUG: negamax returning -INF! depth=1 ply=5 legal_moves=49 alpha=-30000 beta=90
DEBUG: child returned INF! depth=3 score=-30000
DEBUG: evaluate returned crazy score! stand_pat=31745
DEBUG: child returned INF! depth=1 score=-30000
DEBUG: evaluate returned crazy score! stand_pat=31740
DEBUG: child returned INF! depth=1 score=-30000
DEBUG: evaluate returned crazy score! stand_pat=31785
DEBUG: child returned INF! depth=1 score=-30000
DEBUG: evaluate returned crazy score! stand_pat=31790
DEBUG: child returned INF! depth=1 score=-30000
DEBUG: evaluate returned crazy score! stand_pat=31790
DEBUG: child returned INF! depth=1 score=-30000
DEBUG: evaluate returned crazy score! stand_pat=31780
DEBUG: child returned INF! depth=1 score=-30000
DEBUG: evaluate returned crazy score! stand_pat=31770
DEBUG: child returned INF! depth=1 score=-30000
DEBUG: evaluate returned crazy score! stand_pat=31770
DEBUG: child returned INF! depth=1 score=-30000
DEBUG: evaluate returned crazy score! stand_pat=31775
DEBUG: child returned INF! depth=1 score=-30000
DEBUG: evaluate returned crazy score! stand_pat=31790
DEBUG: child returned INF! depth=1 score=-30000
DEBUG: evaluate returned crazy score! stand_pat=31780
DEBUG: child returned INF! depth=1 score=-30000
DEBUG: evaluate returned crazy score! stand_pat=31740
DEBUG: child returned INF! depth=1 score=-30000
DEBUG: evaluate returned crazy score! stand_pat=31780
DEBUG: child returned INF! depth=1 score=-30000
DEBUG: evaluate returned crazy score! stand_pat=31810
DEBUG: child returned INF! depth=1 score=-30000
DEBUG: evaluate returned crazy score! stand_pat=31810
DEBUG: child returned INF! depth=1 score=-30000
DEBUG: evaluate returned crazy score! stand_pat=31810
DEBUG: child returned INF! depth=1 score=-30000
DEBUG: evaluate returned crazy score! stand_pat=31810
DEBUG: child returned INF! depth=1 score=-30000
DEBUG: evaluate returned crazy score! stand_pat=31810
DEBUG: child returned INF! depth=1 score=-30000
DEBUG: evaluate returned crazy score! stand_pat=31810
DEBUG: child returned INF! depth=1 score=-30000
DEBUG: evaluate returned crazy score! stand_pat=31780
DEBUG: child returned INF! depth=1 score=-30000
DEBUG: evaluate returned crazy score! stand_pat=31790
DEBUG: child returned INF! depth=1 score=-30000
DEBUG: evaluate returned crazy score! stand_pat=31800
DEBUG: child returned INF! depth=1 score=-30000
DEBUG: evaluate returned crazy score! stand_pat=31780
DEBUG: child returned INF! depth=1 score=-30000
DEBUG: evaluate returned crazy score! stand_pat=31780
DEBUG: child returned INF! depth=1 score=-30000
DEBUG: evaluate returned crazy score! stand_pat=31785
DEBUG: child returned INF! depth=1 score=-30000
DEBUG: evaluate returned crazy score! stand_pat=31800
DEBUG: child returned INF! depth=1 score=-30000
DEBUG: evaluate returned crazy score! stand_pat=31810
DEBUG: child returned INF! depth=1 score=-30000
DEBUG: evaluate returned crazy score! stand_pat=31810
DEBUG: child returned INF! depth=1 score=-30000
DEBUG: evaluate returned crazy score! stand_pat=31810
DEBUG: child returned INF! depth=1 score=-30000
DEBUG: evaluate returned crazy score! stand_pat=31810
DEBUG: child returned INF! depth=1 score=-30000
DEBUG: evaluate returned crazy score! stand_pat=31810
DEBUG: child returned INF! depth=1 score=-30000
DEBUG: evaluate returned crazy score! stand_pat=31810
DEBUG: child returned INF! depth=1 score=-30000
DEBUG: negamax returning -INF! depth=1 ply=5 legal_moves=32 alpha=-30000 beta=90
DEBUG: child returned INF! depth=3 score=-30000
DEBUG: evaluate returned crazy score! stand_pat=31775
DEBUG: child returned INF! depth=1 score=-30000
DEBUG: evaluate returned crazy score! stand_pat=31735
DEBUG: child returned INF! depth=1 score=-30000
DEBUG: evaluate returned crazy score! stand_pat=31790
DEBUG: child returned INF! depth=1 score=-30000
DEBUG: evaluate returned crazy score! stand_pat=31785
DEBUG: child returned INF! depth=1 score=-30000
DEBUG: evaluate returned crazy score! stand_pat=31735
DEBUG: child returned INF! depth=1 score=-30000
DEBUG: evaluate returned crazy score! stand_pat=31775
DEBUG: child returned INF! depth=1 score=-30000
DEBUG: evaluate returned crazy score! stand_pat=31805
DEBUG: child returned INF! depth=1 score=-30000
DEBUG: evaluate returned crazy score! stand_pat=31805
DEBUG: child returned INF! depth=1 score=-30000
DEBUG: evaluate returned crazy score! stand_pat=31805
DEBUG: child returned INF! depth=1 score=-30000
DEBUG: evaluate returned crazy score! stand_pat=31805
DEBUG: child returned INF! depth=1 score=-30000
DEBUG: evaluate returned crazy score! stand_pat=31805
DEBUG: child returned INF! depth=1 score=-30000
DEBUG: evaluate returned crazy score! stand_pat=31805
DEBUG: child returned INF! depth=1 score=-30000
DEBUG: evaluate returned crazy score! stand_pat=31795
DEBUG: child returned INF! depth=1 score=-30000
DEBUG: evaluate returned crazy score! stand_pat=31795
DEBUG: child returned INF! depth=1 score=-30000
DEBUG: evaluate returned crazy score! stand_pat=31775
DEBUG: child returned INF! depth=1 score=-30000
DEBUG: evaluate returned crazy score! stand_pat=31785
DEBUG: child returned INF! depth=1 score=-30000
DEBUG: evaluate returned crazy score! stand_pat=31795
DEBUG: child returned INF! depth=1 score=-30000
DEBUG: evaluate returned crazy score! stand_pat=31775
DEBUG: child returned INF! depth=1 score=-30000
DEBUG: evaluate returned crazy score! stand_pat=31775
DEBUG: child returned INF! depth=1 score=-30000
DEBUG: evaluate returned crazy score! stand_pat=31780
DEBUG: child returned INF! depth=1 score=-30000
DEBUG: evaluate returned crazy score! stand_pat=31795
DEBUG: child returned INF! depth=1 score=-30000
DEBUG: evaluate returned crazy score! stand_pat=31785
DEBUG: child returned INF! depth=1 score=-30000
DEBUG: evaluate returned crazy score! stand_pat=31805
DEBUG: child returned INF! depth=1 score=-30000
DEBUG: evaluate returned crazy score! stand_pat=31805
DEBUG: child returned INF! depth=1 score=-30000
DEBUG: evaluate returned crazy score! stand_pat=31805
DEBUG: child returned INF! depth=1 score=-30000
DEBUG: evaluate returned crazy score! stand_pat=31805
DEBUG: child returned INF! depth=1 score=-30000
DEBUG: evaluate returned crazy score! stand_pat=31805
DEBUG: child returned INF! depth=1 score=-30000
DEBUG: evaluate returned crazy score! stand_pat=31805
DEBUG: child returned INF! depth=1 score=-30000
DEBUG: evaluate returned crazy score! stand_pat=31805
DEBUG: child returned INF! depth=1 score=-30000
DEBUG: evaluate returned crazy score! stand_pat=31805
DEBUG: child returned INF! depth=1 score=-30000
DEBUG: evaluate returned crazy score! stand_pat=31805
DEBUG: child returned INF! depth=1 score=-30000
DEBUG: negamax returning -INF! depth=1 ply=5 legal_moves=31 alpha=-30000 beta=90
DEBUG: child returned INF! depth=3 score=-30000
DEBUG: evaluate returned crazy score! stand_pat=31765
DEBUG: child returned INF! depth=1 score=-30000
DEBUG: evaluate returned crazy score! stand_pat=31725
DEBUG: child returned INF! depth=1 score=-30000
DEBUG: evaluate returned crazy score! stand_pat=31780
DEBUG: child returned INF! depth=1 score=-30000
DEBUG: evaluate returned crazy score! stand_pat=31765
DEBUG: child returned INF! depth=1 score=-30000
DEBUG: evaluate returned crazy score! stand_pat=31725
DEBUG: child returned INF! depth=1 score=-30000
DEBUG: evaluate returned crazy score! stand_pat=31765
DEBUG: child returned INF! depth=1 score=-30000
DEBUG: evaluate returned crazy score! stand_pat=31795
DEBUG: child returned INF! depth=1 score=-30000
DEBUG: evaluate returned crazy score! stand_pat=31795
DEBUG: child returned INF! depth=1 score=-30000
DEBUG: evaluate returned crazy score! stand_pat=31795
DEBUG: child returned INF! depth=1 score=-30000
DEBUG: evaluate returned crazy score! stand_pat=31795
DEBUG: child returned INF! depth=1 score=-30000
DEBUG: evaluate returned crazy score! stand_pat=31795
DEBUG: child returned INF! depth=1 score=-30000
DEBUG: evaluate returned crazy score! stand_pat=31795
DEBUG: child returned INF! depth=1 score=-30000
DEBUG: evaluate returned crazy score! stand_pat=31785
DEBUG: child returned INF! depth=1 score=-30000
DEBUG: evaluate returned crazy score! stand_pat=31765
DEBUG: child returned INF! depth=1 score=-30000
DEBUG: evaluate returned crazy score! stand_pat=31775
DEBUG: child returned INF! depth=1 score=-30000
DEBUG: evaluate returned crazy score! stand_pat=31785
DEBUG: child returned INF! depth=1 score=-30000
DEBUG: evaluate returned crazy score! stand_pat=31765
DEBUG: child returned INF! depth=1 score=-30000
DEBUG: evaluate returned crazy score! stand_pat=31765
DEBUG: child returned INF! depth=1 score=-30000
DEBUG: evaluate returned crazy score! stand_pat=31770
DEBUG: child returned INF! depth=1 score=-30000
DEBUG: evaluate returned crazy score! stand_pat=31785
DEBUG: child returned INF! depth=1 score=-30000
DEBUG: evaluate returned crazy score! stand_pat=31785
DEBUG: child returned INF! depth=1 score=-30000
DEBUG: evaluate returned crazy score! stand_pat=31765
DEBUG: child returned INF! depth=1 score=-30000
DEBUG: evaluate returned crazy score! stand_pat=31765
DEBUG: child returned INF! depth=1 score=-30000
DEBUG: evaluate returned crazy score! stand_pat=31770
DEBUG: child returned INF! depth=1 score=-30000
DEBUG: evaluate returned crazy score! stand_pat=31785
DEBUG: child returned INF! depth=1 score=-30000
DEBUG: evaluate returned crazy score! stand_pat=31765
DEBUG: child returned INF! depth=1 score=-30000
DEBUG: evaluate returned crazy score! stand_pat=31775
DEBUG: child returned INF! depth=1 score=-30000
DEBUG: evaluate returned crazy score! stand_pat=31785
DEBUG: child returned INF! depth=1 score=-30000
DEBUG: evaluate returned crazy score! stand_pat=31795
DEBUG: child returned INF! depth=1 score=-30000
DEBUG: evaluate returned crazy score! stand_pat=31795
DEBUG: child returned INF! depth=1 score=-30000
DEBUG: evaluate returned crazy score! stand_pat=31795
DEBUG: child returned INF! depth=1 score=-30000
DEBUG: evaluate returned crazy score! stand_pat=31795
DEBUG: child returned INF! depth=1 score=-30000
DEBUG: evaluate returned crazy score! stand_pat=31795
DEBUG: child returned INF! depth=1 score=-30000
DEBUG: evaluate returned crazy score! stand_pat=31795
DEBUG: child returned INF! depth=1 score=-30000
DEBUG: negamax returning -INF! depth=1 ply=5 legal_moves=34 alpha=-30000 beta=90
DEBUG: child returned INF! depth=3 score=-30000
DEBUG: evaluate returned crazy score! stand_pat=31685
DEBUG: child returned INF! depth=1 score=-30000
DEBUG: evaluate returned crazy score! stand_pat=31755
DEBUG: child returned INF! depth=1 score=-30000
DEBUG: evaluate returned crazy score! stand_pat=31720
DEBUG: child returned INF! depth=1 score=-30000
DEBUG: evaluate returned crazy score! stand_pat=31760
DEBUG: child returned INF! depth=1 score=-30000
DEBUG: evaluate returned crazy score! stand_pat=31760
DEBUG: child returned INF! depth=1 score=-30000
DEBUG: evaluate returned crazy score! stand_pat=31765
DEBUG: child returned INF! depth=1 score=-30000
DEBUG: evaluate returned crazy score! stand_pat=31770
DEBUG: child returned INF! depth=1 score=-30000
DEBUG: evaluate returned crazy score! stand_pat=31755
DEBUG: child returned INF! depth=1 score=-30000
DEBUG: evaluate returned crazy score! stand_pat=31765
DEBUG: child returned INF! depth=1 score=-30000
DEBUG: evaluate returned crazy score! stand_pat=31715
DEBUG: child returned INF! depth=1 score=-30000
DEBUG: evaluate returned crazy score! stand_pat=31715
DEBUG: child returned INF! depth=1 score=-30000
DEBUG: evaluate returned crazy score! stand_pat=31755
DEBUG: child returned INF! depth=1 score=-30000
DEBUG: evaluate returned crazy score! stand_pat=31785
DEBUG: child returned INF! depth=1 score=-30000
DEBUG: evaluate returned crazy score! stand_pat=31785
DEBUG: child returned INF! depth=1 score=-30000
DEBUG: evaluate returned crazy score! stand_pat=31785
DEBUG: child returned INF! depth=1 score=-30000
DEBUG: evaluate returned crazy score! stand_pat=31785
DEBUG: child returned INF! depth=1 score=-30000
DEBUG: evaluate returned crazy score! stand_pat=31785
DEBUG: child returned INF! depth=1 score=-30000
DEBUG: evaluate returned crazy score! stand_pat=31785
DEBUG: child returned INF! depth=1 score=-30000
DEBUG: evaluate returned crazy score! stand_pat=31775
DEBUG: child returned INF! depth=1 score=-30000
DEBUG: evaluate returned crazy score! stand_pat=31755
DEBUG: child returned INF! depth=1 score=-30000
DEBUG: evaluate returned crazy score! stand_pat=31755
DEBUG: child returned INF! depth=1 score=-30000
DEBUG: evaluate returned crazy score! stand_pat=31775
DEBUG: child returned INF! depth=1 score=-30000
DEBUG: evaluate returned crazy score! stand_pat=31755
DEBUG: child returned INF! depth=1 score=-30000
DEBUG: evaluate returned crazy score! stand_pat=31755
DEBUG: child returned INF! depth=1 score=-30000
DEBUG: evaluate returned crazy score! stand_pat=31760
DEBUG: child returned INF! depth=1 score=-30000
DEBUG: evaluate returned crazy score! stand_pat=31775
DEBUG: child returned INF! depth=1 score=-30000
DEBUG: evaluate returned crazy score! stand_pat=31785
DEBUG: child returned INF! depth=1 score=-30000
DEBUG: evaluate returned crazy score! stand_pat=31785
DEBUG: child returned INF! depth=1 score=-30000
DEBUG: evaluate returned crazy score! stand_pat=31785
DEBUG: child returned INF! depth=1 score=-30000
DEBUG: evaluate returned crazy score! stand_pat=31785
DEBUG: child returned INF! depth=1 score=-30000
DEBUG: evaluate returned crazy score! stand_pat=31785
DEBUG: child returned INF! depth=1 score=-30000
DEBUG: evaluate returned crazy score! stand_pat=31785
DEBUG: child returned INF! depth=1 score=-30000
DEBUG: evaluate returned crazy score! stand_pat=31775
DEBUG: child returned INF! depth=1 score=-30000
DEBUG: evaluate returned crazy score! stand_pat=31785
DEBUG: child returned INF! depth=1 score=-30000
DEBUG: evaluate returned crazy score! stand_pat=31765
DEBUG: child returned INF! depth=1 score=-30000
DEBUG: evaluate returned crazy score! stand_pat=31770
DEBUG: child returned INF! depth=1 score=-30000
DEBUG: evaluate returned crazy score! stand_pat=31785
DEBUG: child returned INF! depth=1 score=-30000
DEBUG: evaluate returned crazy score! stand_pat=31765
DEBUG: child returned INF! depth=1 score=-30000
DEBUG: evaluate returned crazy score! stand_pat=31770
DEBUG: child returned INF! depth=1 score=-30000
DEBUG: evaluate returned crazy score! stand_pat=31775
DEBUG: child returned INF! depth=1 score=-30000
DEBUG: evaluate returned crazy score! stand_pat=31765
DEBUG: child returned INF! depth=1 score=-30000
DEBUG: negamax returning -INF! depth=1 ply=5 legal_moves=41 alpha=-30000 beta=90
DEBUG: child returned INF! depth=3 score=-30000
DEBUG: evaluate returned crazy score! stand_pat=31655
DEBUG: child returned INF! depth=1 score=-30000
DEBUG: evaluate returned crazy score! stand_pat=31755
DEBUG: child returned INF! depth=1 score=-30000
DEBUG: evaluate returned crazy score! stand_pat=31720
DEBUG: child returned INF! depth=1 score=-30000
DEBUG: evaluate returned crazy score! stand_pat=31760
DEBUG: child returned INF! depth=1 score=-30000
DEBUG: evaluate returned crazy score! stand_pat=31760
DEBUG: child returned INF! depth=1 score=-30000
DEBUG: evaluate returned crazy score! stand_pat=31765
DEBUG: child returned INF! depth=1 score=-30000
DEBUG: evaluate returned crazy score! stand_pat=31770
DEBUG: child returned INF! depth=1 score=-30000
DEBUG: evaluate returned crazy score! stand_pat=31755
DEBUG: child returned INF! depth=1 score=-30000
DEBUG: evaluate returned crazy score! stand_pat=31765
DEBUG: child returned INF! depth=1 score=-30000
DEBUG: evaluate returned crazy score! stand_pat=31715
DEBUG: child returned INF! depth=1 score=-30000
DEBUG: evaluate returned crazy score! stand_pat=31715
DEBUG: child returned INF! depth=1 score=-30000
DEBUG: evaluate returned crazy score! stand_pat=31755
DEBUG: child returned INF! depth=1 score=-30000
DEBUG: evaluate returned crazy score! stand_pat=31785
DEBUG: child returned INF! depth=1 score=-30000
DEBUG: evaluate returned crazy score! stand_pat=31785
DEBUG: child returned INF! depth=1 score=-30000
DEBUG: evaluate returned crazy score! stand_pat=31785
DEBUG: child returned INF! depth=1 score=-30000
DEBUG: evaluate returned crazy score! stand_pat=31785
DEBUG: child returned INF! depth=1 score=-30000
DEBUG: evaluate returned crazy score! stand_pat=31785
DEBUG: child returned INF! depth=1 score=-30000
DEBUG: evaluate returned crazy score! stand_pat=31775
DEBUG: child returned INF! depth=1 score=-30000
DEBUG: evaluate returned crazy score! stand_pat=31755
DEBUG: child returned INF! depth=1 score=-30000
DEBUG: evaluate returned crazy score! stand_pat=31755
DEBUG: child returned INF! depth=1 score=-30000
DEBUG: evaluate returned crazy score! stand_pat=31775
DEBUG: child returned INF! depth=1 score=-30000
DEBUG: evaluate returned crazy score! stand_pat=31755
DEBUG: child returned INF! depth=1 score=-30000
DEBUG: evaluate returned crazy score! stand_pat=31755
DEBUG: child returned INF! depth=1 score=-30000
DEBUG: evaluate returned crazy score! stand_pat=31760
DEBUG: child returned INF! depth=1 score=-30000
DEBUG: evaluate returned crazy score! stand_pat=31775
DEBUG: child returned INF! depth=1 score=-30000
DEBUG: evaluate returned crazy score! stand_pat=31785
DEBUG: child returned INF! depth=1 score=-30000
DEBUG: evaluate returned crazy score! stand_pat=31785
DEBUG: child returned INF! depth=1 score=-30000
DEBUG: evaluate returned crazy score! stand_pat=31785
DEBUG: child returned INF! depth=1 score=-30000
DEBUG: evaluate returned crazy score! stand_pat=31785
DEBUG: child returned INF! depth=1 score=-30000
DEBUG: evaluate returned crazy score! stand_pat=31785
DEBUG: child returned INF! depth=1 score=-30000
DEBUG: evaluate returned crazy score! stand_pat=31785
DEBUG: child returned INF! depth=1 score=-30000
DEBUG: evaluate returned crazy score! stand_pat=31765
DEBUG: child returned INF! depth=1 score=-30000
DEBUG: evaluate returned crazy score! stand_pat=31765
DEBUG: child returned INF! depth=1 score=-30000
DEBUG: evaluate returned crazy score! stand_pat=31775
DEBUG: child returned INF! depth=1 score=-30000
DEBUG: evaluate returned crazy score! stand_pat=31785
DEBUG: child returned INF! depth=1 score=-30000
DEBUG: evaluate returned crazy score! stand_pat=31770
DEBUG: child returned INF! depth=1 score=-30000
DEBUG: evaluate returned crazy score! stand_pat=31785
DEBUG: child returned INF! depth=1 score=-30000
DEBUG: evaluate returned crazy score! stand_pat=31765
DEBUG: child returned INF! depth=1 score=-30000
DEBUG: evaluate returned crazy score! stand_pat=31765
DEBUG: child returned INF! depth=1 score=-30000
DEBUG: negamax returning -INF! depth=1 ply=5 legal_moves=39 alpha=-30000 beta=90
DEBUG: child returned INF! depth=3 score=-30000
DEBUG: evaluate returned crazy score! stand_pat=32065
DEBUG: child returned INF! depth=1 score=-30000
DEBUG: evaluate returned crazy score! stand_pat=32030
DEBUG: child returned INF! depth=1 score=-30000
DEBUG: evaluate returned crazy score! stand_pat=32070
DEBUG: child returned INF! depth=1 score=-30000
DEBUG: evaluate returned crazy score! stand_pat=32025
DEBUG: child returned INF! depth=1 score=-30000
DEBUG: evaluate returned crazy score! stand_pat=32070
DEBUG: child returned INF! depth=1 score=-30000
DEBUG: evaluate returned crazy score! stand_pat=32075
DEBUG: child returned INF! depth=1 score=-30000
DEBUG: evaluate returned crazy score! stand_pat=32080
DEBUG: child returned INF! depth=1 score=-30000
DEBUG: evaluate returned crazy score! stand_pat=32065
DEBUG: child returned INF! depth=1 score=-30000
DEBUG: evaluate returned crazy score! stand_pat=32075
DEBUG: child returned INF! depth=1 score=-30000
DEBUG: evaluate returned crazy score! stand_pat=32065
DEBUG: child returned INF! depth=1 score=-30000
DEBUG: evaluate returned crazy score! stand_pat=32025
DEBUG: child returned INF! depth=1 score=-30000
DEBUG: evaluate returned crazy score! stand_pat=32065
DEBUG: child returned INF! depth=1 score=-30000
DEBUG: evaluate returned crazy score! stand_pat=32095
DEBUG: child returned INF! depth=1 score=-30000
DEBUG: evaluate returned crazy score! stand_pat=32095
DEBUG: child returned INF! depth=1 score=-30000
DEBUG: evaluate returned crazy score! stand_pat=32095
DEBUG: child returned INF! depth=1 score=-30000
DEBUG: evaluate returned crazy score! stand_pat=32095
DEBUG: child returned INF! depth=1 score=-30000
DEBUG: evaluate returned crazy score! stand_pat=32095
DEBUG: child returned INF! depth=1 score=-30000
DEBUG: evaluate returned crazy score! stand_pat=32095
DEBUG: child returned INF! depth=1 score=-30000
DEBUG: evaluate returned crazy score! stand_pat=32085
DEBUG: child returned INF! depth=1 score=-30000
DEBUG: evaluate returned crazy score! stand_pat=32065
DEBUG: child returned INF! depth=1 score=-30000
DEBUG: evaluate returned crazy score! stand_pat=32075
DEBUG: child returned INF! depth=1 score=-30000
DEBUG: evaluate returned crazy score! stand_pat=32085
DEBUG: child returned INF! depth=1 score=-30000
DEBUG: evaluate returned crazy score! stand_pat=32065
DEBUG: child returned INF! depth=1 score=-30000
DEBUG: evaluate returned crazy score! stand_pat=32065
DEBUG: child returned INF! depth=1 score=-30000
DEBUG: evaluate returned crazy score! stand_pat=32070
DEBUG: child returned INF! depth=1 score=-30000
DEBUG: evaluate returned crazy score! stand_pat=32085
DEBUG: child returned INF! depth=1 score=-30000
DEBUG: evaluate returned crazy score! stand_pat=32095
DEBUG: child returned INF! depth=1 score=-30000
DEBUG: evaluate returned crazy score! stand_pat=32095
DEBUG: child returned INF! depth=1 score=-30000
DEBUG: evaluate returned crazy score! stand_pat=32095
DEBUG: child returned INF! depth=1 score=-30000
DEBUG: evaluate returned crazy score! stand_pat=32095
DEBUG: child returned INF! depth=1 score=-30000
DEBUG: evaluate returned crazy score! stand_pat=32095
DEBUG: child returned INF! depth=1 score=-30000
DEBUG: evaluate returned crazy score! stand_pat=32095
DEBUG: child returned INF! depth=1 score=-30000
DEBUG: negamax returning -INF! depth=1 ply=5 legal_moves=32 alpha=-30000 beta=90
DEBUG: child returned INF! depth=3 score=-30000
DEBUG: evaluate returned crazy score! stand_pat=32075
DEBUG: child returned INF! depth=1 score=-30000
DEBUG: evaluate returned crazy score! stand_pat=32040
DEBUG: child returned INF! depth=1 score=-30000
DEBUG: evaluate returned crazy score! stand_pat=32080
DEBUG: child returned INF! depth=1 score=-30000
DEBUG: evaluate returned crazy score! stand_pat=32035
DEBUG: child returned INF! depth=1 score=-30000
DEBUG: evaluate returned crazy score! stand_pat=32080
DEBUG: child returned INF! depth=1 score=-30000
DEBUG: evaluate returned crazy score! stand_pat=32085
DEBUG: child returned INF! depth=1 score=-30000
DEBUG: evaluate returned crazy score! stand_pat=32090
DEBUG: child returned INF! depth=1 score=-30000
DEBUG: evaluate returned crazy score! stand_pat=32075
DEBUG: child returned INF! depth=1 score=-30000
DEBUG: evaluate returned crazy score! stand_pat=32085
DEBUG: child returned INF! depth=1 score=-30000
DEBUG: evaluate returned crazy score! stand_pat=32075
DEBUG: child returned INF! depth=1 score=-30000
DEBUG: evaluate returned crazy score! stand_pat=32035
DEBUG: child returned INF! depth=1 score=-30000
DEBUG: evaluate returned crazy score! stand_pat=32075
DEBUG: child returned INF! depth=1 score=-30000
DEBUG: evaluate returned crazy score! stand_pat=32105
DEBUG: child returned INF! depth=1 score=-30000
DEBUG: evaluate returned crazy score! stand_pat=32105
DEBUG: child returned INF! depth=1 score=-30000
DEBUG: evaluate returned crazy score! stand_pat=32105
DEBUG: child returned INF! depth=1 score=-30000
DEBUG: evaluate returned crazy score! stand_pat=32105
DEBUG: child returned INF! depth=1 score=-30000
DEBUG: evaluate returned crazy score! stand_pat=32105
DEBUG: child returned INF! depth=1 score=-30000
DEBUG: evaluate returned crazy score! stand_pat=32105
DEBUG: child returned INF! depth=1 score=-30000
DEBUG: evaluate returned crazy score! stand_pat=32095
DEBUG: child returned INF! depth=1 score=-30000
DEBUG: evaluate returned crazy score! stand_pat=32075
DEBUG: child returned INF! depth=1 score=-30000
DEBUG: evaluate returned crazy score! stand_pat=32085
DEBUG: child returned INF! depth=1 score=-30000
DEBUG: evaluate returned crazy score! stand_pat=32095
DEBUG: child returned INF! depth=1 score=-30000
DEBUG: evaluate returned crazy score! stand_pat=32075
DEBUG: child returned INF! depth=1 score=-30000
DEBUG: evaluate returned crazy score! stand_pat=32075
DEBUG: child returned INF! depth=1 score=-30000
DEBUG: evaluate returned crazy score! stand_pat=32080
DEBUG: child returned INF! depth=1 score=-30000
DEBUG: evaluate returned crazy score! stand_pat=32095
DEBUG: child returned INF! depth=1 score=-30000
DEBUG: evaluate returned crazy score! stand_pat=32105
DEBUG: child returned INF! depth=1 score=-30000
DEBUG: evaluate returned crazy score! stand_pat=32105
DEBUG: child returned INF! depth=1 score=-30000
DEBUG: evaluate returned crazy score! stand_pat=32105
DEBUG: child returned INF! depth=1 score=-30000
DEBUG: evaluate returned crazy score! stand_pat=32105
DEBUG: child returned INF! depth=1 score=-30000
DEBUG: evaluate returned crazy score! stand_pat=32105
DEBUG: child returned INF! depth=1 score=-30000
DEBUG: evaluate returned crazy score! stand_pat=32105
DEBUG: child returned INF! depth=1 score=-30000
DEBUG: negamax returning -INF! depth=1 ply=5 legal_moves=32 alpha=-30000 beta=90
DEBUG: child returned INF! depth=3 score=-30000
DEBUG: evaluate returned crazy score! stand_pat=31730
DEBUG: child returned INF! depth=1 score=-30000
DEBUG: evaluate returned crazy score! stand_pat=31690
DEBUG: child returned INF! depth=1 score=-30000
DEBUG: evaluate returned crazy score! stand_pat=31745
DEBUG: child returned INF! depth=1 score=-30000
DEBUG: evaluate returned crazy score! stand_pat=31740
DEBUG: child returned INF! depth=1 score=-30000
DEBUG: evaluate returned crazy score! stand_pat=31760
DEBUG: child returned INF! depth=1 score=-30000
DEBUG: evaluate returned crazy score! stand_pat=31760
DEBUG: child returned INF! depth=1 score=-30000
DEBUG: evaluate returned crazy score! stand_pat=31760
DEBUG: child returned INF! depth=1 score=-30000
DEBUG: evaluate returned crazy score! stand_pat=31760
DEBUG: child returned INF! depth=1 score=-30000
DEBUG: evaluate returned crazy score! stand_pat=31760
DEBUG: child returned INF! depth=1 score=-30000
DEBUG: evaluate returned crazy score! stand_pat=31760
DEBUG: child returned INF! depth=1 score=-30000
DEBUG: evaluate returned crazy score! stand_pat=31750
DEBUG: child returned INF! depth=1 score=-30000
DEBUG: evaluate returned crazy score! stand_pat=31730
DEBUG: child returned INF! depth=1 score=-30000
DEBUG: evaluate returned crazy score! stand_pat=31740
DEBUG: child returned INF! depth=1 score=-30000
DEBUG: evaluate returned crazy score! stand_pat=31750
DEBUG: child returned INF! depth=1 score=-30000
DEBUG: evaluate returned crazy score! stand_pat=31730
DEBUG: child returned INF! depth=1 score=-30000
DEBUG: evaluate returned crazy score! stand_pat=31730
DEBUG: child returned INF! depth=1 score=-30000
DEBUG: evaluate returned crazy score! stand_pat=31735
DEBUG: child returned INF! depth=1 score=-30000
DEBUG: evaluate returned crazy score! stand_pat=31750
DEBUG: child returned INF! depth=1 score=-30000
DEBUG: evaluate returned crazy score! stand_pat=31775
DEBUG: child returned INF! depth=1 score=-30000
DEBUG: evaluate returned crazy score! stand_pat=31785
DEBUG: child returned INF! depth=1 score=-30000
DEBUG: evaluate returned crazy score! stand_pat=31735
DEBUG: child returned INF! depth=1 score=-30000
DEBUG: evaluate returned crazy score! stand_pat=31740
DEBUG: child returned INF! depth=1 score=-30000
DEBUG: evaluate returned crazy score! stand_pat=31725
DEBUG: child returned INF! depth=1 score=-30000
DEBUG: evaluate returned crazy score! stand_pat=31730
DEBUG: child returned INF! depth=1 score=-30000
DEBUG: evaluate returned crazy score! stand_pat=31760
DEBUG: child returned INF! depth=1 score=-30000
DEBUG: evaluate returned crazy score! stand_pat=31760
DEBUG: child returned INF! depth=1 score=-30000
DEBUG: evaluate returned crazy score! stand_pat=31760
DEBUG: child returned INF! depth=1 score=-30000
DEBUG: evaluate returned crazy score! stand_pat=31760
DEBUG: child returned INF! depth=1 score=-30000
DEBUG: evaluate returned crazy score! stand_pat=31760
DEBUG: child returned INF! depth=1 score=-30000
DEBUG: evaluate returned crazy score! stand_pat=31760
DEBUG: child returned INF! depth=1 score=-30000
DEBUG: negamax returning -INF! depth=1 ply=5 legal_moves=30 alpha=-30000 beta=90
DEBUG: child returned INF! depth=3 score=-30000
DEBUG: evaluate returned crazy score! stand_pat=31765
DEBUG: child returned INF! depth=1 score=-30000
DEBUG: evaluate returned crazy score! stand_pat=31730
DEBUG: child returned INF! depth=1 score=-30000
DEBUG: evaluate returned crazy score! stand_pat=31770
DEBUG: child returned INF! depth=1 score=-30000
DEBUG: evaluate returned crazy score! stand_pat=31775
DEBUG: child returned INF! depth=1 score=-30000
DEBUG: evaluate returned crazy score! stand_pat=31770
DEBUG: child returned INF! depth=1 score=-30000
DEBUG: evaluate returned crazy score! stand_pat=31775
DEBUG: child returned INF! depth=1 score=-30000
DEBUG: evaluate returned crazy score! stand_pat=31780
DEBUG: child returned INF! depth=1 score=-30000
DEBUG: evaluate returned crazy score! stand_pat=31780
DEBUG: child returned INF! depth=1 score=-30000
DEBUG: evaluate returned crazy score! stand_pat=31775
DEBUG: child returned INF! depth=1 score=-30000
DEBUG: evaluate returned crazy score! stand_pat=31765
DEBUG: child returned INF! depth=1 score=-30000
DEBUG: evaluate returned crazy score! stand_pat=31755
DEBUG: child returned INF! depth=1 score=-30000
DEBUG: evaluate returned crazy score! stand_pat=31755
DEBUG: child returned INF! depth=1 score=-30000
DEBUG: evaluate returned crazy score! stand_pat=31760
DEBUG: child returned INF! depth=1 score=-30000
DEBUG: evaluate returned crazy score! stand_pat=31775
DEBUG: child returned INF! depth=1 score=-30000
DEBUG: evaluate returned crazy score! stand_pat=31775
DEBUG: child returned INF! depth=1 score=-30000
DEBUG: evaluate returned crazy score! stand_pat=31725
DEBUG: child returned INF! depth=1 score=-30000
DEBUG: evaluate returned crazy score! stand_pat=31765
DEBUG: child returned INF! depth=1 score=-30000
DEBUG: evaluate returned crazy score! stand_pat=31795
DEBUG: child returned INF! depth=1 score=-30000
DEBUG: evaluate returned crazy score! stand_pat=31795
DEBUG: child returned INF! depth=1 score=-30000
DEBUG: evaluate returned crazy score! stand_pat=31795
DEBUG: child returned INF! depth=1 score=-30000
DEBUG: evaluate returned crazy score! stand_pat=31795
DEBUG: child returned INF! depth=1 score=-30000
DEBUG: evaluate returned crazy score! stand_pat=31785
DEBUG: child returned INF! depth=1 score=-30000
DEBUG: evaluate returned crazy score! stand_pat=31765
DEBUG: child returned INF! depth=1 score=-30000
DEBUG: evaluate returned crazy score! stand_pat=31775
DEBUG: child returned INF! depth=1 score=-30000
DEBUG: evaluate returned crazy score! stand_pat=31785
DEBUG: child returned INF! depth=1 score=-30000
DEBUG: evaluate returned crazy score! stand_pat=31765
DEBUG: child returned INF! depth=1 score=-30000
DEBUG: evaluate returned crazy score! stand_pat=31765
DEBUG: child returned INF! depth=1 score=-30000
DEBUG: evaluate returned crazy score! stand_pat=31770
DEBUG: child returned INF! depth=1 score=-30000
DEBUG: evaluate returned crazy score! stand_pat=31785
DEBUG: child returned INF! depth=1 score=-30000
DEBUG: evaluate returned crazy score! stand_pat=31795
DEBUG: child returned INF! depth=1 score=-30000
DEBUG: evaluate returned crazy score! stand_pat=31795
DEBUG: child returned INF! depth=1 score=-30000
DEBUG: evaluate returned crazy score! stand_pat=31795
DEBUG: child returned INF! depth=1 score=-30000
DEBUG: evaluate returned crazy score! stand_pat=31795
DEBUG: child returned INF! depth=1 score=-30000
DEBUG: evaluate returned crazy score! stand_pat=31795
DEBUG: child returned INF! depth=1 score=-30000
DEBUG: evaluate returned crazy score! stand_pat=31795
DEBUG: child returned INF! depth=1 score=-30000
DEBUG: evaluate returned crazy score! stand_pat=31785
DEBUG: child returned INF! depth=1 score=-30000
DEBUG: evaluate returned crazy score! stand_pat=31730
DEBUG: child returned INF! depth=1 score=-30000
DEBUG: evaluate returned crazy score! stand_pat=31740
DEBUG: child returned INF! depth=1 score=-30000
DEBUG: negamax returning -INF! depth=1 ply=5 legal_moves=38 alpha=-30000 beta=90
DEBUG: child returned INF! depth=3 score=-30000
DEBUG: evaluate returned crazy score! stand_pat=31735
DEBUG: child returned INF! depth=1 score=-30000
DEBUG: evaluate returned crazy score! stand_pat=32025
DEBUG: child returned INF! depth=1 score=-30000
DEBUG: evaluate returned crazy score! stand_pat=32030
DEBUG: child returned INF! depth=1 score=-30000
DEBUG: evaluate returned crazy score! stand_pat=31985
DEBUG: child returned INF! depth=1 score=-30000
DEBUG: evaluate returned crazy score! stand_pat=32030
DEBUG: child returned INF! depth=1 score=-30000
DEBUG: evaluate returned crazy score! stand_pat=32035
DEBUG: child returned INF! depth=1 score=-30000
DEBUG: evaluate returned crazy score! stand_pat=32040
DEBUG: child returned INF! depth=1 score=-30000
DEBUG: evaluate returned crazy score! stand_pat=32035
DEBUG: child returned INF! depth=1 score=-30000
DEBUG: evaluate returned crazy score! stand_pat=32025
DEBUG: child returned INF! depth=1 score=-30000
DEBUG: evaluate returned crazy score! stand_pat=32015
DEBUG: child returned INF! depth=1 score=-30000
DEBUG: evaluate returned crazy score! stand_pat=32015
DEBUG: child returned INF! depth=1 score=-30000
DEBUG: evaluate returned crazy score! stand_pat=32020
DEBUG: child returned INF! depth=1 score=-30000
DEBUG: evaluate returned crazy score! stand_pat=32035
DEBUG: child returned INF! depth=1 score=-30000
DEBUG: evaluate returned crazy score! stand_pat=32035
DEBUG: child returned INF! depth=1 score=-30000
DEBUG: evaluate returned crazy score! stand_pat=32055
DEBUG: child returned INF! depth=1 score=-30000
DEBUG: evaluate returned crazy score! stand_pat=32055
DEBUG: child returned INF! depth=1 score=-30000
DEBUG: evaluate returned crazy score! stand_pat=32025
DEBUG: child returned INF! depth=1 score=-30000
DEBUG: evaluate returned crazy score! stand_pat=32055
DEBUG: child returned INF! depth=1 score=-30000
DEBUG: evaluate returned crazy score! stand_pat=32055
DEBUG: child returned INF! depth=1 score=-30000
DEBUG: evaluate returned crazy score! stand_pat=32055
DEBUG: child returned INF! depth=1 score=-30000
DEBUG: evaluate returned crazy score! stand_pat=32045
DEBUG: child returned INF! depth=1 score=-30000
DEBUG: evaluate returned crazy score! stand_pat=32025
DEBUG: child returned INF! depth=1 score=-30000
DEBUG: evaluate returned crazy score! stand_pat=32035
DEBUG: child returned INF! depth=1 score=-30000
DEBUG: evaluate returned crazy score! stand_pat=32045
DEBUG: child returned INF! depth=1 score=-30000
DEBUG: evaluate returned crazy score! stand_pat=32025
DEBUG: child returned INF! depth=1 score=-30000
DEBUG: evaluate returned crazy score! stand_pat=32025
DEBUG: child returned INF! depth=1 score=-30000
DEBUG: evaluate returned crazy score! stand_pat=32030
DEBUG: child returned INF! depth=1 score=-30000
DEBUG: evaluate returned crazy score! stand_pat=32045
DEBUG: child returned INF! depth=1 score=-30000
DEBUG: evaluate returned crazy score! stand_pat=32055
DEBUG: child returned INF! depth=1 score=-30000
DEBUG: evaluate returned crazy score! stand_pat=32055
DEBUG: child returned INF! depth=1 score=-30000
DEBUG: evaluate returned crazy score! stand_pat=32055
DEBUG: child returned INF! depth=1 score=-30000
DEBUG: evaluate returned crazy score! stand_pat=32055
DEBUG: child returned INF! depth=1 score=-30000
DEBUG: evaluate returned crazy score! stand_pat=32055
DEBUG: child returned INF! depth=1 score=-30000
DEBUG: negamax returning -INF! depth=1 ply=5 legal_moves=33 alpha=-30000 beta=90
DEBUG: child returned INF! depth=3 score=-30000
DEBUG: evaluate returned crazy score! stand_pat=31795
DEBUG: child returned INF! depth=1 score=-30000
DEBUG: evaluate returned crazy score! stand_pat=31760
DEBUG: child returned INF! depth=1 score=-30000
DEBUG: evaluate returned crazy score! stand_pat=31800
DEBUG: child returned INF! depth=1 score=-30000
DEBUG: evaluate returned crazy score! stand_pat=31755
DEBUG: child returned INF! depth=1 score=-30000
DEBUG: evaluate returned crazy score! stand_pat=31800
DEBUG: child returned INF! depth=1 score=-30000
DEBUG: evaluate returned crazy score! stand_pat=31805
DEBUG: child returned INF! depth=1 score=-30000
DEBUG: evaluate returned crazy score! stand_pat=31810
DEBUG: child returned INF! depth=1 score=-30000
DEBUG: evaluate returned crazy score! stand_pat=31805
DEBUG: child returned INF! depth=1 score=-30000
DEBUG: evaluate returned crazy score! stand_pat=31795
DEBUG: child returned INF! depth=1 score=-30000
DEBUG: evaluate returned crazy score! stand_pat=31785
DEBUG: child returned INF! depth=1 score=-30000
DEBUG: evaluate returned crazy score! stand_pat=31785
DEBUG: child returned INF! depth=1 score=-30000
DEBUG: evaluate returned crazy score! stand_pat=31790
DEBUG: child returned INF! depth=1 score=-30000
DEBUG: evaluate returned crazy score! stand_pat=31805
DEBUG: child returned INF! depth=1 score=-30000
DEBUG: evaluate returned crazy score! stand_pat=31810
DEBUG: child returned INF! depth=1 score=-30000
DEBUG: evaluate returned crazy score! stand_pat=31755
DEBUG: child returned INF! depth=1 score=-30000
DEBUG: evaluate returned crazy score! stand_pat=31795
DEBUG: child returned INF! depth=1 score=-30000
DEBUG: evaluate returned crazy score! stand_pat=31825
DEBUG: child returned INF! depth=1 score=-30000
DEBUG: evaluate returned crazy score! stand_pat=31825
DEBUG: child returned INF! depth=1 score=-30000
DEBUG: evaluate returned crazy score! stand_pat=31825
DEBUG: child returned INF! depth=1 score=-30000
DEBUG: evaluate returned crazy score! stand_pat=31825
DEBUG: child returned INF! depth=1 score=-30000
DEBUG: evaluate returned crazy score! stand_pat=31815
DEBUG: child returned INF! depth=1 score=-30000
DEBUG: evaluate returned crazy score! stand_pat=31795
DEBUG: child returned INF! depth=1 score=-30000
DEBUG: evaluate returned crazy score! stand_pat=31805
DEBUG: child returned INF! depth=1 score=-30000
DEBUG: evaluate returned crazy score! stand_pat=31815
DEBUG: child returned INF! depth=1 score=-30000
DEBUG: evaluate returned crazy score! stand_pat=31795
DEBUG: child returned INF! depth=1 score=-30000
DEBUG: evaluate returned crazy score! stand_pat=31795
DEBUG: child returned INF! depth=1 score=-30000
DEBUG: evaluate returned crazy score! stand_pat=31800
DEBUG: child returned INF! depth=1 score=-30000
DEBUG: evaluate returned crazy score! stand_pat=31815
DEBUG: child returned INF! depth=1 score=-30000
DEBUG: evaluate returned crazy score! stand_pat=31825
DEBUG: child returned INF! depth=1 score=-30000
DEBUG: evaluate returned crazy score! stand_pat=31825
DEBUG: child returned INF! depth=1 score=-30000
DEBUG: evaluate returned crazy score! stand_pat=31825
DEBUG: child returned INF! depth=1 score=-30000
DEBUG: evaluate returned crazy score! stand_pat=31825
DEBUG: child returned INF! depth=1 score=-30000
DEBUG: evaluate returned crazy score! stand_pat=31825
DEBUG: child returned INF! depth=1 score=-30000
DEBUG: evaluate returned crazy score! stand_pat=31825
DEBUG: child returned INF! depth=1 score=-30000
DEBUG: evaluate returned crazy score! stand_pat=31805
DEBUG: child returned INF! depth=1 score=-30000
DEBUG: negamax returning -INF! depth=1 ply=5 legal_moves=35 alpha=-30000 beta=90
DEBUG: child returned INF! depth=3 score=-30000
DEBUG: evaluate returned crazy score! stand_pat=31795
DEBUG: child returned INF! depth=1 score=-30000
DEBUG: evaluate returned crazy score! stand_pat=31760
DEBUG: child returned INF! depth=1 score=-30000
DEBUG: evaluate returned crazy score! stand_pat=31795
DEBUG: child returned INF! depth=1 score=-30000
DEBUG: evaluate returned crazy score! stand_pat=31755
DEBUG: child returned INF! depth=1 score=-30000
DEBUG: evaluate returned crazy score! stand_pat=31800
DEBUG: child returned INF! depth=1 score=-30000
DEBUG: evaluate returned crazy score! stand_pat=31810
DEBUG: child returned INF! depth=1 score=-30000
DEBUG: evaluate returned crazy score! stand_pat=31800
DEBUG: child returned INF! depth=1 score=-30000
DEBUG: evaluate returned crazy score! stand_pat=31805
DEBUG: child returned INF! depth=1 score=-30000
DEBUG: evaluate returned crazy score! stand_pat=31810
DEBUG: child returned INF! depth=1 score=-30000
DEBUG: evaluate returned crazy score! stand_pat=31805
DEBUG: child returned INF! depth=1 score=-30000
DEBUG: evaluate returned crazy score! stand_pat=31795
DEBUG: child returned INF! depth=1 score=-30000
DEBUG: evaluate returned crazy score! stand_pat=31785
DEBUG: child returned INF! depth=1 score=-30000
DEBUG: evaluate returned crazy score! stand_pat=31785
DEBUG: child returned INF! depth=1 score=-30000
DEBUG: evaluate returned crazy score! stand_pat=31790
DEBUG: child returned INF! depth=1 score=-30000
DEBUG: evaluate returned crazy score! stand_pat=31805
DEBUG: child returned INF! depth=1 score=-30000
DEBUG: evaluate returned crazy score! stand_pat=31810
DEBUG: child returned INF! depth=1 score=-30000
DEBUG: evaluate returned crazy score! stand_pat=31755
DEBUG: child returned INF! depth=1 score=-30000
DEBUG: evaluate returned crazy score! stand_pat=31795
DEBUG: child returned INF! depth=1 score=-30000
DEBUG: evaluate returned crazy score! stand_pat=31825
DEBUG: child returned INF! depth=1 score=-30000
DEBUG: evaluate returned crazy score! stand_pat=31825
DEBUG: child returned INF! depth=1 score=-30000
DEBUG: evaluate returned crazy score! stand_pat=31825
DEBUG: child returned INF! depth=1 score=-30000
DEBUG: evaluate returned crazy score! stand_pat=31825
DEBUG: child returned INF! depth=1 score=-30000
DEBUG: evaluate returned crazy score! stand_pat=31815
DEBUG: child returned INF! depth=1 score=-30000
DEBUG: evaluate returned crazy score! stand_pat=31795
DEBUG: child returned INF! depth=1 score=-30000
DEBUG: evaluate returned crazy score! stand_pat=31805
DEBUG: child returned INF! depth=1 score=-30000
DEBUG: evaluate returned crazy score! stand_pat=31815
DEBUG: child returned INF! depth=1 score=-30000
DEBUG: evaluate returned crazy score! stand_pat=31795
DEBUG: child returned INF! depth=1 score=-30000
DEBUG: evaluate returned crazy score! stand_pat=31795
DEBUG: child returned INF! depth=1 score=-30000
DEBUG: evaluate returned crazy score! stand_pat=31800
DEBUG: child returned INF! depth=1 score=-30000
DEBUG: evaluate returned crazy score! stand_pat=31815
DEBUG: child returned INF! depth=1 score=-30000
DEBUG: evaluate returned crazy score! stand_pat=31825
DEBUG: child returned INF! depth=1 score=-30000
DEBUG: evaluate returned crazy score! stand_pat=31825
DEBUG: child returned INF! depth=1 score=-30000
DEBUG: evaluate returned crazy score! stand_pat=31825
DEBUG: child returned INF! depth=1 score=-30000
DEBUG: evaluate returned crazy score! stand_pat=31825
DEBUG: child returned INF! depth=1 score=-30000
DEBUG: evaluate returned crazy score! stand_pat=31825
DEBUG: child returned INF! depth=1 score=-30000
DEBUG: evaluate returned crazy score! stand_pat=31825
DEBUG: child returned INF! depth=1 score=-30000
DEBUG: evaluate returned crazy score! stand_pat=31780
DEBUG: child returned INF! depth=1 score=-30000
DEBUG: negamax returning -INF! depth=1 ply=5 legal_moves=37 alpha=-30000 beta=90
DEBUG: child returned INF! depth=3 score=-30000
DEBUG: evaluate returned crazy score! stand_pat=31795
DEBUG: child returned INF! depth=1 score=-30000
DEBUG: evaluate returned crazy score! stand_pat=31760
DEBUG: child returned INF! depth=1 score=-30000
DEBUG: evaluate returned crazy score! stand_pat=31800
DEBUG: child returned INF! depth=1 score=-30000
DEBUG: evaluate returned crazy score! stand_pat=31755
DEBUG: child returned INF! depth=1 score=-30000
DEBUG: evaluate returned crazy score! stand_pat=31800
DEBUG: child returned INF! depth=1 score=-30000
DEBUG: evaluate returned crazy score! stand_pat=31805
DEBUG: child returned INF! depth=1 score=-30000
DEBUG: evaluate returned crazy score! stand_pat=31810
DEBUG: child returned INF! depth=1 score=-30000
DEBUG: evaluate returned crazy score! stand_pat=31805
DEBUG: child returned INF! depth=1 score=-30000
DEBUG: evaluate returned crazy score! stand_pat=31795
DEBUG: child returned INF! depth=1 score=-30000
DEBUG: evaluate returned crazy score! stand_pat=31785
DEBUG: child returned INF! depth=1 score=-30000
DEBUG: evaluate returned crazy score! stand_pat=31785
DEBUG: child returned INF! depth=1 score=-30000
DEBUG: evaluate returned crazy score! stand_pat=31790
DEBUG: child returned INF! depth=1 score=-30000
DEBUG: evaluate returned crazy score! stand_pat=31805
DEBUG: child returned INF! depth=1 score=-30000
DEBUG: evaluate returned crazy score! stand_pat=31795
DEBUG: child returned INF! depth=1 score=-30000
DEBUG: evaluate returned crazy score! stand_pat=31755
DEBUG: child returned INF! depth=1 score=-30000
DEBUG: evaluate returned crazy score! stand_pat=31795
DEBUG: child returned INF! depth=1 score=-30000
DEBUG: evaluate returned crazy score! stand_pat=31825
DEBUG: child returned INF! depth=1 score=-30000
DEBUG: evaluate returned crazy score! stand_pat=31825
DEBUG: child returned INF! depth=1 score=-30000
DEBUG: evaluate returned crazy score! stand_pat=31825
DEBUG: child returned INF! depth=1 score=-30000
DEBUG: evaluate returned crazy score! stand_pat=31825
DEBUG: child returned INF! depth=1 score=-30000
DEBUG: evaluate returned crazy score! stand_pat=31815
DEBUG: child returned INF! depth=1 score=-30000
DEBUG: evaluate returned crazy score! stand_pat=31795
DEBUG: child returned INF! depth=1 score=-30000
DEBUG: evaluate returned crazy score! stand_pat=31805
DEBUG: child returned INF! depth=1 score=-30000
DEBUG: evaluate returned crazy score! stand_pat=31815
DEBUG: child returned INF! depth=1 score=-30000
DEBUG: evaluate returned crazy score! stand_pat=31795
DEBUG: child returned INF! depth=1 score=-30000
DEBUG: evaluate returned crazy score! stand_pat=31795
DEBUG: child returned INF! depth=1 score=-30000
DEBUG: evaluate returned crazy score! stand_pat=31800
DEBUG: child returned INF! depth=1 score=-30000
DEBUG: evaluate returned crazy score! stand_pat=31815
DEBUG: child returned INF! depth=1 score=-30000
DEBUG: evaluate returned crazy score! stand_pat=31825
DEBUG: child returned INF! depth=1 score=-30000
DEBUG: evaluate returned crazy score! stand_pat=31825
DEBUG: child returned INF! depth=1 score=-30000
DEBUG: evaluate returned crazy score! stand_pat=31825
DEBUG: child returned INF! depth=1 score=-30000
DEBUG: evaluate returned crazy score! stand_pat=31825
DEBUG: child returned INF! depth=1 score=-30000
DEBUG: evaluate returned crazy score! stand_pat=31825
DEBUG: child returned INF! depth=1 score=-30000
DEBUG: evaluate returned crazy score! stand_pat=31825
DEBUG: child returned INF! depth=1 score=-30000
DEBUG: evaluate returned crazy score! stand_pat=31805
DEBUG: child returned INF! depth=1 score=-30000
DEBUG: negamax returning -INF! depth=1 ply=5 legal_moves=35 alpha=-30000 beta=90
DEBUG: child returned INF! depth=3 score=-30000
DEBUG: evaluate returned crazy score! stand_pat=31795
DEBUG: child returned INF! depth=1 score=-30000
DEBUG: evaluate returned crazy score! stand_pat=31760
DEBUG: child returned INF! depth=1 score=-30000
DEBUG: evaluate returned crazy score! stand_pat=31800
DEBUG: child returned INF! depth=1 score=-30000
DEBUG: evaluate returned crazy score! stand_pat=31755
DEBUG: child returned INF! depth=1 score=-30000
DEBUG: evaluate returned crazy score! stand_pat=31800
DEBUG: child returned INF! depth=1 score=-30000
DEBUG: evaluate returned crazy score! stand_pat=31805
DEBUG: child returned INF! depth=1 score=-30000
DEBUG: evaluate returned crazy score! stand_pat=31810
DEBUG: child returned INF! depth=1 score=-30000
DEBUG: evaluate returned crazy score! stand_pat=31805
DEBUG: child returned INF! depth=1 score=-30000
DEBUG: evaluate returned crazy score! stand_pat=31795
DEBUG: child returned INF! depth=1 score=-30000
DEBUG: evaluate returned crazy score! stand_pat=31785
DEBUG: child returned INF! depth=1 score=-30000
DEBUG: evaluate returned crazy score! stand_pat=31785
DEBUG: child returned INF! depth=1 score=-30000
DEBUG: evaluate returned crazy score! stand_pat=31790
DEBUG: child returned INF! depth=1 score=-30000
DEBUG: evaluate returned crazy score! stand_pat=31805
DEBUG: child returned INF! depth=1 score=-30000
DEBUG: evaluate returned crazy score! stand_pat=31795
DEBUG: child returned INF! depth=1 score=-30000
DEBUG: evaluate returned crazy score! stand_pat=31755
DEBUG: child returned INF! depth=1 score=-30000
DEBUG: evaluate returned crazy score! stand_pat=31795
DEBUG: child returned INF! depth=1 score=-30000
DEBUG: evaluate returned crazy score! stand_pat=31825
DEBUG: child returned INF! depth=1 score=-30000
DEBUG: evaluate returned crazy score! stand_pat=31825
DEBUG: child returned INF! depth=1 score=-30000
DEBUG: evaluate returned crazy score! stand_pat=31825
DEBUG: child returned INF! depth=1 score=-30000
DEBUG: evaluate returned crazy score! stand_pat=31825
DEBUG: child returned INF! depth=1 score=-30000
DEBUG: evaluate returned crazy score! stand_pat=31815
DEBUG: child returned INF! depth=1 score=-30000
DEBUG: evaluate returned crazy score! stand_pat=31795
DEBUG: child returned INF! depth=1 score=-30000
DEBUG: evaluate returned crazy score! stand_pat=31795
DEBUG: child returned INF! depth=1 score=-30000
DEBUG: evaluate returned crazy score! stand_pat=31795
DEBUG: child returned INF! depth=1 score=-30000
DEBUG: evaluate returned crazy score! stand_pat=31800
DEBUG: child returned INF! depth=1 score=-30000
DEBUG: evaluate returned crazy score! stand_pat=31815
DEBUG: child returned INF! depth=1 score=-30000
DEBUG: evaluate returned crazy score! stand_pat=31825
DEBUG: child returned INF! depth=1 score=-30000
DEBUG: evaluate returned crazy score! stand_pat=31825
DEBUG: child returned INF! depth=1 score=-30000
DEBUG: evaluate returned crazy score! stand_pat=31825
DEBUG: child returned INF! depth=1 score=-30000
DEBUG: evaluate returned crazy score! stand_pat=31825
DEBUG: child returned INF! depth=1 score=-30000
DEBUG: evaluate returned crazy score! stand_pat=31825
DEBUG: child returned INF! depth=1 score=-30000
DEBUG: evaluate returned crazy score! stand_pat=31825
DEBUG: child returned INF! depth=1 score=-30000
DEBUG: evaluate returned crazy score! stand_pat=31780
DEBUG: child returned INF! depth=1 score=-30000
DEBUG: negamax returning -INF! depth=1 ply=5 legal_moves=33 alpha=-30000 beta=90
DEBUG: child returned INF! depth=3 score=-30000
DEBUG: evaluate returned crazy score! stand_pat=31795
DEBUG: child returned INF! depth=1 score=-30000
DEBUG: evaluate returned crazy score! stand_pat=31760
DEBUG: child returned INF! depth=1 score=-30000
DEBUG: evaluate returned crazy score! stand_pat=31795
DEBUG: child returned INF! depth=1 score=-30000
DEBUG: evaluate returned crazy score! stand_pat=31800
DEBUG: child returned INF! depth=1 score=-30000
DEBUG: evaluate returned crazy score! stand_pat=31800
DEBUG: child returned INF! depth=1 score=-30000
DEBUG: evaluate returned crazy score! stand_pat=31795
DEBUG: child returned INF! depth=1 score=-30000
DEBUG: evaluate returned crazy score! stand_pat=31800
DEBUG: child returned INF! depth=1 score=-30000
DEBUG: evaluate returned crazy score! stand_pat=31805
DEBUG: child returned INF! depth=1 score=-30000
DEBUG: evaluate returned crazy score! stand_pat=31810
DEBUG: child returned INF! depth=1 score=-30000
DEBUG: evaluate returned crazy score! stand_pat=31805
DEBUG: child returned INF! depth=1 score=-30000
DEBUG: evaluate returned crazy score! stand_pat=31795
DEBUG: child returned INF! depth=1 score=-30000
DEBUG: evaluate returned crazy score! stand_pat=31785
DEBUG: child returned INF! depth=1 score=-30000
DEBUG: evaluate returned crazy score! stand_pat=31785
DEBUG: child returned INF! depth=1 score=-30000
DEBUG: evaluate returned crazy score! stand_pat=31790
DEBUG: child returned INF! depth=1 score=-30000
DEBUG: evaluate returned crazy score! stand_pat=31805
DEBUG: child returned INF! depth=1 score=-30000
DEBUG: evaluate returned crazy score! stand_pat=31795
DEBUG: child returned INF! depth=1 score=-30000
DEBUG: evaluate returned crazy score! stand_pat=31755
DEBUG: child returned INF! depth=1 score=-30000
DEBUG: evaluate returned crazy score! stand_pat=31795
DEBUG: child returned INF! depth=1 score=-30000
DEBUG: evaluate returned crazy score! stand_pat=31825
DEBUG: child returned INF! depth=1 score=-30000
DEBUG: evaluate returned crazy score! stand_pat=31825
DEBUG: child returned INF! depth=1 score=-30000
DEBUG: evaluate returned crazy score! stand_pat=31825
DEBUG: child returned INF! depth=1 score=-30000
DEBUG: evaluate returned crazy score! stand_pat=31825
DEBUG: child returned INF! depth=1 score=-30000
DEBUG: evaluate returned crazy score! stand_pat=31815
DEBUG: child returned INF! depth=1 score=-30000
DEBUG: evaluate returned crazy score! stand_pat=31795
DEBUG: child returned INF! depth=1 score=-30000
DEBUG: evaluate returned crazy score! stand_pat=31795
DEBUG: child returned INF! depth=1 score=-30000
DEBUG: evaluate returned crazy score! stand_pat=31800
DEBUG: child returned INF! depth=1 score=-30000
DEBUG: evaluate returned crazy score! stand_pat=31815
DEBUG: child returned INF! depth=1 score=-30000
DEBUG: evaluate returned crazy score! stand_pat=31825
DEBUG: child returned INF! depth=1 score=-30000
DEBUG: evaluate returned crazy score! stand_pat=31825
DEBUG: child returned INF! depth=1 score=-30000
DEBUG: evaluate returned crazy score! stand_pat=31825
DEBUG: child returned INF! depth=1 score=-30000
DEBUG: evaluate returned crazy score! stand_pat=31825
DEBUG: child returned INF! depth=1 score=-30000
DEBUG: evaluate returned crazy score! stand_pat=31825
DEBUG: child returned INF! depth=1 score=-30000
DEBUG: evaluate returned crazy score! stand_pat=31825
DEBUG: child returned INF! depth=1 score=-30000
DEBUG: evaluate returned crazy score! stand_pat=31805
DEBUG: child returned INF! depth=1 score=-30000
DEBUG: negamax returning -INF! depth=1 ply=5 legal_moves=34 alpha=-30000 beta=90
DEBUG: child returned INF! depth=3 score=-30000
DEBUG: evaluate returned crazy score! stand_pat=31795
DEBUG: child returned INF! depth=1 score=-30000
DEBUG: evaluate returned crazy score! stand_pat=31760
DEBUG: child returned INF! depth=1 score=-30000
DEBUG: evaluate returned crazy score! stand_pat=31795
DEBUG: child returned INF! depth=1 score=-30000
DEBUG: evaluate returned crazy score! stand_pat=31795
DEBUG: child returned INF! depth=1 score=-30000
DEBUG: evaluate returned crazy score! stand_pat=31800
DEBUG: child returned INF! depth=1 score=-30000
DEBUG: evaluate returned crazy score! stand_pat=31800
DEBUG: child returned INF! depth=1 score=-30000
DEBUG: evaluate returned crazy score! stand_pat=31755
DEBUG: child returned INF! depth=1 score=-30000
DEBUG: evaluate returned crazy score! stand_pat=31800
DEBUG: child returned INF! depth=1 score=-30000
DEBUG: evaluate returned crazy score! stand_pat=31805
DEBUG: child returned INF! depth=1 score=-30000
DEBUG: evaluate returned crazy score! stand_pat=31810
DEBUG: child returned INF! depth=1 score=-30000
DEBUG: evaluate returned crazy score! stand_pat=31805
DEBUG: child returned INF! depth=1 score=-30000
DEBUG: evaluate returned crazy score! stand_pat=31795
DEBUG: child returned INF! depth=1 score=-30000
DEBUG: evaluate returned crazy score! stand_pat=31785
DEBUG: child returned INF! depth=1 score=-30000
DEBUG: evaluate returned crazy score! stand_pat=31795
DEBUG: child returned INF! depth=1 score=-30000
DEBUG: evaluate returned crazy score! stand_pat=31755
DEBUG: child returned INF! depth=1 score=-30000
DEBUG: evaluate returned crazy score! stand_pat=31795
DEBUG: child returned INF! depth=1 score=-30000
DEBUG: evaluate returned crazy score! stand_pat=31825
DEBUG: child returned INF! depth=1 score=-30000
DEBUG: evaluate returned crazy score! stand_pat=31825
DEBUG: child returned INF! depth=1 score=-30000
DEBUG: evaluate returned crazy score! stand_pat=31825
DEBUG: child returned INF! depth=1 score=-30000
DEBUG: evaluate returned crazy score! stand_pat=31825
DEBUG: child returned INF! depth=1 score=-30000
DEBUG: evaluate returned crazy score! stand_pat=31815
DEBUG: child returned INF! depth=1 score=-30000
DEBUG: evaluate returned crazy score! stand_pat=31795
DEBUG: child returned INF! depth=1 score=-30000
DEBUG: evaluate returned crazy score! stand_pat=31805
DEBUG: child returned INF! depth=1 score=-30000
DEBUG: evaluate returned crazy score! stand_pat=31815
DEBUG: child returned INF! depth=1 score=-30000
DEBUG: evaluate returned crazy score! stand_pat=31795
DEBUG: child returned INF! depth=1 score=-30000
DEBUG: evaluate returned crazy score! stand_pat=31795
DEBUG: child returned INF! depth=1 score=-30000
DEBUG: evaluate returned crazy score! stand_pat=31800
DEBUG: child returned INF! depth=1 score=-30000
DEBUG: evaluate returned crazy score! stand_pat=31815
DEBUG: child returned INF! depth=1 score=-30000
DEBUG: evaluate returned crazy score! stand_pat=31825
DEBUG: child returned INF! depth=1 score=-30000
DEBUG: evaluate returned crazy score! stand_pat=31825
DEBUG: child returned INF! depth=1 score=-30000
DEBUG: evaluate returned crazy score! stand_pat=31825
DEBUG: child returned INF! depth=1 score=-30000
DEBUG: evaluate returned crazy score! stand_pat=31825
DEBUG: child returned INF! depth=1 score=-30000
DEBUG: evaluate returned crazy score! stand_pat=31825
DEBUG: child returned INF! depth=1 score=-30000
DEBUG: evaluate returned crazy score! stand_pat=31825
DEBUG: child returned INF! depth=1 score=-30000
DEBUG: evaluate returned crazy score! stand_pat=31775
DEBUG: child returned INF! depth=1 score=-30000
DEBUG: negamax returning -INF! depth=1 ply=5 legal_moves=35 alpha=-30000 beta=90
DEBUG: child returned INF! depth=3 score=-30000
DEBUG: evaluate returned crazy score! stand_pat=31785
DEBUG: child returned INF! depth=1 score=-30000
DEBUG: evaluate returned crazy score! stand_pat=31750
DEBUG: child returned INF! depth=1 score=-30000
DEBUG: evaluate returned crazy score! stand_pat=31745
DEBUG: child returned INF! depth=1 score=-30000
DEBUG: evaluate returned crazy score! stand_pat=31785
DEBUG: child returned INF! depth=1 score=-30000
DEBUG: evaluate returned crazy score! stand_pat=31775
DEBUG: child returned INF! depth=1 score=-30000
DEBUG: evaluate returned crazy score! stand_pat=31775
DEBUG: child returned INF! depth=1 score=-30000
DEBUG: evaluate returned crazy score! stand_pat=31780
DEBUG: child returned INF! depth=1 score=-30000
DEBUG: evaluate returned crazy score! stand_pat=31795
DEBUG: child returned INF! depth=1 score=-30000
DEBUG: evaluate returned crazy score! stand_pat=31790
DEBUG: child returned INF! depth=1 score=-30000
DEBUG: evaluate returned crazy score! stand_pat=31785
DEBUG: child returned INF! depth=1 score=-30000
DEBUG: evaluate returned crazy score! stand_pat=31790
DEBUG: child returned INF! depth=1 score=-30000
DEBUG: evaluate returned crazy score! stand_pat=31795
DEBUG: child returned INF! depth=1 score=-30000
DEBUG: evaluate returned crazy score! stand_pat=31790
DEBUG: child returned INF! depth=1 score=-30000
DEBUG: evaluate returned crazy score! stand_pat=31785
DEBUG: child returned INF! depth=1 score=-30000
DEBUG: evaluate returned crazy score! stand_pat=31785
DEBUG: child returned INF! depth=1 score=-30000
DEBUG: evaluate returned crazy score! stand_pat=31785
DEBUG: child returned INF! depth=1 score=-30000
DEBUG: evaluate returned crazy score! stand_pat=31785
DEBUG: child returned INF! depth=1 score=-30000
DEBUG: evaluate returned crazy score! stand_pat=31790
DEBUG: child returned INF! depth=1 score=-30000
DEBUG: evaluate returned crazy score! stand_pat=31795
DEBUG: child returned INF! depth=1 score=-30000
DEBUG: evaluate returned crazy score! stand_pat=31795
DEBUG: child returned INF! depth=1 score=-30000
DEBUG: evaluate returned crazy score! stand_pat=31795
DEBUG: child returned INF! depth=1 score=-30000
DEBUG: evaluate returned crazy score! stand_pat=31785
DEBUG: child returned INF! depth=1 score=-30000
DEBUG: evaluate returned crazy score! stand_pat=31775
DEBUG: child returned INF! depth=1 score=-30000
DEBUG: evaluate returned crazy score! stand_pat=31775
DEBUG: child returned INF! depth=1 score=-30000
DEBUG: evaluate returned crazy score! stand_pat=31780
DEBUG: child returned INF! depth=1 score=-30000
DEBUG: evaluate returned crazy score! stand_pat=31795
DEBUG: child returned INF! depth=1 score=-30000
DEBUG: evaluate returned crazy score! stand_pat=31750
DEBUG: child returned INF! depth=1 score=-30000
DEBUG: evaluate returned crazy score! stand_pat=31745
DEBUG: child returned INF! depth=1 score=-30000
DEBUG: evaluate returned crazy score! stand_pat=31785
DEBUG: child returned INF! depth=1 score=-30000
DEBUG: evaluate returned crazy score! stand_pat=31815
DEBUG: child returned INF! depth=1 score=-30000
DEBUG: evaluate returned crazy score! stand_pat=31815
DEBUG: child returned INF! depth=1 score=-30000
DEBUG: evaluate returned crazy score! stand_pat=31815
DEBUG: child returned INF! depth=1 score=-30000
DEBUG: evaluate returned crazy score! stand_pat=31815
DEBUG: child returned INF! depth=1 score=-30000
DEBUG: evaluate returned crazy score! stand_pat=31815
DEBUG: child returned INF! depth=1 score=-30000
DEBUG: evaluate returned crazy score! stand_pat=31815
DEBUG: child returned INF! depth=1 score=-30000
DEBUG: evaluate returned crazy score! stand_pat=31815
DEBUG: child returned INF! depth=1 score=-30000
DEBUG: evaluate returned crazy score! stand_pat=31815
DEBUG: child returned INF! depth=1 score=-30000
DEBUG: evaluate returned crazy score! stand_pat=31815
DEBUG: child returned INF! depth=1 score=-30000
DEBUG: evaluate returned crazy score! stand_pat=31815
DEBUG: child returned INF! depth=1 score=-30000
DEBUG: evaluate returned crazy score! stand_pat=31815
DEBUG: child returned INF! depth=1 score=-30000
DEBUG: evaluate returned crazy score! stand_pat=31815
DEBUG: child returned INF! depth=1 score=-30000
DEBUG: negamax returning -INF! depth=1 ply=5 legal_moves=41 alpha=-30000 beta=90
DEBUG: child returned INF! depth=3 score=-30000
DEBUG: evaluate returned crazy score! stand_pat=31685
DEBUG: child returned INF! depth=1 score=-30000
DEBUG: evaluate returned crazy score! stand_pat=31765
DEBUG: child returned INF! depth=1 score=-30000
DEBUG: evaluate returned crazy score! stand_pat=31730
DEBUG: child returned INF! depth=1 score=-30000
DEBUG: evaluate returned crazy score! stand_pat=31770
DEBUG: child returned INF! depth=1 score=-30000
DEBUG: evaluate returned crazy score! stand_pat=31770
DEBUG: child returned INF! depth=1 score=-30000
DEBUG: evaluate returned crazy score! stand_pat=31775
DEBUG: child returned INF! depth=1 score=-30000
DEBUG: evaluate returned crazy score! stand_pat=31780
DEBUG: child returned INF! depth=1 score=-30000
DEBUG: evaluate returned crazy score! stand_pat=31770
DEBUG: child returned INF! depth=1 score=-30000
DEBUG: evaluate returned crazy score! stand_pat=31765
DEBUG: child returned INF! depth=1 score=-30000
DEBUG: evaluate returned crazy score! stand_pat=31765
DEBUG: child returned INF! depth=1 score=-30000
DEBUG: evaluate returned crazy score! stand_pat=31765
DEBUG: child returned INF! depth=1 score=-30000
DEBUG: evaluate returned crazy score! stand_pat=31765
DEBUG: child returned INF! depth=1 score=-30000
DEBUG: evaluate returned crazy score! stand_pat=31770
DEBUG: child returned INF! depth=1 score=-30000
DEBUG: evaluate returned crazy score! stand_pat=31775
DEBUG: child returned INF! depth=1 score=-30000
DEBUG: evaluate returned crazy score! stand_pat=31775
DEBUG: child returned INF! depth=1 score=-30000
DEBUG: evaluate returned crazy score! stand_pat=31775
DEBUG: child returned INF! depth=1 score=-30000
DEBUG: evaluate returned crazy score! stand_pat=31765
DEBUG: child returned INF! depth=1 score=-30000
DEBUG: evaluate returned crazy score! stand_pat=31755
DEBUG: child returned INF! depth=1 score=-30000
DEBUG: evaluate returned crazy score! stand_pat=31755
DEBUG: child returned INF! depth=1 score=-30000
DEBUG: evaluate returned crazy score! stand_pat=31760
DEBUG: child returned INF! depth=1 score=-30000
DEBUG: evaluate returned crazy score! stand_pat=31730
DEBUG: child returned INF! depth=1 score=-30000
DEBUG: evaluate returned crazy score! stand_pat=31765
DEBUG: child returned INF! depth=1 score=-30000
DEBUG: evaluate returned crazy score! stand_pat=31725
DEBUG: child returned INF! depth=1 score=-30000
DEBUG: evaluate returned crazy score! stand_pat=31765
DEBUG: child returned INF! depth=1 score=-30000
DEBUG: evaluate returned crazy score! stand_pat=31795
DEBUG: child returned INF! depth=1 score=-30000
DEBUG: evaluate returned crazy score! stand_pat=31795
DEBUG: child returned INF! depth=1 score=-30000
DEBUG: evaluate returned crazy score! stand_pat=31795
DEBUG: child returned INF! depth=1 score=-30000
DEBUG: evaluate returned crazy score! stand_pat=31795
DEBUG: child returned INF! depth=1 score=-30000
DEBUG: evaluate returned crazy score! stand_pat=31795
DEBUG: child returned INF! depth=1 score=-30000
DEBUG: evaluate returned crazy score! stand_pat=31795
DEBUG: child returned INF! depth=1 score=-30000
DEBUG: evaluate returned crazy score! stand_pat=31795
DEBUG: child returned INF! depth=1 score=-30000
DEBUG: evaluate returned crazy score! stand_pat=31795
DEBUG: child returned INF! depth=1 score=-30000
DEBUG: evaluate returned crazy score! stand_pat=31795
DEBUG: child returned INF! depth=1 score=-30000
DEBUG: evaluate returned crazy score! stand_pat=31795
DEBUG: child returned INF! depth=1 score=-30000
DEBUG: evaluate returned crazy score! stand_pat=31785
DEBUG: child returned INF! depth=1 score=-30000
DEBUG: evaluate returned crazy score! stand_pat=31785
DEBUG: child returned INF! depth=1 score=-30000
DEBUG: evaluate returned crazy score! stand_pat=31795
DEBUG: child returned INF! depth=1 score=-30000
DEBUG: evaluate returned crazy score! stand_pat=31775
DEBUG: child returned INF! depth=1 score=-30000
DEBUG: evaluate returned crazy score! stand_pat=31775
DEBUG: child returned INF! depth=1 score=-30000
DEBUG: evaluate returned crazy score! stand_pat=31780
DEBUG: child returned INF! depth=1 score=-30000
DEBUG: evaluate returned crazy score! stand_pat=31775
DEBUG: child returned INF! depth=1 score=-30000
DEBUG: negamax returning -INF! depth=1 ply=5 legal_moves=41 alpha=-30000 beta=90
DEBUG: child returned INF! depth=3 score=-30000
DEBUG: evaluate returned crazy score! stand_pat=31475
DEBUG: child returned INF! depth=1 score=-30000
DEBUG: evaluate returned crazy score! stand_pat=31775
DEBUG: child returned INF! depth=1 score=-30000
DEBUG: evaluate returned crazy score! stand_pat=31740
DEBUG: child returned INF! depth=1 score=-30000
DEBUG: evaluate returned crazy score! stand_pat=31780
DEBUG: child returned INF! depth=1 score=-30000
DEBUG: evaluate returned crazy score! stand_pat=31775
DEBUG: child returned INF! depth=1 score=-30000
DEBUG: evaluate returned crazy score! stand_pat=31780
DEBUG: child returned INF! depth=1 score=-30000
DEBUG: evaluate returned crazy score! stand_pat=31785
DEBUG: child returned INF! depth=1 score=-30000
DEBUG: evaluate returned crazy score! stand_pat=31790
DEBUG: child returned INF! depth=1 score=-30000
DEBUG: evaluate returned crazy score! stand_pat=31780
DEBUG: child returned INF! depth=1 score=-30000
DEBUG: evaluate returned crazy score! stand_pat=31775
DEBUG: child returned INF! depth=1 score=-30000
DEBUG: evaluate returned crazy score! stand_pat=31775
DEBUG: child returned INF! depth=1 score=-30000
DEBUG: evaluate returned crazy score! stand_pat=31775
DEBUG: child returned INF! depth=1 score=-30000
DEBUG: evaluate returned crazy score! stand_pat=31775
DEBUG: child returned INF! depth=1 score=-30000
DEBUG: evaluate returned crazy score! stand_pat=31780
DEBUG: child returned INF! depth=1 score=-30000
DEBUG: evaluate returned crazy score! stand_pat=31785
DEBUG: child returned INF! depth=1 score=-30000
DEBUG: evaluate returned crazy score! stand_pat=31785
DEBUG: child returned INF! depth=1 score=-30000
DEBUG: evaluate returned crazy score! stand_pat=31785
DEBUG: child returned INF! depth=1 score=-30000
DEBUG: evaluate returned crazy score! stand_pat=31775
DEBUG: child returned INF! depth=1 score=-30000
DEBUG: evaluate returned crazy score! stand_pat=31765
DEBUG: child returned INF! depth=1 score=-30000
DEBUG: evaluate returned crazy score! stand_pat=31765
DEBUG: child returned INF! depth=1 score=-30000
DEBUG: evaluate returned crazy score! stand_pat=31770
DEBUG: child returned INF! depth=1 score=-30000
DEBUG: evaluate returned crazy score! stand_pat=31785
DEBUG: child returned INF! depth=1 score=-30000
DEBUG: evaluate returned crazy score! stand_pat=31735
DEBUG: child returned INF! depth=1 score=-30000
DEBUG: evaluate returned crazy score! stand_pat=31735
DEBUG: child returned INF! depth=1 score=-30000
DEBUG: evaluate returned crazy score! stand_pat=31775
DEBUG: child returned INF! depth=1 score=-30000
DEBUG: evaluate returned crazy score! stand_pat=31805
DEBUG: child returned INF! depth=1 score=-30000
DEBUG: evaluate returned crazy score! stand_pat=31805
DEBUG: child returned INF! depth=1 score=-30000
DEBUG: evaluate returned crazy score! stand_pat=31805
DEBUG: child returned INF! depth=1 score=-30000
DEBUG: evaluate returned crazy score! stand_pat=31805
DEBUG: child returned INF! depth=1 score=-30000
DEBUG: evaluate returned crazy score! stand_pat=31805
DEBUG: child returned INF! depth=1 score=-30000
DEBUG: evaluate returned crazy score! stand_pat=31805
DEBUG: child returned INF! depth=1 score=-30000
DEBUG: evaluate returned crazy score! stand_pat=31805
DEBUG: child returned INF! depth=1 score=-30000
DEBUG: evaluate returned crazy score! stand_pat=31805
DEBUG: child returned INF! depth=1 score=-30000
DEBUG: evaluate returned crazy score! stand_pat=31805
DEBUG: child returned INF! depth=1 score=-30000
DEBUG: evaluate returned crazy score! stand_pat=31805
DEBUG: child returned INF! depth=1 score=-30000
DEBUG: evaluate returned crazy score! stand_pat=31805
DEBUG: child returned INF! depth=1 score=-30000
DEBUG: evaluate returned crazy score! stand_pat=31795
DEBUG: child returned INF! depth=1 score=-30000
DEBUG: evaluate returned crazy score! stand_pat=31775
DEBUG: child returned INF! depth=1 score=-30000
DEBUG: evaluate returned crazy score! stand_pat=31785
DEBUG: child returned INF! depth=1 score=-30000
DEBUG: evaluate returned crazy score! stand_pat=31795
DEBUG: child returned INF! depth=1 score=-30000
DEBUG: evaluate returned crazy score! stand_pat=31780
DEBUG: child returned INF! depth=1 score=-30000
DEBUG: evaluate returned crazy score! stand_pat=31775
DEBUG: child returned INF! depth=1 score=-30000
DEBUG: evaluate returned crazy score! stand_pat=31785
DEBUG: child returned INF! depth=1 score=-30000
DEBUG: evaluate returned crazy score! stand_pat=31740
DEBUG: child returned INF! depth=1 score=-30000
DEBUG: negamax returning -INF! depth=1 ply=5 legal_moves=44 alpha=-30000 beta=90
DEBUG: child returned INF! depth=3 score=-30000
DEBUG: evaluate returned crazy score! stand_pat=31785
DEBUG: child returned INF! depth=1 score=-30000
DEBUG: evaluate returned crazy score! stand_pat=31750
DEBUG: child returned INF! depth=1 score=-30000
DEBUG: evaluate returned crazy score! stand_pat=31745
DEBUG: child returned INF! depth=1 score=-30000
DEBUG: evaluate returned crazy score! stand_pat=31790
DEBUG: child returned INF! depth=1 score=-30000
DEBUG: evaluate returned crazy score! stand_pat=31785
DEBUG: child returned INF! depth=1 score=-30000
DEBUG: evaluate returned crazy score! stand_pat=31790
DEBUG: child returned INF! depth=1 score=-30000
DEBUG: evaluate returned crazy score! stand_pat=31795
DEBUG: child returned INF! depth=1 score=-30000
DEBUG: evaluate returned crazy score! stand_pat=31800
DEBUG: child returned INF! depth=1 score=-30000
DEBUG: evaluate returned crazy score! stand_pat=31790
DEBUG: child returned INF! depth=1 score=-30000
DEBUG: evaluate returned crazy score! stand_pat=31785
DEBUG: child returned INF! depth=1 score=-30000
DEBUG: evaluate returned crazy score! stand_pat=31785
DEBUG: child returned INF! depth=1 score=-30000
DEBUG: evaluate returned crazy score! stand_pat=31785
DEBUG: child returned INF! depth=1 score=-30000
DEBUG: evaluate returned crazy score! stand_pat=31785
DEBUG: child returned INF! depth=1 score=-30000
DEBUG: evaluate returned crazy score! stand_pat=31790
DEBUG: child returned INF! depth=1 score=-30000
DEBUG: evaluate returned crazy score! stand_pat=31795
DEBUG: child returned INF! depth=1 score=-30000
DEBUG: evaluate returned crazy score! stand_pat=31795
DEBUG: child returned INF! depth=1 score=-30000
DEBUG: evaluate returned crazy score! stand_pat=31795
DEBUG: child returned INF! depth=1 score=-30000
DEBUG: evaluate returned crazy score! stand_pat=31785
DEBUG: child returned INF! depth=1 score=-30000
DEBUG: evaluate returned crazy score! stand_pat=31775
DEBUG: child returned INF! depth=1 score=-30000
DEBUG: evaluate returned crazy score! stand_pat=31775
DEBUG: child returned INF! depth=1 score=-30000
DEBUG: evaluate returned crazy score! stand_pat=31780
DEBUG: child returned INF! depth=1 score=-30000
DEBUG: evaluate returned crazy score! stand_pat=31795
DEBUG: child returned INF! depth=1 score=-30000
DEBUG: evaluate returned crazy score! stand_pat=31750
DEBUG: child returned INF! depth=1 score=-30000
DEBUG: evaluate returned crazy score! stand_pat=31745
DEBUG: child returned INF! depth=1 score=-30000
DEBUG: evaluate returned crazy score! stand_pat=31785
DEBUG: child returned INF! depth=1 score=-30000
DEBUG: evaluate returned crazy score! stand_pat=31815
DEBUG: child returned INF! depth=1 score=-30000
DEBUG: evaluate returned crazy score! stand_pat=31815
DEBUG: child returned INF! depth=1 score=-30000
DEBUG: evaluate returned crazy score! stand_pat=31815
DEBUG: child returned INF! depth=1 score=-30000
DEBUG: evaluate returned crazy score! stand_pat=31815
DEBUG: child returned INF! depth=1 score=-30000
DEBUG: evaluate returned crazy score! stand_pat=31815
DEBUG: child returned INF! depth=1 score=-30000
DEBUG: evaluate returned crazy score! stand_pat=31815
DEBUG: child returned INF! depth=1 score=-30000
DEBUG: evaluate returned crazy score! stand_pat=31815
DEBUG: child returned INF! depth=1 score=-30000
DEBUG: evaluate returned crazy score! stand_pat=31815
DEBUG: child returned INF! depth=1 score=-30000
DEBUG: evaluate returned crazy score! stand_pat=31815
DEBUG: child returned INF! depth=1 score=-30000
DEBUG: evaluate returned crazy score! stand_pat=31815
DEBUG: child returned INF! depth=1 score=-30000
DEBUG: evaluate returned crazy score! stand_pat=31815
DEBUG: child returned INF! depth=1 score=-30000
DEBUG: evaluate returned crazy score! stand_pat=31815
DEBUG: child returned INF! depth=1 score=-30000
DEBUG: evaluate returned crazy score! stand_pat=31785
DEBUG: child returned INF! depth=1 score=-30000
DEBUG: evaluate returned crazy score! stand_pat=31775
DEBUG: child returned INF! depth=1 score=-30000
DEBUG: evaluate returned crazy score! stand_pat=31785
DEBUG: child returned INF! depth=1 score=-30000
DEBUG: evaluate returned crazy score! stand_pat=31785
DEBUG: child returned INF! depth=1 score=-30000
DEBUG: evaluate returned crazy score! stand_pat=31785
DEBUG: child returned INF! depth=1 score=-30000
DEBUG: evaluate returned crazy score! stand_pat=31795
DEBUG: child returned INF! depth=1 score=-30000
DEBUG: negamax returning -INF! depth=1 ply=5 legal_moves=43 alpha=-30000 beta=90
DEBUG: child returned INF! depth=3 score=-30000
DEBUG: evaluate returned crazy score! stand_pat=31695
DEBUG: child returned INF! depth=1 score=-30000
DEBUG: evaluate returned crazy score! stand_pat=31765
DEBUG: child returned INF! depth=1 score=-30000
DEBUG: evaluate returned crazy score! stand_pat=31730
DEBUG: child returned INF! depth=1 score=-30000
DEBUG: evaluate returned crazy score! stand_pat=31770
DEBUG: child returned INF! depth=1 score=-30000
DEBUG: evaluate returned crazy score! stand_pat=31725
DEBUG: child returned INF! depth=1 score=-30000
DEBUG: evaluate returned crazy score! stand_pat=31770
DEBUG: child returned INF! depth=1 score=-30000
DEBUG: evaluate returned crazy score! stand_pat=31775
DEBUG: child returned INF! depth=1 score=-30000
DEBUG: evaluate returned crazy score! stand_pat=31780
DEBUG: child returned INF! depth=1 score=-30000
DEBUG: evaluate returned crazy score! stand_pat=31770
DEBUG: child returned INF! depth=1 score=-30000
DEBUG: evaluate returned crazy score! stand_pat=31765
DEBUG: child returned INF! depth=1 score=-30000
DEBUG: evaluate returned crazy score! stand_pat=31765
DEBUG: child returned INF! depth=1 score=-30000
DEBUG: evaluate returned crazy score! stand_pat=31765
DEBUG: child returned INF! depth=1 score=-30000
DEBUG: evaluate returned crazy score! stand_pat=31765
DEBUG: child returned INF! depth=1 score=-30000
DEBUG: evaluate returned crazy score! stand_pat=31770
DEBUG: child returned INF! depth=1 score=-30000
DEBUG: evaluate returned crazy score! stand_pat=31775
DEBUG: child returned INF! depth=1 score=-30000
DEBUG: evaluate returned crazy score! stand_pat=31775
DEBUG: child returned INF! depth=1 score=-30000
DEBUG: evaluate returned crazy score! stand_pat=31775
DEBUG: child returned INF! depth=1 score=-30000
DEBUG: evaluate returned crazy score! stand_pat=31765
DEBUG: child returned INF! depth=1 score=-30000
DEBUG: evaluate returned crazy score! stand_pat=31755
DEBUG: child returned INF! depth=1 score=-30000
DEBUG: evaluate returned crazy score! stand_pat=31755
DEBUG: child returned INF! depth=1 score=-30000
DEBUG: evaluate returned crazy score! stand_pat=31760
DEBUG: child returned INF! depth=1 score=-30000
DEBUG: evaluate returned crazy score! stand_pat=31775
DEBUG: child returned INF! depth=1 score=-30000
DEBUG: evaluate returned crazy score! stand_pat=31765
DEBUG: child returned INF! depth=1 score=-30000
DEBUG: evaluate returned crazy score! stand_pat=31725
DEBUG: child returned INF! depth=1 score=-30000
DEBUG: evaluate returned crazy score! stand_pat=31765
DEBUG: child returned INF! depth=1 score=-30000
DEBUG: evaluate returned crazy score! stand_pat=31795
DEBUG: child returned INF! depth=1 score=-30000
DEBUG: evaluate returned crazy score! stand_pat=31795
DEBUG: child returned INF! depth=1 score=-30000
DEBUG: evaluate returned crazy score! stand_pat=31795
DEBUG: child returned INF! depth=1 score=-30000
DEBUG: evaluate returned crazy score! stand_pat=31795
DEBUG: child returned INF! depth=1 score=-30000
DEBUG: evaluate returned crazy score! stand_pat=31795
DEBUG: child returned INF! depth=1 score=-30000
DEBUG: evaluate returned crazy score! stand_pat=31795
DEBUG: child returned INF! depth=1 score=-30000
DEBUG: evaluate returned crazy score! stand_pat=31795
DEBUG: child returned INF! depth=1 score=-30000
DEBUG: evaluate returned crazy score! stand_pat=31795
DEBUG: child returned INF! depth=1 score=-30000
DEBUG: evaluate returned crazy score! stand_pat=31795
DEBUG: child returned INF! depth=1 score=-30000
DEBUG: evaluate returned crazy score! stand_pat=31795
DEBUG: child returned INF! depth=1 score=-30000
DEBUG: evaluate returned crazy score! stand_pat=31795
DEBUG: child returned INF! depth=1 score=-30000
DEBUG: evaluate returned crazy score! stand_pat=31795
DEBUG: child returned INF! depth=1 score=-30000
DEBUG: evaluate returned crazy score! stand_pat=31785
DEBUG: child returned INF! depth=1 score=-30000
DEBUG: evaluate returned crazy score! stand_pat=31795
DEBUG: child returned INF! depth=1 score=-30000
DEBUG: evaluate returned crazy score! stand_pat=31775
DEBUG: child returned INF! depth=1 score=-30000
DEBUG: evaluate returned crazy score! stand_pat=31780
DEBUG: child returned INF! depth=1 score=-30000
DEBUG: evaluate returned crazy score! stand_pat=31785
DEBUG: child returned INF! depth=1 score=-30000
DEBUG: evaluate returned crazy score! stand_pat=31730
DEBUG: child returned INF! depth=1 score=-30000
DEBUG: evaluate returned crazy score! stand_pat=31775
DEBUG: child returned INF! depth=1 score=-30000
DEBUG: evaluate returned crazy score! stand_pat=31780
DEBUG: child returned INF! depth=1 score=-30000
DEBUG: evaluate returned crazy score! stand_pat=31795
DEBUG: child returned INF! depth=1 score=-30000
DEBUG: negamax returning -INF! depth=1 ply=5 legal_moves=46 alpha=-30000 beta=90
DEBUG: child returned INF! depth=3 score=-30000
DEBUG: evaluate returned crazy score! stand_pat=31515
DEBUG: child returned INF! depth=1 score=-30000
DEBUG: evaluate returned crazy score! stand_pat=31765
DEBUG: child returned INF! depth=1 score=-30000
DEBUG: evaluate returned crazy score! stand_pat=31730
DEBUG: child returned INF! depth=1 score=-30000
DEBUG: evaluate returned crazy score! stand_pat=31770
DEBUG: child returned INF! depth=1 score=-30000
DEBUG: evaluate returned crazy score! stand_pat=31725
DEBUG: child returned INF! depth=1 score=-30000
DEBUG: evaluate returned crazy score! stand_pat=31770
DEBUG: child returned INF! depth=1 score=-30000
DEBUG: evaluate returned crazy score! stand_pat=31775
DEBUG: child returned INF! depth=1 score=-30000
DEBUG: evaluate returned crazy score! stand_pat=31780
DEBUG: child returned INF! depth=1 score=-30000
DEBUG: evaluate returned crazy score! stand_pat=31770
DEBUG: child returned INF! depth=1 score=-30000
DEBUG: evaluate returned crazy score! stand_pat=31765
DEBUG: child returned INF! depth=1 score=-30000
DEBUG: evaluate returned crazy score! stand_pat=31765
DEBUG: child returned INF! depth=1 score=-30000
DEBUG: evaluate returned crazy score! stand_pat=31765
DEBUG: child returned INF! depth=1 score=-30000
DEBUG: evaluate returned crazy score! stand_pat=31765
DEBUG: child returned INF! depth=1 score=-30000
DEBUG: evaluate returned crazy score! stand_pat=31770
DEBUG: child returned INF! depth=1 score=-30000
DEBUG: evaluate returned crazy score! stand_pat=31775
DEBUG: child returned INF! depth=1 score=-30000
DEBUG: evaluate returned crazy score! stand_pat=31775
DEBUG: child returned INF! depth=1 score=-30000
DEBUG: evaluate returned crazy score! stand_pat=31775
DEBUG: child returned INF! depth=1 score=-30000
DEBUG: evaluate returned crazy score! stand_pat=31765
DEBUG: child returned INF! depth=1 score=-30000
DEBUG: evaluate returned crazy score! stand_pat=31755
DEBUG: child returned INF! depth=1 score=-30000
DEBUG: evaluate returned crazy score! stand_pat=31755
DEBUG: child returned INF! depth=1 score=-30000
DEBUG: evaluate returned crazy score! stand_pat=31760
DEBUG: child returned INF! depth=1 score=-30000
DEBUG: evaluate returned crazy score! stand_pat=31775
DEBUG: child returned INF! depth=1 score=-30000
DEBUG: evaluate returned crazy score! stand_pat=31765
DEBUG: child returned INF! depth=1 score=-30000
DEBUG: evaluate returned crazy score! stand_pat=31725
DEBUG: child returned INF! depth=1 score=-30000
DEBUG: evaluate returned crazy score! stand_pat=31765
DEBUG: child returned INF! depth=1 score=-30000
DEBUG: evaluate returned crazy score! stand_pat=31795
DEBUG: child returned INF! depth=1 score=-30000
DEBUG: evaluate returned crazy score! stand_pat=31795
DEBUG: child returned INF! depth=1 score=-30000
DEBUG: evaluate returned crazy score! stand_pat=31795
DEBUG: child returned INF! depth=1 score=-30000
DEBUG: evaluate returned crazy score! stand_pat=31795
DEBUG: child returned INF! depth=1 score=-30000
DEBUG: evaluate returned crazy score! stand_pat=31795
DEBUG: child returned INF! depth=1 score=-30000
DEBUG: evaluate returned crazy score! stand_pat=31795
DEBUG: child returned INF! depth=1 score=-30000
DEBUG: evaluate returned crazy score! stand_pat=31795
DEBUG: child returned INF! depth=1 score=-30000
DEBUG: evaluate returned crazy score! stand_pat=31795
DEBUG: child returned INF! depth=1 score=-30000
DEBUG: evaluate returned crazy score! stand_pat=31795
DEBUG: child returned INF! depth=1 score=-30000
DEBUG: evaluate returned crazy score! stand_pat=31795
DEBUG: child returned INF! depth=1 score=-30000
DEBUG: evaluate returned crazy score! stand_pat=31795
DEBUG: child returned INF! depth=1 score=-30000
DEBUG: evaluate returned crazy score! stand_pat=31775
DEBUG: child returned INF! depth=1 score=-30000
DEBUG: evaluate returned crazy score! stand_pat=31785
DEBUG: child returned INF! depth=1 score=-30000
DEBUG: evaluate returned crazy score! stand_pat=31795
DEBUG: child returned INF! depth=1 score=-30000
DEBUG: evaluate returned crazy score! stand_pat=31775
DEBUG: child returned INF! depth=1 score=-30000
DEBUG: evaluate returned crazy score! stand_pat=31775
DEBUG: child returned INF! depth=1 score=-30000
DEBUG: evaluate returned crazy score! stand_pat=31775
DEBUG: child returned INF! depth=1 score=-30000
DEBUG: evaluate returned crazy score! stand_pat=31785
DEBUG: child returned INF! depth=1 score=-30000
DEBUG: evaluate returned crazy score! stand_pat=31730
DEBUG: child returned INF! depth=1 score=-30000
DEBUG: evaluate returned crazy score! stand_pat=31780
DEBUG: child returned INF! depth=1 score=-30000
DEBUG: evaluate returned crazy score! stand_pat=31795
DEBUG: child returned INF! depth=1 score=-30000
DEBUG: negamax returning -INF! depth=1 ply=5 legal_moves=46 alpha=-30000 beta=90
DEBUG: child returned INF! depth=3 score=-30000
DEBUG: evaluate returned crazy score! stand_pat=31770
DEBUG: child returned INF! depth=1 score=-30000
DEBUG: evaluate returned crazy score! stand_pat=31735
DEBUG: child returned INF! depth=1 score=-30000
DEBUG: evaluate returned crazy score! stand_pat=31730
DEBUG: child returned INF! depth=1 score=-30000
DEBUG: evaluate returned crazy score! stand_pat=31775
DEBUG: child returned INF! depth=1 score=-30000
DEBUG: evaluate returned crazy score! stand_pat=31770
DEBUG: child returned INF! depth=1 score=-30000
DEBUG: evaluate returned crazy score! stand_pat=31775
DEBUG: child returned INF! depth=1 score=-30000
DEBUG: evaluate returned crazy score! stand_pat=31780
DEBUG: child returned INF! depth=1 score=-30000
DEBUG: evaluate returned crazy score! stand_pat=31785
DEBUG: child returned INF! depth=1 score=-30000
DEBUG: evaluate returned crazy score! stand_pat=31775
DEBUG: child returned INF! depth=1 score=-30000
DEBUG: evaluate returned crazy score! stand_pat=31770
DEBUG: child returned INF! depth=1 score=-30000
DEBUG: evaluate returned crazy score! stand_pat=31770
DEBUG: child returned INF! depth=1 score=-30000
DEBUG: evaluate returned crazy score! stand_pat=31770
DEBUG: child returned INF! depth=1 score=-30000
DEBUG: evaluate returned crazy score! stand_pat=31770
DEBUG: child returned INF! depth=1 score=-30000
DEBUG: evaluate returned crazy score! stand_pat=31775
DEBUG: child returned INF! depth=1 score=-30000
DEBUG: evaluate returned crazy score! stand_pat=31780
DEBUG: child returned INF! depth=1 score=-30000
DEBUG: evaluate returned crazy score! stand_pat=31780
DEBUG: child returned INF! depth=1 score=-30000
DEBUG: evaluate returned crazy score! stand_pat=31780
DEBUG: child returned INF! depth=1 score=-30000
DEBUG: evaluate returned crazy score! stand_pat=31770
DEBUG: child returned INF! depth=1 score=-30000
DEBUG: evaluate returned crazy score! stand_pat=31760
DEBUG: child returned INF! depth=1 score=-30000
DEBUG: evaluate returned crazy score! stand_pat=31760
DEBUG: child returned INF! depth=1 score=-30000
DEBUG: evaluate returned crazy score! stand_pat=31765
DEBUG: child returned INF! depth=1 score=-30000
DEBUG: evaluate returned crazy score! stand_pat=31780
DEBUG: child returned INF! depth=1 score=-30000
DEBUG: evaluate returned crazy score! stand_pat=31735
DEBUG: child returned INF! depth=1 score=-30000
DEBUG: evaluate returned crazy score! stand_pat=31730
DEBUG: child returned INF! depth=1 score=-30000
DEBUG: evaluate returned crazy score! stand_pat=31770
DEBUG: child returned INF! depth=1 score=-30000
DEBUG: evaluate returned crazy score! stand_pat=31800
DEBUG: child returned INF! depth=1 score=-30000
DEBUG: evaluate returned crazy score! stand_pat=31800
DEBUG: child returned INF! depth=1 score=-30000
DEBUG: evaluate returned crazy score! stand_pat=31800
DEBUG: child returned INF! depth=1 score=-30000
DEBUG: evaluate returned crazy score! stand_pat=31800
DEBUG: child returned INF! depth=1 score=-30000
DEBUG: evaluate returned crazy score! stand_pat=31800
DEBUG: child returned INF! depth=1 score=-30000
DEBUG: evaluate returned crazy score! stand_pat=31800
DEBUG: child returned INF! depth=1 score=-30000
DEBUG: evaluate returned crazy score! stand_pat=31800
DEBUG: child returned INF! depth=1 score=-30000
DEBUG: evaluate returned crazy score! stand_pat=31800
DEBUG: child returned INF! depth=1 score=-30000
DEBUG: evaluate returned crazy score! stand_pat=31800
DEBUG: child returned INF! depth=1 score=-30000
DEBUG: evaluate returned crazy score! stand_pat=31800
DEBUG: child returned INF! depth=1 score=-30000
DEBUG: evaluate returned crazy score! stand_pat=31800
DEBUG: child returned INF! depth=1 score=-30000
DEBUG: evaluate returned crazy score! stand_pat=31800
DEBUG: child returned INF! depth=1 score=-30000
DEBUG: evaluate returned crazy score! stand_pat=31775
DEBUG: child returned INF! depth=1 score=-30000
DEBUG: evaluate returned crazy score! stand_pat=31775
DEBUG: child returned INF! depth=1 score=-30000
DEBUG: evaluate returned crazy score! stand_pat=31785
DEBUG: child returned INF! depth=1 score=-30000
DEBUG: evaluate returned crazy score! stand_pat=31795
DEBUG: child returned INF! depth=1 score=-30000
DEBUG: evaluate returned crazy score! stand_pat=31795
DEBUG: child returned INF! depth=1 score=-30000
DEBUG: evaluate returned crazy score! stand_pat=31780
DEBUG: child returned INF! depth=1 score=-30000
DEBUG: evaluate returned crazy score! stand_pat=31785
DEBUG: child returned INF! depth=1 score=-30000
DEBUG: evaluate returned crazy score! stand_pat=31795
DEBUG: child returned INF! depth=1 score=-30000
DEBUG: evaluate returned crazy score! stand_pat=31795
DEBUG: child returned INF! depth=1 score=-30000
DEBUG: negamax returning -INF! depth=1 ply=5 legal_moves=46 alpha=-30000 beta=90
DEBUG: child returned INF! depth=3 score=-30000
DEBUG: evaluate returned crazy score! stand_pat=32055
DEBUG: child returned INF! depth=1 score=-30000
DEBUG: evaluate returned crazy score! stand_pat=32020
DEBUG: child returned INF! depth=1 score=-30000
DEBUG: evaluate returned crazy score! stand_pat=32015
DEBUG: child returned INF! depth=1 score=-30000
DEBUG: evaluate returned crazy score! stand_pat=32060
DEBUG: child returned INF! depth=1 score=-30000
DEBUG: evaluate returned crazy score! stand_pat=32055
DEBUG: child returned INF! depth=1 score=-30000
DEBUG: evaluate returned crazy score! stand_pat=32060
DEBUG: child returned INF! depth=1 score=-30000
DEBUG: evaluate returned crazy score! stand_pat=32065
DEBUG: child returned INF! depth=1 score=-30000
DEBUG: evaluate returned crazy score! stand_pat=32070
DEBUG: child returned INF! depth=1 score=-30000
DEBUG: evaluate returned crazy score! stand_pat=32060
DEBUG: child returned INF! depth=1 score=-30000
DEBUG: evaluate returned crazy score! stand_pat=32055
DEBUG: child returned INF! depth=1 score=-30000
DEBUG: evaluate returned crazy score! stand_pat=32055
DEBUG: child returned INF! depth=1 score=-30000
DEBUG: evaluate returned crazy score! stand_pat=32055
DEBUG: child returned INF! depth=1 score=-30000
DEBUG: evaluate returned crazy score! stand_pat=32055
DEBUG: child returned INF! depth=1 score=-30000
DEBUG: evaluate returned crazy score! stand_pat=32060
DEBUG: child returned INF! depth=1 score=-30000
DEBUG: evaluate returned crazy score! stand_pat=32065
DEBUG: child returned INF! depth=1 score=-30000
DEBUG: evaluate returned crazy score! stand_pat=32065
DEBUG: child returned INF! depth=1 score=-30000
DEBUG: evaluate returned crazy score! stand_pat=32065
DEBUG: child returned INF! depth=1 score=-30000
DEBUG: evaluate returned crazy score! stand_pat=32055
DEBUG: child returned INF! depth=1 score=-30000
DEBUG: evaluate returned crazy score! stand_pat=32045
DEBUG: child returned INF! depth=1 score=-30000
DEBUG: evaluate returned crazy score! stand_pat=32045
DEBUG: child returned INF! depth=1 score=-30000
DEBUG: evaluate returned crazy score! stand_pat=32050
DEBUG: child returned INF! depth=1 score=-30000
DEBUG: evaluate returned crazy score! stand_pat=32065
DEBUG: child returned INF! depth=1 score=-30000
DEBUG: evaluate returned crazy score! stand_pat=32020
DEBUG: child returned INF! depth=1 score=-30000
DEBUG: evaluate returned crazy score! stand_pat=32015
DEBUG: child returned INF! depth=1 score=-30000
DEBUG: evaluate returned crazy score! stand_pat=32055
DEBUG: child returned INF! depth=1 score=-30000
DEBUG: evaluate returned crazy score! stand_pat=32085
DEBUG: child returned INF! depth=1 score=-30000
DEBUG: evaluate returned crazy score! stand_pat=32085
DEBUG: child returned INF! depth=1 score=-30000
DEBUG: evaluate returned crazy score! stand_pat=32085
DEBUG: child returned INF! depth=1 score=-30000
DEBUG: evaluate returned crazy score! stand_pat=32085
DEBUG: child returned INF! depth=1 score=-30000
DEBUG: evaluate returned crazy score! stand_pat=32085
DEBUG: child returned INF! depth=1 score=-30000
DEBUG: evaluate returned crazy score! stand_pat=32085
DEBUG: child returned INF! depth=1 score=-30000
DEBUG: evaluate returned crazy score! stand_pat=32085
DEBUG: child returned INF! depth=1 score=-30000
DEBUG: evaluate returned crazy score! stand_pat=32085
DEBUG: child returned INF! depth=1 score=-30000
DEBUG: evaluate returned crazy score! stand_pat=32085
DEBUG: child returned INF! depth=1 score=-30000
DEBUG: evaluate returned crazy score! stand_pat=32085
DEBUG: child returned INF! depth=1 score=-30000
DEBUG: evaluate returned crazy score! stand_pat=32085
DEBUG: child returned INF! depth=1 score=-30000
DEBUG: evaluate returned crazy score! stand_pat=32085
DEBUG: child returned INF! depth=1 score=-30000
DEBUG: negamax returning -INF! depth=1 ply=5 legal_moves=37 alpha=-30000 beta=90
DEBUG: child returned INF! depth=3 score=-30000
DEBUG: evaluate returned crazy score! stand_pat=31760
DEBUG: child returned INF! depth=1 score=-30000
DEBUG: evaluate returned crazy score! stand_pat=31755
DEBUG: child returned INF! depth=1 score=-30000
DEBUG: evaluate returned crazy score! stand_pat=31800
DEBUG: child returned INF! depth=1 score=-30000
DEBUG: evaluate returned crazy score! stand_pat=31810
DEBUG: child returned INF! depth=1 score=-30000
DEBUG: evaluate returned crazy score! stand_pat=31805
DEBUG: child returned INF! depth=1 score=-30000
DEBUG: evaluate returned crazy score! stand_pat=31805
DEBUG: child returned INF! depth=1 score=-30000
DEBUG: evaluate returned crazy score! stand_pat=31795
DEBUG: child returned INF! depth=1 score=-30000
DEBUG: evaluate returned crazy score! stand_pat=31785
DEBUG: child returned INF! depth=1 score=-30000
DEBUG: evaluate returned crazy score! stand_pat=31785
DEBUG: child returned INF! depth=1 score=-30000
DEBUG: evaluate returned crazy score! stand_pat=31790
DEBUG: child returned INF! depth=1 score=-30000
DEBUG: evaluate returned crazy score! stand_pat=31805
DEBUG: child returned INF! depth=1 score=-30000
DEBUG: evaluate returned crazy score! stand_pat=31795
DEBUG: child returned INF! depth=1 score=-30000
DEBUG: evaluate returned crazy score! stand_pat=31795
DEBUG: child returned INF! depth=1 score=-30000
DEBUG: evaluate returned crazy score! stand_pat=31825
DEBUG: child returned INF! depth=1 score=-30000
DEBUG: evaluate returned crazy score! stand_pat=31825
DEBUG: child returned INF! depth=1 score=-30000
DEBUG: evaluate returned crazy score! stand_pat=31825
DEBUG: child returned INF! depth=1 score=-30000
DEBUG: evaluate returned crazy score! stand_pat=31825
DEBUG: child returned INF! depth=1 score=-30000
DEBUG: evaluate returned crazy score! stand_pat=31825
DEBUG: child returned INF! depth=1 score=-30000
DEBUG: evaluate returned crazy score! stand_pat=31825
DEBUG: child returned INF! depth=1 score=-30000
DEBUG: evaluate returned crazy score! stand_pat=31815
DEBUG: child returned INF! depth=1 score=-30000
DEBUG: evaluate returned crazy score! stand_pat=31795
DEBUG: child returned INF! depth=1 score=-30000
DEBUG: evaluate returned crazy score! stand_pat=31805
DEBUG: child returned INF! depth=1 score=-30000
DEBUG: evaluate returned crazy score! stand_pat=31815
DEBUG: child returned INF! depth=1 score=-30000
DEBUG: evaluate returned crazy score! stand_pat=31795
DEBUG: child returned INF! depth=1 score=-30000
DEBUG: evaluate returned crazy score! stand_pat=31795
DEBUG: child returned INF! depth=1 score=-30000
DEBUG: evaluate returned crazy score! stand_pat=31800
DEBUG: child returned INF! depth=1 score=-30000
DEBUG: evaluate returned crazy score! stand_pat=31815
DEBUG: child returned INF! depth=1 score=-30000
DEBUG: evaluate returned crazy score! stand_pat=31825
DEBUG: child returned INF! depth=1 score=-30000
DEBUG: evaluate returned crazy score! stand_pat=31825
DEBUG: child returned INF! depth=1 score=-30000
DEBUG: evaluate returned crazy score! stand_pat=31825
DEBUG: child returned INF! depth=1 score=-30000
DEBUG: evaluate returned crazy score! stand_pat=31825
DEBUG: child returned INF! depth=1 score=-30000
DEBUG: evaluate returned crazy score! stand_pat=31805
DEBUG: child returned INF! depth=1 score=-30000
DEBUG: negamax returning -INF! depth=1 ply=5 legal_moves=32 alpha=-30000 beta=90
DEBUG: child returned INF! depth=3 score=-30000
DEBUG: evaluate returned crazy score! stand_pat=31795
DEBUG: child returned INF! depth=1 score=-30000
DEBUG: evaluate returned crazy score! stand_pat=31760
DEBUG: child returned INF! depth=1 score=-30000
DEBUG: evaluate returned crazy score! stand_pat=31800
DEBUG: child returned INF! depth=1 score=-30000
DEBUG: evaluate returned crazy score! stand_pat=31755
DEBUG: child returned INF! depth=1 score=-30000
DEBUG: evaluate returned crazy score! stand_pat=31800
DEBUG: child returned INF! depth=1 score=-30000
DEBUG: evaluate returned crazy score! stand_pat=31805
DEBUG: child returned INF! depth=1 score=-30000
DEBUG: evaluate returned crazy score! stand_pat=31810
DEBUG: child returned INF! depth=1 score=-30000
DEBUG: evaluate returned crazy score! stand_pat=31805
DEBUG: child returned INF! depth=1 score=-30000
DEBUG: evaluate returned crazy score! stand_pat=31805
DEBUG: child returned INF! depth=1 score=-30000
DEBUG: evaluate returned crazy score! stand_pat=31795
DEBUG: child returned INF! depth=1 score=-30000
DEBUG: evaluate returned crazy score! stand_pat=31785
DEBUG: child returned INF! depth=1 score=-30000
DEBUG: evaluate returned crazy score! stand_pat=31785
DEBUG: child returned INF! depth=1 score=-30000
DEBUG: evaluate returned crazy score! stand_pat=31790
DEBUG: child returned INF! depth=1 score=-30000
DEBUG: evaluate returned crazy score! stand_pat=31805
DEBUG: child returned INF! depth=1 score=-30000
DEBUG: evaluate returned crazy score! stand_pat=31795
DEBUG: child returned INF! depth=1 score=-30000
DEBUG: evaluate returned crazy score! stand_pat=31755
DEBUG: child returned INF! depth=1 score=-30000
DEBUG: evaluate returned crazy score! stand_pat=31795
DEBUG: child returned INF! depth=1 score=-30000
DEBUG: evaluate returned crazy score! stand_pat=31825
DEBUG: child returned INF! depth=1 score=-30000
DEBUG: evaluate returned crazy score! stand_pat=31825
DEBUG: child returned INF! depth=1 score=-30000
DEBUG: evaluate returned crazy score! stand_pat=31825
DEBUG: child returned INF! depth=1 score=-30000
DEBUG: evaluate returned crazy score! stand_pat=31825
DEBUG: child returned INF! depth=1 score=-30000
DEBUG: evaluate returned crazy score! stand_pat=31825
DEBUG: child returned INF! depth=1 score=-30000
DEBUG: evaluate returned crazy score! stand_pat=31825
DEBUG: child returned INF! depth=1 score=-30000
DEBUG: evaluate returned crazy score! stand_pat=31815
DEBUG: child returned INF! depth=1 score=-30000
DEBUG: evaluate returned crazy score! stand_pat=31795
DEBUG: child returned INF! depth=1 score=-30000
DEBUG: evaluate returned crazy score! stand_pat=31805
DEBUG: child returned INF! depth=1 score=-30000
DEBUG: evaluate returned crazy score! stand_pat=31815
DEBUG: child returned INF! depth=1 score=-30000
DEBUG: evaluate returned crazy score! stand_pat=31795
DEBUG: child returned INF! depth=1 score=-30000
DEBUG: evaluate returned crazy score! stand_pat=31825
DEBUG: child returned INF! depth=1 score=-30000
DEBUG: evaluate returned crazy score! stand_pat=31825
DEBUG: child returned INF! depth=1 score=-30000
DEBUG: evaluate returned crazy score! stand_pat=31825
DEBUG: child returned INF! depth=1 score=-30000
DEBUG: evaluate returned crazy score! stand_pat=31825
DEBUG: child returned INF! depth=1 score=-30000
DEBUG: evaluate returned crazy score! stand_pat=31775
DEBUG: child returned INF! depth=1 score=-30000
DEBUG: negamax returning -INF! depth=1 ply=5 legal_moves=33 alpha=-30000 beta=90
DEBUG: child returned INF! depth=3 score=-30000
DEBUG: evaluate returned crazy score! stand_pat=31795
DEBUG: child returned INF! depth=1 score=-30000
DEBUG: evaluate returned crazy score! stand_pat=31760
DEBUG: child returned INF! depth=1 score=-30000
DEBUG: evaluate returned crazy score! stand_pat=31800
DEBUG: child returned INF! depth=1 score=-30000
DEBUG: evaluate returned crazy score! stand_pat=31755
DEBUG: child returned INF! depth=1 score=-30000
DEBUG: evaluate returned crazy score! stand_pat=31800
DEBUG: child returned INF! depth=1 score=-30000
DEBUG: evaluate returned crazy score! stand_pat=31805
DEBUG: child returned INF! depth=1 score=-30000
DEBUG: evaluate returned crazy score! stand_pat=31810
DEBUG: child returned INF! depth=1 score=-30000
DEBUG: evaluate returned crazy score! stand_pat=31805
DEBUG: child returned INF! depth=1 score=-30000
DEBUG: evaluate returned crazy score! stand_pat=31795
DEBUG: child returned INF! depth=1 score=-30000
DEBUG: evaluate returned crazy score! stand_pat=31785
DEBUG: child returned INF! depth=1 score=-30000
DEBUG: evaluate returned crazy score! stand_pat=31785
DEBUG: child returned INF! depth=1 score=-30000
DEBUG: evaluate returned crazy score! stand_pat=31790
DEBUG: child returned INF! depth=1 score=-30000
DEBUG: evaluate returned crazy score! stand_pat=31805
DEBUG: child returned INF! depth=1 score=-30000
DEBUG: evaluate returned crazy score! stand_pat=31790
DEBUG: child returned INF! depth=1 score=-30000
DEBUG: evaluate returned crazy score! stand_pat=31805
DEBUG: child returned INF! depth=1 score=-30000
DEBUG: evaluate returned crazy score! stand_pat=31795
DEBUG: child returned INF! depth=1 score=-30000
DEBUG: evaluate returned crazy score! stand_pat=31755
DEBUG: child returned INF! depth=1 score=-30000
DEBUG: evaluate returned crazy score! stand_pat=31795
DEBUG: child returned INF! depth=1 score=-30000
DEBUG: evaluate returned crazy score! stand_pat=31825
DEBUG: child returned INF! depth=1 score=-30000
DEBUG: evaluate returned crazy score! stand_pat=31825
DEBUG: child returned INF! depth=1 score=-30000
DEBUG: evaluate returned crazy score! stand_pat=31825
DEBUG: child returned INF! depth=1 score=-30000
DEBUG: evaluate returned crazy score! stand_pat=31825
DEBUG: child returned INF! depth=1 score=-30000
DEBUG: evaluate returned crazy score! stand_pat=31825
DEBUG: child returned INF! depth=1 score=-30000
DEBUG: evaluate returned crazy score! stand_pat=31825
DEBUG: child returned INF! depth=1 score=-30000
DEBUG: evaluate returned crazy score! stand_pat=31815
DEBUG: child returned INF! depth=1 score=-30000
DEBUG: evaluate returned crazy score! stand_pat=31795
DEBUG: child returned INF! depth=1 score=-30000
DEBUG: evaluate returned crazy score! stand_pat=31805
DEBUG: child returned INF! depth=1 score=-30000
DEBUG: evaluate returned crazy score! stand_pat=31815
DEBUG: child returned INF! depth=1 score=-30000
DEBUG: evaluate returned crazy score! stand_pat=31795
DEBUG: child returned INF! depth=1 score=-30000
DEBUG: evaluate returned crazy score! stand_pat=31795
DEBUG: child returned INF! depth=1 score=-30000
DEBUG: evaluate returned crazy score! stand_pat=31800
DEBUG: child returned INF! depth=1 score=-30000
DEBUG: evaluate returned crazy score! stand_pat=31815
DEBUG: child returned INF! depth=1 score=-30000
DEBUG: evaluate returned crazy score! stand_pat=31825
DEBUG: child returned INF! depth=1 score=-30000
DEBUG: evaluate returned crazy score! stand_pat=31825
DEBUG: child returned INF! depth=1 score=-30000
DEBUG: evaluate returned crazy score! stand_pat=31825
DEBUG: child returned INF! depth=1 score=-30000
DEBUG: evaluate returned crazy score! stand_pat=31825
DEBUG: child returned INF! depth=1 score=-30000
DEBUG: evaluate returned crazy score! stand_pat=31805
DEBUG: child returned INF! depth=1 score=-30000
DEBUG: negamax returning -INF! depth=1 ply=5 legal_moves=37 alpha=-30000 beta=90
DEBUG: child returned INF! depth=3 score=-30000
DEBUG: evaluate returned crazy score! stand_pat=31530
DEBUG: child returned INF! depth=1 score=-30000
DEBUG: evaluate returned crazy score! stand_pat=31860
DEBUG: child returned INF! depth=1 score=-30000
DEBUG: evaluate returned crazy score! stand_pat=31825
DEBUG: child returned INF! depth=1 score=-30000
DEBUG: evaluate returned crazy score! stand_pat=31865
DEBUG: child returned INF! depth=1 score=-30000
DEBUG: evaluate returned crazy score! stand_pat=31820
DEBUG: child returned INF! depth=1 score=-30000
DEBUG: evaluate returned crazy score! stand_pat=31875
DEBUG: child returned INF! depth=1 score=-30000
DEBUG: evaluate returned crazy score! stand_pat=31860
DEBUG: child returned INF! depth=1 score=-30000
DEBUG: evaluate returned crazy score! stand_pat=31850
DEBUG: child returned INF! depth=1 score=-30000
DEBUG: evaluate returned crazy score! stand_pat=31850
DEBUG: child returned INF! depth=1 score=-30000
DEBUG: evaluate returned crazy score! stand_pat=31855
DEBUG: child returned INF! depth=1 score=-30000
DEBUG: evaluate returned crazy score! stand_pat=31870
DEBUG: child returned INF! depth=1 score=-30000
DEBUG: evaluate returned crazy score! stand_pat=31855
DEBUG: child returned INF! depth=1 score=-30000
DEBUG: evaluate returned crazy score! stand_pat=31870
DEBUG: child returned INF! depth=1 score=-30000
DEBUG: evaluate returned crazy score! stand_pat=31860
DEBUG: child returned INF! depth=1 score=-30000
DEBUG: evaluate returned crazy score! stand_pat=31820
DEBUG: child returned INF! depth=1 score=-30000
DEBUG: evaluate returned crazy score! stand_pat=31860
DEBUG: child returned INF! depth=1 score=-30000
DEBUG: evaluate returned crazy score! stand_pat=31890
DEBUG: child returned INF! depth=1 score=-30000
DEBUG: evaluate returned crazy score! stand_pat=31890
DEBUG: child returned INF! depth=1 score=-30000
DEBUG: evaluate returned crazy score! stand_pat=31890
DEBUG: child returned INF! depth=1 score=-30000
DEBUG: evaluate returned crazy score! stand_pat=31890
DEBUG: child returned INF! depth=1 score=-30000
DEBUG: evaluate returned crazy score! stand_pat=31890
DEBUG: child returned INF! depth=1 score=-30000
DEBUG: evaluate returned crazy score! stand_pat=31890
DEBUG: child returned INF! depth=1 score=-30000
DEBUG: evaluate returned crazy score! stand_pat=31880
DEBUG: child returned INF! depth=1 score=-30000
DEBUG: evaluate returned crazy score! stand_pat=31860
DEBUG: child returned INF! depth=1 score=-30000
DEBUG: evaluate returned crazy score! stand_pat=31870
DEBUG: child returned INF! depth=1 score=-30000
DEBUG: evaluate returned crazy score! stand_pat=31880
DEBUG: child returned INF! depth=1 score=-30000
DEBUG: evaluate returned crazy score! stand_pat=31860
DEBUG: child returned INF! depth=1 score=-30000
DEBUG: evaluate returned crazy score! stand_pat=31860
DEBUG: child returned INF! depth=1 score=-30000
DEBUG: evaluate returned crazy score! stand_pat=31865
DEBUG: child returned INF! depth=1 score=-30000
DEBUG: evaluate returned crazy score! stand_pat=31880
DEBUG: child returned INF! depth=1 score=-30000
DEBUG: evaluate returned crazy score! stand_pat=31890
DEBUG: child returned INF! depth=1 score=-30000
DEBUG: evaluate returned crazy score! stand_pat=31890
DEBUG: child returned INF! depth=1 score=-30000
DEBUG: evaluate returned crazy score! stand_pat=31890
DEBUG: child returned INF! depth=1 score=-30000
DEBUG: evaluate returned crazy score! stand_pat=31890
DEBUG: child returned INF! depth=1 score=-30000
DEBUG: negamax returning -INF! depth=1 ply=5 legal_moves=34 alpha=-30000 beta=90
DEBUG: child returned INF! depth=3 score=-30000
DEBUG: evaluate returned crazy score! stand_pat=31555
DEBUG: child returned INF! depth=1 score=-30000
DEBUG: evaluate returned crazy score! stand_pat=31525
DEBUG: child returned INF! depth=1 score=-30000
DEBUG: evaluate returned crazy score! stand_pat=31540
DEBUG: child returned INF! depth=1 score=-30000
DEBUG: evaluate returned crazy score! stand_pat=31845
DEBUG: child returned INF! depth=1 score=-30000
DEBUG: evaluate returned crazy score! stand_pat=31810
DEBUG: child returned INF! depth=1 score=-30000
DEBUG: evaluate returned crazy score! stand_pat=31855
DEBUG: child returned INF! depth=1 score=-30000
DEBUG: evaluate returned crazy score! stand_pat=31860
DEBUG: child returned INF! depth=1 score=-30000
DEBUG: evaluate returned crazy score! stand_pat=31855
DEBUG: child returned INF! depth=1 score=-30000
DEBUG: evaluate returned crazy score! stand_pat=31845
DEBUG: child returned INF! depth=1 score=-30000
DEBUG: evaluate returned crazy score! stand_pat=31835
DEBUG: child returned INF! depth=1 score=-30000
DEBUG: evaluate returned crazy score! stand_pat=31835
DEBUG: child returned INF! depth=1 score=-30000
DEBUG: evaluate returned crazy score! stand_pat=31840
DEBUG: child returned INF! depth=1 score=-30000
DEBUG: evaluate returned crazy score! stand_pat=31855
DEBUG: child returned INF! depth=1 score=-30000
DEBUG: evaluate returned crazy score! stand_pat=31850
DEBUG: child returned INF! depth=1 score=-30000
DEBUG: evaluate returned crazy score! stand_pat=31805
DEBUG: child returned INF! depth=1 score=-30000
DEBUG: evaluate returned crazy score! stand_pat=31850
DEBUG: child returned INF! depth=1 score=-30000
DEBUG: evaluate returned crazy score! stand_pat=31860
DEBUG: child returned INF! depth=1 score=-30000
DEBUG: evaluate returned crazy score! stand_pat=31805
DEBUG: child returned INF! depth=1 score=-30000
DEBUG: evaluate returned crazy score! stand_pat=31845
DEBUG: child returned INF! depth=1 score=-30000
DEBUG: evaluate returned crazy score! stand_pat=31875
DEBUG: child returned INF! depth=1 score=-30000
DEBUG: evaluate returned crazy score! stand_pat=31875
DEBUG: child returned INF! depth=1 score=-30000
DEBUG: evaluate returned crazy score! stand_pat=31875
DEBUG: child returned INF! depth=1 score=-30000
DEBUG: evaluate returned crazy score! stand_pat=31875
DEBUG: child returned INF! depth=1 score=-30000
DEBUG: evaluate returned crazy score! stand_pat=31875
DEBUG: child returned INF! depth=1 score=-30000
DEBUG: evaluate returned crazy score! stand_pat=31865
DEBUG: child returned INF! depth=1 score=-30000
DEBUG: evaluate returned crazy score! stand_pat=31845
DEBUG: child returned INF! depth=1 score=-30000
DEBUG: evaluate returned crazy score! stand_pat=31855
DEBUG: child returned INF! depth=1 score=-30000
DEBUG: evaluate returned crazy score! stand_pat=31865
DEBUG: child returned INF! depth=1 score=-30000
DEBUG: evaluate returned crazy score! stand_pat=31845
DEBUG: child returned INF! depth=1 score=-30000
DEBUG: evaluate returned crazy score! stand_pat=31845
DEBUG: child returned INF! depth=1 score=-30000
DEBUG: evaluate returned crazy score! stand_pat=31850
DEBUG: child returned INF! depth=1 score=-30000
DEBUG: evaluate returned crazy score! stand_pat=31865
DEBUG: child returned INF! depth=1 score=-30000
DEBUG: evaluate returned crazy score! stand_pat=31875
DEBUG: child returned INF! depth=1 score=-30000
DEBUG: evaluate returned crazy score! stand_pat=31875
DEBUG: child returned INF! depth=1 score=-30000
DEBUG: evaluate returned crazy score! stand_pat=31875
DEBUG: child returned INF! depth=1 score=-30000
DEBUG: evaluate returned crazy score! stand_pat=31875
DEBUG: child returned INF! depth=1 score=-30000
DEBUG: evaluate returned crazy score! stand_pat=31875
DEBUG: child returned INF! depth=1 score=-30000
DEBUG: negamax returning -INF! depth=1 ply=5 legal_moves=37 alpha=-30000 beta=90
DEBUG: child returned INF! depth=3 score=-30000
DEBUG: evaluate returned crazy score! stand_pat=31795
DEBUG: child returned INF! depth=1 score=-30000
DEBUG: evaluate returned crazy score! stand_pat=31760
DEBUG: child returned INF! depth=1 score=-30000
DEBUG: evaluate returned crazy score! stand_pat=31800
DEBUG: child returned INF! depth=1 score=-30000
DEBUG: evaluate returned crazy score! stand_pat=31755
DEBUG: child returned INF! depth=1 score=-30000
DEBUG: evaluate returned crazy score! stand_pat=31800
DEBUG: child returned INF! depth=1 score=-30000
DEBUG: evaluate returned crazy score! stand_pat=31805
DEBUG: child returned INF! depth=1 score=-30000
DEBUG: evaluate returned crazy score! stand_pat=31810
DEBUG: child returned INF! depth=1 score=-30000
DEBUG: evaluate returned crazy score! stand_pat=31805
DEBUG: child returned INF! depth=1 score=-30000
DEBUG: evaluate returned crazy score! stand_pat=31795
DEBUG: child returned INF! depth=1 score=-30000
DEBUG: evaluate returned crazy score! stand_pat=31785
DEBUG: child returned INF! depth=1 score=-30000
DEBUG: evaluate returned crazy score! stand_pat=31785
DEBUG: child returned INF! depth=1 score=-30000
DEBUG: evaluate returned crazy score! stand_pat=31790
DEBUG: child returned INF! depth=1 score=-30000
DEBUG: evaluate returned crazy score! stand_pat=31805
DEBUG: child returned INF! depth=1 score=-30000
DEBUG: evaluate returned crazy score! stand_pat=31795
DEBUG: child returned INF! depth=1 score=-30000
DEBUG: evaluate returned crazy score! stand_pat=31755
DEBUG: child returned INF! depth=1 score=-30000
DEBUG: evaluate returned crazy score! stand_pat=31795
DEBUG: child returned INF! depth=1 score=-30000
DEBUG: evaluate returned crazy score! stand_pat=31810
DEBUG: child returned INF! depth=1 score=-30000
DEBUG: evaluate returned crazy score! stand_pat=31810
DEBUG: child returned INF! depth=1 score=-30000
DEBUG: evaluate returned crazy score! stand_pat=31825
DEBUG: child returned INF! depth=1 score=-30000
DEBUG: evaluate returned crazy score! stand_pat=31825
DEBUG: child returned INF! depth=1 score=-30000
DEBUG: evaluate returned crazy score! stand_pat=31825
DEBUG: child returned INF! depth=1 score=-30000
DEBUG: evaluate returned crazy score! stand_pat=31825
DEBUG: child returned INF! depth=1 score=-30000
DEBUG: evaluate returned crazy score! stand_pat=31825
DEBUG: child returned INF! depth=1 score=-30000
DEBUG: evaluate returned crazy score! stand_pat=31825
DEBUG: child returned INF! depth=1 score=-30000
DEBUG: evaluate returned crazy score! stand_pat=31815
DEBUG: child returned INF! depth=1 score=-30000
DEBUG: evaluate returned crazy score! stand_pat=31795
DEBUG: child returned INF! depth=1 score=-30000
DEBUG: evaluate returned crazy score! stand_pat=31805
DEBUG: child returned INF! depth=1 score=-30000
DEBUG: evaluate returned crazy score! stand_pat=31815
DEBUG: child returned INF! depth=1 score=-30000
DEBUG: evaluate returned crazy score! stand_pat=31795
DEBUG: child returned INF! depth=1 score=-30000
DEBUG: evaluate returned crazy score! stand_pat=31795
DEBUG: child returned INF! depth=1 score=-30000
DEBUG: evaluate returned crazy score! stand_pat=31800
DEBUG: child returned INF! depth=1 score=-30000
DEBUG: evaluate returned crazy score! stand_pat=31815
DEBUG: child returned INF! depth=1 score=-30000
DEBUG: evaluate returned crazy score! stand_pat=31825
DEBUG: child returned INF! depth=1 score=-30000
DEBUG: evaluate returned crazy score! stand_pat=31825
DEBUG: child returned INF! depth=1 score=-30000
DEBUG: evaluate returned crazy score! stand_pat=31825
DEBUG: child returned INF! depth=1 score=-30000
DEBUG: evaluate returned crazy score! stand_pat=31825
DEBUG: child returned INF! depth=1 score=-30000
DEBUG: evaluate returned crazy score! stand_pat=31780
DEBUG: child returned INF! depth=1 score=-30000
DEBUG: negamax returning -INF! depth=1 ply=5 legal_moves=37 alpha=-30000 beta=90
DEBUG: child returned INF! depth=3 score=-30000
DEBUG: negamax returning -INF! depth=3 ply=3 legal_moves=36 alpha=-30000 beta=90
DEBUG: child returned INF! depth=5 score=-30000
DEBUG: evaluate returned crazy score! stand_pat=31730
DEBUG: child returned INF! depth=1 score=-30000
DEBUG: evaluate returned crazy score! stand_pat=31690
DEBUG: child returned INF! depth=1 score=-30000
DEBUG: evaluate returned crazy score! stand_pat=31740
DEBUG: child returned INF! depth=1 score=-30000
DEBUG: evaluate returned crazy score! stand_pat=31740
DEBUG: child returned INF! depth=1 score=-30000
DEBUG: evaluate returned crazy score! stand_pat=31730
DEBUG: child returned INF! depth=1 score=-30000
DEBUG: evaluate returned crazy score! stand_pat=31720
DEBUG: child returned INF! depth=1 score=-30000
DEBUG: evaluate returned crazy score! stand_pat=31720
DEBUG: child returned INF! depth=1 score=-30000
DEBUG: evaluate returned crazy score! stand_pat=31725
DEBUG: child returned INF! depth=1 score=-30000
DEBUG: evaluate returned crazy score! stand_pat=31740
DEBUG: child returned INF! depth=1 score=-30000
DEBUG: evaluate returned crazy score! stand_pat=31740
DEBUG: child returned INF! depth=1 score=-30000
DEBUG: evaluate returned crazy score! stand_pat=31760
DEBUG: child returned INF! depth=1 score=-30000
DEBUG: evaluate returned crazy score! stand_pat=31760
DEBUG: child returned INF! depth=1 score=-30000
DEBUG: evaluate returned crazy score! stand_pat=31760
DEBUG: child returned INF! depth=1 score=-30000
DEBUG: evaluate returned crazy score! stand_pat=31760
DEBUG: child returned INF! depth=1 score=-30000
DEBUG: evaluate returned crazy score! stand_pat=31760
DEBUG: child returned INF! depth=1 score=-30000
DEBUG: evaluate returned crazy score! stand_pat=31760
DEBUG: child returned INF! depth=1 score=-30000
DEBUG: evaluate returned crazy score! stand_pat=31735
DEBUG: child returned INF! depth=1 score=-30000
DEBUG: evaluate returned crazy score! stand_pat=31740
DEBUG: child returned INF! depth=1 score=-30000
DEBUG: evaluate returned crazy score! stand_pat=31745
DEBUG: child returned INF! depth=1 score=-30000
DEBUG: evaluate returned crazy score! stand_pat=31735
DEBUG: child returned INF! depth=1 score=-30000
DEBUG: evaluate returned crazy score! stand_pat=31735
DEBUG: child returned INF! depth=1 score=-30000
DEBUG: evaluate returned crazy score! stand_pat=31740
DEBUG: child returned INF! depth=1 score=-30000
DEBUG: evaluate returned crazy score! stand_pat=31750
DEBUG: child returned INF! depth=1 score=-30000
DEBUG: evaluate returned crazy score! stand_pat=31745
DEBUG: child returned INF! depth=1 score=-30000
DEBUG: evaluate returned crazy score! stand_pat=31740
DEBUG: child returned INF! depth=1 score=-30000
DEBUG: evaluate returned crazy score! stand_pat=31735
DEBUG: child returned INF! depth=1 score=-30000
DEBUG: evaluate returned crazy score! stand_pat=31735
DEBUG: child returned INF! depth=1 score=-30000
DEBUG: evaluate returned crazy score! stand_pat=31735
DEBUG: child returned INF! depth=1 score=-30000
DEBUG: evaluate returned crazy score! stand_pat=31735
DEBUG: child returned INF! depth=1 score=-30000
DEBUG: evaluate returned crazy score! stand_pat=31740
DEBUG: child returned INF! depth=1 score=-30000
DEBUG: evaluate returned crazy score! stand_pat=31745
DEBUG: child returned INF! depth=1 score=-30000
DEBUG: evaluate returned crazy score! stand_pat=31760
DEBUG: child returned INF! depth=1 score=-30000
DEBUG: evaluate returned crazy score! stand_pat=31760
DEBUG: child returned INF! depth=1 score=-30000
DEBUG: evaluate returned crazy score! stand_pat=31760
DEBUG: child returned INF! depth=1 score=-30000
DEBUG: evaluate returned crazy score! stand_pat=31760
DEBUG: child returned INF! depth=1 score=-30000
DEBUG: evaluate returned crazy score! stand_pat=31790
DEBUG: child returned INF! depth=1 score=-30000
DEBUG: evaluate returned crazy score! stand_pat=31730
DEBUG: child returned INF! depth=1 score=-30000
DEBUG: evaluate returned crazy score! stand_pat=31780
DEBUG: child returned INF! depth=1 score=-30000
DEBUG: evaluate returned crazy score! stand_pat=31730
DEBUG: child returned INF! depth=1 score=-30000
DEBUG: evaluate returned crazy score! stand_pat=31745
DEBUG: child returned INF! depth=1 score=-30000
DEBUG: negamax returning -INF! depth=1 ply=5 legal_moves=40 alpha=-30000 beta=90
DEBUG: child returned INF! depth=3 score=-30000
DEBUG: evaluate returned crazy score! stand_pat=31695
DEBUG: child returned INF! depth=1 score=-30000
DEBUG: evaluate returned crazy score! stand_pat=31740
DEBUG: child returned INF! depth=1 score=-30000
DEBUG: evaluate returned crazy score! stand_pat=31740
DEBUG: child returned INF! depth=1 score=-30000
DEBUG: evaluate returned crazy score! stand_pat=31730
DEBUG: child returned INF! depth=1 score=-30000
DEBUG: evaluate returned crazy score! stand_pat=31720
DEBUG: child returned INF! depth=1 score=-30000
DEBUG: evaluate returned crazy score! stand_pat=31720
DEBUG: child returned INF! depth=1 score=-30000
DEBUG: evaluate returned crazy score! stand_pat=31725
DEBUG: child returned INF! depth=1 score=-30000
DEBUG: evaluate returned crazy score! stand_pat=31740
DEBUG: child returned INF! depth=1 score=-30000
DEBUG: evaluate returned crazy score! stand_pat=31740
DEBUG: child returned INF! depth=1 score=-30000
DEBUG: evaluate returned crazy score! stand_pat=31690
DEBUG: child returned INF! depth=1 score=-30000
DEBUG: evaluate returned crazy score! stand_pat=31730
DEBUG: child returned INF! depth=1 score=-30000
DEBUG: evaluate returned crazy score! stand_pat=31760
DEBUG: child returned INF! depth=1 score=-30000
DEBUG: evaluate returned crazy score! stand_pat=31760
DEBUG: child returned INF! depth=1 score=-30000
DEBUG: evaluate returned crazy score! stand_pat=31760
DEBUG: child returned INF! depth=1 score=-30000
DEBUG: evaluate returned crazy score! stand_pat=31760
DEBUG: child returned INF! depth=1 score=-30000
DEBUG: evaluate returned crazy score! stand_pat=31735
DEBUG: child returned INF! depth=1 score=-30000
DEBUG: evaluate returned crazy score! stand_pat=31735
DEBUG: child returned INF! depth=1 score=-30000
DEBUG: evaluate returned crazy score! stand_pat=31740
DEBUG: child returned INF! depth=1 score=-30000
DEBUG: evaluate returned crazy score! stand_pat=31750
DEBUG: child returned INF! depth=1 score=-30000
DEBUG: evaluate returned crazy score! stand_pat=31745
DEBUG: child returned INF! depth=1 score=-30000
DEBUG: evaluate returned crazy score! stand_pat=31740
DEBUG: child returned INF! depth=1 score=-30000
DEBUG: evaluate returned crazy score! stand_pat=31735
DEBUG: child returned INF! depth=1 score=-30000
DEBUG: evaluate returned crazy score! stand_pat=31735
DEBUG: child returned INF! depth=1 score=-30000
DEBUG: evaluate returned crazy score! stand_pat=31735
DEBUG: child returned INF! depth=1 score=-30000
DEBUG: evaluate returned crazy score! stand_pat=31735
DEBUG: child returned INF! depth=1 score=-30000
DEBUG: evaluate returned crazy score! stand_pat=31740
DEBUG: child returned INF! depth=1 score=-30000
DEBUG: evaluate returned crazy score! stand_pat=31745
DEBUG: child returned INF! depth=1 score=-30000
DEBUG: evaluate returned crazy score! stand_pat=31760
DEBUG: child returned INF! depth=1 score=-30000
DEBUG: evaluate returned crazy score! stand_pat=31760
DEBUG: child returned INF! depth=1 score=-30000
DEBUG: evaluate returned crazy score! stand_pat=31760
DEBUG: child returned INF! depth=1 score=-30000
DEBUG: evaluate returned crazy score! stand_pat=31760
DEBUG: child returned INF! depth=1 score=-30000
DEBUG: evaluate returned crazy score! stand_pat=31760
DEBUG: child returned INF! depth=1 score=-30000
DEBUG: evaluate returned crazy score! stand_pat=31760
DEBUG: child returned INF! depth=1 score=-30000
DEBUG: evaluate returned crazy score! stand_pat=31790
DEBUG: child returned INF! depth=1 score=-30000
DEBUG: evaluate returned crazy score! stand_pat=31780
DEBUG: child returned INF! depth=1 score=-30000
DEBUG: evaluate returned crazy score! stand_pat=31745
DEBUG: child returned INF! depth=1 score=-30000
DEBUG: evaluate returned crazy score! stand_pat=31780
DEBUG: child returned INF! depth=1 score=-30000
DEBUG: evaluate returned crazy score! stand_pat=31730
DEBUG: child returned INF! depth=1 score=-30000
DEBUG: evaluate returned crazy score! stand_pat=31745
DEBUG: child returned INF! depth=1 score=-30000
DEBUG: evaluate returned crazy score! stand_pat=31730
DEBUG: child returned INF! depth=1 score=-30000
DEBUG: negamax returning -INF! depth=1 ply=5 legal_moves=40 alpha=-30000 beta=90
DEBUG: child returned INF! depth=3 score=-30000
DEBUG: evaluate returned crazy score! stand_pat=31745
DEBUG: child returned INF! depth=1 score=-30000
DEBUG: evaluate returned crazy score! stand_pat=31740
DEBUG: child returned INF! depth=1 score=-30000
DEBUG: evaluate returned crazy score! stand_pat=31790
DEBUG: child returned INF! depth=1 score=-30000
DEBUG: evaluate returned crazy score! stand_pat=31790
DEBUG: child returned INF! depth=1 score=-30000
DEBUG: evaluate returned crazy score! stand_pat=31780
DEBUG: child returned INF! depth=1 score=-30000
DEBUG: evaluate returned crazy score! stand_pat=31770
DEBUG: child returned INF! depth=1 score=-30000
DEBUG: evaluate returned crazy score! stand_pat=31770
DEBUG: child returned INF! depth=1 score=-30000
DEBUG: evaluate returned crazy score! stand_pat=31775
DEBUG: child returned INF! depth=1 score=-30000
DEBUG: evaluate returned crazy score! stand_pat=31790
DEBUG: child returned INF! depth=1 score=-30000
DEBUG: evaluate returned crazy score! stand_pat=31780
DEBUG: child returned INF! depth=1 score=-30000
DEBUG: evaluate returned crazy score! stand_pat=31740
DEBUG: child returned INF! depth=1 score=-30000
DEBUG: evaluate returned crazy score! stand_pat=31780
DEBUG: child returned INF! depth=1 score=-30000
DEBUG: evaluate returned crazy score! stand_pat=31810
DEBUG: child returned INF! depth=1 score=-30000
DEBUG: evaluate returned crazy score! stand_pat=31810
DEBUG: child returned INF! depth=1 score=-30000
DEBUG: evaluate returned crazy score! stand_pat=31810
DEBUG: child returned INF! depth=1 score=-30000
DEBUG: evaluate returned crazy score! stand_pat=31810
DEBUG: child returned INF! depth=1 score=-30000
DEBUG: evaluate returned crazy score! stand_pat=31810
DEBUG: child returned INF! depth=1 score=-30000
DEBUG: evaluate returned crazy score! stand_pat=31810
DEBUG: child returned INF! depth=1 score=-30000
DEBUG: evaluate returned crazy score! stand_pat=31795
DEBUG: child returned INF! depth=1 score=-30000
DEBUG: evaluate returned crazy score! stand_pat=31785
DEBUG: child returned INF! depth=1 score=-30000
DEBUG: evaluate returned crazy score! stand_pat=31790
DEBUG: child returned INF! depth=1 score=-30000
DEBUG: evaluate returned crazy score! stand_pat=31795
DEBUG: child returned INF! depth=1 score=-30000
DEBUG: evaluate returned crazy score! stand_pat=31785
DEBUG: child returned INF! depth=1 score=-30000
DEBUG: evaluate returned crazy score! stand_pat=31785
DEBUG: child returned INF! depth=1 score=-30000
DEBUG: evaluate returned crazy score! stand_pat=31790
DEBUG: child returned INF! depth=1 score=-30000
DEBUG: evaluate returned crazy score! stand_pat=31800
DEBUG: child returned INF! depth=1 score=-30000
DEBUG: evaluate returned crazy score! stand_pat=31790
DEBUG: child returned INF! depth=1 score=-30000
DEBUG: evaluate returned crazy score! stand_pat=31785
DEBUG: child returned INF! depth=1 score=-30000
DEBUG: evaluate returned crazy score! stand_pat=31785
DEBUG: child returned INF! depth=1 score=-30000
DEBUG: evaluate returned crazy score! stand_pat=31785
DEBUG: child returned INF! depth=1 score=-30000
DEBUG: evaluate returned crazy score! stand_pat=31785
DEBUG: child returned INF! depth=1 score=-30000
DEBUG: evaluate returned crazy score! stand_pat=31790
DEBUG: child returned INF! depth=1 score=-30000
DEBUG: evaluate returned crazy score! stand_pat=31795
DEBUG: child returned INF! depth=1 score=-30000
DEBUG: evaluate returned crazy score! stand_pat=31810
DEBUG: child returned INF! depth=1 score=-30000
DEBUG: evaluate returned crazy score! stand_pat=31810
DEBUG: child returned INF! depth=1 score=-30000
DEBUG: evaluate returned crazy score! stand_pat=31810
DEBUG: child returned INF! depth=1 score=-30000
DEBUG: evaluate returned crazy score! stand_pat=31810
DEBUG: child returned INF! depth=1 score=-30000
DEBUG: evaluate returned crazy score! stand_pat=31810
DEBUG: child returned INF! depth=1 score=-30000
DEBUG: evaluate returned crazy score! stand_pat=31810
DEBUG: child returned INF! depth=1 score=-30000
DEBUG: negamax returning -INF! depth=1 ply=5 legal_moves=39 alpha=-30000 beta=90
DEBUG: child returned INF! depth=3 score=-30000
DEBUG: evaluate returned crazy score! stand_pat=31780
DEBUG: child returned INF! depth=1 score=-30000
DEBUG: evaluate returned crazy score! stand_pat=31740
DEBUG: child returned INF! depth=1 score=-30000
DEBUG: evaluate returned crazy score! stand_pat=31740
DEBUG: child returned INF! depth=1 score=-30000
DEBUG: evaluate returned crazy score! stand_pat=31780
DEBUG: child returned INF! depth=1 score=-30000
DEBUG: evaluate returned crazy score! stand_pat=31810
DEBUG: child returned INF! depth=1 score=-30000
DEBUG: evaluate returned crazy score! stand_pat=31810
DEBUG: child returned INF! depth=1 score=-30000
DEBUG: evaluate returned crazy score! stand_pat=31810
DEBUG: child returned INF! depth=1 score=-30000
DEBUG: evaluate returned crazy score! stand_pat=31810
DEBUG: child returned INF! depth=1 score=-30000
DEBUG: evaluate returned crazy score! stand_pat=31810
DEBUG: child returned INF! depth=1 score=-30000
DEBUG: evaluate returned crazy score! stand_pat=31810
DEBUG: child returned INF! depth=1 score=-30000
DEBUG: evaluate returned crazy score! stand_pat=31795
DEBUG: child returned INF! depth=1 score=-30000
DEBUG: evaluate returned crazy score! stand_pat=31785
DEBUG: child returned INF! depth=1 score=-30000
DEBUG: evaluate returned crazy score! stand_pat=31790
DEBUG: child returned INF! depth=1 score=-30000
DEBUG: evaluate returned crazy score! stand_pat=31795
DEBUG: child returned INF! depth=1 score=-30000
DEBUG: evaluate returned crazy score! stand_pat=31785
DEBUG: child returned INF! depth=1 score=-30000
DEBUG: evaluate returned crazy score! stand_pat=31785
DEBUG: child returned INF! depth=1 score=-30000
DEBUG: evaluate returned crazy score! stand_pat=31790
DEBUG: child returned INF! depth=1 score=-30000
DEBUG: evaluate returned crazy score! stand_pat=31800
DEBUG: child returned INF! depth=1 score=-30000
DEBUG: evaluate returned crazy score! stand_pat=31795
DEBUG: child returned INF! depth=1 score=-30000
DEBUG: evaluate returned crazy score! stand_pat=31785
DEBUG: child returned INF! depth=1 score=-30000
DEBUG: evaluate returned crazy score! stand_pat=31785
DEBUG: child returned INF! depth=1 score=-30000
DEBUG: evaluate returned crazy score! stand_pat=31785
DEBUG: child returned INF! depth=1 score=-30000
DEBUG: evaluate returned crazy score! stand_pat=31785
DEBUG: child returned INF! depth=1 score=-30000
DEBUG: evaluate returned crazy score! stand_pat=31790
DEBUG: child returned INF! depth=1 score=-30000
DEBUG: evaluate returned crazy score! stand_pat=31795
DEBUG: child returned INF! depth=1 score=-30000
DEBUG: evaluate returned crazy score! stand_pat=31790
DEBUG: child returned INF! depth=1 score=-30000
DEBUG: evaluate returned crazy score! stand_pat=31790
DEBUG: child returned INF! depth=1 score=-30000
DEBUG: evaluate returned crazy score! stand_pat=31810
DEBUG: child returned INF! depth=1 score=-30000
DEBUG: evaluate returned crazy score! stand_pat=31810
DEBUG: child returned INF! depth=1 score=-30000
DEBUG: evaluate returned crazy score! stand_pat=31810
DEBUG: child returned INF! depth=1 score=-30000
DEBUG: evaluate returned crazy score! stand_pat=31810
DEBUG: child returned INF! depth=1 score=-30000
DEBUG: evaluate returned crazy score! stand_pat=31810
DEBUG: child returned INF! depth=1 score=-30000
DEBUG: evaluate returned crazy score! stand_pat=31810
DEBUG: child returned INF! depth=1 score=-30000
DEBUG: evaluate returned crazy score! stand_pat=31810
DEBUG: child returned INF! depth=1 score=-30000
DEBUG: evaluate returned crazy score! stand_pat=31810
DEBUG: child returned INF! depth=1 score=-30000
DEBUG: evaluate returned crazy score! stand_pat=31810
DEBUG: child returned INF! depth=1 score=-30000
DEBUG: negamax returning -INF! depth=1 ply=5 legal_moves=36 alpha=-30000 beta=90
DEBUG: child returned INF! depth=3 score=-30000
DEBUG: evaluate returned crazy score! stand_pat=31770
DEBUG: child returned INF! depth=1 score=-30000
DEBUG: evaluate returned crazy score! stand_pat=31730
DEBUG: child returned INF! depth=1 score=-30000
DEBUG: evaluate returned crazy score! stand_pat=31780
DEBUG: child returned INF! depth=1 score=-30000
DEBUG: evaluate returned crazy score! stand_pat=31770
DEBUG: child returned INF! depth=1 score=-30000
DEBUG: evaluate returned crazy score! stand_pat=31730
DEBUG: child returned INF! depth=1 score=-30000
DEBUG: evaluate returned crazy score! stand_pat=31770
DEBUG: child returned INF! depth=1 score=-30000
DEBUG: evaluate returned crazy score! stand_pat=31800
DEBUG: child returned INF! depth=1 score=-30000
DEBUG: evaluate returned crazy score! stand_pat=31800
DEBUG: child returned INF! depth=1 score=-30000
DEBUG: evaluate returned crazy score! stand_pat=31800
DEBUG: child returned INF! depth=1 score=-30000
DEBUG: evaluate returned crazy score! stand_pat=31800
DEBUG: child returned INF! depth=1 score=-30000
DEBUG: evaluate returned crazy score! stand_pat=31800
DEBUG: child returned INF! depth=1 score=-30000
DEBUG: evaluate returned crazy score! stand_pat=31800
DEBUG: child returned INF! depth=1 score=-30000
DEBUG: evaluate returned crazy score! stand_pat=31775
DEBUG: child returned INF! depth=1 score=-30000
DEBUG: evaluate returned crazy score! stand_pat=31780
DEBUG: child returned INF! depth=1 score=-30000
DEBUG: evaluate returned crazy score! stand_pat=31785
DEBUG: child returned INF! depth=1 score=-30000
DEBUG: evaluate returned crazy score! stand_pat=31775
DEBUG: child returned INF! depth=1 score=-30000
DEBUG: evaluate returned crazy score! stand_pat=31775
DEBUG: child returned INF! depth=1 score=-30000
DEBUG: evaluate returned crazy score! stand_pat=31780
DEBUG: child returned INF! depth=1 score=-30000
DEBUG: evaluate returned crazy score! stand_pat=31790
DEBUG: child returned INF! depth=1 score=-30000
DEBUG: evaluate returned crazy score! stand_pat=31785
DEBUG: child returned INF! depth=1 score=-30000
DEBUG: evaluate returned crazy score! stand_pat=31775
DEBUG: child returned INF! depth=1 score=-30000
DEBUG: evaluate returned crazy score! stand_pat=31775
DEBUG: child returned INF! depth=1 score=-30000
DEBUG: evaluate returned crazy score! stand_pat=31775
DEBUG: child returned INF! depth=1 score=-30000
DEBUG: evaluate returned crazy score! stand_pat=31775
DEBUG: child returned INF! depth=1 score=-30000
DEBUG: evaluate returned crazy score! stand_pat=31780
DEBUG: child returned INF! depth=1 score=-30000
DEBUG: evaluate returned crazy score! stand_pat=31785
DEBUG: child returned INF! depth=1 score=-30000
DEBUG: evaluate returned crazy score! stand_pat=31790
DEBUG: child returned INF! depth=1 score=-30000
DEBUG: evaluate returned crazy score! stand_pat=31790
DEBUG: child returned INF! depth=1 score=-30000
DEBUG: evaluate returned crazy score! stand_pat=31770
DEBUG: child returned INF! depth=1 score=-30000
DEBUG: evaluate returned crazy score! stand_pat=31770
DEBUG: child returned INF! depth=1 score=-30000
DEBUG: evaluate returned crazy score! stand_pat=31775
DEBUG: child returned INF! depth=1 score=-30000
DEBUG: evaluate returned crazy score! stand_pat=31790
DEBUG: child returned INF! depth=1 score=-30000
DEBUG: evaluate returned crazy score! stand_pat=31770
DEBUG: child returned INF! depth=1 score=-30000
DEBUG: evaluate returned crazy score! stand_pat=31780
DEBUG: child returned INF! depth=1 score=-30000
DEBUG: evaluate returned crazy score! stand_pat=31790
DEBUG: child returned INF! depth=1 score=-30000
DEBUG: evaluate returned crazy score! stand_pat=31800
DEBUG: child returned INF! depth=1 score=-30000
DEBUG: evaluate returned crazy score! stand_pat=31800
DEBUG: child returned INF! depth=1 score=-30000
DEBUG: evaluate returned crazy score! stand_pat=31800
DEBUG: child returned INF! depth=1 score=-30000
DEBUG: evaluate returned crazy score! stand_pat=31800
DEBUG: child returned INF! depth=1 score=-30000
DEBUG: evaluate returned crazy score! stand_pat=31800
DEBUG: child returned INF! depth=1 score=-30000
DEBUG: evaluate returned crazy score! stand_pat=31800
DEBUG: child returned INF! depth=1 score=-30000
DEBUG: negamax returning -INF! depth=1 ply=5 legal_moves=41 alpha=-30000 beta=90
DEBUG: child returned INF! depth=3 score=-30000
DEBUG: evaluate returned crazy score! stand_pat=31690
DEBUG: child returned INF! depth=1 score=-30000
DEBUG: evaluate returned crazy score! stand_pat=31725
DEBUG: child returned INF! depth=1 score=-30000
DEBUG: evaluate returned crazy score! stand_pat=31770
DEBUG: child returned INF! depth=1 score=-30000
DEBUG: evaluate returned crazy score! stand_pat=31760
DEBUG: child returned INF! depth=1 score=-30000
DEBUG: evaluate returned crazy score! stand_pat=31770
DEBUG: child returned INF! depth=1 score=-30000
DEBUG: evaluate returned crazy score! stand_pat=31720
DEBUG: child returned INF! depth=1 score=-30000
DEBUG: evaluate returned crazy score! stand_pat=31720
DEBUG: child returned INF! depth=1 score=-30000
DEBUG: evaluate returned crazy score! stand_pat=31760
DEBUG: child returned INF! depth=1 score=-30000
DEBUG: evaluate returned crazy score! stand_pat=31790
DEBUG: child returned INF! depth=1 score=-30000
DEBUG: evaluate returned crazy score! stand_pat=31790
DEBUG: child returned INF! depth=1 score=-30000
DEBUG: evaluate returned crazy score! stand_pat=31790
DEBUG: child returned INF! depth=1 score=-30000
DEBUG: evaluate returned crazy score! stand_pat=31790
DEBUG: child returned INF! depth=1 score=-30000
DEBUG: evaluate returned crazy score! stand_pat=31790
DEBUG: child returned INF! depth=1 score=-30000
DEBUG: evaluate returned crazy score! stand_pat=31790
DEBUG: child returned INF! depth=1 score=-30000
DEBUG: evaluate returned crazy score! stand_pat=31765
DEBUG: child returned INF! depth=1 score=-30000
DEBUG: evaluate returned crazy score! stand_pat=31770
DEBUG: child returned INF! depth=1 score=-30000
DEBUG: evaluate returned crazy score! stand_pat=31775
DEBUG: child returned INF! depth=1 score=-30000
DEBUG: evaluate returned crazy score! stand_pat=31765
DEBUG: child returned INF! depth=1 score=-30000
DEBUG: evaluate returned crazy score! stand_pat=31765
DEBUG: child returned INF! depth=1 score=-30000
DEBUG: evaluate returned crazy score! stand_pat=31760
DEBUG: child returned INF! depth=1 score=-30000
DEBUG: evaluate returned crazy score! stand_pat=31780
DEBUG: child returned INF! depth=1 score=-30000
DEBUG: evaluate returned crazy score! stand_pat=31775
DEBUG: child returned INF! depth=1 score=-30000
DEBUG: evaluate returned crazy score! stand_pat=31770
DEBUG: child returned INF! depth=1 score=-30000
DEBUG: evaluate returned crazy score! stand_pat=31790
DEBUG: child returned INF! depth=1 score=-30000
DEBUG: evaluate returned crazy score! stand_pat=31790
DEBUG: child returned INF! depth=1 score=-30000
DEBUG: evaluate returned crazy score! stand_pat=31790
DEBUG: child returned INF! depth=1 score=-30000
DEBUG: evaluate returned crazy score! stand_pat=31790
DEBUG: child returned INF! depth=1 score=-30000
DEBUG: evaluate returned crazy score! stand_pat=31790
DEBUG: child returned INF! depth=1 score=-30000
DEBUG: evaluate returned crazy score! stand_pat=31790
DEBUG: child returned INF! depth=1 score=-30000
DEBUG: evaluate returned crazy score! stand_pat=31780
DEBUG: child returned INF! depth=1 score=-30000
DEBUG: evaluate returned crazy score! stand_pat=31790
DEBUG: child returned INF! depth=1 score=-30000
DEBUG: evaluate returned crazy score! stand_pat=31770
DEBUG: child returned INF! depth=1 score=-30000
DEBUG: evaluate returned crazy score! stand_pat=31775
DEBUG: child returned INF! depth=1 score=-30000
DEBUG: evaluate returned crazy score! stand_pat=31790
DEBUG: child returned INF! depth=1 score=-30000
DEBUG: evaluate returned crazy score! stand_pat=31770
DEBUG: child returned INF! depth=1 score=-30000
DEBUG: evaluate returned crazy score! stand_pat=31775
DEBUG: child returned INF! depth=1 score=-30000
DEBUG: evaluate returned crazy score! stand_pat=31780
DEBUG: child returned INF! depth=1 score=-30000
DEBUG: evaluate returned crazy score! stand_pat=31770
DEBUG: child returned INF! depth=1 score=-30000
DEBUG: negamax returning -INF! depth=1 ply=5 legal_moves=38 alpha=-30000 beta=90
DEBUG: child returned INF! depth=3 score=-30000
DEBUG: evaluate returned crazy score! stand_pat=31660
DEBUG: child returned INF! depth=1 score=-30000
DEBUG: evaluate returned crazy score! stand_pat=31725
DEBUG: child returned INF! depth=1 score=-30000
DEBUG: evaluate returned crazy score! stand_pat=31770
DEBUG: child returned INF! depth=1 score=-30000
DEBUG: evaluate returned crazy score! stand_pat=31760
DEBUG: child returned INF! depth=1 score=-30000
DEBUG: evaluate returned crazy score! stand_pat=31770
DEBUG: child returned INF! depth=1 score=-30000
DEBUG: evaluate returned crazy score! stand_pat=31720
DEBUG: child returned INF! depth=1 score=-30000
DEBUG: evaluate returned crazy score! stand_pat=31720
DEBUG: child returned INF! depth=1 score=-30000
DEBUG: evaluate returned crazy score! stand_pat=31760
DEBUG: child returned INF! depth=1 score=-30000
DEBUG: evaluate returned crazy score! stand_pat=31790
DEBUG: child returned INF! depth=1 score=-30000
DEBUG: evaluate returned crazy score! stand_pat=31790
DEBUG: child returned INF! depth=1 score=-30000
DEBUG: evaluate returned crazy score! stand_pat=31790
DEBUG: child returned INF! depth=1 score=-30000
DEBUG: evaluate returned crazy score! stand_pat=31790
DEBUG: child returned INF! depth=1 score=-30000
DEBUG: evaluate returned crazy score! stand_pat=31790
DEBUG: child returned INF! depth=1 score=-30000
DEBUG: evaluate returned crazy score! stand_pat=31765
DEBUG: child returned INF! depth=1 score=-30000
DEBUG: evaluate returned crazy score! stand_pat=31770
DEBUG: child returned INF! depth=1 score=-30000
DEBUG: evaluate returned crazy score! stand_pat=31775
DEBUG: child returned INF! depth=1 score=-30000
DEBUG: evaluate returned crazy score! stand_pat=31765
DEBUG: child returned INF! depth=1 score=-30000
DEBUG: evaluate returned crazy score! stand_pat=31765
DEBUG: child returned INF! depth=1 score=-30000
DEBUG: evaluate returned crazy score! stand_pat=31770
DEBUG: child returned INF! depth=1 score=-30000
DEBUG: evaluate returned crazy score! stand_pat=31780
DEBUG: child returned INF! depth=1 score=-30000
DEBUG: evaluate returned crazy score! stand_pat=31775
DEBUG: child returned INF! depth=1 score=-30000
DEBUG: evaluate returned crazy score! stand_pat=31760
DEBUG: child returned INF! depth=1 score=-30000
DEBUG: evaluate returned crazy score! stand_pat=31765
DEBUG: child returned INF! depth=1 score=-30000
DEBUG: evaluate returned crazy score! stand_pat=31765
DEBUG: child returned INF! depth=1 score=-30000
DEBUG: evaluate returned crazy score! stand_pat=31765
DEBUG: child returned INF! depth=1 score=-30000
DEBUG: evaluate returned crazy score! stand_pat=31765
DEBUG: child returned INF! depth=1 score=-30000
DEBUG: evaluate returned crazy score! stand_pat=31770
DEBUG: child returned INF! depth=1 score=-30000
DEBUG: evaluate returned crazy score! stand_pat=31775
DEBUG: child returned INF! depth=1 score=-30000
DEBUG: evaluate returned crazy score! stand_pat=31790
DEBUG: child returned INF! depth=1 score=-30000
DEBUG: evaluate returned crazy score! stand_pat=31790
DEBUG: child returned INF! depth=1 score=-30000
DEBUG: evaluate returned crazy score! stand_pat=31790
DEBUG: child returned INF! depth=1 score=-30000
DEBUG: evaluate returned crazy score! stand_pat=31790
DEBUG: child returned INF! depth=1 score=-30000
DEBUG: evaluate returned crazy score! stand_pat=31790
DEBUG: child returned INF! depth=1 score=-30000
DEBUG: evaluate returned crazy score! stand_pat=31790
DEBUG: child returned INF! depth=1 score=-30000
DEBUG: evaluate returned crazy score! stand_pat=31770
DEBUG: child returned INF! depth=1 score=-30000
DEBUG: evaluate returned crazy score! stand_pat=31770
DEBUG: child returned INF! depth=1 score=-30000
DEBUG: evaluate returned crazy score! stand_pat=31780
DEBUG: child returned INF! depth=1 score=-30000
DEBUG: evaluate returned crazy score! stand_pat=31790
DEBUG: child returned INF! depth=1 score=-30000
DEBUG: evaluate returned crazy score! stand_pat=31775
DEBUG: child returned INF! depth=1 score=-30000
DEBUG: evaluate returned crazy score! stand_pat=31790
DEBUG: child returned INF! depth=1 score=-30000
DEBUG: evaluate returned crazy score! stand_pat=31770
DEBUG: child returned INF! depth=1 score=-30000
DEBUG: evaluate returned crazy score! stand_pat=31770
DEBUG: child returned INF! depth=1 score=-30000
DEBUG: negamax returning -INF! depth=1 ply=5 legal_moves=42 alpha=-30000 beta=90
DEBUG: child returned INF! depth=3 score=-30000
DEBUG: evaluate returned crazy score! stand_pat=32035
DEBUG: child returned INF! depth=1 score=-30000
DEBUG: evaluate returned crazy score! stand_pat=32030
DEBUG: child returned INF! depth=1 score=-30000
DEBUG: evaluate returned crazy score! stand_pat=32080
DEBUG: child returned INF! depth=1 score=-30000
DEBUG: evaluate returned crazy score! stand_pat=32070
DEBUG: child returned INF! depth=1 score=-30000
DEBUG: evaluate returned crazy score! stand_pat=32080
DEBUG: child returned INF! depth=1 score=-30000
DEBUG: evaluate returned crazy score! stand_pat=32070
DEBUG: child returned INF! depth=1 score=-30000
DEBUG: evaluate returned crazy score! stand_pat=32030
DEBUG: child returned INF! depth=1 score=-30000
DEBUG: evaluate returned crazy score! stand_pat=32070
DEBUG: child returned INF! depth=1 score=-30000
DEBUG: evaluate returned crazy score! stand_pat=32100
DEBUG: child returned INF! depth=1 score=-30000
DEBUG: evaluate returned crazy score! stand_pat=32100
DEBUG: child returned INF! depth=1 score=-30000
DEBUG: evaluate returned crazy score! stand_pat=32100
DEBUG: child returned INF! depth=1 score=-30000
DEBUG: evaluate returned crazy score! stand_pat=32100
DEBUG: child returned INF! depth=1 score=-30000
DEBUG: evaluate returned crazy score! stand_pat=32100
DEBUG: child returned INF! depth=1 score=-30000
DEBUG: evaluate returned crazy score! stand_pat=32100
DEBUG: child returned INF! depth=1 score=-30000
DEBUG: evaluate returned crazy score! stand_pat=32075
DEBUG: child returned INF! depth=1 score=-30000
DEBUG: evaluate returned crazy score! stand_pat=32080
DEBUG: child returned INF! depth=1 score=-30000
DEBUG: evaluate returned crazy score! stand_pat=32085
DEBUG: child returned INF! depth=1 score=-30000
DEBUG: evaluate returned crazy score! stand_pat=32075
DEBUG: child returned INF! depth=1 score=-30000
DEBUG: evaluate returned crazy score! stand_pat=32075
DEBUG: child returned INF! depth=1 score=-30000
DEBUG: evaluate returned crazy score! stand_pat=32080
DEBUG: child returned INF! depth=1 score=-30000
DEBUG: evaluate returned crazy score! stand_pat=32090
DEBUG: child returned INF! depth=1 score=-30000
DEBUG: evaluate returned crazy score! stand_pat=32085
DEBUG: child returned INF! depth=1 score=-30000
DEBUG: evaluate returned crazy score! stand_pat=32080
DEBUG: child returned INF! depth=1 score=-30000
DEBUG: evaluate returned crazy score! stand_pat=32075
DEBUG: child returned INF! depth=1 score=-30000
DEBUG: evaluate returned crazy score! stand_pat=32075
DEBUG: child returned INF! depth=1 score=-30000
DEBUG: evaluate returned crazy score! stand_pat=32075
DEBUG: child returned INF! depth=1 score=-30000
DEBUG: evaluate returned crazy score! stand_pat=32075
DEBUG: child returned INF! depth=1 score=-30000
DEBUG: evaluate returned crazy score! stand_pat=32080
DEBUG: child returned INF! depth=1 score=-30000
DEBUG: evaluate returned crazy score! stand_pat=32085
DEBUG: child returned INF! depth=1 score=-30000
DEBUG: evaluate returned crazy score! stand_pat=32100
DEBUG: child returned INF! depth=1 score=-30000
DEBUG: evaluate returned crazy score! stand_pat=32100
DEBUG: child returned INF! depth=1 score=-30000
DEBUG: evaluate returned crazy score! stand_pat=32100
DEBUG: child returned INF! depth=1 score=-30000
DEBUG: evaluate returned crazy score! stand_pat=32100
DEBUG: child returned INF! depth=1 score=-30000
DEBUG: evaluate returned crazy score! stand_pat=32100
DEBUG: child returned INF! depth=1 score=-30000
DEBUG: evaluate returned crazy score! stand_pat=32100
DEBUG: child returned INF! depth=1 score=-30000
DEBUG: negamax returning -INF! depth=1 ply=5 legal_moves=35 alpha=-30000 beta=90
DEBUG: child returned INF! depth=3 score=-30000
DEBUG: evaluate returned crazy score! stand_pat=32045
DEBUG: child returned INF! depth=1 score=-30000
DEBUG: evaluate returned crazy score! stand_pat=32040
DEBUG: child returned INF! depth=1 score=-30000
DEBUG: evaluate returned crazy score! stand_pat=32090
DEBUG: child returned INF! depth=1 score=-30000
DEBUG: evaluate returned crazy score! stand_pat=32080
DEBUG: child returned INF! depth=1 score=-30000
DEBUG: evaluate returned crazy score! stand_pat=32090
DEBUG: child returned INF! depth=1 score=-30000
DEBUG: evaluate returned crazy score! stand_pat=32080
DEBUG: child returned INF! depth=1 score=-30000
DEBUG: evaluate returned crazy score! stand_pat=32040
DEBUG: child returned INF! depth=1 score=-30000
DEBUG: evaluate returned crazy score! stand_pat=32080
DEBUG: child returned INF! depth=1 score=-30000
DEBUG: evaluate returned crazy score! stand_pat=32110
DEBUG: child returned INF! depth=1 score=-30000
DEBUG: evaluate returned crazy score! stand_pat=32110
DEBUG: child returned INF! depth=1 score=-30000
DEBUG: evaluate returned crazy score! stand_pat=32110
DEBUG: child returned INF! depth=1 score=-30000
DEBUG: evaluate returned crazy score! stand_pat=32110
DEBUG: child returned INF! depth=1 score=-30000
DEBUG: evaluate returned crazy score! stand_pat=32110
DEBUG: child returned INF! depth=1 score=-30000
DEBUG: evaluate returned crazy score! stand_pat=32110
DEBUG: child returned INF! depth=1 score=-30000
DEBUG: evaluate returned crazy score! stand_pat=32085
DEBUG: child returned INF! depth=1 score=-30000
DEBUG: evaluate returned crazy score! stand_pat=32090
DEBUG: child returned INF! depth=1 score=-30000
DEBUG: evaluate returned crazy score! stand_pat=32095
DEBUG: child returned INF! depth=1 score=-30000
DEBUG: evaluate returned crazy score! stand_pat=32085
DEBUG: child returned INF! depth=1 score=-30000
DEBUG: evaluate returned crazy score! stand_pat=32085
DEBUG: child returned INF! depth=1 score=-30000
DEBUG: evaluate returned crazy score! stand_pat=32090
DEBUG: child returned INF! depth=1 score=-30000
DEBUG: evaluate returned crazy score! stand_pat=32100
DEBUG: child returned INF! depth=1 score=-30000
DEBUG: evaluate returned crazy score! stand_pat=32095
DEBUG: child returned INF! depth=1 score=-30000
DEBUG: evaluate returned crazy score! stand_pat=32090
DEBUG: child returned INF! depth=1 score=-30000
DEBUG: evaluate returned crazy score! stand_pat=32085
DEBUG: child returned INF! depth=1 score=-30000
DEBUG: evaluate returned crazy score! stand_pat=32085
DEBUG: child returned INF! depth=1 score=-30000
DEBUG: evaluate returned crazy score! stand_pat=32085
DEBUG: child returned INF! depth=1 score=-30000
DEBUG: evaluate returned crazy score! stand_pat=32085
DEBUG: child returned INF! depth=1 score=-30000
DEBUG: evaluate returned crazy score! stand_pat=32090
DEBUG: child returned INF! depth=1 score=-30000
DEBUG: evaluate returned crazy score! stand_pat=32095
DEBUG: child returned INF! depth=1 score=-30000
DEBUG: evaluate returned crazy score! stand_pat=32110
DEBUG: child returned INF! depth=1 score=-30000
DEBUG: evaluate returned crazy score! stand_pat=32110
DEBUG: child returned INF! depth=1 score=-30000
DEBUG: evaluate returned crazy score! stand_pat=32110
DEBUG: child returned INF! depth=1 score=-30000
DEBUG: evaluate returned crazy score! stand_pat=32110
DEBUG: child returned INF! depth=1 score=-30000
DEBUG: evaluate returned crazy score! stand_pat=32110
DEBUG: child returned INF! depth=1 score=-30000
DEBUG: evaluate returned crazy score! stand_pat=32110
DEBUG: child returned INF! depth=1 score=-30000
DEBUG: negamax returning -INF! depth=1 ply=5 legal_moves=35 alpha=-30000 beta=90
DEBUG: child returned INF! depth=3 score=-30000
DEBUG: evaluate returned crazy score! stand_pat=31735
DEBUG: child returned INF! depth=1 score=-30000
DEBUG: evaluate returned crazy score! stand_pat=31695
DEBUG: child returned INF! depth=1 score=-30000
DEBUG: evaluate returned crazy score! stand_pat=31745
DEBUG: child returned INF! depth=1 score=-30000
DEBUG: evaluate returned crazy score! stand_pat=31745
DEBUG: child returned INF! depth=1 score=-30000
DEBUG: evaluate returned crazy score! stand_pat=31765
DEBUG: child returned INF! depth=1 score=-30000
DEBUG: evaluate returned crazy score! stand_pat=31765
DEBUG: child returned INF! depth=1 score=-30000
DEBUG: evaluate returned crazy score! stand_pat=31765
DEBUG: child returned INF! depth=1 score=-30000
DEBUG: evaluate returned crazy score! stand_pat=31765
DEBUG: child returned INF! depth=1 score=-30000
DEBUG: evaluate returned crazy score! stand_pat=31765
DEBUG: child returned INF! depth=1 score=-30000
DEBUG: evaluate returned crazy score! stand_pat=31765
DEBUG: child returned INF! depth=1 score=-30000
DEBUG: evaluate returned crazy score! stand_pat=31740
DEBUG: child returned INF! depth=1 score=-30000
DEBUG: evaluate returned crazy score! stand_pat=31745
DEBUG: child returned INF! depth=1 score=-30000
DEBUG: evaluate returned crazy score! stand_pat=31750
DEBUG: child returned INF! depth=1 score=-30000
DEBUG: evaluate returned crazy score! stand_pat=31740
DEBUG: child returned INF! depth=1 score=-30000
DEBUG: evaluate returned crazy score! stand_pat=31740
DEBUG: child returned INF! depth=1 score=-30000
DEBUG: evaluate returned crazy score! stand_pat=31745
DEBUG: child returned INF! depth=1 score=-30000
DEBUG: evaluate returned crazy score! stand_pat=31755
DEBUG: child returned INF! depth=1 score=-30000
DEBUG: evaluate returned crazy score! stand_pat=31750
DEBUG: child returned INF! depth=1 score=-30000
DEBUG: evaluate returned crazy score! stand_pat=31740
DEBUG: child returned INF! depth=1 score=-30000
DEBUG: evaluate returned crazy score! stand_pat=31740
DEBUG: child returned INF! depth=1 score=-30000
DEBUG: evaluate returned crazy score! stand_pat=31740
DEBUG: child returned INF! depth=1 score=-30000
DEBUG: evaluate returned crazy score! stand_pat=31740
DEBUG: child returned INF! depth=1 score=-30000
DEBUG: evaluate returned crazy score! stand_pat=31745
DEBUG: child returned INF! depth=1 score=-30000
DEBUG: evaluate returned crazy score! stand_pat=31750
DEBUG: child returned INF! depth=1 score=-30000
DEBUG: evaluate returned crazy score! stand_pat=31790
DEBUG: child returned INF! depth=1 score=-30000
DEBUG: evaluate returned crazy score! stand_pat=31740
DEBUG: child returned INF! depth=1 score=-30000
DEBUG: evaluate returned crazy score! stand_pat=31745
DEBUG: child returned INF! depth=1 score=-30000
DEBUG: evaluate returned crazy score! stand_pat=31730
DEBUG: child returned INF! depth=1 score=-30000
DEBUG: evaluate returned crazy score! stand_pat=31735
DEBUG: child returned INF! depth=1 score=-30000
DEBUG: evaluate returned crazy score! stand_pat=31765
DEBUG: child returned INF! depth=1 score=-30000
DEBUG: evaluate returned crazy score! stand_pat=31765
DEBUG: child returned INF! depth=1 score=-30000
DEBUG: evaluate returned crazy score! stand_pat=31765
DEBUG: child returned INF! depth=1 score=-30000
DEBUG: evaluate returned crazy score! stand_pat=31765
DEBUG: child returned INF! depth=1 score=-30000
DEBUG: evaluate returned crazy score! stand_pat=31765
DEBUG: child returned INF! depth=1 score=-30000
DEBUG: evaluate returned crazy score! stand_pat=31765
DEBUG: child returned INF! depth=1 score=-30000
DEBUG: negamax returning -INF! depth=1 ply=5 legal_moves=35 alpha=-30000 beta=90
DEBUG: child returned INF! depth=3 score=-30000
DEBUG: evaluate returned crazy score! stand_pat=31735
DEBUG: child returned INF! depth=1 score=-30000
DEBUG: evaluate returned crazy score! stand_pat=31780
DEBUG: child returned INF! depth=1 score=-30000
DEBUG: evaluate returned crazy score! stand_pat=31780
DEBUG: child returned INF! depth=1 score=-30000
DEBUG: evaluate returned crazy score! stand_pat=31770
DEBUG: child returned INF! depth=1 score=-30000
DEBUG: evaluate returned crazy score! stand_pat=31760
DEBUG: child returned INF! depth=1 score=-30000
DEBUG: evaluate returned crazy score! stand_pat=31760
DEBUG: child returned INF! depth=1 score=-30000
DEBUG: evaluate returned crazy score! stand_pat=31765
DEBUG: child returned INF! depth=1 score=-30000
DEBUG: evaluate returned crazy score! stand_pat=31780
DEBUG: child returned INF! depth=1 score=-30000
DEBUG: evaluate returned crazy score! stand_pat=31780
DEBUG: child returned INF! depth=1 score=-30000
DEBUG: evaluate returned crazy score! stand_pat=31730
DEBUG: child returned INF! depth=1 score=-30000
DEBUG: evaluate returned crazy score! stand_pat=31770
DEBUG: child returned INF! depth=1 score=-30000
DEBUG: evaluate returned crazy score! stand_pat=31800
DEBUG: child returned INF! depth=1 score=-30000
DEBUG: evaluate returned crazy score! stand_pat=31800
DEBUG: child returned INF! depth=1 score=-30000
DEBUG: evaluate returned crazy score! stand_pat=31800
DEBUG: child returned INF! depth=1 score=-30000
DEBUG: evaluate returned crazy score! stand_pat=31800
DEBUG: child returned INF! depth=1 score=-30000
DEBUG: evaluate returned crazy score! stand_pat=31775
DEBUG: child returned INF! depth=1 score=-30000
DEBUG: evaluate returned crazy score! stand_pat=31780
DEBUG: child returned INF! depth=1 score=-30000
DEBUG: evaluate returned crazy score! stand_pat=31785
DEBUG: child returned INF! depth=1 score=-30000
DEBUG: evaluate returned crazy score! stand_pat=31775
DEBUG: child returned INF! depth=1 score=-30000
DEBUG: evaluate returned crazy score! stand_pat=31775
DEBUG: child returned INF! depth=1 score=-30000
DEBUG: evaluate returned crazy score! stand_pat=31780
DEBUG: child returned INF! depth=1 score=-30000
DEBUG: evaluate returned crazy score! stand_pat=31790
DEBUG: child returned INF! depth=1 score=-30000
DEBUG: evaluate returned crazy score! stand_pat=31785
DEBUG: child returned INF! depth=1 score=-30000
DEBUG: evaluate returned crazy score! stand_pat=31780
DEBUG: child returned INF! depth=1 score=-30000
DEBUG: evaluate returned crazy score! stand_pat=31775
DEBUG: child returned INF! depth=1 score=-30000
DEBUG: evaluate returned crazy score! stand_pat=31775
DEBUG: child returned INF! depth=1 score=-30000
DEBUG: evaluate returned crazy score! stand_pat=31775
DEBUG: child returned INF! depth=1 score=-30000
DEBUG: evaluate returned crazy score! stand_pat=31775
DEBUG: child returned INF! depth=1 score=-30000
DEBUG: evaluate returned crazy score! stand_pat=31780
DEBUG: child returned INF! depth=1 score=-30000
DEBUG: evaluate returned crazy score! stand_pat=31785
DEBUG: child returned INF! depth=1 score=-30000
DEBUG: evaluate returned crazy score! stand_pat=31800
DEBUG: child returned INF! depth=1 score=-30000
DEBUG: evaluate returned crazy score! stand_pat=31800
DEBUG: child returned INF! depth=1 score=-30000
DEBUG: evaluate returned crazy score! stand_pat=31800
DEBUG: child returned INF! depth=1 score=-30000
DEBUG: evaluate returned crazy score! stand_pat=31800
DEBUG: child returned INF! depth=1 score=-30000
DEBUG: evaluate returned crazy score! stand_pat=31800
DEBUG: child returned INF! depth=1 score=-30000
DEBUG: evaluate returned crazy score! stand_pat=31800
DEBUG: child returned INF! depth=1 score=-30000
DEBUG: evaluate returned crazy score! stand_pat=31790
DEBUG: child returned INF! depth=1 score=-30000
DEBUG: evaluate returned crazy score! stand_pat=31735
DEBUG: child returned INF! depth=1 score=-30000
DEBUG: evaluate returned crazy score! stand_pat=31745
DEBUG: child returned INF! depth=1 score=-30000
DEBUG: negamax returning -INF! depth=1 ply=5 legal_moves=39 alpha=-30000 beta=90
DEBUG: child returned INF! depth=3 score=-30000
DEBUG: evaluate returned crazy score! stand_pat=31740
DEBUG: child returned INF! depth=1 score=-30000
DEBUG: evaluate returned crazy score! stand_pat=31990
DEBUG: child returned INF! depth=1 score=-30000
DEBUG: evaluate returned crazy score! stand_pat=32040
DEBUG: child returned INF! depth=1 score=-30000
DEBUG: evaluate returned crazy score! stand_pat=32040
DEBUG: child returned INF! depth=1 score=-30000
DEBUG: evaluate returned crazy score! stand_pat=32030
DEBUG: child returned INF! depth=1 score=-30000
DEBUG: evaluate returned crazy score! stand_pat=32020
DEBUG: child returned INF! depth=1 score=-30000
DEBUG: evaluate returned crazy score! stand_pat=32020
DEBUG: child returned INF! depth=1 score=-30000
DEBUG: evaluate returned crazy score! stand_pat=32025
DEBUG: child returned INF! depth=1 score=-30000
DEBUG: evaluate returned crazy score! stand_pat=32040
DEBUG: child returned INF! depth=1 score=-30000
DEBUG: evaluate returned crazy score! stand_pat=32040
DEBUG: child returned INF! depth=1 score=-30000
DEBUG: evaluate returned crazy score! stand_pat=32060
DEBUG: child returned INF! depth=1 score=-30000
DEBUG: evaluate returned crazy score! stand_pat=32060
DEBUG: child returned INF! depth=1 score=-30000
DEBUG: evaluate returned crazy score! stand_pat=32060
DEBUG: child returned INF! depth=1 score=-30000
DEBUG: evaluate returned crazy score! stand_pat=32060
DEBUG: child returned INF! depth=1 score=-30000
DEBUG: evaluate returned crazy score! stand_pat=32060
DEBUG: child returned INF! depth=1 score=-30000
DEBUG: evaluate returned crazy score! stand_pat=32060
DEBUG: child returned INF! depth=1 score=-30000
DEBUG: evaluate returned crazy score! stand_pat=32035
DEBUG: child returned INF! depth=1 score=-30000
DEBUG: evaluate returned crazy score! stand_pat=32040
DEBUG: child returned INF! depth=1 score=-30000
DEBUG: evaluate returned crazy score! stand_pat=32030
DEBUG: child returned INF! depth=1 score=-30000
DEBUG: evaluate returned crazy score! stand_pat=32035
DEBUG: child returned INF! depth=1 score=-30000
DEBUG: evaluate returned crazy score! stand_pat=32035
DEBUG: child returned INF! depth=1 score=-30000
DEBUG: evaluate returned crazy score! stand_pat=32040
DEBUG: child returned INF! depth=1 score=-30000
DEBUG: evaluate returned crazy score! stand_pat=32050
DEBUG: child returned INF! depth=1 score=-30000
DEBUG: evaluate returned crazy score! stand_pat=32045
DEBUG: child returned INF! depth=1 score=-30000
DEBUG: evaluate returned crazy score! stand_pat=32040
DEBUG: child returned INF! depth=1 score=-30000
DEBUG: evaluate returned crazy score! stand_pat=32035
DEBUG: child returned INF! depth=1 score=-30000
DEBUG: evaluate returned crazy score! stand_pat=32035
DEBUG: child returned INF! depth=1 score=-30000
DEBUG: evaluate returned crazy score! stand_pat=32035
DEBUG: child returned INF! depth=1 score=-30000
DEBUG: evaluate returned crazy score! stand_pat=32035
DEBUG: child returned INF! depth=1 score=-30000
DEBUG: evaluate returned crazy score! stand_pat=32040
DEBUG: child returned INF! depth=1 score=-30000
DEBUG: evaluate returned crazy score! stand_pat=32045
DEBUG: child returned INF! depth=1 score=-30000
DEBUG: evaluate returned crazy score! stand_pat=32060
DEBUG: child returned INF! depth=1 score=-30000
DEBUG: evaluate returned crazy score! stand_pat=32060
DEBUG: child returned INF! depth=1 score=-30000
DEBUG: evaluate returned crazy score! stand_pat=32060
DEBUG: child returned INF! depth=1 score=-30000
DEBUG: evaluate returned crazy score! stand_pat=32060
DEBUG: child returned INF! depth=1 score=-30000
DEBUG: evaluate returned crazy score! stand_pat=32045
DEBUG: child returned INF! depth=1 score=-30000
DEBUG: negamax returning -INF! depth=1 ply=5 legal_moves=36 alpha=-30000 beta=90
DEBUG: child returned INF! depth=3 score=-30000
DEBUG: evaluate returned crazy score! stand_pat=31765
DEBUG: child returned INF! depth=1 score=-30000
DEBUG: evaluate returned crazy score! stand_pat=31760
DEBUG: child returned INF! depth=1 score=-30000
DEBUG: evaluate returned crazy score! stand_pat=31810
DEBUG: child returned INF! depth=1 score=-30000
DEBUG: evaluate returned crazy score! stand_pat=31810
DEBUG: child returned INF! depth=1 score=-30000
DEBUG: evaluate returned crazy score! stand_pat=31800
DEBUG: child returned INF! depth=1 score=-30000
DEBUG: evaluate returned crazy score! stand_pat=31790
DEBUG: child returned INF! depth=1 score=-30000
DEBUG: evaluate returned crazy score! stand_pat=31790
DEBUG: child returned INF! depth=1 score=-30000
DEBUG: evaluate returned crazy score! stand_pat=31795
DEBUG: child returned INF! depth=1 score=-30000
DEBUG: evaluate returned crazy score! stand_pat=31810
DEBUG: child returned INF! depth=1 score=-30000
DEBUG: evaluate returned crazy score! stand_pat=31815
DEBUG: child returned INF! depth=1 score=-30000
DEBUG: evaluate returned crazy score! stand_pat=31760
DEBUG: child returned INF! depth=1 score=-30000
DEBUG: evaluate returned crazy score! stand_pat=31800
DEBUG: child returned INF! depth=1 score=-30000
DEBUG: evaluate returned crazy score! stand_pat=31830
DEBUG: child returned INF! depth=1 score=-30000
DEBUG: evaluate returned crazy score! stand_pat=31830
DEBUG: child returned INF! depth=1 score=-30000
DEBUG: evaluate returned crazy score! stand_pat=31830
DEBUG: child returned INF! depth=1 score=-30000
DEBUG: evaluate returned crazy score! stand_pat=31830
DEBUG: child returned INF! depth=1 score=-30000
DEBUG: evaluate returned crazy score! stand_pat=31805
DEBUG: child returned INF! depth=1 score=-30000
DEBUG: evaluate returned crazy score! stand_pat=31810
DEBUG: child returned INF! depth=1 score=-30000
DEBUG: evaluate returned crazy score! stand_pat=31815
DEBUG: child returned INF! depth=1 score=-30000
DEBUG: evaluate returned crazy score! stand_pat=31805
DEBUG: child returned INF! depth=1 score=-30000
DEBUG: evaluate returned crazy score! stand_pat=31805
DEBUG: child returned INF! depth=1 score=-30000
DEBUG: evaluate returned crazy score! stand_pat=31810
DEBUG: child returned INF! depth=1 score=-30000
DEBUG: evaluate returned crazy score! stand_pat=31820
DEBUG: child returned INF! depth=1 score=-30000
DEBUG: evaluate returned crazy score! stand_pat=31815
DEBUG: child returned INF! depth=1 score=-30000
DEBUG: evaluate returned crazy score! stand_pat=31810
DEBUG: child returned INF! depth=1 score=-30000
DEBUG: evaluate returned crazy score! stand_pat=31805
DEBUG: child returned INF! depth=1 score=-30000
DEBUG: evaluate returned crazy score! stand_pat=31805
DEBUG: child returned INF! depth=1 score=-30000
DEBUG: evaluate returned crazy score! stand_pat=31805
DEBUG: child returned INF! depth=1 score=-30000
DEBUG: evaluate returned crazy score! stand_pat=31805
DEBUG: child returned INF! depth=1 score=-30000
DEBUG: evaluate returned crazy score! stand_pat=31810
DEBUG: child returned INF! depth=1 score=-30000
DEBUG: evaluate returned crazy score! stand_pat=31815
DEBUG: child returned INF! depth=1 score=-30000
DEBUG: evaluate returned crazy score! stand_pat=31830
DEBUG: child returned INF! depth=1 score=-30000
DEBUG: evaluate returned crazy score! stand_pat=31830
DEBUG: child returned INF! depth=1 score=-30000
DEBUG: evaluate returned crazy score! stand_pat=31830
DEBUG: child returned INF! depth=1 score=-30000
DEBUG: evaluate returned crazy score! stand_pat=31830
DEBUG: child returned INF! depth=1 score=-30000
DEBUG: evaluate returned crazy score! stand_pat=31830
DEBUG: child returned INF! depth=1 score=-30000
DEBUG: evaluate returned crazy score! stand_pat=31830
DEBUG: child returned INF! depth=1 score=-30000
DEBUG: evaluate returned crazy score! stand_pat=31810
DEBUG: child returned INF! depth=1 score=-30000
DEBUG: negamax returning -INF! depth=1 ply=5 legal_moves=38 alpha=-30000 beta=90
DEBUG: child returned INF! depth=3 score=-30000
DEBUG: evaluate returned crazy score! stand_pat=31765
DEBUG: child returned INF! depth=1 score=-30000
DEBUG: evaluate returned crazy score! stand_pat=31815
DEBUG: child returned INF! depth=1 score=-30000
DEBUG: evaluate returned crazy score! stand_pat=31800
DEBUG: child returned INF! depth=1 score=-30000
DEBUG: evaluate returned crazy score! stand_pat=31760
DEBUG: child returned INF! depth=1 score=-30000
DEBUG: evaluate returned crazy score! stand_pat=31810
DEBUG: child returned INF! depth=1 score=-30000
DEBUG: evaluate returned crazy score! stand_pat=31810
DEBUG: child returned INF! depth=1 score=-30000
DEBUG: evaluate returned crazy score! stand_pat=31800
DEBUG: child returned INF! depth=1 score=-30000
DEBUG: evaluate returned crazy score! stand_pat=31790
DEBUG: child returned INF! depth=1 score=-30000
DEBUG: evaluate returned crazy score! stand_pat=31790
DEBUG: child returned INF! depth=1 score=-30000
DEBUG: evaluate returned crazy score! stand_pat=31795
DEBUG: child returned INF! depth=1 score=-30000
DEBUG: evaluate returned crazy score! stand_pat=31810
DEBUG: child returned INF! depth=1 score=-30000
DEBUG: evaluate returned crazy score! stand_pat=31815
DEBUG: child returned INF! depth=1 score=-30000
DEBUG: evaluate returned crazy score! stand_pat=31760
DEBUG: child returned INF! depth=1 score=-30000
DEBUG: evaluate returned crazy score! stand_pat=31800
DEBUG: child returned INF! depth=1 score=-30000
DEBUG: evaluate returned crazy score! stand_pat=31830
DEBUG: child returned INF! depth=1 score=-30000
DEBUG: evaluate returned crazy score! stand_pat=31830
DEBUG: child returned INF! depth=1 score=-30000
DEBUG: evaluate returned crazy score! stand_pat=31830
DEBUG: child returned INF! depth=1 score=-30000
DEBUG: evaluate returned crazy score! stand_pat=31830
DEBUG: child returned INF! depth=1 score=-30000
DEBUG: evaluate returned crazy score! stand_pat=31805
DEBUG: child returned INF! depth=1 score=-30000
DEBUG: evaluate returned crazy score! stand_pat=31810
DEBUG: child returned INF! depth=1 score=-30000
DEBUG: evaluate returned crazy score! stand_pat=31815
DEBUG: child returned INF! depth=1 score=-30000
DEBUG: evaluate returned crazy score! stand_pat=31805
DEBUG: child returned INF! depth=1 score=-30000
DEBUG: evaluate returned crazy score! stand_pat=31805
DEBUG: child returned INF! depth=1 score=-30000
DEBUG: evaluate returned crazy score! stand_pat=31810
DEBUG: child returned INF! depth=1 score=-30000
DEBUG: evaluate returned crazy score! stand_pat=31820
DEBUG: child returned INF! depth=1 score=-30000
DEBUG: evaluate returned crazy score! stand_pat=31815
DEBUG: child returned INF! depth=1 score=-30000
DEBUG: evaluate returned crazy score! stand_pat=31810
DEBUG: child returned INF! depth=1 score=-30000
DEBUG: evaluate returned crazy score! stand_pat=31805
DEBUG: child returned INF! depth=1 score=-30000
DEBUG: evaluate returned crazy score! stand_pat=31805
DEBUG: child returned INF! depth=1 score=-30000
DEBUG: evaluate returned crazy score! stand_pat=31805
DEBUG: child returned INF! depth=1 score=-30000
DEBUG: evaluate returned crazy score! stand_pat=31805
DEBUG: child returned INF! depth=1 score=-30000
DEBUG: evaluate returned crazy score! stand_pat=31810
DEBUG: child returned INF! depth=1 score=-30000
DEBUG: evaluate returned crazy score! stand_pat=31815
DEBUG: child returned INF! depth=1 score=-30000
DEBUG: evaluate returned crazy score! stand_pat=31830
DEBUG: child returned INF! depth=1 score=-30000
DEBUG: evaluate returned crazy score! stand_pat=31830
DEBUG: child returned INF! depth=1 score=-30000
DEBUG: evaluate returned crazy score! stand_pat=31830
DEBUG: child returned INF! depth=1 score=-30000
DEBUG: evaluate returned crazy score! stand_pat=31830
DEBUG: child returned INF! depth=1 score=-30000
DEBUG: evaluate returned crazy score! stand_pat=31830
DEBUG: child returned INF! depth=1 score=-30000
DEBUG: evaluate returned crazy score! stand_pat=31830
DEBUG: child returned INF! depth=1 score=-30000
DEBUG: evaluate returned crazy score! stand_pat=31785
DEBUG: child returned INF! depth=1 score=-30000
DEBUG: negamax returning -INF! depth=1 ply=5 legal_moves=40 alpha=-30000 beta=90
DEBUG: child returned INF! depth=3 score=-30000
DEBUG: evaluate returned crazy score! stand_pat=31765
DEBUG: child returned INF! depth=1 score=-30000
DEBUG: evaluate returned crazy score! stand_pat=31760
DEBUG: child returned INF! depth=1 score=-30000
DEBUG: evaluate returned crazy score! stand_pat=31795
DEBUG: child returned INF! depth=1 score=-30000
DEBUG: evaluate returned crazy score! stand_pat=31810
DEBUG: child returned INF! depth=1 score=-30000
DEBUG: evaluate returned crazy score! stand_pat=31810
DEBUG: child returned INF! depth=1 score=-30000
DEBUG: evaluate returned crazy score! stand_pat=31810
DEBUG: child returned INF! depth=1 score=-30000
DEBUG: evaluate returned crazy score! stand_pat=31800
DEBUG: child returned INF! depth=1 score=-30000
DEBUG: evaluate returned crazy score! stand_pat=31790
DEBUG: child returned INF! depth=1 score=-30000
DEBUG: evaluate returned crazy score! stand_pat=31790
DEBUG: child returned INF! depth=1 score=-30000
DEBUG: evaluate returned crazy score! stand_pat=31795
DEBUG: child returned INF! depth=1 score=-30000
DEBUG: evaluate returned crazy score! stand_pat=31810
DEBUG: child returned INF! depth=1 score=-30000
DEBUG: evaluate returned crazy score! stand_pat=31800
DEBUG: child returned INF! depth=1 score=-30000
DEBUG: evaluate returned crazy score! stand_pat=31760
DEBUG: child returned INF! depth=1 score=-30000
DEBUG: evaluate returned crazy score! stand_pat=31800
DEBUG: child returned INF! depth=1 score=-30000
DEBUG: evaluate returned crazy score! stand_pat=31830
DEBUG: child returned INF! depth=1 score=-30000
DEBUG: evaluate returned crazy score! stand_pat=31830
DEBUG: child returned INF! depth=1 score=-30000
DEBUG: evaluate returned crazy score! stand_pat=31830
DEBUG: child returned INF! depth=1 score=-30000
DEBUG: evaluate returned crazy score! stand_pat=31830
DEBUG: child returned INF! depth=1 score=-30000
DEBUG: evaluate returned crazy score! stand_pat=31805
DEBUG: child returned INF! depth=1 score=-30000
DEBUG: evaluate returned crazy score! stand_pat=31810
DEBUG: child returned INF! depth=1 score=-30000
DEBUG: evaluate returned crazy score! stand_pat=31815
DEBUG: child returned INF! depth=1 score=-30000
DEBUG: evaluate returned crazy score! stand_pat=31805
DEBUG: child returned INF! depth=1 score=-30000
DEBUG: evaluate returned crazy score! stand_pat=31805
DEBUG: child returned INF! depth=1 score=-30000
DEBUG: evaluate returned crazy score! stand_pat=31810
DEBUG: child returned INF! depth=1 score=-30000
DEBUG: evaluate returned crazy score! stand_pat=31820
DEBUG: child returned INF! depth=1 score=-30000
DEBUG: evaluate returned crazy score! stand_pat=31815
DEBUG: child returned INF! depth=1 score=-30000
DEBUG: evaluate returned crazy score! stand_pat=31810
DEBUG: child returned INF! depth=1 score=-30000
DEBUG: evaluate returned crazy score! stand_pat=31805
DEBUG: child returned INF! depth=1 score=-30000
DEBUG: evaluate returned crazy score! stand_pat=31805
DEBUG: child returned INF! depth=1 score=-30000
DEBUG: evaluate returned crazy score! stand_pat=31805
DEBUG: child returned INF! depth=1 score=-30000
DEBUG: evaluate returned crazy score! stand_pat=31805
DEBUG: child returned INF! depth=1 score=-30000
DEBUG: evaluate returned crazy score! stand_pat=31810
DEBUG: child returned INF! depth=1 score=-30000
DEBUG: evaluate returned crazy score! stand_pat=31815
DEBUG: child returned INF! depth=1 score=-30000
DEBUG: evaluate returned crazy score! stand_pat=31830
DEBUG: child returned INF! depth=1 score=-30000
DEBUG: evaluate returned crazy score! stand_pat=31830
DEBUG: child returned INF! depth=1 score=-30000
DEBUG: evaluate returned crazy score! stand_pat=31830
DEBUG: child returned INF! depth=1 score=-30000
DEBUG: evaluate returned crazy score! stand_pat=31830
DEBUG: child returned INF! depth=1 score=-30000
DEBUG: evaluate returned crazy score! stand_pat=31830
DEBUG: child returned INF! depth=1 score=-30000
DEBUG: evaluate returned crazy score! stand_pat=31830
DEBUG: child returned INF! depth=1 score=-30000
DEBUG: evaluate returned crazy score! stand_pat=31810
DEBUG: child returned INF! depth=1 score=-30000
DEBUG: negamax returning -INF! depth=1 ply=5 legal_moves=40 alpha=-30000 beta=90
DEBUG: child returned INF! depth=3 score=-30000
DEBUG: evaluate returned crazy score! stand_pat=31765
DEBUG: child returned INF! depth=1 score=-30000
DEBUG: evaluate returned crazy score! stand_pat=31760
DEBUG: child returned INF! depth=1 score=-30000
DEBUG: evaluate returned crazy score! stand_pat=31795
DEBUG: child returned INF! depth=1 score=-30000
DEBUG: evaluate returned crazy score! stand_pat=31810
DEBUG: child returned INF! depth=1 score=-30000
DEBUG: evaluate returned crazy score! stand_pat=31810
DEBUG: child returned INF! depth=1 score=-30000
DEBUG: evaluate returned crazy score! stand_pat=31810
DEBUG: child returned INF! depth=1 score=-30000
DEBUG: evaluate returned crazy score! stand_pat=31800
DEBUG: child returned INF! depth=1 score=-30000
DEBUG: evaluate returned crazy score! stand_pat=31790
DEBUG: child returned INF! depth=1 score=-30000
DEBUG: evaluate returned crazy score! stand_pat=31790
DEBUG: child returned INF! depth=1 score=-30000
DEBUG: evaluate returned crazy score! stand_pat=31795
DEBUG: child returned INF! depth=1 score=-30000
DEBUG: evaluate returned crazy score! stand_pat=31810
DEBUG: child returned INF! depth=1 score=-30000
DEBUG: evaluate returned crazy score! stand_pat=31800
DEBUG: child returned INF! depth=1 score=-30000
DEBUG: evaluate returned crazy score! stand_pat=31760
DEBUG: child returned INF! depth=1 score=-30000
DEBUG: evaluate returned crazy score! stand_pat=31800
DEBUG: child returned INF! depth=1 score=-30000
DEBUG: evaluate returned crazy score! stand_pat=31830
DEBUG: child returned INF! depth=1 score=-30000
DEBUG: evaluate returned crazy score! stand_pat=31830
DEBUG: child returned INF! depth=1 score=-30000
DEBUG: evaluate returned crazy score! stand_pat=31830
DEBUG: child returned INF! depth=1 score=-30000
DEBUG: evaluate returned crazy score! stand_pat=31830
DEBUG: child returned INF! depth=1 score=-30000
DEBUG: evaluate returned crazy score! stand_pat=31805
DEBUG: child returned INF! depth=1 score=-30000
DEBUG: evaluate returned crazy score! stand_pat=31805
DEBUG: child returned INF! depth=1 score=-30000
DEBUG: evaluate returned crazy score! stand_pat=31805
DEBUG: child returned INF! depth=1 score=-30000
DEBUG: evaluate returned crazy score! stand_pat=31810
DEBUG: child returned INF! depth=1 score=-30000
DEBUG: evaluate returned crazy score! stand_pat=31820
DEBUG: child returned INF! depth=1 score=-30000
DEBUG: evaluate returned crazy score! stand_pat=31815
DEBUG: child returned INF! depth=1 score=-30000
DEBUG: evaluate returned crazy score! stand_pat=31810
DEBUG: child returned INF! depth=1 score=-30000
DEBUG: evaluate returned crazy score! stand_pat=31805
DEBUG: child returned INF! depth=1 score=-30000
DEBUG: evaluate returned crazy score! stand_pat=31805
DEBUG: child returned INF! depth=1 score=-30000
DEBUG: evaluate returned crazy score! stand_pat=31805
DEBUG: child returned INF! depth=1 score=-30000
DEBUG: evaluate returned crazy score! stand_pat=31805
DEBUG: child returned INF! depth=1 score=-30000
DEBUG: evaluate returned crazy score! stand_pat=31810
DEBUG: child returned INF! depth=1 score=-30000
DEBUG: evaluate returned crazy score! stand_pat=31815
DEBUG: child returned INF! depth=1 score=-30000
DEBUG: evaluate returned crazy score! stand_pat=31830
DEBUG: child returned INF! depth=1 score=-30000
DEBUG: evaluate returned crazy score! stand_pat=31830
DEBUG: child returned INF! depth=1 score=-30000
DEBUG: evaluate returned crazy score! stand_pat=31830
DEBUG: child returned INF! depth=1 score=-30000
DEBUG: evaluate returned crazy score! stand_pat=31830
DEBUG: child returned INF! depth=1 score=-30000
DEBUG: evaluate returned crazy score! stand_pat=31830
DEBUG: child returned INF! depth=1 score=-30000
DEBUG: evaluate returned crazy score! stand_pat=31830
DEBUG: child returned INF! depth=1 score=-30000
DEBUG: evaluate returned crazy score! stand_pat=31785
DEBUG: child returned INF! depth=1 score=-30000
DEBUG: negamax returning -INF! depth=1 ply=5 legal_moves=38 alpha=-30000 beta=90
DEBUG: child returned INF! depth=3 score=-30000
DEBUG: evaluate returned crazy score! stand_pat=31765
DEBUG: child returned INF! depth=1 score=-30000
DEBUG: evaluate returned crazy score! stand_pat=31810
DEBUG: child returned INF! depth=1 score=-30000
DEBUG: evaluate returned crazy score! stand_pat=31810
DEBUG: child returned INF! depth=1 score=-30000
DEBUG: evaluate returned crazy score! stand_pat=31800
DEBUG: child returned INF! depth=1 score=-30000
DEBUG: evaluate returned crazy score! stand_pat=31790
DEBUG: child returned INF! depth=1 score=-30000
DEBUG: evaluate returned crazy score! stand_pat=31790
DEBUG: child returned INF! depth=1 score=-30000
DEBUG: evaluate returned crazy score! stand_pat=31795
DEBUG: child returned INF! depth=1 score=-30000
DEBUG: evaluate returned crazy score! stand_pat=31810
DEBUG: child returned INF! depth=1 score=-30000
DEBUG: evaluate returned crazy score! stand_pat=31800
DEBUG: child returned INF! depth=1 score=-30000
DEBUG: evaluate returned crazy score! stand_pat=31760
DEBUG: child returned INF! depth=1 score=-30000
DEBUG: evaluate returned crazy score! stand_pat=31800
DEBUG: child returned INF! depth=1 score=-30000
DEBUG: evaluate returned crazy score! stand_pat=31830
DEBUG: child returned INF! depth=1 score=-30000
DEBUG: evaluate returned crazy score! stand_pat=31830
DEBUG: child returned INF! depth=1 score=-30000
DEBUG: evaluate returned crazy score! stand_pat=31830
DEBUG: child returned INF! depth=1 score=-30000
DEBUG: evaluate returned crazy score! stand_pat=31830
DEBUG: child returned INF! depth=1 score=-30000
DEBUG: evaluate returned crazy score! stand_pat=31805
DEBUG: child returned INF! depth=1 score=-30000
DEBUG: evaluate returned crazy score! stand_pat=31805
DEBUG: child returned INF! depth=1 score=-30000
DEBUG: evaluate returned crazy score! stand_pat=31810
DEBUG: child returned INF! depth=1 score=-30000
DEBUG: evaluate returned crazy score! stand_pat=31820
DEBUG: child returned INF! depth=1 score=-30000
DEBUG: evaluate returned crazy score! stand_pat=31815
DEBUG: child returned INF! depth=1 score=-30000
DEBUG: evaluate returned crazy score! stand_pat=31805
DEBUG: child returned INF! depth=1 score=-30000
DEBUG: evaluate returned crazy score! stand_pat=31810
DEBUG: child returned INF! depth=1 score=-30000
DEBUG: evaluate returned crazy score! stand_pat=31805
DEBUG: child returned INF! depth=1 score=-30000
DEBUG: evaluate returned crazy score! stand_pat=31805
DEBUG: child returned INF! depth=1 score=-30000
DEBUG: evaluate returned crazy score! stand_pat=31805
DEBUG: child returned INF! depth=1 score=-30000
DEBUG: evaluate returned crazy score! stand_pat=31805
DEBUG: child returned INF! depth=1 score=-30000
DEBUG: evaluate returned crazy score! stand_pat=31810
DEBUG: child returned INF! depth=1 score=-30000
DEBUG: evaluate returned crazy score! stand_pat=31815
DEBUG: child returned INF! depth=1 score=-30000
DEBUG: evaluate returned crazy score! stand_pat=31830
DEBUG: child returned INF! depth=1 score=-30000
DEBUG: evaluate returned crazy score! stand_pat=31830
DEBUG: child returned INF! depth=1 score=-30000
DEBUG: evaluate returned crazy score! stand_pat=31830
DEBUG: child returned INF! depth=1 score=-30000
DEBUG: evaluate returned crazy score! stand_pat=31830
DEBUG: child returned INF! depth=1 score=-30000
DEBUG: evaluate returned crazy score! stand_pat=31830
DEBUG: child returned INF! depth=1 score=-30000
DEBUG: evaluate returned crazy score! stand_pat=31830
DEBUG: child returned INF! depth=1 score=-30000
DEBUG: evaluate returned crazy score! stand_pat=31810
DEBUG: child returned INF! depth=1 score=-30000
DEBUG: negamax returning -INF! depth=1 ply=5 legal_moves=35 alpha=-30000 beta=90
DEBUG: child returned INF! depth=3 score=-30000
DEBUG: evaluate returned crazy score! stand_pat=31765
DEBUG: child returned INF! depth=1 score=-30000
DEBUG: evaluate returned crazy score! stand_pat=31760
DEBUG: child returned INF! depth=1 score=-30000
DEBUG: evaluate returned crazy score! stand_pat=31810
DEBUG: child returned INF! depth=1 score=-30000
DEBUG: evaluate returned crazy score! stand_pat=31810
DEBUG: child returned INF! depth=1 score=-30000
DEBUG: evaluate returned crazy score! stand_pat=31800
DEBUG: child returned INF! depth=1 score=-30000
DEBUG: evaluate returned crazy score! stand_pat=31790
DEBUG: child returned INF! depth=1 score=-30000
DEBUG: evaluate returned crazy score! stand_pat=31800
DEBUG: child returned INF! depth=1 score=-30000
DEBUG: evaluate returned crazy score! stand_pat=31760
DEBUG: child returned INF! depth=1 score=-30000
DEBUG: evaluate returned crazy score! stand_pat=31800
DEBUG: child returned INF! depth=1 score=-30000
DEBUG: evaluate returned crazy score! stand_pat=31830
DEBUG: child returned INF! depth=1 score=-30000
DEBUG: evaluate returned crazy score! stand_pat=31830
DEBUG: child returned INF! depth=1 score=-30000
DEBUG: evaluate returned crazy score! stand_pat=31830
DEBUG: child returned INF! depth=1 score=-30000
DEBUG: evaluate returned crazy score! stand_pat=31830
DEBUG: child returned INF! depth=1 score=-30000
DEBUG: evaluate returned crazy score! stand_pat=31805
DEBUG: child returned INF! depth=1 score=-30000
DEBUG: evaluate returned crazy score! stand_pat=31810
DEBUG: child returned INF! depth=1 score=-30000
DEBUG: evaluate returned crazy score! stand_pat=31815
DEBUG: child returned INF! depth=1 score=-30000
DEBUG: evaluate returned crazy score! stand_pat=31805
DEBUG: child returned INF! depth=1 score=-30000
DEBUG: evaluate returned crazy score! stand_pat=31805
DEBUG: child returned INF! depth=1 score=-30000
DEBUG: evaluate returned crazy score! stand_pat=31810
DEBUG: child returned INF! depth=1 score=-30000
DEBUG: evaluate returned crazy score! stand_pat=31820
DEBUG: child returned INF! depth=1 score=-30000
DEBUG: evaluate returned crazy score! stand_pat=31815
DEBUG: child returned INF! depth=1 score=-30000
DEBUG: evaluate returned crazy score! stand_pat=31805
DEBUG: child returned INF! depth=1 score=-30000
DEBUG: evaluate returned crazy score! stand_pat=31810
DEBUG: child returned INF! depth=1 score=-30000
DEBUG: evaluate returned crazy score! stand_pat=31805
DEBUG: child returned INF! depth=1 score=-30000
DEBUG: evaluate returned crazy score! stand_pat=31805
DEBUG: child returned INF! depth=1 score=-30000
DEBUG: evaluate returned crazy score! stand_pat=31805
DEBUG: child returned INF! depth=1 score=-30000
DEBUG: evaluate returned crazy score! stand_pat=31805
DEBUG: child returned INF! depth=1 score=-30000
DEBUG: evaluate returned crazy score! stand_pat=31810
DEBUG: child returned INF! depth=1 score=-30000
DEBUG: evaluate returned crazy score! stand_pat=31815
DEBUG: child returned INF! depth=1 score=-30000
DEBUG: evaluate returned crazy score! stand_pat=31830
DEBUG: child returned INF! depth=1 score=-30000
DEBUG: evaluate returned crazy score! stand_pat=31830
DEBUG: child returned INF! depth=1 score=-30000
DEBUG: evaluate returned crazy score! stand_pat=31830
DEBUG: child returned INF! depth=1 score=-30000
DEBUG: evaluate returned crazy score! stand_pat=31830
DEBUG: child returned INF! depth=1 score=-30000
DEBUG: evaluate returned crazy score! stand_pat=31830
DEBUG: child returned INF! depth=1 score=-30000
DEBUG: evaluate returned crazy score! stand_pat=31830
DEBUG: child returned INF! depth=1 score=-30000
DEBUG: evaluate returned crazy score! stand_pat=31780
DEBUG: child returned INF! depth=1 score=-30000
DEBUG: negamax returning -INF! depth=1 ply=5 legal_moves=36 alpha=-30000 beta=90
DEBUG: child returned INF! depth=3 score=-30000
DEBUG: evaluate returned crazy score! stand_pat=31705
DEBUG: child returned INF! depth=1 score=-30000
DEBUG: evaluate returned crazy score! stand_pat=31690
DEBUG: child returned INF! depth=1 score=-30000
DEBUG: evaluate returned crazy score! stand_pat=31740
DEBUG: child returned INF! depth=1 score=-30000
DEBUG: evaluate returned crazy score! stand_pat=31765
DEBUG: child returned INF! depth=1 score=-30000
DEBUG: evaluate returned crazy score! stand_pat=31765
DEBUG: child returned INF! depth=1 score=-30000
DEBUG: evaluate returned crazy score! stand_pat=31770
DEBUG: child returned INF! depth=1 score=-30000
DEBUG: evaluate returned crazy score! stand_pat=31785
DEBUG: child returned INF! depth=1 score=-30000
DEBUG: evaluate returned crazy score! stand_pat=31785
DEBUG: child returned INF! depth=1 score=-30000
DEBUG: evaluate returned crazy score! stand_pat=31785
DEBUG: child returned INF! depth=1 score=-30000
DEBUG: evaluate returned crazy score! stand_pat=31785
DEBUG: child returned INF! depth=1 score=-30000
DEBUG: evaluate returned crazy score! stand_pat=31775
DEBUG: child returned INF! depth=1 score=-30000
DEBUG: evaluate returned crazy score! stand_pat=31765
DEBUG: child returned INF! depth=1 score=-30000
DEBUG: evaluate returned crazy score! stand_pat=31765
DEBUG: child returned INF! depth=1 score=-30000
DEBUG: evaluate returned crazy score! stand_pat=31770
DEBUG: child returned INF! depth=1 score=-30000
DEBUG: evaluate returned crazy score! stand_pat=31785
DEBUG: child returned INF! depth=1 score=-30000
DEBUG: evaluate returned crazy score! stand_pat=31775
DEBUG: child returned INF! depth=1 score=-30000
DEBUG: evaluate returned crazy score! stand_pat=31735
DEBUG: child returned INF! depth=1 score=-30000
DEBUG: evaluate returned crazy score! stand_pat=31775
DEBUG: child returned INF! depth=1 score=-30000
DEBUG: evaluate returned crazy score! stand_pat=31805
DEBUG: child returned INF! depth=1 score=-30000
DEBUG: evaluate returned crazy score! stand_pat=31805
DEBUG: child returned INF! depth=1 score=-30000
DEBUG: evaluate returned crazy score! stand_pat=31805
DEBUG: child returned INF! depth=1 score=-30000
DEBUG: evaluate returned crazy score! stand_pat=31805
DEBUG: child returned INF! depth=1 score=-30000
DEBUG: evaluate returned crazy score! stand_pat=31740
DEBUG: child returned INF! depth=1 score=-30000
DEBUG: evaluate returned crazy score! stand_pat=31805
DEBUG: child returned INF! depth=1 score=-30000
DEBUG: evaluate returned crazy score! stand_pat=31805
DEBUG: child returned INF! depth=1 score=-30000
DEBUG: evaluate returned crazy score! stand_pat=31805
DEBUG: child returned INF! depth=1 score=-30000
DEBUG: evaluate returned crazy score! stand_pat=31805
DEBUG: child returned INF! depth=1 score=-30000
DEBUG: evaluate returned crazy score! stand_pat=31805
DEBUG: child returned INF! depth=1 score=-30000
DEBUG: evaluate returned crazy score! stand_pat=31790
DEBUG: child returned INF! depth=1 score=-30000
DEBUG: evaluate returned crazy score! stand_pat=31790
DEBUG: child returned INF! depth=1 score=-30000
DEBUG: evaluate returned crazy score! stand_pat=31795
DEBUG: child returned INF! depth=1 score=-30000
DEBUG: evaluate returned crazy score! stand_pat=31785
DEBUG: child returned INF! depth=1 score=-30000
DEBUG: evaluate returned crazy score! stand_pat=31785
DEBUG: child returned INF! depth=1 score=-30000
DEBUG: evaluate returned crazy score! stand_pat=31785
DEBUG: child returned INF! depth=1 score=-30000
DEBUG: evaluate returned crazy score! stand_pat=31775
DEBUG: child returned INF! depth=1 score=-30000
DEBUG: evaluate returned crazy score! stand_pat=31785
DEBUG: child returned INF! depth=1 score=-30000
DEBUG: evaluate returned crazy score! stand_pat=31800
DEBUG: child returned INF! depth=1 score=-30000
DEBUG: evaluate returned crazy score! stand_pat=31785
DEBUG: child returned INF! depth=1 score=-30000
DEBUG: evaluate returned crazy score! stand_pat=31785
DEBUG: child returned INF! depth=1 score=-30000
DEBUG: evaluate returned crazy score! stand_pat=31785
DEBUG: child returned INF! depth=1 score=-30000
DEBUG: evaluate returned crazy score! stand_pat=31790
DEBUG: child returned INF! depth=1 score=-30000
DEBUG: evaluate returned crazy score! stand_pat=31800
DEBUG: child returned INF! depth=1 score=-30000
DEBUG: evaluate returned crazy score! stand_pat=31785
DEBUG: child returned INF! depth=1 score=-30000
DEBUG: evaluate returned crazy score! stand_pat=31785
DEBUG: child returned INF! depth=1 score=-30000
DEBUG: evaluate returned crazy score! stand_pat=31805
DEBUG: child returned INF! depth=1 score=-30000
DEBUG: negamax returning -INF! depth=1 ply=5 legal_moves=45 alpha=-30000 beta=90
DEBUG: child returned INF! depth=3 score=-30000
DEBUG: evaluate returned crazy score! stand_pat=31480
DEBUG: child returned INF! depth=1 score=-30000
DEBUG: evaluate returned crazy score! stand_pat=31520
DEBUG: child returned INF! depth=1 score=-30000
DEBUG: evaluate returned crazy score! stand_pat=31745
DEBUG: child returned INF! depth=1 score=-30000
DEBUG: evaluate returned crazy score! stand_pat=31780
DEBUG: child returned INF! depth=1 score=-30000
DEBUG: evaluate returned crazy score! stand_pat=31770
DEBUG: child returned INF! depth=1 score=-30000
DEBUG: evaluate returned crazy score! stand_pat=31770
DEBUG: child returned INF! depth=1 score=-30000
DEBUG: evaluate returned crazy score! stand_pat=31775
DEBUG: child returned INF! depth=1 score=-30000
DEBUG: evaluate returned crazy score! stand_pat=31790
DEBUG: child returned INF! depth=1 score=-30000
DEBUG: evaluate returned crazy score! stand_pat=31790
DEBUG: child returned INF! depth=1 score=-30000
DEBUG: evaluate returned crazy score! stand_pat=31790
DEBUG: child returned INF! depth=1 score=-30000
DEBUG: evaluate returned crazy score! stand_pat=31790
DEBUG: child returned INF! depth=1 score=-30000
DEBUG: evaluate returned crazy score! stand_pat=31780
DEBUG: child returned INF! depth=1 score=-30000
DEBUG: evaluate returned crazy score! stand_pat=31770
DEBUG: child returned INF! depth=1 score=-30000
DEBUG: evaluate returned crazy score! stand_pat=31770
DEBUG: child returned INF! depth=1 score=-30000
DEBUG: evaluate returned crazy score! stand_pat=31775
DEBUG: child returned INF! depth=1 score=-30000
DEBUG: evaluate returned crazy score! stand_pat=31790
DEBUG: child returned INF! depth=1 score=-30000
DEBUG: evaluate returned crazy score! stand_pat=31740
DEBUG: child returned INF! depth=1 score=-30000
DEBUG: evaluate returned crazy score! stand_pat=31740
DEBUG: child returned INF! depth=1 score=-30000
DEBUG: evaluate returned crazy score! stand_pat=31780
DEBUG: child returned INF! depth=1 score=-30000
DEBUG: evaluate returned crazy score! stand_pat=31810
DEBUG: child returned INF! depth=1 score=-30000
DEBUG: evaluate returned crazy score! stand_pat=31810
DEBUG: child returned INF! depth=1 score=-30000
DEBUG: evaluate returned crazy score! stand_pat=31810
DEBUG: child returned INF! depth=1 score=-30000
DEBUG: evaluate returned crazy score! stand_pat=31810
DEBUG: child returned INF! depth=1 score=-30000
DEBUG: evaluate returned crazy score! stand_pat=31810
DEBUG: child returned INF! depth=1 score=-30000
DEBUG: evaluate returned crazy score! stand_pat=31810
DEBUG: child returned INF! depth=1 score=-30000
DEBUG: evaluate returned crazy score! stand_pat=31745
DEBUG: child returned INF! depth=1 score=-30000
DEBUG: evaluate returned crazy score! stand_pat=31810
DEBUG: child returned INF! depth=1 score=-30000
DEBUG: evaluate returned crazy score! stand_pat=31810
DEBUG: child returned INF! depth=1 score=-30000
DEBUG: evaluate returned crazy score! stand_pat=31810
DEBUG: child returned INF! depth=1 score=-30000
DEBUG: evaluate returned crazy score! stand_pat=31810
DEBUG: child returned INF! depth=1 score=-30000
DEBUG: evaluate returned crazy score! stand_pat=31800
DEBUG: child returned INF! depth=1 score=-30000
DEBUG: evaluate returned crazy score! stand_pat=31785
DEBUG: child returned INF! depth=1 score=-30000
DEBUG: evaluate returned crazy score! stand_pat=31790
DEBUG: child returned INF! depth=1 score=-30000
DEBUG: evaluate returned crazy score! stand_pat=31795
DEBUG: child returned INF! depth=1 score=-30000
DEBUG: evaluate returned crazy score! stand_pat=31785
DEBUG: child returned INF! depth=1 score=-30000
DEBUG: evaluate returned crazy score! stand_pat=31785
DEBUG: child returned INF! depth=1 score=-30000
DEBUG: evaluate returned crazy score! stand_pat=31790
DEBUG: child returned INF! depth=1 score=-30000
DEBUG: evaluate returned crazy score! stand_pat=31780
DEBUG: child returned INF! depth=1 score=-30000
DEBUG: evaluate returned crazy score! stand_pat=31785
DEBUG: child returned INF! depth=1 score=-30000
DEBUG: evaluate returned crazy score! stand_pat=31790
DEBUG: child returned INF! depth=1 score=-30000
DEBUG: evaluate returned crazy score! stand_pat=31785
DEBUG: child returned INF! depth=1 score=-30000
DEBUG: evaluate returned crazy score! stand_pat=31785
DEBUG: child returned INF! depth=1 score=-30000
DEBUG: evaluate returned crazy score! stand_pat=31785
DEBUG: child returned INF! depth=1 score=-30000
DEBUG: evaluate returned crazy score! stand_pat=31785
DEBUG: child returned INF! depth=1 score=-30000
DEBUG: evaluate returned crazy score! stand_pat=31790
DEBUG: child returned INF! depth=1 score=-30000
DEBUG: evaluate returned crazy score! stand_pat=31795
DEBUG: child returned INF! depth=1 score=-30000
DEBUG: evaluate returned crazy score! stand_pat=31790
DEBUG: child returned INF! depth=1 score=-30000
DEBUG: evaluate returned crazy score! stand_pat=31790
DEBUG: child returned INF! depth=1 score=-30000
DEBUG: evaluate returned crazy score! stand_pat=31790
DEBUG: child returned INF! depth=1 score=-30000
DEBUG: evaluate returned crazy score! stand_pat=31810
DEBUG: child returned INF! depth=1 score=-30000
DEBUG: negamax returning -INF! depth=1 ply=5 legal_moves=50 alpha=-30000 beta=90
DEBUG: child returned INF! depth=3 score=-30000
DEBUG: evaluate returned crazy score! stand_pat=31700
DEBUG: child returned INF! depth=1 score=-30000
DEBUG: evaluate returned crazy score! stand_pat=31750
DEBUG: child returned INF! depth=1 score=-30000
DEBUG: evaluate returned crazy score! stand_pat=31745
DEBUG: child returned INF! depth=1 score=-30000
DEBUG: evaluate returned crazy score! stand_pat=31785
DEBUG: child returned INF! depth=1 score=-30000
DEBUG: evaluate returned crazy score! stand_pat=31775
DEBUG: child returned INF! depth=1 score=-30000
DEBUG: evaluate returned crazy score! stand_pat=31775
DEBUG: child returned INF! depth=1 score=-30000
DEBUG: evaluate returned crazy score! stand_pat=31780
DEBUG: child returned INF! depth=1 score=-30000
DEBUG: evaluate returned crazy score! stand_pat=31795
DEBUG: child returned INF! depth=1 score=-30000
DEBUG: evaluate returned crazy score! stand_pat=31795
DEBUG: child returned INF! depth=1 score=-30000
DEBUG: evaluate returned crazy score! stand_pat=31795
DEBUG: child returned INF! depth=1 score=-30000
DEBUG: evaluate returned crazy score! stand_pat=31795
DEBUG: child returned INF! depth=1 score=-30000
DEBUG: evaluate returned crazy score! stand_pat=31785
DEBUG: child returned INF! depth=1 score=-30000
DEBUG: evaluate returned crazy score! stand_pat=31775
DEBUG: child returned INF! depth=1 score=-30000
DEBUG: evaluate returned crazy score! stand_pat=31775
DEBUG: child returned INF! depth=1 score=-30000
DEBUG: evaluate returned crazy score! stand_pat=31780
DEBUG: child returned INF! depth=1 score=-30000
DEBUG: evaluate returned crazy score! stand_pat=31795
DEBUG: child returned INF! depth=1 score=-30000
DEBUG: evaluate returned crazy score! stand_pat=31785
DEBUG: child returned INF! depth=1 score=-30000
DEBUG: evaluate returned crazy score! stand_pat=31745
DEBUG: child returned INF! depth=1 score=-30000
DEBUG: evaluate returned crazy score! stand_pat=31785
DEBUG: child returned INF! depth=1 score=-30000
DEBUG: evaluate returned crazy score! stand_pat=31815
DEBUG: child returned INF! depth=1 score=-30000
DEBUG: evaluate returned crazy score! stand_pat=31815
DEBUG: child returned INF! depth=1 score=-30000
DEBUG: evaluate returned crazy score! stand_pat=31815
DEBUG: child returned INF! depth=1 score=-30000
DEBUG: evaluate returned crazy score! stand_pat=31815
DEBUG: child returned INF! depth=1 score=-30000
DEBUG: evaluate returned crazy score! stand_pat=31815
DEBUG: child returned INF! depth=1 score=-30000
DEBUG: evaluate returned crazy score! stand_pat=31750
DEBUG: child returned INF! depth=1 score=-30000
DEBUG: evaluate returned crazy score! stand_pat=31815
DEBUG: child returned INF! depth=1 score=-30000
DEBUG: evaluate returned crazy score! stand_pat=31815
DEBUG: child returned INF! depth=1 score=-30000
DEBUG: evaluate returned crazy score! stand_pat=31815
DEBUG: child returned INF! depth=1 score=-30000
DEBUG: evaluate returned crazy score! stand_pat=31815
DEBUG: child returned INF! depth=1 score=-30000
DEBUG: evaluate returned crazy score! stand_pat=31815
DEBUG: child returned INF! depth=1 score=-30000
DEBUG: evaluate returned crazy score! stand_pat=31815
DEBUG: child returned INF! depth=1 score=-30000
DEBUG: evaluate returned crazy score! stand_pat=31790
DEBUG: child returned INF! depth=1 score=-30000
DEBUG: evaluate returned crazy score! stand_pat=31785
DEBUG: child returned INF! depth=1 score=-30000
DEBUG: evaluate returned crazy score! stand_pat=31790
DEBUG: child returned INF! depth=1 score=-30000
DEBUG: evaluate returned crazy score! stand_pat=31790
DEBUG: child returned INF! depth=1 score=-30000
DEBUG: evaluate returned crazy score! stand_pat=31790
DEBUG: child returned INF! depth=1 score=-30000
DEBUG: evaluate returned crazy score! stand_pat=31795
DEBUG: child returned INF! depth=1 score=-30000
DEBUG: evaluate returned crazy score! stand_pat=31790
DEBUG: child returned INF! depth=1 score=-30000
DEBUG: evaluate returned crazy score! stand_pat=31800
DEBUG: child returned INF! depth=1 score=-30000
DEBUG: evaluate returned crazy score! stand_pat=31790
DEBUG: child returned INF! depth=1 score=-30000
DEBUG: evaluate returned crazy score! stand_pat=31785
DEBUG: child returned INF! depth=1 score=-30000
DEBUG: evaluate returned crazy score! stand_pat=31785
DEBUG: child returned INF! depth=1 score=-30000
DEBUG: evaluate returned crazy score! stand_pat=31785
DEBUG: child returned INF! depth=1 score=-30000
DEBUG: evaluate returned crazy score! stand_pat=31785
DEBUG: child returned INF! depth=1 score=-30000
DEBUG: evaluate returned crazy score! stand_pat=31790
DEBUG: child returned INF! depth=1 score=-30000
DEBUG: evaluate returned crazy score! stand_pat=31795
DEBUG: child returned INF! depth=1 score=-30000
DEBUG: evaluate returned crazy score! stand_pat=31800
DEBUG: child returned INF! depth=1 score=-30000
DEBUG: evaluate returned crazy score! stand_pat=31815
DEBUG: child returned INF! depth=1 score=-30000
DEBUG: negamax returning -INF! depth=1 ply=5 legal_moves=48 alpha=-30000 beta=90
DEBUG: child returned INF! depth=3 score=-30000
DEBUG: evaluate returned crazy score! stand_pat=31675
DEBUG: child returned INF! depth=1 score=-30000
DEBUG: evaluate returned crazy score! stand_pat=31700
DEBUG: child returned INF! depth=1 score=-30000
DEBUG: evaluate returned crazy score! stand_pat=31740
DEBUG: child returned INF! depth=1 score=-30000
DEBUG: evaluate returned crazy score! stand_pat=31775
DEBUG: child returned INF! depth=1 score=-30000
DEBUG: evaluate returned crazy score! stand_pat=31785
DEBUG: child returned INF! depth=1 score=-30000
DEBUG: evaluate returned crazy score! stand_pat=31785
DEBUG: child returned INF! depth=1 score=-30000
DEBUG: evaluate returned crazy score! stand_pat=31785
DEBUG: child returned INF! depth=1 score=-30000
DEBUG: evaluate returned crazy score! stand_pat=31775
DEBUG: child returned INF! depth=1 score=-30000
DEBUG: evaluate returned crazy score! stand_pat=31765
DEBUG: child returned INF! depth=1 score=-30000
DEBUG: evaluate returned crazy score! stand_pat=31765
DEBUG: child returned INF! depth=1 score=-30000
DEBUG: evaluate returned crazy score! stand_pat=31770
DEBUG: child returned INF! depth=1 score=-30000
DEBUG: evaluate returned crazy score! stand_pat=31785
DEBUG: child returned INF! depth=1 score=-30000
DEBUG: evaluate returned crazy score! stand_pat=31735
DEBUG: child returned INF! depth=1 score=-30000
DEBUG: evaluate returned crazy score! stand_pat=31735
DEBUG: child returned INF! depth=1 score=-30000
DEBUG: evaluate returned crazy score! stand_pat=31775
DEBUG: child returned INF! depth=1 score=-30000
DEBUG: evaluate returned crazy score! stand_pat=31805
DEBUG: child returned INF! depth=1 score=-30000
DEBUG: evaluate returned crazy score! stand_pat=31805
DEBUG: child returned INF! depth=1 score=-30000
DEBUG: evaluate returned crazy score! stand_pat=31805
DEBUG: child returned INF! depth=1 score=-30000
DEBUG: evaluate returned crazy score! stand_pat=31805
DEBUG: child returned INF! depth=1 score=-30000
DEBUG: evaluate returned crazy score! stand_pat=31805
DEBUG: child returned INF! depth=1 score=-30000
DEBUG: evaluate returned crazy score! stand_pat=31805
DEBUG: child returned INF! depth=1 score=-30000
DEBUG: evaluate returned crazy score! stand_pat=31805
DEBUG: child returned INF! depth=1 score=-30000
DEBUG: evaluate returned crazy score! stand_pat=31805
DEBUG: child returned INF! depth=1 score=-30000
DEBUG: evaluate returned crazy score! stand_pat=31740
DEBUG: child returned INF! depth=1 score=-30000
DEBUG: evaluate returned crazy score! stand_pat=31805
DEBUG: child returned INF! depth=1 score=-30000
DEBUG: evaluate returned crazy score! stand_pat=31805
DEBUG: child returned INF! depth=1 score=-30000
DEBUG: evaluate returned crazy score! stand_pat=31805
DEBUG: child returned INF! depth=1 score=-30000
DEBUG: evaluate returned crazy score! stand_pat=31790
DEBUG: child returned INF! depth=1 score=-30000
DEBUG: evaluate returned crazy score! stand_pat=31785
DEBUG: child returned INF! depth=1 score=-30000
DEBUG: evaluate returned crazy score! stand_pat=31785
DEBUG: child returned INF! depth=1 score=-30000
DEBUG: evaluate returned crazy score! stand_pat=31790
DEBUG: child returned INF! depth=1 score=-30000
DEBUG: evaluate returned crazy score! stand_pat=31775
DEBUG: child returned INF! depth=1 score=-30000
DEBUG: evaluate returned crazy score! stand_pat=31785
DEBUG: child returned INF! depth=1 score=-30000
DEBUG: evaluate returned crazy score! stand_pat=31790
DEBUG: child returned INF! depth=1 score=-30000
DEBUG: evaluate returned crazy score! stand_pat=31800
DEBUG: child returned INF! depth=1 score=-30000
DEBUG: evaluate returned crazy score! stand_pat=31790
DEBUG: child returned INF! depth=1 score=-30000
DEBUG: evaluate returned crazy score! stand_pat=31785
DEBUG: child returned INF! depth=1 score=-30000
DEBUG: evaluate returned crazy score! stand_pat=31785
DEBUG: child returned INF! depth=1 score=-30000
DEBUG: evaluate returned crazy score! stand_pat=31785
DEBUG: child returned INF! depth=1 score=-30000
DEBUG: evaluate returned crazy score! stand_pat=31800
DEBUG: child returned INF! depth=1 score=-30000
DEBUG: evaluate returned crazy score! stand_pat=31785
DEBUG: child returned INF! depth=1 score=-30000
DEBUG: evaluate returned crazy score! stand_pat=31790
DEBUG: child returned INF! depth=1 score=-30000
DEBUG: evaluate returned crazy score! stand_pat=31800
DEBUG: child returned INF! depth=1 score=-30000
DEBUG: evaluate returned crazy score! stand_pat=31785
DEBUG: child returned INF! depth=1 score=-30000
DEBUG: evaluate returned crazy score! stand_pat=31785
DEBUG: child returned INF! depth=1 score=-30000
DEBUG: evaluate returned crazy score! stand_pat=31805
DEBUG: child returned INF! depth=1 score=-30000
DEBUG: negamax returning -INF! depth=1 ply=5 legal_moves=46 alpha=-30000 beta=90
DEBUG: child returned INF! depth=3 score=-30000
DEBUG: evaluate returned crazy score! stand_pat=31520
DEBUG: child returned INF! depth=1 score=-30000
DEBUG: evaluate returned crazy score! stand_pat=31690
DEBUG: child returned INF! depth=1 score=-30000
DEBUG: evaluate returned crazy score! stand_pat=31740
DEBUG: child returned INF! depth=1 score=-30000
DEBUG: evaluate returned crazy score! stand_pat=31775
DEBUG: child returned INF! depth=1 score=-30000
DEBUG: evaluate returned crazy score! stand_pat=31765
DEBUG: child returned INF! depth=1 score=-30000
DEBUG: evaluate returned crazy score! stand_pat=31785
DEBUG: child returned INF! depth=1 score=-30000
DEBUG: evaluate returned crazy score! stand_pat=31785
DEBUG: child returned INF! depth=1 score=-30000
DEBUG: evaluate returned crazy score! stand_pat=31785
DEBUG: child returned INF! depth=1 score=-30000
DEBUG: evaluate returned crazy score! stand_pat=31775
DEBUG: child returned INF! depth=1 score=-30000
DEBUG: evaluate returned crazy score! stand_pat=31765
DEBUG: child returned INF! depth=1 score=-30000
DEBUG: evaluate returned crazy score! stand_pat=31765
DEBUG: child returned INF! depth=1 score=-30000
DEBUG: evaluate returned crazy score! stand_pat=31770
DEBUG: child returned INF! depth=1 score=-30000
DEBUG: evaluate returned crazy score! stand_pat=31785
DEBUG: child returned INF! depth=1 score=-30000
DEBUG: evaluate returned crazy score! stand_pat=31735
DEBUG: child returned INF! depth=1 score=-30000
DEBUG: evaluate returned crazy score! stand_pat=31735
DEBUG: child returned INF! depth=1 score=-30000
DEBUG: evaluate returned crazy score! stand_pat=31775
DEBUG: child returned INF! depth=1 score=-30000
DEBUG: evaluate returned crazy score! stand_pat=31805
DEBUG: child returned INF! depth=1 score=-30000
DEBUG: evaluate returned crazy score! stand_pat=31805
DEBUG: child returned INF! depth=1 score=-30000
DEBUG: evaluate returned crazy score! stand_pat=31805
DEBUG: child returned INF! depth=1 score=-30000
DEBUG: evaluate returned crazy score! stand_pat=31805
DEBUG: child returned INF! depth=1 score=-30000
DEBUG: evaluate returned crazy score! stand_pat=31805
DEBUG: child returned INF! depth=1 score=-30000
DEBUG: evaluate returned crazy score! stand_pat=31805
DEBUG: child returned INF! depth=1 score=-30000
DEBUG: evaluate returned crazy score! stand_pat=31805
DEBUG: child returned INF! depth=1 score=-30000
DEBUG: evaluate returned crazy score! stand_pat=31740
DEBUG: child returned INF! depth=1 score=-30000
DEBUG: evaluate returned crazy score! stand_pat=31805
DEBUG: child returned INF! depth=1 score=-30000
DEBUG: evaluate returned crazy score! stand_pat=31805
DEBUG: child returned INF! depth=1 score=-30000
DEBUG: evaluate returned crazy score! stand_pat=31805
DEBUG: child returned INF! depth=1 score=-30000
DEBUG: evaluate returned crazy score! stand_pat=31785
DEBUG: child returned INF! depth=1 score=-30000
DEBUG: evaluate returned crazy score! stand_pat=31790
DEBUG: child returned INF! depth=1 score=-30000
DEBUG: evaluate returned crazy score! stand_pat=31790
DEBUG: child returned INF! depth=1 score=-30000
DEBUG: evaluate returned crazy score! stand_pat=31785
DEBUG: child returned INF! depth=1 score=-30000
DEBUG: evaluate returned crazy score! stand_pat=31785
DEBUG: child returned INF! depth=1 score=-30000
DEBUG: evaluate returned crazy score! stand_pat=31790
DEBUG: child returned INF! depth=1 score=-30000
DEBUG: evaluate returned crazy score! stand_pat=31775
DEBUG: child returned INF! depth=1 score=-30000
DEBUG: evaluate returned crazy score! stand_pat=31790
DEBUG: child returned INF! depth=1 score=-30000
DEBUG: evaluate returned crazy score! stand_pat=31800
DEBUG: child returned INF! depth=1 score=-30000
DEBUG: evaluate returned crazy score! stand_pat=31785
DEBUG: child returned INF! depth=1 score=-30000
DEBUG: evaluate returned crazy score! stand_pat=31785
DEBUG: child returned INF! depth=1 score=-30000
DEBUG: evaluate returned crazy score! stand_pat=31785
DEBUG: child returned INF! depth=1 score=-30000
DEBUG: evaluate returned crazy score! stand_pat=31785
DEBUG: child returned INF! depth=1 score=-30000
DEBUG: evaluate returned crazy score! stand_pat=31790
DEBUG: child returned INF! depth=1 score=-30000
DEBUG: evaluate returned crazy score! stand_pat=31790
DEBUG: child returned INF! depth=1 score=-30000
DEBUG: evaluate returned crazy score! stand_pat=31790
DEBUG: child returned INF! depth=1 score=-30000
DEBUG: evaluate returned crazy score! stand_pat=31795
DEBUG: child returned INF! depth=1 score=-30000
DEBUG: evaluate returned crazy score! stand_pat=31785
DEBUG: child returned INF! depth=1 score=-30000
DEBUG: evaluate returned crazy score! stand_pat=31785
DEBUG: child returned INF! depth=1 score=-30000
DEBUG: evaluate returned crazy score! stand_pat=31805
DEBUG: child returned INF! depth=1 score=-30000
DEBUG: negamax returning -INF! depth=1 ply=5 legal_moves=47 alpha=-30000 beta=90
DEBUG: child returned INF! depth=3 score=-30000
DEBUG: evaluate returned crazy score! stand_pat=31690
DEBUG: child returned INF! depth=1 score=-30000
DEBUG: evaluate returned crazy score! stand_pat=31745
DEBUG: child returned INF! depth=1 score=-30000
DEBUG: evaluate returned crazy score! stand_pat=31740
DEBUG: child returned INF! depth=1 score=-30000
DEBUG: evaluate returned crazy score! stand_pat=31780
DEBUG: child returned INF! depth=1 score=-30000
DEBUG: evaluate returned crazy score! stand_pat=31770
DEBUG: child returned INF! depth=1 score=-30000
DEBUG: evaluate returned crazy score! stand_pat=31770
DEBUG: child returned INF! depth=1 score=-30000
DEBUG: evaluate returned crazy score! stand_pat=31790
DEBUG: child returned INF! depth=1 score=-30000
DEBUG: evaluate returned crazy score! stand_pat=31790
DEBUG: child returned INF! depth=1 score=-30000
DEBUG: evaluate returned crazy score! stand_pat=31790
DEBUG: child returned INF! depth=1 score=-30000
DEBUG: evaluate returned crazy score! stand_pat=31780
DEBUG: child returned INF! depth=1 score=-30000
DEBUG: evaluate returned crazy score! stand_pat=31770
DEBUG: child returned INF! depth=1 score=-30000
DEBUG: evaluate returned crazy score! stand_pat=31770
DEBUG: child returned INF! depth=1 score=-30000
DEBUG: evaluate returned crazy score! stand_pat=31775
DEBUG: child returned INF! depth=1 score=-30000
DEBUG: evaluate returned crazy score! stand_pat=31790
DEBUG: child returned INF! depth=1 score=-30000
DEBUG: evaluate returned crazy score! stand_pat=31780
DEBUG: child returned INF! depth=1 score=-30000
DEBUG: evaluate returned crazy score! stand_pat=31740
DEBUG: child returned INF! depth=1 score=-30000
DEBUG: evaluate returned crazy score! stand_pat=31780
DEBUG: child returned INF! depth=1 score=-30000
DEBUG: evaluate returned crazy score! stand_pat=31810
DEBUG: child returned INF! depth=1 score=-30000
DEBUG: evaluate returned crazy score! stand_pat=31810
DEBUG: child returned INF! depth=1 score=-30000
DEBUG: evaluate returned crazy score! stand_pat=31810
DEBUG: child returned INF! depth=1 score=-30000
DEBUG: evaluate returned crazy score! stand_pat=31810
DEBUG: child returned INF! depth=1 score=-30000
DEBUG: evaluate returned crazy score! stand_pat=31810
DEBUG: child returned INF! depth=1 score=-30000
DEBUG: evaluate returned crazy score! stand_pat=31810
DEBUG: child returned INF! depth=1 score=-30000
DEBUG: evaluate returned crazy score! stand_pat=31810
DEBUG: child returned INF! depth=1 score=-30000
DEBUG: evaluate returned crazy score! stand_pat=31745
DEBUG: child returned INF! depth=1 score=-30000
DEBUG: evaluate returned crazy score! stand_pat=31810
DEBUG: child returned INF! depth=1 score=-30000
DEBUG: evaluate returned crazy score! stand_pat=31810
DEBUG: child returned INF! depth=1 score=-30000
DEBUG: evaluate returned crazy score! stand_pat=31810
DEBUG: child returned INF! depth=1 score=-30000
DEBUG: evaluate returned crazy score! stand_pat=31810
DEBUG: child returned INF! depth=1 score=-30000
DEBUG: evaluate returned crazy score! stand_pat=31785
DEBUG: child returned INF! depth=1 score=-30000
DEBUG: evaluate returned crazy score! stand_pat=31785
DEBUG: child returned INF! depth=1 score=-30000
DEBUG: evaluate returned crazy score! stand_pat=31790
DEBUG: child returned INF! depth=1 score=-30000
DEBUG: evaluate returned crazy score! stand_pat=31795
DEBUG: child returned INF! depth=1 score=-30000
DEBUG: evaluate returned crazy score! stand_pat=31785
DEBUG: child returned INF! depth=1 score=-30000
DEBUG: evaluate returned crazy score! stand_pat=31790
DEBUG: child returned INF! depth=1 score=-30000
DEBUG: evaluate returned crazy score! stand_pat=31795
DEBUG: child returned INF! depth=1 score=-30000
DEBUG: evaluate returned crazy score! stand_pat=31800
DEBUG: child returned INF! depth=1 score=-30000
DEBUG: evaluate returned crazy score! stand_pat=31790
DEBUG: child returned INF! depth=1 score=-30000
DEBUG: evaluate returned crazy score! stand_pat=31790
DEBUG: child returned INF! depth=1 score=-30000
DEBUG: evaluate returned crazy score! stand_pat=31785
DEBUG: child returned INF! depth=1 score=-30000
DEBUG: evaluate returned crazy score! stand_pat=31785
DEBUG: child returned INF! depth=1 score=-30000
DEBUG: evaluate returned crazy score! stand_pat=31785
DEBUG: child returned INF! depth=1 score=-30000
DEBUG: evaluate returned crazy score! stand_pat=31785
DEBUG: child returned INF! depth=1 score=-30000
DEBUG: evaluate returned crazy score! stand_pat=31790
DEBUG: child returned INF! depth=1 score=-30000
DEBUG: evaluate returned crazy score! stand_pat=31795
DEBUG: child returned INF! depth=1 score=-30000
DEBUG: evaluate returned crazy score! stand_pat=31795
DEBUG: child returned INF! depth=1 score=-30000
DEBUG: evaluate returned crazy score! stand_pat=31790
DEBUG: child returned INF! depth=1 score=-30000
DEBUG: evaluate returned crazy score! stand_pat=31810
DEBUG: child returned INF! depth=1 score=-30000
DEBUG: negamax returning -INF! depth=1 ply=5 legal_moves=48 alpha=-30000 beta=90
DEBUG: child returned INF! depth=3 score=-30000
DEBUG: evaluate returned crazy score! stand_pat=32560
DEBUG: child returned INF! depth=1 score=-30000
DEBUG: evaluate returned crazy score! stand_pat=32595
DEBUG: child returned INF! depth=1 score=-30000
DEBUG: evaluate returned crazy score! stand_pat=32590
DEBUG: child returned INF! depth=1 score=-30000
DEBUG: evaluate returned crazy score! stand_pat=32630
DEBUG: child returned INF! depth=1 score=-30000
DEBUG: evaluate returned crazy score! stand_pat=32620
DEBUG: child returned INF! depth=1 score=-30000
DEBUG: evaluate returned crazy score! stand_pat=32620
DEBUG: child returned INF! depth=1 score=-30000
DEBUG: evaluate returned crazy score! stand_pat=32625
DEBUG: child returned INF! depth=1 score=-30000
DEBUG: evaluate returned crazy score! stand_pat=32630
DEBUG: child returned INF! depth=1 score=-30000
DEBUG: evaluate returned crazy score! stand_pat=32640
DEBUG: child returned INF! depth=1 score=-30000
DEBUG: evaluate returned crazy score! stand_pat=32640
DEBUG: child returned INF! depth=1 score=-30000
DEBUG: evaluate returned crazy score! stand_pat=32640
DEBUG: child returned INF! depth=1 score=-30000
DEBUG: evaluate returned crazy score! stand_pat=32630
DEBUG: child returned INF! depth=1 score=-30000
DEBUG: evaluate returned crazy score! stand_pat=32620
DEBUG: child returned INF! depth=1 score=-30000
DEBUG: evaluate returned crazy score! stand_pat=32620
DEBUG: child returned INF! depth=1 score=-30000
DEBUG: evaluate returned crazy score! stand_pat=32625
DEBUG: child returned INF! depth=1 score=-30000
DEBUG: evaluate returned crazy score! stand_pat=32640
DEBUG: child returned INF! depth=1 score=-30000
DEBUG: evaluate returned crazy score! stand_pat=32595
DEBUG: child returned INF! depth=1 score=-30000
DEBUG: evaluate returned crazy score! stand_pat=32590
DEBUG: child returned INF! depth=1 score=-30000
DEBUG: evaluate returned crazy score! stand_pat=32630
DEBUG: child returned INF! depth=1 score=-30000
DEBUG: evaluate returned crazy score! stand_pat=32660
DEBUG: child returned INF! depth=1 score=-30000
DEBUG: evaluate returned crazy score! stand_pat=32660
DEBUG: child returned INF! depth=1 score=-30000
DEBUG: evaluate returned crazy score! stand_pat=32660
DEBUG: child returned INF! depth=1 score=-30000
DEBUG: evaluate returned crazy score! stand_pat=32660
DEBUG: child returned INF! depth=1 score=-30000
DEBUG: evaluate returned crazy score! stand_pat=32660
DEBUG: child returned INF! depth=1 score=-30000
DEBUG: evaluate returned crazy score! stand_pat=32660
DEBUG: child returned INF! depth=1 score=-30000
DEBUG: evaluate returned crazy score! stand_pat=32660
DEBUG: child returned INF! depth=1 score=-30000
DEBUG: evaluate returned crazy score! stand_pat=32660
DEBUG: child returned INF! depth=1 score=-30000
DEBUG: evaluate returned crazy score! stand_pat=32660
DEBUG: child returned INF! depth=1 score=-30000
DEBUG: evaluate returned crazy score! stand_pat=32660
DEBUG: child returned INF! depth=1 score=-30000
DEBUG: evaluate returned crazy score! stand_pat=32660
DEBUG: child returned INF! depth=1 score=-30000
DEBUG: evaluate returned crazy score! stand_pat=32660
DEBUG: child returned INF! depth=1 score=-30000
DEBUG: negamax returning -INF! depth=1 ply=5 legal_moves=31 alpha=-30000 beta=90
DEBUG: child returned INF! depth=3 score=-30000
DEBUG: evaluate returned crazy score! stand_pat=31785
DEBUG: child returned INF! depth=1 score=-30000
DEBUG: evaluate returned crazy score! stand_pat=31750
DEBUG: child returned INF! depth=1 score=-30000
DEBUG: evaluate returned crazy score! stand_pat=31745
DEBUG: child returned INF! depth=1 score=-30000
DEBUG: evaluate returned crazy score! stand_pat=31785
DEBUG: child returned INF! depth=1 score=-30000
DEBUG: evaluate returned crazy score! stand_pat=31775
DEBUG: child returned INF! depth=1 score=-30000
DEBUG: evaluate returned crazy score! stand_pat=31775
DEBUG: child returned INF! depth=1 score=-30000
DEBUG: evaluate returned crazy score! stand_pat=31780
DEBUG: child returned INF! depth=1 score=-30000
DEBUG: evaluate returned crazy score! stand_pat=31795
DEBUG: child returned INF! depth=1 score=-30000
DEBUG: evaluate returned crazy score! stand_pat=31790
DEBUG: child returned INF! depth=1 score=-30000
DEBUG: evaluate returned crazy score! stand_pat=31785
DEBUG: child returned INF! depth=1 score=-30000
DEBUG: evaluate returned crazy score! stand_pat=31790
DEBUG: child returned INF! depth=1 score=-30000
DEBUG: evaluate returned crazy score! stand_pat=31795
DEBUG: child returned INF! depth=1 score=-30000
DEBUG: evaluate returned crazy score! stand_pat=31790
DEBUG: child returned INF! depth=1 score=-30000
DEBUG: evaluate returned crazy score! stand_pat=31785
DEBUG: child returned INF! depth=1 score=-30000
DEBUG: evaluate returned crazy score! stand_pat=31785
DEBUG: child returned INF! depth=1 score=-30000
DEBUG: evaluate returned crazy score! stand_pat=31785
DEBUG: child returned INF! depth=1 score=-30000
DEBUG: evaluate returned crazy score! stand_pat=31785
DEBUG: child returned INF! depth=1 score=-30000
DEBUG: evaluate returned crazy score! stand_pat=31790
DEBUG: child returned INF! depth=1 score=-30000
DEBUG: evaluate returned crazy score! stand_pat=31795
DEBUG: child returned INF! depth=1 score=-30000
DEBUG: evaluate returned crazy score! stand_pat=31795
DEBUG: child returned INF! depth=1 score=-30000
DEBUG: evaluate returned crazy score! stand_pat=31795
DEBUG: child returned INF! depth=1 score=-30000
DEBUG: evaluate returned crazy score! stand_pat=31785
DEBUG: child returned INF! depth=1 score=-30000
DEBUG: evaluate returned crazy score! stand_pat=31775
DEBUG: child returned INF! depth=1 score=-30000
DEBUG: evaluate returned crazy score! stand_pat=31775
DEBUG: child returned INF! depth=1 score=-30000
DEBUG: evaluate returned crazy score! stand_pat=31780
DEBUG: child returned INF! depth=1 score=-30000
DEBUG: evaluate returned crazy score! stand_pat=31795
DEBUG: child returned INF! depth=1 score=-30000
DEBUG: evaluate returned crazy score! stand_pat=31750
DEBUG: child returned INF! depth=1 score=-30000
DEBUG: evaluate returned crazy score! stand_pat=31745
DEBUG: child returned INF! depth=1 score=-30000
DEBUG: evaluate returned crazy score! stand_pat=31785
DEBUG: child returned INF! depth=1 score=-30000
DEBUG: evaluate returned crazy score! stand_pat=31815
DEBUG: child returned INF! depth=1 score=-30000
DEBUG: evaluate returned crazy score! stand_pat=31815
DEBUG: child returned INF! depth=1 score=-30000
DEBUG: evaluate returned crazy score! stand_pat=31815
DEBUG: child returned INF! depth=1 score=-30000
DEBUG: evaluate returned crazy score! stand_pat=31815
DEBUG: child returned INF! depth=1 score=-30000
DEBUG: evaluate returned crazy score! stand_pat=31815
DEBUG: child returned INF! depth=1 score=-30000
DEBUG: evaluate returned crazy score! stand_pat=31815
DEBUG: child returned INF! depth=1 score=-30000
DEBUG: evaluate returned crazy score! stand_pat=31815
DEBUG: child returned INF! depth=1 score=-30000
DEBUG: evaluate returned crazy score! stand_pat=31815
DEBUG: child returned INF! depth=1 score=-30000
DEBUG: evaluate returned crazy score! stand_pat=31815
DEBUG: child returned INF! depth=1 score=-30000
DEBUG: evaluate returned crazy score! stand_pat=31815
DEBUG: child returned INF! depth=1 score=-30000
DEBUG: evaluate returned crazy score! stand_pat=31815
DEBUG: child returned INF! depth=1 score=-30000
DEBUG: evaluate returned crazy score! stand_pat=31815
DEBUG: child returned INF! depth=1 score=-30000
DEBUG: negamax returning -INF! depth=1 ply=5 legal_moves=41 alpha=-30000 beta=90
DEBUG: child returned INF! depth=3 score=-30000
DEBUG: evaluate returned crazy score! stand_pat=31675
DEBUG: child returned INF! depth=1 score=-30000
DEBUG: evaluate returned crazy score! stand_pat=31780
DEBUG: child returned INF! depth=1 score=-30000
DEBUG: evaluate returned crazy score! stand_pat=31740
DEBUG: child returned INF! depth=1 score=-30000
DEBUG: evaluate returned crazy score! stand_pat=31780
DEBUG: child returned INF! depth=1 score=-30000
DEBUG: evaluate returned crazy score! stand_pat=31770
DEBUG: child returned INF! depth=1 score=-30000
DEBUG: evaluate returned crazy score! stand_pat=31770
DEBUG: child returned INF! depth=1 score=-30000
DEBUG: evaluate returned crazy score! stand_pat=31775
DEBUG: child returned INF! depth=1 score=-30000
DEBUG: evaluate returned crazy score! stand_pat=31790
DEBUG: child returned INF! depth=1 score=-30000
DEBUG: evaluate returned crazy score! stand_pat=31790
DEBUG: child returned INF! depth=1 score=-30000
DEBUG: evaluate returned crazy score! stand_pat=31790
DEBUG: child returned INF! depth=1 score=-30000
DEBUG: evaluate returned crazy score! stand_pat=31740
DEBUG: child returned INF! depth=1 score=-30000
DEBUG: evaluate returned crazy score! stand_pat=31780
DEBUG: child returned INF! depth=1 score=-30000
DEBUG: evaluate returned crazy score! stand_pat=31810
DEBUG: child returned INF! depth=1 score=-30000
DEBUG: evaluate returned crazy score! stand_pat=31810
DEBUG: child returned INF! depth=1 score=-30000
DEBUG: evaluate returned crazy score! stand_pat=31810
DEBUG: child returned INF! depth=1 score=-30000
DEBUG: evaluate returned crazy score! stand_pat=31810
DEBUG: child returned INF! depth=1 score=-30000
DEBUG: evaluate returned crazy score! stand_pat=31810
DEBUG: child returned INF! depth=1 score=-30000
DEBUG: evaluate returned crazy score! stand_pat=31810
DEBUG: child returned INF! depth=1 score=-30000
DEBUG: evaluate returned crazy score! stand_pat=31795
DEBUG: child returned INF! depth=1 score=-30000
DEBUG: evaluate returned crazy score! stand_pat=31785
DEBUG: child returned INF! depth=1 score=-30000
DEBUG: evaluate returned crazy score! stand_pat=31785
DEBUG: child returned INF! depth=1 score=-30000
DEBUG: evaluate returned crazy score! stand_pat=31790
DEBUG: child returned INF! depth=1 score=-30000
DEBUG: evaluate returned crazy score! stand_pat=31800
DEBUG: child returned INF! depth=1 score=-30000
DEBUG: evaluate returned crazy score! stand_pat=31785
DEBUG: child returned INF! depth=1 score=-30000
DEBUG: evaluate returned crazy score! stand_pat=31790
DEBUG: child returned INF! depth=1 score=-30000
DEBUG: evaluate returned crazy score! stand_pat=31795
DEBUG: child returned INF! depth=1 score=-30000
DEBUG: evaluate returned crazy score! stand_pat=31790
DEBUG: child returned INF! depth=1 score=-30000
DEBUG: evaluate returned crazy score! stand_pat=31785
DEBUG: child returned INF! depth=1 score=-30000
DEBUG: evaluate returned crazy score! stand_pat=31785
DEBUG: child returned INF! depth=1 score=-30000
DEBUG: evaluate returned crazy score! stand_pat=31785
DEBUG: child returned INF! depth=1 score=-30000
DEBUG: evaluate returned crazy score! stand_pat=31745
DEBUG: child returned INF! depth=1 score=-30000
DEBUG: evaluate returned crazy score! stand_pat=31810
DEBUG: child returned INF! depth=1 score=-30000
DEBUG: evaluate returned crazy score! stand_pat=31810
DEBUG: child returned INF! depth=1 score=-30000
DEBUG: evaluate returned crazy score! stand_pat=31810
DEBUG: child returned INF! depth=1 score=-30000
DEBUG: evaluate returned crazy score! stand_pat=31810
DEBUG: child returned INF! depth=1 score=-30000
DEBUG: evaluate returned crazy score! stand_pat=31810
DEBUG: child returned INF! depth=1 score=-30000
DEBUG: evaluate returned crazy score! stand_pat=31810
DEBUG: child returned INF! depth=1 score=-30000
DEBUG: negamax returning -INF! depth=1 ply=5 legal_moves=37 alpha=-30000 beta=90
DEBUG: child returned INF! depth=3 score=-30000
DEBUG: evaluate returned crazy score! stand_pat=31700
DEBUG: child returned INF! depth=1 score=-30000
DEBUG: evaluate returned crazy score! stand_pat=31740
DEBUG: child returned INF! depth=1 score=-30000
DEBUG: evaluate returned crazy score! stand_pat=31735
DEBUG: child returned INF! depth=1 score=-30000
DEBUG: evaluate returned crazy score! stand_pat=31775
DEBUG: child returned INF! depth=1 score=-30000
DEBUG: evaluate returned crazy score! stand_pat=31765
DEBUG: child returned INF! depth=1 score=-30000
DEBUG: evaluate returned crazy score! stand_pat=31765
DEBUG: child returned INF! depth=1 score=-30000
DEBUG: evaluate returned crazy score! stand_pat=31770
DEBUG: child returned INF! depth=1 score=-30000
DEBUG: evaluate returned crazy score! stand_pat=31785
DEBUG: child returned INF! depth=1 score=-30000
DEBUG: evaluate returned crazy score! stand_pat=31785
DEBUG: child returned INF! depth=1 score=-30000
DEBUG: evaluate returned crazy score! stand_pat=31785
DEBUG: child returned INF! depth=1 score=-30000
DEBUG: evaluate returned crazy score! stand_pat=31785
DEBUG: child returned INF! depth=1 score=-30000
DEBUG: evaluate returned crazy score! stand_pat=31775
DEBUG: child returned INF! depth=1 score=-30000
DEBUG: evaluate returned crazy score! stand_pat=31775
DEBUG: child returned INF! depth=1 score=-30000
DEBUG: evaluate returned crazy score! stand_pat=31735
DEBUG: child returned INF! depth=1 score=-30000
DEBUG: evaluate returned crazy score! stand_pat=31775
DEBUG: child returned INF! depth=1 score=-30000
DEBUG: evaluate returned crazy score! stand_pat=31805
DEBUG: child returned INF! depth=1 score=-30000
DEBUG: evaluate returned crazy score! stand_pat=31805
DEBUG: child returned INF! depth=1 score=-30000
DEBUG: evaluate returned crazy score! stand_pat=31805
DEBUG: child returned INF! depth=1 score=-30000
DEBUG: evaluate returned crazy score! stand_pat=31805
DEBUG: child returned INF! depth=1 score=-30000
DEBUG: evaluate returned crazy score! stand_pat=31805
DEBUG: child returned INF! depth=1 score=-30000
DEBUG: evaluate returned crazy score! stand_pat=31805
DEBUG: child returned INF! depth=1 score=-30000
DEBUG: evaluate returned crazy score! stand_pat=31805
DEBUG: child returned INF! depth=1 score=-30000
DEBUG: evaluate returned crazy score! stand_pat=31805
DEBUG: child returned INF! depth=1 score=-30000
DEBUG: evaluate returned crazy score! stand_pat=31805
DEBUG: child returned INF! depth=1 score=-30000
DEBUG: evaluate returned crazy score! stand_pat=31805
DEBUG: child returned INF! depth=1 score=-30000
DEBUG: evaluate returned crazy score! stand_pat=31805
DEBUG: child returned INF! depth=1 score=-30000
DEBUG: evaluate returned crazy score! stand_pat=31805
DEBUG: child returned INF! depth=1 score=-30000
DEBUG: evaluate returned crazy score! stand_pat=31790
DEBUG: child returned INF! depth=1 score=-30000
DEBUG: evaluate returned crazy score! stand_pat=31785
DEBUG: child returned INF! depth=1 score=-30000
DEBUG: evaluate returned crazy score! stand_pat=31790
DEBUG: child returned INF! depth=1 score=-30000
DEBUG: evaluate returned crazy score! stand_pat=31800
DEBUG: child returned INF! depth=1 score=-30000
DEBUG: evaluate returned crazy score! stand_pat=31785
DEBUG: child returned INF! depth=1 score=-30000
DEBUG: evaluate returned crazy score! stand_pat=31785
DEBUG: child returned INF! depth=1 score=-30000
DEBUG: evaluate returned crazy score! stand_pat=31790
DEBUG: child returned INF! depth=1 score=-30000
DEBUG: evaluate returned crazy score! stand_pat=31740
DEBUG: child returned INF! depth=1 score=-30000
DEBUG: evaluate returned crazy score! stand_pat=31790
DEBUG: child returned INF! depth=1 score=-30000
DEBUG: evaluate returned crazy score! stand_pat=31795
DEBUG: child returned INF! depth=1 score=-30000
DEBUG: evaluate returned crazy score! stand_pat=31785
DEBUG: child returned INF! depth=1 score=-30000
DEBUG: evaluate returned crazy score! stand_pat=31785
DEBUG: child returned INF! depth=1 score=-30000
DEBUG: evaluate returned crazy score! stand_pat=31800
DEBUG: child returned INF! depth=1 score=-30000
DEBUG: evaluate returned crazy score! stand_pat=31785
DEBUG: child returned INF! depth=1 score=-30000
DEBUG: evaluate returned crazy score! stand_pat=31785
DEBUG: child returned INF! depth=1 score=-30000
DEBUG: evaluate returned crazy score! stand_pat=31790
DEBUG: child returned INF! depth=1 score=-30000
DEBUG: evaluate returned crazy score! stand_pat=31800
DEBUG: child returned INF! depth=1 score=-30000
DEBUG: evaluate returned crazy score! stand_pat=31785
DEBUG: child returned INF! depth=1 score=-30000
DEBUG: evaluate returned crazy score! stand_pat=31785
DEBUG: child returned INF! depth=1 score=-30000
DEBUG: evaluate returned crazy score! stand_pat=31785
DEBUG: child returned INF! depth=1 score=-30000
DEBUG: evaluate returned crazy score! stand_pat=31790
DEBUG: child returned INF! depth=1 score=-30000
DEBUG: evaluate returned crazy score! stand_pat=31795
DEBUG: child returned INF! depth=1 score=-30000
DEBUG: negamax returning -INF! depth=1 ply=5 legal_moves=49 alpha=-30000 beta=90
DEBUG: child returned INF! depth=3 score=-30000
DEBUG: evaluate returned crazy score! stand_pat=31690
DEBUG: child returned INF! depth=1 score=-30000
DEBUG: evaluate returned crazy score! stand_pat=31700
DEBUG: child returned INF! depth=1 score=-30000
DEBUG: evaluate returned crazy score! stand_pat=31740
DEBUG: child returned INF! depth=1 score=-30000
DEBUG: evaluate returned crazy score! stand_pat=31775
DEBUG: child returned INF! depth=1 score=-30000
DEBUG: evaluate returned crazy score! stand_pat=31765
DEBUG: child returned INF! depth=1 score=-30000
DEBUG: evaluate returned crazy score! stand_pat=31765
DEBUG: child returned INF! depth=1 score=-30000
DEBUG: evaluate returned crazy score! stand_pat=31770
DEBUG: child returned INF! depth=1 score=-30000
DEBUG: evaluate returned crazy score! stand_pat=31785
DEBUG: child returned INF! depth=1 score=-30000
DEBUG: evaluate returned crazy score! stand_pat=31785
DEBUG: child returned INF! depth=1 score=-30000
DEBUG: evaluate returned crazy score! stand_pat=31785
DEBUG: child returned INF! depth=1 score=-30000
DEBUG: evaluate returned crazy score! stand_pat=31785
DEBUG: child returned INF! depth=1 score=-30000
DEBUG: evaluate returned crazy score! stand_pat=31775
DEBUG: child returned INF! depth=1 score=-30000
DEBUG: evaluate returned crazy score! stand_pat=31765
DEBUG: child returned INF! depth=1 score=-30000
DEBUG: evaluate returned crazy score! stand_pat=31765
DEBUG: child returned INF! depth=1 score=-30000
DEBUG: evaluate returned crazy score! stand_pat=31770
DEBUG: child returned INF! depth=1 score=-30000
DEBUG: evaluate returned crazy score! stand_pat=31785
DEBUG: child returned INF! depth=1 score=-30000
DEBUG: evaluate returned crazy score! stand_pat=31735
DEBUG: child returned INF! depth=1 score=-30000
DEBUG: evaluate returned crazy score! stand_pat=31735
DEBUG: child returned INF! depth=1 score=-30000
DEBUG: evaluate returned crazy score! stand_pat=31775
DEBUG: child returned INF! depth=1 score=-30000
DEBUG: evaluate returned crazy score! stand_pat=31805
DEBUG: child returned INF! depth=1 score=-30000
DEBUG: evaluate returned crazy score! stand_pat=31805
DEBUG: child returned INF! depth=1 score=-30000
DEBUG: evaluate returned crazy score! stand_pat=31805
DEBUG: child returned INF! depth=1 score=-30000
DEBUG: evaluate returned crazy score! stand_pat=31805
DEBUG: child returned INF! depth=1 score=-30000
DEBUG: evaluate returned crazy score! stand_pat=31805
DEBUG: child returned INF! depth=1 score=-30000
DEBUG: evaluate returned crazy score! stand_pat=31805
DEBUG: child returned INF! depth=1 score=-30000
DEBUG: evaluate returned crazy score! stand_pat=31805
DEBUG: child returned INF! depth=1 score=-30000
DEBUG: evaluate returned crazy score! stand_pat=31805
DEBUG: child returned INF! depth=1 score=-30000
DEBUG: evaluate returned crazy score! stand_pat=31805
DEBUG: child returned INF! depth=1 score=-30000
DEBUG: evaluate returned crazy score! stand_pat=31805
DEBUG: child returned INF! depth=1 score=-30000
DEBUG: evaluate returned crazy score! stand_pat=31805
DEBUG: child returned INF! depth=1 score=-30000
DEBUG: evaluate returned crazy score! stand_pat=31805
DEBUG: child returned INF! depth=1 score=-30000
DEBUG: evaluate returned crazy score! stand_pat=31785
DEBUG: child returned INF! depth=1 score=-30000
DEBUG: evaluate returned crazy score! stand_pat=31785
DEBUG: child returned INF! depth=1 score=-30000
DEBUG: evaluate returned crazy score! stand_pat=31785
DEBUG: child returned INF! depth=1 score=-30000
DEBUG: evaluate returned crazy score! stand_pat=31790
DEBUG: child returned INF! depth=1 score=-30000
DEBUG: evaluate returned crazy score! stand_pat=31775
DEBUG: child returned INF! depth=1 score=-30000
DEBUG: evaluate returned crazy score! stand_pat=31785
DEBUG: child returned INF! depth=1 score=-30000
DEBUG: evaluate returned crazy score! stand_pat=31785
DEBUG: child returned INF! depth=1 score=-30000
DEBUG: evaluate returned crazy score! stand_pat=31740
DEBUG: child returned INF! depth=1 score=-30000
DEBUG: evaluate returned crazy score! stand_pat=31785
DEBUG: child returned INF! depth=1 score=-30000
DEBUG: evaluate returned crazy score! stand_pat=31790
DEBUG: child returned INF! depth=1 score=-30000
DEBUG: evaluate returned crazy score! stand_pat=31795
DEBUG: child returned INF! depth=1 score=-30000
DEBUG: evaluate returned crazy score! stand_pat=31785
DEBUG: child returned INF! depth=1 score=-30000
DEBUG: evaluate returned crazy score! stand_pat=31790
DEBUG: child returned INF! depth=1 score=-30000
DEBUG: evaluate returned crazy score! stand_pat=31790
DEBUG: child returned INF! depth=1 score=-30000
DEBUG: evaluate returned crazy score! stand_pat=31785
DEBUG: child returned INF! depth=1 score=-30000
DEBUG: evaluate returned crazy score! stand_pat=31785
DEBUG: child returned INF! depth=1 score=-30000
DEBUG: evaluate returned crazy score! stand_pat=31790
DEBUG: child returned INF! depth=1 score=-30000
DEBUG: evaluate returned crazy score! stand_pat=31795
DEBUG: child returned INF! depth=1 score=-30000
DEBUG: evaluate returned crazy score! stand_pat=31785
DEBUG: child returned INF! depth=1 score=-30000
DEBUG: evaluate returned crazy score! stand_pat=31785
DEBUG: child returned INF! depth=1 score=-30000
DEBUG: evaluate returned crazy score! stand_pat=31790
DEBUG: child returned INF! depth=1 score=-30000
DEBUG: evaluate returned crazy score! stand_pat=31795
DEBUG: child returned INF! depth=1 score=-30000
DEBUG: negamax returning -INF! depth=1 ply=5 legal_moves=53 alpha=-30000 beta=90
DEBUG: child returned INF! depth=3 score=-30000
DEBUG: evaluate returned crazy score! stand_pat=32655
DEBUG: child returned INF! depth=1 score=-30000
DEBUG: evaluate returned crazy score! stand_pat=32690
DEBUG: child returned INF! depth=1 score=-30000
DEBUG: evaluate returned crazy score! stand_pat=32650
DEBUG: child returned INF! depth=1 score=-30000
DEBUG: evaluate returned crazy score! stand_pat=32690
DEBUG: child returned INF! depth=1 score=-30000
DEBUG: evaluate returned crazy score! stand_pat=32680
DEBUG: child returned INF! depth=1 score=-30000
DEBUG: evaluate returned crazy score! stand_pat=32680
DEBUG: child returned INF! depth=1 score=-30000
DEBUG: evaluate returned crazy score! stand_pat=32685
DEBUG: child returned INF! depth=1 score=-30000
DEBUG: evaluate returned crazy score! stand_pat=32700
DEBUG: child returned INF! depth=1 score=-30000
DEBUG: evaluate returned crazy score! stand_pat=32700
DEBUG: child returned INF! depth=1 score=-30000
DEBUG: evaluate returned crazy score! stand_pat=32700
DEBUG: child returned INF! depth=1 score=-30000
DEBUG: evaluate returned crazy score! stand_pat=32700
DEBUG: child returned INF! depth=1 score=-30000
DEBUG: evaluate returned crazy score! stand_pat=32690
DEBUG: child returned INF! depth=1 score=-30000
DEBUG: evaluate returned crazy score! stand_pat=32680
DEBUG: child returned INF! depth=1 score=-30000
DEBUG: evaluate returned crazy score! stand_pat=32680
DEBUG: child returned INF! depth=1 score=-30000
DEBUG: evaluate returned crazy score! stand_pat=32685
DEBUG: child returned INF! depth=1 score=-30000
DEBUG: evaluate returned crazy score! stand_pat=32700
DEBUG: child returned INF! depth=1 score=-30000
DEBUG: evaluate returned crazy score! stand_pat=32655
DEBUG: child returned INF! depth=1 score=-30000
DEBUG: evaluate returned crazy score! stand_pat=32650
DEBUG: child returned INF! depth=1 score=-30000
DEBUG: evaluate returned crazy score! stand_pat=32690
DEBUG: child returned INF! depth=1 score=-30000
DEBUG: evaluate returned crazy score! stand_pat=32720
DEBUG: child returned INF! depth=1 score=-30000
DEBUG: evaluate returned crazy score! stand_pat=32720
DEBUG: child returned INF! depth=1 score=-30000
DEBUG: evaluate returned crazy score! stand_pat=32720
DEBUG: child returned INF! depth=1 score=-30000
DEBUG: evaluate returned crazy score! stand_pat=32720
DEBUG: child returned INF! depth=1 score=-30000
DEBUG: evaluate returned crazy score! stand_pat=32720
DEBUG: child returned INF! depth=1 score=-30000
DEBUG: evaluate returned crazy score! stand_pat=32720
DEBUG: child returned INF! depth=1 score=-30000
DEBUG: evaluate returned crazy score! stand_pat=32720
DEBUG: child returned INF! depth=1 score=-30000
DEBUG: evaluate returned crazy score! stand_pat=32720
DEBUG: child returned INF! depth=1 score=-30000
DEBUG: evaluate returned crazy score! stand_pat=32720
DEBUG: child returned INF! depth=1 score=-30000
DEBUG: evaluate returned crazy score! stand_pat=32720
DEBUG: child returned INF! depth=1 score=-30000
DEBUG: evaluate returned crazy score! stand_pat=32720
DEBUG: child returned INF! depth=1 score=-30000
DEBUG: evaluate returned crazy score! stand_pat=32720
DEBUG: child returned INF! depth=1 score=-30000
DEBUG: negamax returning -INF! depth=1 ply=5 legal_moves=31 alpha=-30000 beta=90
DEBUG: child returned INF! depth=3 score=-30000
DEBUG: evaluate returned crazy score! stand_pat=32645
DEBUG: child returned INF! depth=1 score=-30000
DEBUG: evaluate returned crazy score! stand_pat=32680
DEBUG: child returned INF! depth=1 score=-30000
DEBUG: evaluate returned crazy score! stand_pat=32640
DEBUG: child returned INF! depth=1 score=-30000
DEBUG: evaluate returned crazy score! stand_pat=32680
DEBUG: child returned INF! depth=1 score=-30000
DEBUG: evaluate returned crazy score! stand_pat=32670
DEBUG: child returned INF! depth=1 score=-30000
DEBUG: evaluate returned crazy score! stand_pat=32670
DEBUG: child returned INF! depth=1 score=-30000
DEBUG: evaluate returned crazy score! stand_pat=32675
DEBUG: child returned INF! depth=1 score=-30000
DEBUG: evaluate returned crazy score! stand_pat=32690
DEBUG: child returned INF! depth=1 score=-30000
DEBUG: evaluate returned crazy score! stand_pat=32690
DEBUG: child returned INF! depth=1 score=-30000
DEBUG: evaluate returned crazy score! stand_pat=32690
DEBUG: child returned INF! depth=1 score=-30000
DEBUG: evaluate returned crazy score! stand_pat=32690
DEBUG: child returned INF! depth=1 score=-30000
DEBUG: evaluate returned crazy score! stand_pat=32680
DEBUG: child returned INF! depth=1 score=-30000
DEBUG: evaluate returned crazy score! stand_pat=32670
DEBUG: child returned INF! depth=1 score=-30000
DEBUG: evaluate returned crazy score! stand_pat=32670
DEBUG: child returned INF! depth=1 score=-30000
DEBUG: evaluate returned crazy score! stand_pat=32675
DEBUG: child returned INF! depth=1 score=-30000
DEBUG: evaluate returned crazy score! stand_pat=32690
DEBUG: child returned INF! depth=1 score=-30000
DEBUG: evaluate returned crazy score! stand_pat=32645
DEBUG: child returned INF! depth=1 score=-30000
DEBUG: evaluate returned crazy score! stand_pat=32640
DEBUG: child returned INF! depth=1 score=-30000
DEBUG: evaluate returned crazy score! stand_pat=32680
DEBUG: child returned INF! depth=1 score=-30000
DEBUG: evaluate returned crazy score! stand_pat=32710
DEBUG: child returned INF! depth=1 score=-30000
DEBUG: evaluate returned crazy score! stand_pat=32710
DEBUG: child returned INF! depth=1 score=-30000
DEBUG: evaluate returned crazy score! stand_pat=32710
DEBUG: child returned INF! depth=1 score=-30000
DEBUG: evaluate returned crazy score! stand_pat=32710
DEBUG: child returned INF! depth=1 score=-30000
DEBUG: evaluate returned crazy score! stand_pat=32710
DEBUG: child returned INF! depth=1 score=-30000
DEBUG: evaluate returned crazy score! stand_pat=32710
DEBUG: child returned INF! depth=1 score=-30000
DEBUG: evaluate returned crazy score! stand_pat=32710
DEBUG: child returned INF! depth=1 score=-30000
DEBUG: evaluate returned crazy score! stand_pat=32710
DEBUG: child returned INF! depth=1 score=-30000
DEBUG: evaluate returned crazy score! stand_pat=32710
DEBUG: child returned INF! depth=1 score=-30000
DEBUG: evaluate returned crazy score! stand_pat=32710
DEBUG: child returned INF! depth=1 score=-30000
DEBUG: evaluate returned crazy score! stand_pat=32710
DEBUG: child returned INF! depth=1 score=-30000
DEBUG: evaluate returned crazy score! stand_pat=32710
DEBUG: child returned INF! depth=1 score=-30000
DEBUG: negamax returning -INF! depth=1 ply=5 legal_moves=31 alpha=-30000 beta=90
DEBUG: child returned INF! depth=3 score=-30000
DEBUG: evaluate returned crazy score! stand_pat=32660
DEBUG: child returned INF! depth=1 score=-30000
DEBUG: evaluate returned crazy score! stand_pat=32695
DEBUG: child returned INF! depth=1 score=-30000
DEBUG: evaluate returned crazy score! stand_pat=32655
DEBUG: child returned INF! depth=1 score=-30000
DEBUG: evaluate returned crazy score! stand_pat=32695
DEBUG: child returned INF! depth=1 score=-30000
DEBUG: evaluate returned crazy score! stand_pat=32685
DEBUG: child returned INF! depth=1 score=-30000
DEBUG: evaluate returned crazy score! stand_pat=32685
DEBUG: child returned INF! depth=1 score=-30000
DEBUG: evaluate returned crazy score! stand_pat=32690
DEBUG: child returned INF! depth=1 score=-30000
DEBUG: evaluate returned crazy score! stand_pat=32705
DEBUG: child returned INF! depth=1 score=-30000
DEBUG: evaluate returned crazy score! stand_pat=32705
DEBUG: child returned INF! depth=1 score=-30000
DEBUG: evaluate returned crazy score! stand_pat=32705
DEBUG: child returned INF! depth=1 score=-30000
DEBUG: evaluate returned crazy score! stand_pat=32705
DEBUG: child returned INF! depth=1 score=-30000
DEBUG: evaluate returned crazy score! stand_pat=32695
DEBUG: child returned INF! depth=1 score=-30000
DEBUG: evaluate returned crazy score! stand_pat=32685
DEBUG: child returned INF! depth=1 score=-30000
DEBUG: evaluate returned crazy score! stand_pat=32685
DEBUG: child returned INF! depth=1 score=-30000
DEBUG: evaluate returned crazy score! stand_pat=32690
DEBUG: child returned INF! depth=1 score=-30000
DEBUG: evaluate returned crazy score! stand_pat=32705
DEBUG: child returned INF! depth=1 score=-30000
DEBUG: evaluate returned crazy score! stand_pat=32660
DEBUG: child returned INF! depth=1 score=-30000
DEBUG: evaluate returned crazy score! stand_pat=32655
DEBUG: child returned INF! depth=1 score=-30000
DEBUG: evaluate returned crazy score! stand_pat=32695
DEBUG: child returned INF! depth=1 score=-30000
DEBUG: evaluate returned crazy score! stand_pat=32725
DEBUG: child returned INF! depth=1 score=-30000
DEBUG: evaluate returned crazy score! stand_pat=32725
DEBUG: child returned INF! depth=1 score=-30000
DEBUG: evaluate returned crazy score! stand_pat=32725
DEBUG: child returned INF! depth=1 score=-30000
DEBUG: evaluate returned crazy score! stand_pat=32725
DEBUG: child returned INF! depth=1 score=-30000
DEBUG: evaluate returned crazy score! stand_pat=32725
DEBUG: child returned INF! depth=1 score=-30000
DEBUG: evaluate returned crazy score! stand_pat=32725
DEBUG: child returned INF! depth=1 score=-30000
DEBUG: evaluate returned crazy score! stand_pat=32725
DEBUG: child returned INF! depth=1 score=-30000
DEBUG: evaluate returned crazy score! stand_pat=32725
DEBUG: child returned INF! depth=1 score=-30000
DEBUG: evaluate returned crazy score! stand_pat=32725
DEBUG: child returned INF! depth=1 score=-30000
DEBUG: evaluate returned crazy score! stand_pat=32725
DEBUG: child returned INF! depth=1 score=-30000
DEBUG: evaluate returned crazy score! stand_pat=32725
DEBUG: child returned INF! depth=1 score=-30000
DEBUG: evaluate returned crazy score! stand_pat=32725
DEBUG: child returned INF! depth=1 score=-30000
DEBUG: negamax returning -INF! depth=1 ply=5 legal_moves=31 alpha=-30000 beta=90
DEBUG: child returned INF! depth=3 score=-30000
DEBUG: evaluate returned crazy score! stand_pat=32615
DEBUG: child returned INF! depth=1 score=-30000
DEBUG: evaluate returned crazy score! stand_pat=32650
DEBUG: child returned INF! depth=1 score=-30000
DEBUG: evaluate returned crazy score! stand_pat=32610
DEBUG: child returned INF! depth=1 score=-30000
DEBUG: evaluate returned crazy score! stand_pat=32650
DEBUG: child returned INF! depth=1 score=-30000
DEBUG: evaluate returned crazy score! stand_pat=32640
DEBUG: child returned INF! depth=1 score=-30000
DEBUG: evaluate returned crazy score! stand_pat=32640
DEBUG: child returned INF! depth=1 score=-30000
DEBUG: evaluate returned crazy score! stand_pat=32645
DEBUG: child returned INF! depth=1 score=-30000
DEBUG: evaluate returned crazy score! stand_pat=32660
DEBUG: child returned INF! depth=1 score=-30000
DEBUG: evaluate returned crazy score! stand_pat=32660
DEBUG: child returned INF! depth=1 score=-30000
DEBUG: evaluate returned crazy score! stand_pat=32660
DEBUG: child returned INF! depth=1 score=-30000
DEBUG: evaluate returned crazy score! stand_pat=32660
DEBUG: child returned INF! depth=1 score=-30000
DEBUG: evaluate returned crazy score! stand_pat=32650
DEBUG: child returned INF! depth=1 score=-30000
DEBUG: evaluate returned crazy score! stand_pat=32640
DEBUG: child returned INF! depth=1 score=-30000
DEBUG: evaluate returned crazy score! stand_pat=32640
DEBUG: child returned INF! depth=1 score=-30000
DEBUG: evaluate returned crazy score! stand_pat=32645
DEBUG: child returned INF! depth=1 score=-30000
DEBUG: evaluate returned crazy score! stand_pat=32660
DEBUG: child returned INF! depth=1 score=-30000
DEBUG: evaluate returned crazy score! stand_pat=32615
DEBUG: child returned INF! depth=1 score=-30000
DEBUG: evaluate returned crazy score! stand_pat=32610
DEBUG: child returned INF! depth=1 score=-30000
DEBUG: evaluate returned crazy score! stand_pat=32650
DEBUG: child returned INF! depth=1 score=-30000
DEBUG: evaluate returned crazy score! stand_pat=32680
DEBUG: child returned INF! depth=1 score=-30000
DEBUG: evaluate returned crazy score! stand_pat=32680
DEBUG: child returned INF! depth=1 score=-30000
DEBUG: evaluate returned crazy score! stand_pat=32680
DEBUG: child returned INF! depth=1 score=-30000
DEBUG: evaluate returned crazy score! stand_pat=32680
DEBUG: child returned INF! depth=1 score=-30000
DEBUG: evaluate returned crazy score! stand_pat=32680
DEBUG: child returned INF! depth=1 score=-30000
DEBUG: evaluate returned crazy score! stand_pat=32680
DEBUG: child returned INF! depth=1 score=-30000
DEBUG: evaluate returned crazy score! stand_pat=32680
DEBUG: child returned INF! depth=1 score=-30000
DEBUG: evaluate returned crazy score! stand_pat=32680
DEBUG: child returned INF! depth=1 score=-30000
DEBUG: evaluate returned crazy score! stand_pat=32680
DEBUG: child returned INF! depth=1 score=-30000
DEBUG: evaluate returned crazy score! stand_pat=32680
DEBUG: child returned INF! depth=1 score=-30000
DEBUG: evaluate returned crazy score! stand_pat=32680
DEBUG: child returned INF! depth=1 score=-30000
DEBUG: evaluate returned crazy score! stand_pat=32680
DEBUG: child returned INF! depth=1 score=-30000
DEBUG: negamax returning -INF! depth=1 ply=5 legal_moves=31 alpha=-30000 beta=90
DEBUG: child returned INF! depth=3 score=-30000
DEBUG: evaluate returned crazy score! stand_pat=31765
DEBUG: child returned INF! depth=1 score=-30000
DEBUG: evaluate returned crazy score! stand_pat=31760
DEBUG: child returned INF! depth=1 score=-30000
DEBUG: evaluate returned crazy score! stand_pat=31810
DEBUG: child returned INF! depth=1 score=-30000
DEBUG: evaluate returned crazy score! stand_pat=31810
DEBUG: child returned INF! depth=1 score=-30000
DEBUG: evaluate returned crazy score! stand_pat=31810
DEBUG: child returned INF! depth=1 score=-30000
DEBUG: evaluate returned crazy score! stand_pat=31800
DEBUG: child returned INF! depth=1 score=-30000
DEBUG: evaluate returned crazy score! stand_pat=31790
DEBUG: child returned INF! depth=1 score=-30000
DEBUG: evaluate returned crazy score! stand_pat=31790
DEBUG: child returned INF! depth=1 score=-30000
DEBUG: evaluate returned crazy score! stand_pat=31795
DEBUG: child returned INF! depth=1 score=-30000
DEBUG: evaluate returned crazy score! stand_pat=31810
DEBUG: child returned INF! depth=1 score=-30000
DEBUG: evaluate returned crazy score! stand_pat=31800
DEBUG: child returned INF! depth=1 score=-30000
DEBUG: evaluate returned crazy score! stand_pat=31800
DEBUG: child returned INF! depth=1 score=-30000
DEBUG: evaluate returned crazy score! stand_pat=31830
DEBUG: child returned INF! depth=1 score=-30000
DEBUG: evaluate returned crazy score! stand_pat=31830
DEBUG: child returned INF! depth=1 score=-30000
DEBUG: evaluate returned crazy score! stand_pat=31830
DEBUG: child returned INF! depth=1 score=-30000
DEBUG: evaluate returned crazy score! stand_pat=31830
DEBUG: child returned INF! depth=1 score=-30000
DEBUG: evaluate returned crazy score! stand_pat=31830
DEBUG: child returned INF! depth=1 score=-30000
DEBUG: evaluate returned crazy score! stand_pat=31830
DEBUG: child returned INF! depth=1 score=-30000
DEBUG: evaluate returned crazy score! stand_pat=31805
DEBUG: child returned INF! depth=1 score=-30000
DEBUG: evaluate returned crazy score! stand_pat=31810
DEBUG: child returned INF! depth=1 score=-30000
DEBUG: evaluate returned crazy score! stand_pat=31815
DEBUG: child returned INF! depth=1 score=-30000
DEBUG: evaluate returned crazy score! stand_pat=31805
DEBUG: child returned INF! depth=1 score=-30000
DEBUG: evaluate returned crazy score! stand_pat=31805
DEBUG: child returned INF! depth=1 score=-30000
DEBUG: evaluate returned crazy score! stand_pat=31810
DEBUG: child returned INF! depth=1 score=-30000
DEBUG: evaluate returned crazy score! stand_pat=31820
DEBUG: child returned INF! depth=1 score=-30000
DEBUG: evaluate returned crazy score! stand_pat=31815
DEBUG: child returned INF! depth=1 score=-30000
DEBUG: evaluate returned crazy score! stand_pat=31810
DEBUG: child returned INF! depth=1 score=-30000
DEBUG: evaluate returned crazy score! stand_pat=31810
DEBUG: child returned INF! depth=1 score=-30000
DEBUG: evaluate returned crazy score! stand_pat=31805
DEBUG: child returned INF! depth=1 score=-30000
DEBUG: evaluate returned crazy score! stand_pat=31805
DEBUG: child returned INF! depth=1 score=-30000
DEBUG: evaluate returned crazy score! stand_pat=31805
DEBUG: child returned INF! depth=1 score=-30000
DEBUG: evaluate returned crazy score! stand_pat=31805
DEBUG: child returned INF! depth=1 score=-30000
DEBUG: evaluate returned crazy score! stand_pat=31810
DEBUG: child returned INF! depth=1 score=-30000
DEBUG: evaluate returned crazy score! stand_pat=31815
DEBUG: child returned INF! depth=1 score=-30000
DEBUG: evaluate returned crazy score! stand_pat=31830
DEBUG: child returned INF! depth=1 score=-30000
DEBUG: evaluate returned crazy score! stand_pat=31830
DEBUG: child returned INF! depth=1 score=-30000
DEBUG: evaluate returned crazy score! stand_pat=31830
DEBUG: child returned INF! depth=1 score=-30000
DEBUG: evaluate returned crazy score! stand_pat=31830
DEBUG: child returned INF! depth=1 score=-30000
DEBUG: evaluate returned crazy score! stand_pat=31810
DEBUG: child returned INF! depth=1 score=-30000
DEBUG: negamax returning -INF! depth=1 ply=5 legal_moves=39 alpha=-30000 beta=90
DEBUG: child returned INF! depth=3 score=-30000
DEBUG: evaluate returned crazy score! stand_pat=31765
DEBUG: child returned INF! depth=1 score=-30000
DEBUG: evaluate returned crazy score! stand_pat=31760
DEBUG: child returned INF! depth=1 score=-30000
DEBUG: evaluate returned crazy score! stand_pat=31810
DEBUG: child returned INF! depth=1 score=-30000
DEBUG: evaluate returned crazy score! stand_pat=31810
DEBUG: child returned INF! depth=1 score=-30000
DEBUG: evaluate returned crazy score! stand_pat=31810
DEBUG: child returned INF! depth=1 score=-30000
DEBUG: evaluate returned crazy score! stand_pat=31800
DEBUG: child returned INF! depth=1 score=-30000
DEBUG: evaluate returned crazy score! stand_pat=31790
DEBUG: child returned INF! depth=1 score=-30000
DEBUG: evaluate returned crazy score! stand_pat=31790
DEBUG: child returned INF! depth=1 score=-30000
DEBUG: evaluate returned crazy score! stand_pat=31795
DEBUG: child returned INF! depth=1 score=-30000
DEBUG: evaluate returned crazy score! stand_pat=31810
DEBUG: child returned INF! depth=1 score=-30000
DEBUG: evaluate returned crazy score! stand_pat=31800
DEBUG: child returned INF! depth=1 score=-30000
DEBUG: evaluate returned crazy score! stand_pat=31760
DEBUG: child returned INF! depth=1 score=-30000
DEBUG: evaluate returned crazy score! stand_pat=31800
DEBUG: child returned INF! depth=1 score=-30000
DEBUG: evaluate returned crazy score! stand_pat=31830
DEBUG: child returned INF! depth=1 score=-30000
DEBUG: evaluate returned crazy score! stand_pat=31830
DEBUG: child returned INF! depth=1 score=-30000
DEBUG: evaluate returned crazy score! stand_pat=31830
DEBUG: child returned INF! depth=1 score=-30000
DEBUG: evaluate returned crazy score! stand_pat=31830
DEBUG: child returned INF! depth=1 score=-30000
DEBUG: evaluate returned crazy score! stand_pat=31830
DEBUG: child returned INF! depth=1 score=-30000
DEBUG: evaluate returned crazy score! stand_pat=31830
DEBUG: child returned INF! depth=1 score=-30000
DEBUG: evaluate returned crazy score! stand_pat=31805
DEBUG: child returned INF! depth=1 score=-30000
DEBUG: evaluate returned crazy score! stand_pat=31810
DEBUG: child returned INF! depth=1 score=-30000
DEBUG: evaluate returned crazy score! stand_pat=31815
DEBUG: child returned INF! depth=1 score=-30000
DEBUG: evaluate returned crazy score! stand_pat=31805
DEBUG: child returned INF! depth=1 score=-30000
DEBUG: evaluate returned crazy score! stand_pat=31815
DEBUG: child returned INF! depth=1 score=-30000
DEBUG: evaluate returned crazy score! stand_pat=31810
DEBUG: child returned INF! depth=1 score=-30000
DEBUG: evaluate returned crazy score! stand_pat=31810
DEBUG: child returned INF! depth=1 score=-30000
DEBUG: evaluate returned crazy score! stand_pat=31805
DEBUG: child returned INF! depth=1 score=-30000
DEBUG: evaluate returned crazy score! stand_pat=31805
DEBUG: child returned INF! depth=1 score=-30000
DEBUG: evaluate returned crazy score! stand_pat=31805
DEBUG: child returned INF! depth=1 score=-30000
DEBUG: evaluate returned crazy score! stand_pat=31805
DEBUG: child returned INF! depth=1 score=-30000
DEBUG: evaluate returned crazy score! stand_pat=31810
DEBUG: child returned INF! depth=1 score=-30000
DEBUG: evaluate returned crazy score! stand_pat=31815
DEBUG: child returned INF! depth=1 score=-30000
DEBUG: evaluate returned crazy score! stand_pat=31830
DEBUG: child returned INF! depth=1 score=-30000
DEBUG: evaluate returned crazy score! stand_pat=31830
DEBUG: child returned INF! depth=1 score=-30000
DEBUG: evaluate returned crazy score! stand_pat=31830
DEBUG: child returned INF! depth=1 score=-30000
DEBUG: evaluate returned crazy score! stand_pat=31830
DEBUG: child returned INF! depth=1 score=-30000
DEBUG: evaluate returned crazy score! stand_pat=31780
DEBUG: child returned INF! depth=1 score=-30000
DEBUG: negamax returning -INF! depth=1 ply=5 legal_moves=37 alpha=-30000 beta=90
DEBUG: child returned INF! depth=3 score=-30000
DEBUG: evaluate returned crazy score! stand_pat=31765
DEBUG: child returned INF! depth=1 score=-30000
DEBUG: evaluate returned crazy score! stand_pat=31760
DEBUG: child returned INF! depth=1 score=-30000
DEBUG: evaluate returned crazy score! stand_pat=31810
DEBUG: child returned INF! depth=1 score=-30000
DEBUG: evaluate returned crazy score! stand_pat=31810
DEBUG: child returned INF! depth=1 score=-30000
DEBUG: evaluate returned crazy score! stand_pat=31800
DEBUG: child returned INF! depth=1 score=-30000
DEBUG: evaluate returned crazy score! stand_pat=31790
DEBUG: child returned INF! depth=1 score=-30000
DEBUG: evaluate returned crazy score! stand_pat=31790
DEBUG: child returned INF! depth=1 score=-30000
DEBUG: evaluate returned crazy score! stand_pat=31795
DEBUG: child returned INF! depth=1 score=-30000
DEBUG: evaluate returned crazy score! stand_pat=31810
DEBUG: child returned INF! depth=1 score=-30000
DEBUG: evaluate returned crazy score! stand_pat=31795
DEBUG: child returned INF! depth=1 score=-30000
DEBUG: evaluate returned crazy score! stand_pat=31810
DEBUG: child returned INF! depth=1 score=-30000
DEBUG: evaluate returned crazy score! stand_pat=31800
DEBUG: child returned INF! depth=1 score=-30000
DEBUG: evaluate returned crazy score! stand_pat=31760
DEBUG: child returned INF! depth=1 score=-30000
DEBUG: evaluate returned crazy score! stand_pat=31800
DEBUG: child returned INF! depth=1 score=-30000
DEBUG: evaluate returned crazy score! stand_pat=31830
DEBUG: child returned INF! depth=1 score=-30000
DEBUG: evaluate returned crazy score! stand_pat=31830
DEBUG: child returned INF! depth=1 score=-30000
DEBUG: evaluate returned crazy score! stand_pat=31830
DEBUG: child returned INF! depth=1 score=-30000
DEBUG: evaluate returned crazy score! stand_pat=31830
DEBUG: child returned INF! depth=1 score=-30000
DEBUG: evaluate returned crazy score! stand_pat=31830
DEBUG: child returned INF! depth=1 score=-30000
DEBUG: evaluate returned crazy score! stand_pat=31830
DEBUG: child returned INF! depth=1 score=-30000
DEBUG: evaluate returned crazy score! stand_pat=31805
DEBUG: child returned INF! depth=1 score=-30000
DEBUG: evaluate returned crazy score! stand_pat=31810
DEBUG: child returned INF! depth=1 score=-30000
DEBUG: evaluate returned crazy score! stand_pat=31815
DEBUG: child returned INF! depth=1 score=-30000
DEBUG: evaluate returned crazy score! stand_pat=31805
DEBUG: child returned INF! depth=1 score=-30000
DEBUG: evaluate returned crazy score! stand_pat=31805
DEBUG: child returned INF! depth=1 score=-30000
DEBUG: evaluate returned crazy score! stand_pat=31810
DEBUG: child returned INF! depth=1 score=-30000
DEBUG: evaluate returned crazy score! stand_pat=31820
DEBUG: child returned INF! depth=1 score=-30000
DEBUG: evaluate returned crazy score! stand_pat=31815
DEBUG: child returned INF! depth=1 score=-30000
DEBUG: evaluate returned crazy score! stand_pat=31810
DEBUG: child returned INF! depth=1 score=-30000
DEBUG: evaluate returned crazy score! stand_pat=31805
DEBUG: child returned INF! depth=1 score=-30000
DEBUG: evaluate returned crazy score! stand_pat=31805
DEBUG: child returned INF! depth=1 score=-30000
DEBUG: evaluate returned crazy score! stand_pat=31805
DEBUG: child returned INF! depth=1 score=-30000
DEBUG: evaluate returned crazy score! stand_pat=31805
DEBUG: child returned INF! depth=1 score=-30000
DEBUG: evaluate returned crazy score! stand_pat=31810
DEBUG: child returned INF! depth=1 score=-30000
DEBUG: evaluate returned crazy score! stand_pat=31815
DEBUG: child returned INF! depth=1 score=-30000
DEBUG: evaluate returned crazy score! stand_pat=31830
DEBUG: child returned INF! depth=1 score=-30000
DEBUG: evaluate returned crazy score! stand_pat=31830
DEBUG: child returned INF! depth=1 score=-30000
DEBUG: evaluate returned crazy score! stand_pat=31830
DEBUG: child returned INF! depth=1 score=-30000
DEBUG: evaluate returned crazy score! stand_pat=31830
DEBUG: child returned INF! depth=1 score=-30000
DEBUG: evaluate returned crazy score! stand_pat=31810
DEBUG: child returned INF! depth=1 score=-30000
DEBUG: negamax returning -INF! depth=1 ply=5 legal_moves=40 alpha=-30000 beta=90
DEBUG: child returned INF! depth=3 score=-30000
DEBUG: evaluate returned crazy score! stand_pat=31830
DEBUG: child returned INF! depth=1 score=-30000
DEBUG: evaluate returned crazy score! stand_pat=31825
DEBUG: child returned INF! depth=1 score=-30000
DEBUG: evaluate returned crazy score! stand_pat=31865
DEBUG: child returned INF! depth=1 score=-30000
DEBUG: evaluate returned crazy score! stand_pat=31855
DEBUG: child returned INF! depth=1 score=-30000
DEBUG: evaluate returned crazy score! stand_pat=31855
DEBUG: child returned INF! depth=1 score=-30000
DEBUG: evaluate returned crazy score! stand_pat=31860
DEBUG: child returned INF! depth=1 score=-30000
DEBUG: evaluate returned crazy score! stand_pat=31875
DEBUG: child returned INF! depth=1 score=-30000
DEBUG: evaluate returned crazy score! stand_pat=31860
DEBUG: child returned INF! depth=1 score=-30000
DEBUG: evaluate returned crazy score! stand_pat=31875
DEBUG: child returned INF! depth=1 score=-30000
DEBUG: evaluate returned crazy score! stand_pat=31865
DEBUG: child returned INF! depth=1 score=-30000
DEBUG: evaluate returned crazy score! stand_pat=31825
DEBUG: child returned INF! depth=1 score=-30000
DEBUG: evaluate returned crazy score! stand_pat=31865
DEBUG: child returned INF! depth=1 score=-30000
DEBUG: evaluate returned crazy score! stand_pat=31895
DEBUG: child returned INF! depth=1 score=-30000
DEBUG: evaluate returned crazy score! stand_pat=31895
DEBUG: child returned INF! depth=1 score=-30000
DEBUG: evaluate returned crazy score! stand_pat=31895
DEBUG: child returned INF! depth=1 score=-30000
DEBUG: evaluate returned crazy score! stand_pat=31895
DEBUG: child returned INF! depth=1 score=-30000
DEBUG: evaluate returned crazy score! stand_pat=31895
DEBUG: child returned INF! depth=1 score=-30000
DEBUG: evaluate returned crazy score! stand_pat=31895
DEBUG: child returned INF! depth=1 score=-30000
DEBUG: evaluate returned crazy score! stand_pat=31870
DEBUG: child returned INF! depth=1 score=-30000
DEBUG: evaluate returned crazy score! stand_pat=31875
DEBUG: child returned INF! depth=1 score=-30000
DEBUG: evaluate returned crazy score! stand_pat=31880
DEBUG: child returned INF! depth=1 score=-30000
DEBUG: evaluate returned crazy score! stand_pat=31870
DEBUG: child returned INF! depth=1 score=-30000
DEBUG: evaluate returned crazy score! stand_pat=31870
DEBUG: child returned INF! depth=1 score=-30000
DEBUG: evaluate returned crazy score! stand_pat=31875
DEBUG: child returned INF! depth=1 score=-30000
DEBUG: evaluate returned crazy score! stand_pat=31885
DEBUG: child returned INF! depth=1 score=-30000
DEBUG: evaluate returned crazy score! stand_pat=31880
DEBUG: child returned INF! depth=1 score=-30000
DEBUG: evaluate returned crazy score! stand_pat=31875
DEBUG: child returned INF! depth=1 score=-30000
DEBUG: evaluate returned crazy score! stand_pat=31870
DEBUG: child returned INF! depth=1 score=-30000
DEBUG: evaluate returned crazy score! stand_pat=31870
DEBUG: child returned INF! depth=1 score=-30000
DEBUG: evaluate returned crazy score! stand_pat=31870
DEBUG: child returned INF! depth=1 score=-30000
DEBUG: evaluate returned crazy score! stand_pat=31870
DEBUG: child returned INF! depth=1 score=-30000
DEBUG: evaluate returned crazy score! stand_pat=31875
DEBUG: child returned INF! depth=1 score=-30000
DEBUG: evaluate returned crazy score! stand_pat=31880
DEBUG: child returned INF! depth=1 score=-30000
DEBUG: evaluate returned crazy score! stand_pat=31895
DEBUG: child returned INF! depth=1 score=-30000
DEBUG: evaluate returned crazy score! stand_pat=31895
DEBUG: child returned INF! depth=1 score=-30000
DEBUG: evaluate returned crazy score! stand_pat=31895
DEBUG: child returned INF! depth=1 score=-30000
DEBUG: evaluate returned crazy score! stand_pat=31895
DEBUG: child returned INF! depth=1 score=-30000
DEBUG: negamax returning -INF! depth=1 ply=5 legal_moves=37 alpha=-30000 beta=90
DEBUG: child returned INF! depth=3 score=-30000
DEBUG: evaluate returned crazy score! stand_pat=31560
DEBUG: child returned INF! depth=1 score=-30000
DEBUG: evaluate returned crazy score! stand_pat=31530
DEBUG: child returned INF! depth=1 score=-30000
DEBUG: evaluate returned crazy score! stand_pat=31545
DEBUG: child returned INF! depth=1 score=-30000
DEBUG: evaluate returned crazy score! stand_pat=31815
DEBUG: child returned INF! depth=1 score=-30000
DEBUG: evaluate returned crazy score! stand_pat=31850
DEBUG: child returned INF! depth=1 score=-30000
DEBUG: evaluate returned crazy score! stand_pat=31840
DEBUG: child returned INF! depth=1 score=-30000
DEBUG: evaluate returned crazy score! stand_pat=31840
DEBUG: child returned INF! depth=1 score=-30000
DEBUG: evaluate returned crazy score! stand_pat=31845
DEBUG: child returned INF! depth=1 score=-30000
DEBUG: evaluate returned crazy score! stand_pat=31860
DEBUG: child returned INF! depth=1 score=-30000
DEBUG: evaluate returned crazy score! stand_pat=31860
DEBUG: child returned INF! depth=1 score=-30000
DEBUG: evaluate returned crazy score! stand_pat=31810
DEBUG: child returned INF! depth=1 score=-30000
DEBUG: evaluate returned crazy score! stand_pat=31860
DEBUG: child returned INF! depth=1 score=-30000
DEBUG: evaluate returned crazy score! stand_pat=31865
DEBUG: child returned INF! depth=1 score=-30000
DEBUG: evaluate returned crazy score! stand_pat=31810
DEBUG: child returned INF! depth=1 score=-30000
DEBUG: evaluate returned crazy score! stand_pat=31880
DEBUG: child returned INF! depth=1 score=-30000
DEBUG: evaluate returned crazy score! stand_pat=31880
DEBUG: child returned INF! depth=1 score=-30000
DEBUG: evaluate returned crazy score! stand_pat=31880
DEBUG: child returned INF! depth=1 score=-30000
DEBUG: evaluate returned crazy score! stand_pat=31880
DEBUG: child returned INF! depth=1 score=-30000
DEBUG: evaluate returned crazy score! stand_pat=31880
DEBUG: child returned INF! depth=1 score=-30000
DEBUG: evaluate returned crazy score! stand_pat=31880
DEBUG: child returned INF! depth=1 score=-30000
DEBUG: evaluate returned crazy score! stand_pat=31850
DEBUG: child returned INF! depth=1 score=-30000
DEBUG: evaluate returned crazy score! stand_pat=31860
DEBUG: child returned INF! depth=1 score=-30000
DEBUG: evaluate returned crazy score! stand_pat=31865
DEBUG: child returned INF! depth=1 score=-30000
DEBUG: evaluate returned crazy score! stand_pat=31855
DEBUG: child returned INF! depth=1 score=-30000
DEBUG: evaluate returned crazy score! stand_pat=31855
DEBUG: child returned INF! depth=1 score=-30000
DEBUG: evaluate returned crazy score! stand_pat=31860
DEBUG: child returned INF! depth=1 score=-30000
DEBUG: evaluate returned crazy score! stand_pat=31870
DEBUG: child returned INF! depth=1 score=-30000
DEBUG: evaluate returned crazy score! stand_pat=31865
DEBUG: child returned INF! depth=1 score=-30000
DEBUG: evaluate returned crazy score! stand_pat=31860
DEBUG: child returned INF! depth=1 score=-30000
DEBUG: evaluate returned crazy score! stand_pat=31855
DEBUG: child returned INF! depth=1 score=-30000
DEBUG: evaluate returned crazy score! stand_pat=31855
DEBUG: child returned INF! depth=1 score=-30000
DEBUG: evaluate returned crazy score! stand_pat=31855
DEBUG: child returned INF! depth=1 score=-30000
DEBUG: evaluate returned crazy score! stand_pat=31855
DEBUG: child returned INF! depth=1 score=-30000
DEBUG: evaluate returned crazy score! stand_pat=31860
DEBUG: child returned INF! depth=1 score=-30000
DEBUG: evaluate returned crazy score! stand_pat=31865
DEBUG: child returned INF! depth=1 score=-30000
DEBUG: evaluate returned crazy score! stand_pat=31880
DEBUG: child returned INF! depth=1 score=-30000
DEBUG: evaluate returned crazy score! stand_pat=31880
DEBUG: child returned INF! depth=1 score=-30000
DEBUG: evaluate returned crazy score! stand_pat=31880
DEBUG: child returned INF! depth=1 score=-30000
DEBUG: evaluate returned crazy score! stand_pat=31880
DEBUG: child returned INF! depth=1 score=-30000
DEBUG: evaluate returned crazy score! stand_pat=31855
DEBUG: child returned INF! depth=1 score=-30000
DEBUG: negamax returning -INF! depth=1 ply=5 legal_moves=40 alpha=-30000 beta=90
DEBUG: child returned INF! depth=3 score=-30000
DEBUG: evaluate returned crazy score! stand_pat=31765
DEBUG: child returned INF! depth=1 score=-30000
DEBUG: evaluate returned crazy score! stand_pat=31760
DEBUG: child returned INF! depth=1 score=-30000
DEBUG: evaluate returned crazy score! stand_pat=31810
DEBUG: child returned INF! depth=1 score=-30000
DEBUG: evaluate returned crazy score! stand_pat=31810
DEBUG: child returned INF! depth=1 score=-30000
DEBUG: evaluate returned crazy score! stand_pat=31800
DEBUG: child returned INF! depth=1 score=-30000
DEBUG: evaluate returned crazy score! stand_pat=31790
DEBUG: child returned INF! depth=1 score=-30000
DEBUG: evaluate returned crazy score! stand_pat=31790
DEBUG: child returned INF! depth=1 score=-30000
DEBUG: evaluate returned crazy score! stand_pat=31795
DEBUG: child returned INF! depth=1 score=-30000
DEBUG: evaluate returned crazy score! stand_pat=31810
DEBUG: child returned INF! depth=1 score=-30000
DEBUG: evaluate returned crazy score! stand_pat=31800
DEBUG: child returned INF! depth=1 score=-30000
DEBUG: evaluate returned crazy score! stand_pat=31760
DEBUG: child returned INF! depth=1 score=-30000
DEBUG: evaluate returned crazy score! stand_pat=31800
DEBUG: child returned INF! depth=1 score=-30000
DEBUG: evaluate returned crazy score! stand_pat=31815
DEBUG: child returned INF! depth=1 score=-30000
DEBUG: evaluate returned crazy score! stand_pat=31815
DEBUG: child returned INF! depth=1 score=-30000
DEBUG: evaluate returned crazy score! stand_pat=31830
DEBUG: child returned INF! depth=1 score=-30000
DEBUG: evaluate returned crazy score! stand_pat=31830
DEBUG: child returned INF! depth=1 score=-30000
DEBUG: evaluate returned crazy score! stand_pat=31830
DEBUG: child returned INF! depth=1 score=-30000
DEBUG: evaluate returned crazy score! stand_pat=31830
DEBUG: child returned INF! depth=1 score=-30000
DEBUG: evaluate returned crazy score! stand_pat=31830
DEBUG: child returned INF! depth=1 score=-30000
DEBUG: evaluate returned crazy score! stand_pat=31830
DEBUG: child returned INF! depth=1 score=-30000
DEBUG: evaluate returned crazy score! stand_pat=31805
DEBUG: child returned INF! depth=1 score=-30000
DEBUG: evaluate returned crazy score! stand_pat=31810
DEBUG: child returned INF! depth=1 score=-30000
DEBUG: evaluate returned crazy score! stand_pat=31815
DEBUG: child returned INF! depth=1 score=-30000
DEBUG: evaluate returned crazy score! stand_pat=31805
DEBUG: child returned INF! depth=1 score=-30000
DEBUG: evaluate returned crazy score! stand_pat=31805
DEBUG: child returned INF! depth=1 score=-30000
DEBUG: evaluate returned crazy score! stand_pat=31810
DEBUG: child returned INF! depth=1 score=-30000
DEBUG: evaluate returned crazy score! stand_pat=31820
DEBUG: child returned INF! depth=1 score=-30000
DEBUG: evaluate returned crazy score! stand_pat=31815
DEBUG: child returned INF! depth=1 score=-30000
DEBUG: evaluate returned crazy score! stand_pat=31810
DEBUG: child returned INF! depth=1 score=-30000
DEBUG: evaluate returned crazy score! stand_pat=31805
DEBUG: child returned INF! depth=1 score=-30000
DEBUG: evaluate returned crazy score! stand_pat=31805
DEBUG: child returned INF! depth=1 score=-30000
DEBUG: evaluate returned crazy score! stand_pat=31805
DEBUG: child returned INF! depth=1 score=-30000
DEBUG: evaluate returned crazy score! stand_pat=31805
DEBUG: child returned INF! depth=1 score=-30000
DEBUG: evaluate returned crazy score! stand_pat=31810
DEBUG: child returned INF! depth=1 score=-30000
DEBUG: evaluate returned crazy score! stand_pat=31815
DEBUG: child returned INF! depth=1 score=-30000
DEBUG: evaluate returned crazy score! stand_pat=31830
DEBUG: child returned INF! depth=1 score=-30000
DEBUG: evaluate returned crazy score! stand_pat=31830
DEBUG: child returned INF! depth=1 score=-30000
DEBUG: evaluate returned crazy score! stand_pat=31830
DEBUG: child returned INF! depth=1 score=-30000
DEBUG: evaluate returned crazy score! stand_pat=31830
DEBUG: child returned INF! depth=1 score=-30000
DEBUG: evaluate returned crazy score! stand_pat=31785
DEBUG: child returned INF! depth=1 score=-30000
DEBUG: negamax returning -INF! depth=1 ply=5 legal_moves=40 alpha=-30000 beta=90
DEBUG: child returned INF! depth=3 score=-30000
DEBUG: negamax returning -INF! depth=3 ply=3 legal_moves=39 alpha=-30000 beta=90
DEBUG: child returned INF! depth=5 score=-30000
DEBUG: evaluate returned crazy score! stand_pat=31735
DEBUG: child returned INF! depth=1 score=-30000
DEBUG: evaluate returned crazy score! stand_pat=31695
DEBUG: child returned INF! depth=1 score=-30000
DEBUG: evaluate returned crazy score! stand_pat=31740
DEBUG: child returned INF! depth=1 score=-30000
DEBUG: evaluate returned crazy score! stand_pat=31745
DEBUG: child returned INF! depth=1 score=-30000
DEBUG: evaluate returned crazy score! stand_pat=31735
DEBUG: child returned INF! depth=1 score=-30000
DEBUG: evaluate returned crazy score! stand_pat=31725
DEBUG: child returned INF! depth=1 score=-30000
DEBUG: evaluate returned crazy score! stand_pat=31725
DEBUG: child returned INF! depth=1 score=-30000
DEBUG: evaluate returned crazy score! stand_pat=31730
DEBUG: child returned INF! depth=1 score=-30000
DEBUG: evaluate returned crazy score! stand_pat=31745
DEBUG: child returned INF! depth=1 score=-30000
DEBUG: evaluate returned crazy score! stand_pat=31745
DEBUG: child returned INF! depth=1 score=-30000
DEBUG: evaluate returned crazy score! stand_pat=31765
DEBUG: child returned INF! depth=1 score=-30000
DEBUG: evaluate returned crazy score! stand_pat=31765
DEBUG: child returned INF! depth=1 score=-30000
DEBUG: evaluate returned crazy score! stand_pat=31765
DEBUG: child returned INF! depth=1 score=-30000
DEBUG: evaluate returned crazy score! stand_pat=31765
DEBUG: child returned INF! depth=1 score=-30000
DEBUG: evaluate returned crazy score! stand_pat=31765
DEBUG: child returned INF! depth=1 score=-30000
DEBUG: evaluate returned crazy score! stand_pat=31765
DEBUG: child returned INF! depth=1 score=-30000
DEBUG: evaluate returned crazy score! stand_pat=31745
DEBUG: child returned INF! depth=1 score=-30000
DEBUG: evaluate returned crazy score! stand_pat=31745
DEBUG: child returned INF! depth=1 score=-30000
DEBUG: evaluate returned crazy score! stand_pat=31765
DEBUG: child returned INF! depth=1 score=-30000
DEBUG: evaluate returned crazy score! stand_pat=31765
DEBUG: child returned INF! depth=1 score=-30000
DEBUG: evaluate returned crazy score! stand_pat=31765
DEBUG: child returned INF! depth=1 score=-30000
DEBUG: evaluate returned crazy score! stand_pat=31765
DEBUG: child returned INF! depth=1 score=-30000
DEBUG: evaluate returned crazy score! stand_pat=31765
DEBUG: child returned INF! depth=1 score=-30000
DEBUG: evaluate returned crazy score! stand_pat=31765
DEBUG: child returned INF! depth=1 score=-30000
DEBUG: evaluate returned crazy score! stand_pat=31765
DEBUG: child returned INF! depth=1 score=-30000
DEBUG: evaluate returned crazy score! stand_pat=31785
DEBUG: child returned INF! depth=1 score=-30000
DEBUG: evaluate returned crazy score! stand_pat=31795
DEBUG: child returned INF! depth=1 score=-30000
DEBUG: evaluate returned crazy score! stand_pat=31735
DEBUG: child returned INF! depth=1 score=-30000
DEBUG: evaluate returned crazy score! stand_pat=31785
DEBUG: child returned INF! depth=1 score=-30000
DEBUG: evaluate returned crazy score! stand_pat=31735
DEBUG: child returned INF! depth=1 score=-30000
DEBUG: evaluate returned crazy score! stand_pat=31750
DEBUG: child returned INF! depth=1 score=-30000
DEBUG: negamax returning -INF! depth=1 ply=5 legal_moves=31 alpha=-30000 beta=90
DEBUG: child returned INF! depth=3 score=-30000
DEBUG: evaluate returned crazy score! stand_pat=31735
DEBUG: child returned INF! depth=1 score=-30000
DEBUG: evaluate returned crazy score! stand_pat=31700
DEBUG: child returned INF! depth=1 score=-30000
DEBUG: evaluate returned crazy score! stand_pat=31740
DEBUG: child returned INF! depth=1 score=-30000
DEBUG: evaluate returned crazy score! stand_pat=31740
DEBUG: child returned INF! depth=1 score=-30000
DEBUG: evaluate returned crazy score! stand_pat=31745
DEBUG: child returned INF! depth=1 score=-30000
DEBUG: evaluate returned crazy score! stand_pat=31745
DEBUG: child returned INF! depth=1 score=-30000
DEBUG: evaluate returned crazy score! stand_pat=31735
DEBUG: child returned INF! depth=1 score=-30000
DEBUG: evaluate returned crazy score! stand_pat=31725
DEBUG: child returned INF! depth=1 score=-30000
DEBUG: evaluate returned crazy score! stand_pat=31725
DEBUG: child returned INF! depth=1 score=-30000
DEBUG: evaluate returned crazy score! stand_pat=31730
DEBUG: child returned INF! depth=1 score=-30000
DEBUG: evaluate returned crazy score! stand_pat=31745
DEBUG: child returned INF! depth=1 score=-30000
DEBUG: evaluate returned crazy score! stand_pat=31745
DEBUG: child returned INF! depth=1 score=-30000
DEBUG: evaluate returned crazy score! stand_pat=31695
DEBUG: child returned INF! depth=1 score=-30000
DEBUG: evaluate returned crazy score! stand_pat=31735
DEBUG: child returned INF! depth=1 score=-30000
DEBUG: evaluate returned crazy score! stand_pat=31765
DEBUG: child returned INF! depth=1 score=-30000
DEBUG: evaluate returned crazy score! stand_pat=31765
DEBUG: child returned INF! depth=1 score=-30000
DEBUG: evaluate returned crazy score! stand_pat=31765
DEBUG: child returned INF! depth=1 score=-30000
DEBUG: evaluate returned crazy score! stand_pat=31765
DEBUG: child returned INF! depth=1 score=-30000
DEBUG: evaluate returned crazy score! stand_pat=31745
DEBUG: child returned INF! depth=1 score=-30000
DEBUG: evaluate returned crazy score! stand_pat=31745
DEBUG: child returned INF! depth=1 score=-30000
DEBUG: evaluate returned crazy score! stand_pat=31765
DEBUG: child returned INF! depth=1 score=-30000
DEBUG: evaluate returned crazy score! stand_pat=31765
DEBUG: child returned INF! depth=1 score=-30000
DEBUG: evaluate returned crazy score! stand_pat=31765
DEBUG: child returned INF! depth=1 score=-30000
DEBUG: evaluate returned crazy score! stand_pat=31765
DEBUG: child returned INF! depth=1 score=-30000
DEBUG: evaluate returned crazy score! stand_pat=31765
DEBUG: child returned INF! depth=1 score=-30000
DEBUG: evaluate returned crazy score! stand_pat=31765
DEBUG: child returned INF! depth=1 score=-30000
DEBUG: evaluate returned crazy score! stand_pat=31765
DEBUG: child returned INF! depth=1 score=-30000
DEBUG: evaluate returned crazy score! stand_pat=31765
DEBUG: child returned INF! depth=1 score=-30000
DEBUG: evaluate returned crazy score! stand_pat=31795
DEBUG: child returned INF! depth=1 score=-30000
DEBUG: evaluate returned crazy score! stand_pat=31750
DEBUG: child returned INF! depth=1 score=-30000
DEBUG: evaluate returned crazy score! stand_pat=31785
DEBUG: child returned INF! depth=1 score=-30000
DEBUG: evaluate returned crazy score! stand_pat=31735
DEBUG: child returned INF! depth=1 score=-30000
DEBUG: evaluate returned crazy score! stand_pat=31750
DEBUG: child returned INF! depth=1 score=-30000
DEBUG: evaluate returned crazy score! stand_pat=31735
DEBUG: child returned INF! depth=1 score=-30000
DEBUG: negamax returning -INF! depth=1 ply=5 legal_moves=34 alpha=-30000 beta=90
DEBUG: child returned INF! depth=3 score=-30000
DEBUG: evaluate returned crazy score! stand_pat=31675
DEBUG: child returned INF! depth=1 score=-30000
DEBUG: evaluate returned crazy score! stand_pat=31740
DEBUG: child returned INF! depth=1 score=-30000
DEBUG: evaluate returned crazy score! stand_pat=31740
DEBUG: child returned INF! depth=1 score=-30000
DEBUG: evaluate returned crazy score! stand_pat=31780
DEBUG: child returned INF! depth=1 score=-30000
DEBUG: evaluate returned crazy score! stand_pat=31810
DEBUG: child returned INF! depth=1 score=-30000
DEBUG: evaluate returned crazy score! stand_pat=31810
DEBUG: child returned INF! depth=1 score=-30000
DEBUG: evaluate returned crazy score! stand_pat=31810
DEBUG: child returned INF! depth=1 score=-30000
DEBUG: evaluate returned crazy score! stand_pat=31810
DEBUG: child returned INF! depth=1 score=-30000
DEBUG: evaluate returned crazy score! stand_pat=31810
DEBUG: child returned INF! depth=1 score=-30000
DEBUG: evaluate returned crazy score! stand_pat=31810
DEBUG: child returned INF! depth=1 score=-30000
DEBUG: evaluate returned crazy score! stand_pat=31790
DEBUG: child returned INF! depth=1 score=-30000
DEBUG: evaluate returned crazy score! stand_pat=31790
DEBUG: child returned INF! depth=1 score=-30000
DEBUG: evaluate returned crazy score! stand_pat=31810
DEBUG: child returned INF! depth=1 score=-30000
DEBUG: evaluate returned crazy score! stand_pat=31810
DEBUG: child returned INF! depth=1 score=-30000
DEBUG: evaluate returned crazy score! stand_pat=31810
DEBUG: child returned INF! depth=1 score=-30000
DEBUG: evaluate returned crazy score! stand_pat=31795
DEBUG: child returned INF! depth=1 score=-30000
DEBUG: evaluate returned crazy score! stand_pat=31785
DEBUG: child returned INF! depth=1 score=-30000
DEBUG: evaluate returned crazy score! stand_pat=31785
DEBUG: child returned INF! depth=1 score=-30000
DEBUG: evaluate returned crazy score! stand_pat=31790
DEBUG: child returned INF! depth=1 score=-30000
DEBUG: evaluate returned crazy score! stand_pat=31800
DEBUG: child returned INF! depth=1 score=-30000
DEBUG: evaluate returned crazy score! stand_pat=31785
DEBUG: child returned INF! depth=1 score=-30000
DEBUG: evaluate returned crazy score! stand_pat=31790
DEBUG: child returned INF! depth=1 score=-30000
DEBUG: evaluate returned crazy score! stand_pat=31795
DEBUG: child returned INF! depth=1 score=-30000
DEBUG: evaluate returned crazy score! stand_pat=31795
DEBUG: child returned INF! depth=1 score=-30000
DEBUG: evaluate returned crazy score! stand_pat=31785
DEBUG: child returned INF! depth=1 score=-30000
DEBUG: evaluate returned crazy score! stand_pat=31785
DEBUG: child returned INF! depth=1 score=-30000
DEBUG: evaluate returned crazy score! stand_pat=31785
DEBUG: child returned INF! depth=1 score=-30000
DEBUG: evaluate returned crazy score! stand_pat=31780
DEBUG: child returned INF! depth=1 score=-30000
DEBUG: evaluate returned crazy score! stand_pat=31810
DEBUG: child returned INF! depth=1 score=-30000
DEBUG: evaluate returned crazy score! stand_pat=31810
DEBUG: child returned INF! depth=1 score=-30000
DEBUG: evaluate returned crazy score! stand_pat=31810
DEBUG: child returned INF! depth=1 score=-30000
DEBUG: evaluate returned crazy score! stand_pat=31810
DEBUG: child returned INF! depth=1 score=-30000
DEBUG: evaluate returned crazy score! stand_pat=31810
DEBUG: child returned INF! depth=1 score=-30000
DEBUG: evaluate returned crazy score! stand_pat=31810
DEBUG: child returned INF! depth=1 score=-30000
DEBUG: negamax returning -INF! depth=1 ply=5 legal_moves=34 alpha=-30000 beta=90
DEBUG: child returned INF! depth=3 score=-30000
DEBUG: evaluate returned crazy score! stand_pat=31690
DEBUG: child returned INF! depth=1 score=-30000
DEBUG: evaluate returned crazy score! stand_pat=31705
DEBUG: child returned INF! depth=1 score=-30000
DEBUG: evaluate returned crazy score! stand_pat=31740
DEBUG: child returned INF! depth=1 score=-30000
DEBUG: evaluate returned crazy score! stand_pat=31765
DEBUG: child returned INF! depth=1 score=-30000
DEBUG: evaluate returned crazy score! stand_pat=31765
DEBUG: child returned INF! depth=1 score=-30000
DEBUG: evaluate returned crazy score! stand_pat=31770
DEBUG: child returned INF! depth=1 score=-30000
DEBUG: evaluate returned crazy score! stand_pat=31785
DEBUG: child returned INF! depth=1 score=-30000
DEBUG: evaluate returned crazy score! stand_pat=31775
DEBUG: child returned INF! depth=1 score=-30000
DEBUG: evaluate returned crazy score! stand_pat=31775
DEBUG: child returned INF! depth=1 score=-30000
DEBUG: evaluate returned crazy score! stand_pat=31805
DEBUG: child returned INF! depth=1 score=-30000
DEBUG: evaluate returned crazy score! stand_pat=31805
DEBUG: child returned INF! depth=1 score=-30000
DEBUG: evaluate returned crazy score! stand_pat=31805
DEBUG: child returned INF! depth=1 score=-30000
DEBUG: evaluate returned crazy score! stand_pat=31805
DEBUG: child returned INF! depth=1 score=-30000
DEBUG: evaluate returned crazy score! stand_pat=31805
DEBUG: child returned INF! depth=1 score=-30000
DEBUG: evaluate returned crazy score! stand_pat=31805
DEBUG: child returned INF! depth=1 score=-30000
DEBUG: evaluate returned crazy score! stand_pat=31785
DEBUG: child returned INF! depth=1 score=-30000
DEBUG: evaluate returned crazy score! stand_pat=31785
DEBUG: child returned INF! depth=1 score=-30000
DEBUG: evaluate returned crazy score! stand_pat=31785
DEBUG: child returned INF! depth=1 score=-30000
DEBUG: evaluate returned crazy score! stand_pat=31805
DEBUG: child returned INF! depth=1 score=-30000
DEBUG: evaluate returned crazy score! stand_pat=31805
DEBUG: child returned INF! depth=1 score=-30000
DEBUG: evaluate returned crazy score! stand_pat=31805
DEBUG: child returned INF! depth=1 score=-30000
DEBUG: evaluate returned crazy score! stand_pat=31775
DEBUG: child returned INF! depth=1 score=-30000
DEBUG: evaluate returned crazy score! stand_pat=31805
DEBUG: child returned INF! depth=1 score=-30000
DEBUG: evaluate returned crazy score! stand_pat=31805
DEBUG: child returned INF! depth=1 score=-30000
DEBUG: evaluate returned crazy score! stand_pat=31805
DEBUG: child returned INF! depth=1 score=-30000
DEBUG: evaluate returned crazy score! stand_pat=31790
DEBUG: child returned INF! depth=1 score=-30000
DEBUG: evaluate returned crazy score! stand_pat=31795
DEBUG: child returned INF! depth=1 score=-30000
DEBUG: evaluate returned crazy score! stand_pat=31785
DEBUG: child returned INF! depth=1 score=-30000
DEBUG: evaluate returned crazy score! stand_pat=31785
DEBUG: child returned INF! depth=1 score=-30000
DEBUG: evaluate returned crazy score! stand_pat=31735
DEBUG: child returned INF! depth=1 score=-30000
DEBUG: evaluate returned crazy score! stand_pat=31790
DEBUG: child returned INF! depth=1 score=-30000
DEBUG: evaluate returned crazy score! stand_pat=31795
DEBUG: child returned INF! depth=1 score=-30000
DEBUG: evaluate returned crazy score! stand_pat=31785
DEBUG: child returned INF! depth=1 score=-30000
DEBUG: evaluate returned crazy score! stand_pat=31785
DEBUG: child returned INF! depth=1 score=-30000
DEBUG: evaluate returned crazy score! stand_pat=31785
DEBUG: child returned INF! depth=1 score=-30000
DEBUG: evaluate returned crazy score! stand_pat=31785
DEBUG: child returned INF! depth=1 score=-30000
DEBUG: evaluate returned crazy score! stand_pat=31800
DEBUG: child returned INF! depth=1 score=-30000
DEBUG: evaluate returned crazy score! stand_pat=31790
DEBUG: child returned INF! depth=1 score=-30000
DEBUG: evaluate returned crazy score! stand_pat=31800
DEBUG: child returned INF! depth=1 score=-30000
DEBUG: evaluate returned crazy score! stand_pat=31785
DEBUG: child returned INF! depth=1 score=-30000
DEBUG: evaluate returned crazy score! stand_pat=31785
DEBUG: child returned INF! depth=1 score=-30000
DEBUG: evaluate returned crazy score! stand_pat=31785
DEBUG: child returned INF! depth=1 score=-30000
DEBUG: evaluate returned crazy score! stand_pat=31805
DEBUG: child returned INF! depth=1 score=-30000
DEBUG: negamax returning -INF! depth=1 ply=5 legal_moves=43 alpha=-30000 beta=90
DEBUG: child returned INF! depth=3 score=-30000
DEBUG: evaluate returned crazy score! stand_pat=32630
DEBUG: child returned INF! depth=1 score=-30000
DEBUG: evaluate returned crazy score! stand_pat=32625
DEBUG: child returned INF! depth=1 score=-30000
DEBUG: evaluate returned crazy score! stand_pat=32665
DEBUG: child returned INF! depth=1 score=-30000
DEBUG: evaluate returned crazy score! stand_pat=32655
DEBUG: child returned INF! depth=1 score=-30000
DEBUG: evaluate returned crazy score! stand_pat=32655
DEBUG: child returned INF! depth=1 score=-30000
DEBUG: evaluate returned crazy score! stand_pat=32660
DEBUG: child returned INF! depth=1 score=-30000
DEBUG: evaluate returned crazy score! stand_pat=32675
DEBUG: child returned INF! depth=1 score=-30000
DEBUG: evaluate returned crazy score! stand_pat=32665
DEBUG: child returned INF! depth=1 score=-30000
DEBUG: evaluate returned crazy score! stand_pat=32625
DEBUG: child returned INF! depth=1 score=-30000
DEBUG: evaluate returned crazy score! stand_pat=32665
DEBUG: child returned INF! depth=1 score=-30000
DEBUG: evaluate returned crazy score! stand_pat=32695
DEBUG: child returned INF! depth=1 score=-30000
DEBUG: evaluate returned crazy score! stand_pat=32695
DEBUG: child returned INF! depth=1 score=-30000
DEBUG: evaluate returned crazy score! stand_pat=32695
DEBUG: child returned INF! depth=1 score=-30000
DEBUG: evaluate returned crazy score! stand_pat=32695
DEBUG: child returned INF! depth=1 score=-30000
DEBUG: evaluate returned crazy score! stand_pat=32695
DEBUG: child returned INF! depth=1 score=-30000
DEBUG: evaluate returned crazy score! stand_pat=32695
DEBUG: child returned INF! depth=1 score=-30000
DEBUG: evaluate returned crazy score! stand_pat=32675
DEBUG: child returned INF! depth=1 score=-30000
DEBUG: evaluate returned crazy score! stand_pat=32695
DEBUG: child returned INF! depth=1 score=-30000
DEBUG: evaluate returned crazy score! stand_pat=32695
DEBUG: child returned INF! depth=1 score=-30000
DEBUG: evaluate returned crazy score! stand_pat=32695
DEBUG: child returned INF! depth=1 score=-30000
DEBUG: evaluate returned crazy score! stand_pat=32695
DEBUG: child returned INF! depth=1 score=-30000
DEBUG: evaluate returned crazy score! stand_pat=32695
DEBUG: child returned INF! depth=1 score=-30000
DEBUG: evaluate returned crazy score! stand_pat=32695
DEBUG: child returned INF! depth=1 score=-30000
DEBUG: evaluate returned crazy score! stand_pat=32695
DEBUG: child returned INF! depth=1 score=-30000
DEBUG: evaluate returned crazy score! stand_pat=32695
DEBUG: child returned INF! depth=1 score=-30000
DEBUG: negamax returning -INF! depth=1 ply=5 legal_moves=25 alpha=-30000 beta=90
DEBUG: child returned INF! depth=3 score=-30000
DEBUG: evaluate returned crazy score! stand_pat=31700
DEBUG: child returned INF! depth=1 score=-30000
DEBUG: evaluate returned crazy score! stand_pat=31690
DEBUG: child returned INF! depth=1 score=-30000
DEBUG: evaluate returned crazy score! stand_pat=31750
DEBUG: child returned INF! depth=1 score=-30000
DEBUG: evaluate returned crazy score! stand_pat=31775
DEBUG: child returned INF! depth=1 score=-30000
DEBUG: evaluate returned crazy score! stand_pat=31775
DEBUG: child returned INF! depth=1 score=-30000
DEBUG: evaluate returned crazy score! stand_pat=31780
DEBUG: child returned INF! depth=1 score=-30000
DEBUG: evaluate returned crazy score! stand_pat=31795
DEBUG: child returned INF! depth=1 score=-30000
DEBUG: evaluate returned crazy score! stand_pat=31785
DEBUG: child returned INF! depth=1 score=-30000
DEBUG: evaluate returned crazy score! stand_pat=31745
DEBUG: child returned INF! depth=1 score=-30000
DEBUG: evaluate returned crazy score! stand_pat=31785
DEBUG: child returned INF! depth=1 score=-30000
DEBUG: evaluate returned crazy score! stand_pat=31815
DEBUG: child returned INF! depth=1 score=-30000
DEBUG: evaluate returned crazy score! stand_pat=31815
DEBUG: child returned INF! depth=1 score=-30000
DEBUG: evaluate returned crazy score! stand_pat=31815
DEBUG: child returned INF! depth=1 score=-30000
DEBUG: evaluate returned crazy score! stand_pat=31815
DEBUG: child returned INF! depth=1 score=-30000
DEBUG: evaluate returned crazy score! stand_pat=31815
DEBUG: child returned INF! depth=1 score=-30000
DEBUG: evaluate returned crazy score! stand_pat=31815
DEBUG: child returned INF! depth=1 score=-30000
DEBUG: evaluate returned crazy score! stand_pat=31795
DEBUG: child returned INF! depth=1 score=-30000
DEBUG: evaluate returned crazy score! stand_pat=31795
DEBUG: child returned INF! depth=1 score=-30000
DEBUG: evaluate returned crazy score! stand_pat=31795
DEBUG: child returned INF! depth=1 score=-30000
DEBUG: evaluate returned crazy score! stand_pat=31815
DEBUG: child returned INF! depth=1 score=-30000
DEBUG: evaluate returned crazy score! stand_pat=31815
DEBUG: child returned INF! depth=1 score=-30000
DEBUG: evaluate returned crazy score! stand_pat=31815
DEBUG: child returned INF! depth=1 score=-30000
DEBUG: evaluate returned crazy score! stand_pat=31785
DEBUG: child returned INF! depth=1 score=-30000
DEBUG: evaluate returned crazy score! stand_pat=31815
DEBUG: child returned INF! depth=1 score=-30000
DEBUG: evaluate returned crazy score! stand_pat=31815
DEBUG: child returned INF! depth=1 score=-30000
DEBUG: evaluate returned crazy score! stand_pat=31815
DEBUG: child returned INF! depth=1 score=-30000
DEBUG: evaluate returned crazy score! stand_pat=31815
DEBUG: child returned INF! depth=1 score=-30000
DEBUG: evaluate returned crazy score! stand_pat=31815
DEBUG: child returned INF! depth=1 score=-30000
DEBUG: evaluate returned crazy score! stand_pat=31790
DEBUG: child returned INF! depth=1 score=-30000
DEBUG: evaluate returned crazy score! stand_pat=31785
DEBUG: child returned INF! depth=1 score=-30000
DEBUG: evaluate returned crazy score! stand_pat=31790
DEBUG: child returned INF! depth=1 score=-30000
DEBUG: evaluate returned crazy score! stand_pat=31795
DEBUG: child returned INF! depth=1 score=-30000
DEBUG: evaluate returned crazy score! stand_pat=31790
DEBUG: child returned INF! depth=1 score=-30000
DEBUG: evaluate returned crazy score! stand_pat=31745
DEBUG: child returned INF! depth=1 score=-30000
DEBUG: evaluate returned crazy score! stand_pat=31795
DEBUG: child returned INF! depth=1 score=-30000
DEBUG: evaluate returned crazy score! stand_pat=31800
DEBUG: child returned INF! depth=1 score=-30000
DEBUG: evaluate returned crazy score! stand_pat=31790
DEBUG: child returned INF! depth=1 score=-30000
DEBUG: evaluate returned crazy score! stand_pat=31785
DEBUG: child returned INF! depth=1 score=-30000
DEBUG: evaluate returned crazy score! stand_pat=31785
DEBUG: child returned INF! depth=1 score=-30000
DEBUG: evaluate returned crazy score! stand_pat=31785
DEBUG: child returned INF! depth=1 score=-30000
DEBUG: evaluate returned crazy score! stand_pat=31785
DEBUG: child returned INF! depth=1 score=-30000
DEBUG: evaluate returned crazy score! stand_pat=31790
DEBUG: child returned INF! depth=1 score=-30000
DEBUG: evaluate returned crazy score! stand_pat=31795
DEBUG: child returned INF! depth=1 score=-30000
DEBUG: evaluate returned crazy score! stand_pat=31800
DEBUG: child returned INF! depth=1 score=-30000
DEBUG: evaluate returned crazy score! stand_pat=31815
DEBUG: child returned INF! depth=1 score=-30000
DEBUG: negamax returning -INF! depth=1 ply=5 legal_moves=45 alpha=-30000 beta=90
DEBUG: child returned INF! depth=3 score=-30000
DEBUG: evaluate returned crazy score! stand_pat=31675
DEBUG: child returned INF! depth=1 score=-30000
DEBUG: evaluate returned crazy score! stand_pat=31750
DEBUG: child returned INF! depth=1 score=-30000
DEBUG: evaluate returned crazy score! stand_pat=31795
DEBUG: child returned INF! depth=1 score=-30000
DEBUG: evaluate returned crazy score! stand_pat=31790
DEBUG: child returned INF! depth=1 score=-30000
DEBUG: evaluate returned crazy score! stand_pat=31785
DEBUG: child returned INF! depth=1 score=-30000
DEBUG: evaluate returned crazy score! stand_pat=31785
DEBUG: child returned INF! depth=1 score=-30000
DEBUG: evaluate returned crazy score! stand_pat=31785
DEBUG: child returned INF! depth=1 score=-30000
DEBUG: evaluate returned crazy score! stand_pat=31745
DEBUG: child returned INF! depth=1 score=-30000
DEBUG: evaluate returned crazy score! stand_pat=31785
DEBUG: child returned INF! depth=1 score=-30000
DEBUG: evaluate returned crazy score! stand_pat=31775
DEBUG: child returned INF! depth=1 score=-30000
DEBUG: evaluate returned crazy score! stand_pat=31775
DEBUG: child returned INF! depth=1 score=-30000
DEBUG: evaluate returned crazy score! stand_pat=31780
DEBUG: child returned INF! depth=1 score=-30000
DEBUG: evaluate returned crazy score! stand_pat=31795
DEBUG: child returned INF! depth=1 score=-30000
DEBUG: evaluate returned crazy score! stand_pat=31785
DEBUG: child returned INF! depth=1 score=-30000
DEBUG: evaluate returned crazy score! stand_pat=31745
DEBUG: child returned INF! depth=1 score=-30000
DEBUG: evaluate returned crazy score! stand_pat=31785
DEBUG: child returned INF! depth=1 score=-30000
DEBUG: evaluate returned crazy score! stand_pat=31815
DEBUG: child returned INF! depth=1 score=-30000
DEBUG: evaluate returned crazy score! stand_pat=31815
DEBUG: child returned INF! depth=1 score=-30000
DEBUG: evaluate returned crazy score! stand_pat=31815
DEBUG: child returned INF! depth=1 score=-30000
DEBUG: evaluate returned crazy score! stand_pat=31815
DEBUG: child returned INF! depth=1 score=-30000
DEBUG: evaluate returned crazy score! stand_pat=31815
DEBUG: child returned INF! depth=1 score=-30000
DEBUG: evaluate returned crazy score! stand_pat=31815
DEBUG: child returned INF! depth=1 score=-30000
DEBUG: evaluate returned crazy score! stand_pat=31795
DEBUG: child returned INF! depth=1 score=-30000
DEBUG: evaluate returned crazy score! stand_pat=31795
DEBUG: child returned INF! depth=1 score=-30000
DEBUG: evaluate returned crazy score! stand_pat=31815
DEBUG: child returned INF! depth=1 score=-30000
DEBUG: evaluate returned crazy score! stand_pat=31815
DEBUG: child returned INF! depth=1 score=-30000
DEBUG: evaluate returned crazy score! stand_pat=31815
DEBUG: child returned INF! depth=1 score=-30000
DEBUG: evaluate returned crazy score! stand_pat=31815
DEBUG: child returned INF! depth=1 score=-30000
DEBUG: evaluate returned crazy score! stand_pat=31815
DEBUG: child returned INF! depth=1 score=-30000
DEBUG: evaluate returned crazy score! stand_pat=31815
DEBUG: child returned INF! depth=1 score=-30000
DEBUG: evaluate returned crazy score! stand_pat=31815
DEBUG: child returned INF! depth=1 score=-30000
DEBUG: evaluate returned crazy score! stand_pat=31815
DEBUG: child returned INF! depth=1 score=-30000
DEBUG: evaluate returned crazy score! stand_pat=31815
DEBUG: child returned INF! depth=1 score=-30000
DEBUG: negamax returning -INF! depth=1 ply=5 legal_moves=33 alpha=-30000 beta=90
DEBUG: child returned INF! depth=3 score=-30000
DEBUG: evaluate returned crazy score! stand_pat=31775
DEBUG: child returned INF! depth=1 score=-30000
DEBUG: evaluate returned crazy score! stand_pat=31735
DEBUG: child returned INF! depth=1 score=-30000
DEBUG: evaluate returned crazy score! stand_pat=31785
DEBUG: child returned INF! depth=1 score=-30000
DEBUG: evaluate returned crazy score! stand_pat=31790
DEBUG: child returned INF! depth=1 score=-30000
DEBUG: evaluate returned crazy score! stand_pat=31735
DEBUG: child returned INF! depth=1 score=-30000
DEBUG: evaluate returned crazy score! stand_pat=31775
DEBUG: child returned INF! depth=1 score=-30000
DEBUG: evaluate returned crazy score! stand_pat=31805
DEBUG: child returned INF! depth=1 score=-30000
DEBUG: evaluate returned crazy score! stand_pat=31805
DEBUG: child returned INF! depth=1 score=-30000
DEBUG: evaluate returned crazy score! stand_pat=31805
DEBUG: child returned INF! depth=1 score=-30000
DEBUG: evaluate returned crazy score! stand_pat=31805
DEBUG: child returned INF! depth=1 score=-30000
DEBUG: evaluate returned crazy score! stand_pat=31805
DEBUG: child returned INF! depth=1 score=-30000
DEBUG: evaluate returned crazy score! stand_pat=31805
DEBUG: child returned INF! depth=1 score=-30000
DEBUG: evaluate returned crazy score! stand_pat=31785
DEBUG: child returned INF! depth=1 score=-30000
DEBUG: evaluate returned crazy score! stand_pat=31805
DEBUG: child returned INF! depth=1 score=-30000
DEBUG: evaluate returned crazy score! stand_pat=31805
DEBUG: child returned INF! depth=1 score=-30000
DEBUG: evaluate returned crazy score! stand_pat=31805
DEBUG: child returned INF! depth=1 score=-30000
DEBUG: evaluate returned crazy score! stand_pat=31795
DEBUG: child returned INF! depth=1 score=-30000
DEBUG: evaluate returned crazy score! stand_pat=31775
DEBUG: child returned INF! depth=1 score=-30000
DEBUG: evaluate returned crazy score! stand_pat=31775
DEBUG: child returned INF! depth=1 score=-30000
DEBUG: evaluate returned crazy score! stand_pat=31780
DEBUG: child returned INF! depth=1 score=-30000
DEBUG: evaluate returned crazy score! stand_pat=31795
DEBUG: child returned INF! depth=1 score=-30000
DEBUG: evaluate returned crazy score! stand_pat=31775
DEBUG: child returned INF! depth=1 score=-30000
DEBUG: evaluate returned crazy score! stand_pat=31785
DEBUG: child returned INF! depth=1 score=-30000
DEBUG: evaluate returned crazy score! stand_pat=31795
DEBUG: child returned INF! depth=1 score=-30000
DEBUG: evaluate returned crazy score! stand_pat=31805
DEBUG: child returned INF! depth=1 score=-30000
DEBUG: evaluate returned crazy score! stand_pat=31805
DEBUG: child returned INF! depth=1 score=-30000
DEBUG: evaluate returned crazy score! stand_pat=31805
DEBUG: child returned INF! depth=1 score=-30000
DEBUG: evaluate returned crazy score! stand_pat=31805
DEBUG: child returned INF! depth=1 score=-30000
DEBUG: evaluate returned crazy score! stand_pat=31805
DEBUG: child returned INF! depth=1 score=-30000
DEBUG: evaluate returned crazy score! stand_pat=31805
DEBUG: child returned INF! depth=1 score=-30000
DEBUG: negamax returning -INF! depth=1 ply=5 legal_moves=30 alpha=-30000 beta=90
DEBUG: child returned INF! depth=3 score=-30000
DEBUG: evaluate returned crazy score! stand_pat=31695
DEBUG: child returned INF! depth=1 score=-30000
DEBUG: evaluate returned crazy score! stand_pat=31765
DEBUG: child returned INF! depth=1 score=-30000
DEBUG: evaluate returned crazy score! stand_pat=31730
DEBUG: child returned INF! depth=1 score=-30000
DEBUG: evaluate returned crazy score! stand_pat=31770
DEBUG: child returned INF! depth=1 score=-30000
DEBUG: evaluate returned crazy score! stand_pat=31770
DEBUG: child returned INF! depth=1 score=-30000
DEBUG: evaluate returned crazy score! stand_pat=31775
DEBUG: child returned INF! depth=1 score=-30000
DEBUG: evaluate returned crazy score! stand_pat=31775
DEBUG: child returned INF! depth=1 score=-30000
DEBUG: evaluate returned crazy score! stand_pat=31780
DEBUG: child returned INF! depth=1 score=-30000
DEBUG: evaluate returned crazy score! stand_pat=31725
DEBUG: child returned INF! depth=1 score=-30000
DEBUG: evaluate returned crazy score! stand_pat=31725
DEBUG: child returned INF! depth=1 score=-30000
DEBUG: evaluate returned crazy score! stand_pat=31765
DEBUG: child returned INF! depth=1 score=-30000
DEBUG: evaluate returned crazy score! stand_pat=31795
DEBUG: child returned INF! depth=1 score=-30000
DEBUG: evaluate returned crazy score! stand_pat=31795
DEBUG: child returned INF! depth=1 score=-30000
DEBUG: evaluate returned crazy score! stand_pat=31795
DEBUG: child returned INF! depth=1 score=-30000
DEBUG: evaluate returned crazy score! stand_pat=31795
DEBUG: child returned INF! depth=1 score=-30000
DEBUG: evaluate returned crazy score! stand_pat=31795
DEBUG: child returned INF! depth=1 score=-30000
DEBUG: evaluate returned crazy score! stand_pat=31795
DEBUG: child returned INF! depth=1 score=-30000
DEBUG: evaluate returned crazy score! stand_pat=31775
DEBUG: child returned INF! depth=1 score=-30000
DEBUG: evaluate returned crazy score! stand_pat=31765
DEBUG: child returned INF! depth=1 score=-30000
DEBUG: evaluate returned crazy score! stand_pat=31795
DEBUG: child returned INF! depth=1 score=-30000
DEBUG: evaluate returned crazy score! stand_pat=31795
DEBUG: child returned INF! depth=1 score=-30000
DEBUG: evaluate returned crazy score! stand_pat=31795
DEBUG: child returned INF! depth=1 score=-30000
DEBUG: evaluate returned crazy score! stand_pat=31795
DEBUG: child returned INF! depth=1 score=-30000
DEBUG: evaluate returned crazy score! stand_pat=31795
DEBUG: child returned INF! depth=1 score=-30000
DEBUG: evaluate returned crazy score! stand_pat=31795
DEBUG: child returned INF! depth=1 score=-30000
DEBUG: evaluate returned crazy score! stand_pat=31795
DEBUG: child returned INF! depth=1 score=-30000
DEBUG: evaluate returned crazy score! stand_pat=31795
DEBUG: child returned INF! depth=1 score=-30000
DEBUG: evaluate returned crazy score! stand_pat=31785
DEBUG: child returned INF! depth=1 score=-30000
DEBUG: evaluate returned crazy score! stand_pat=31795
DEBUG: child returned INF! depth=1 score=-30000
DEBUG: evaluate returned crazy score! stand_pat=31775
DEBUG: child returned INF! depth=1 score=-30000
DEBUG: evaluate returned crazy score! stand_pat=31780
DEBUG: child returned INF! depth=1 score=-30000
DEBUG: evaluate returned crazy score! stand_pat=31795
DEBUG: child returned INF! depth=1 score=-30000
DEBUG: evaluate returned crazy score! stand_pat=31775
DEBUG: child returned INF! depth=1 score=-30000
DEBUG: evaluate returned crazy score! stand_pat=31780
DEBUG: child returned INF! depth=1 score=-30000
DEBUG: evaluate returned crazy score! stand_pat=31785
DEBUG: child returned INF! depth=1 score=-30000
DEBUG: evaluate returned crazy score! stand_pat=31775
DEBUG: child returned INF! depth=1 score=-30000
DEBUG: negamax returning -INF! depth=1 ply=5 legal_moves=36 alpha=-30000 beta=90
DEBUG: child returned INF! depth=3 score=-30000
DEBUG: evaluate returned crazy score! stand_pat=31665
DEBUG: child returned INF! depth=1 score=-30000
DEBUG: evaluate returned crazy score! stand_pat=31765
DEBUG: child returned INF! depth=1 score=-30000
DEBUG: evaluate returned crazy score! stand_pat=31730
DEBUG: child returned INF! depth=1 score=-30000
DEBUG: evaluate returned crazy score! stand_pat=31770
DEBUG: child returned INF! depth=1 score=-30000
DEBUG: evaluate returned crazy score! stand_pat=31770
DEBUG: child returned INF! depth=1 score=-30000
DEBUG: evaluate returned crazy score! stand_pat=31775
DEBUG: child returned INF! depth=1 score=-30000
DEBUG: evaluate returned crazy score! stand_pat=31775
DEBUG: child returned INF! depth=1 score=-30000
DEBUG: evaluate returned crazy score! stand_pat=31780
DEBUG: child returned INF! depth=1 score=-30000
DEBUG: evaluate returned crazy score! stand_pat=31725
DEBUG: child returned INF! depth=1 score=-30000
DEBUG: evaluate returned crazy score! stand_pat=31725
DEBUG: child returned INF! depth=1 score=-30000
DEBUG: evaluate returned crazy score! stand_pat=31765
DEBUG: child returned INF! depth=1 score=-30000
DEBUG: evaluate returned crazy score! stand_pat=31795
DEBUG: child returned INF! depth=1 score=-30000
DEBUG: evaluate returned crazy score! stand_pat=31795
DEBUG: child returned INF! depth=1 score=-30000
DEBUG: evaluate returned crazy score! stand_pat=31795
DEBUG: child returned INF! depth=1 score=-30000
DEBUG: evaluate returned crazy score! stand_pat=31795
DEBUG: child returned INF! depth=1 score=-30000
DEBUG: evaluate returned crazy score! stand_pat=31795
DEBUG: child returned INF! depth=1 score=-30000
DEBUG: evaluate returned crazy score! stand_pat=31775
DEBUG: child returned INF! depth=1 score=-30000
DEBUG: evaluate returned crazy score! stand_pat=31765
DEBUG: child returned INF! depth=1 score=-30000
DEBUG: evaluate returned crazy score! stand_pat=31795
DEBUG: child returned INF! depth=1 score=-30000
DEBUG: evaluate returned crazy score! stand_pat=31795
DEBUG: child returned INF! depth=1 score=-30000
DEBUG: evaluate returned crazy score! stand_pat=31795
DEBUG: child returned INF! depth=1 score=-30000
DEBUG: evaluate returned crazy score! stand_pat=31795
DEBUG: child returned INF! depth=1 score=-30000
DEBUG: evaluate returned crazy score! stand_pat=31795
DEBUG: child returned INF! depth=1 score=-30000
DEBUG: evaluate returned crazy score! stand_pat=31795
DEBUG: child returned INF! depth=1 score=-30000
DEBUG: evaluate returned crazy score! stand_pat=31795
DEBUG: child returned INF! depth=1 score=-30000
DEBUG: evaluate returned crazy score! stand_pat=31795
DEBUG: child returned INF! depth=1 score=-30000
DEBUG: evaluate returned crazy score! stand_pat=31795
DEBUG: child returned INF! depth=1 score=-30000
DEBUG: evaluate returned crazy score! stand_pat=31775
DEBUG: child returned INF! depth=1 score=-30000
DEBUG: evaluate returned crazy score! stand_pat=31775
DEBUG: child returned INF! depth=1 score=-30000
DEBUG: evaluate returned crazy score! stand_pat=31785
DEBUG: child returned INF! depth=1 score=-30000
DEBUG: evaluate returned crazy score! stand_pat=31795
DEBUG: child returned INF! depth=1 score=-30000
DEBUG: evaluate returned crazy score! stand_pat=31780
DEBUG: child returned INF! depth=1 score=-30000
DEBUG: evaluate returned crazy score! stand_pat=31795
DEBUG: child returned INF! depth=1 score=-30000
DEBUG: evaluate returned crazy score! stand_pat=31775
DEBUG: child returned INF! depth=1 score=-30000
DEBUG: evaluate returned crazy score! stand_pat=31775
DEBUG: child returned INF! depth=1 score=-30000
DEBUG: negamax returning -INF! depth=1 ply=5 legal_moves=35 alpha=-30000 beta=90
DEBUG: child returned INF! depth=3 score=-30000
DEBUG: evaluate returned crazy score! stand_pat=32075
DEBUG: child returned INF! depth=1 score=-30000
DEBUG: evaluate returned crazy score! stand_pat=32040
DEBUG: child returned INF! depth=1 score=-30000
DEBUG: evaluate returned crazy score! stand_pat=32080
DEBUG: child returned INF! depth=1 score=-30000
DEBUG: evaluate returned crazy score! stand_pat=32035
DEBUG: child returned INF! depth=1 score=-30000
DEBUG: evaluate returned crazy score! stand_pat=32080
DEBUG: child returned INF! depth=1 score=-30000
DEBUG: evaluate returned crazy score! stand_pat=32085
DEBUG: child returned INF! depth=1 score=-30000
DEBUG: evaluate returned crazy score! stand_pat=32085
DEBUG: child returned INF! depth=1 score=-30000
DEBUG: evaluate returned crazy score! stand_pat=32090
DEBUG: child returned INF! depth=1 score=-30000
DEBUG: evaluate returned crazy score! stand_pat=32075
DEBUG: child returned INF! depth=1 score=-30000
DEBUG: evaluate returned crazy score! stand_pat=32035
DEBUG: child returned INF! depth=1 score=-30000
DEBUG: evaluate returned crazy score! stand_pat=32075
DEBUG: child returned INF! depth=1 score=-30000
DEBUG: evaluate returned crazy score! stand_pat=32105
DEBUG: child returned INF! depth=1 score=-30000
DEBUG: evaluate returned crazy score! stand_pat=32105
DEBUG: child returned INF! depth=1 score=-30000
DEBUG: evaluate returned crazy score! stand_pat=32105
DEBUG: child returned INF! depth=1 score=-30000
DEBUG: evaluate returned crazy score! stand_pat=32105
DEBUG: child returned INF! depth=1 score=-30000
DEBUG: evaluate returned crazy score! stand_pat=32105
DEBUG: child returned INF! depth=1 score=-30000
DEBUG: evaluate returned crazy score! stand_pat=32105
DEBUG: child returned INF! depth=1 score=-30000
DEBUG: evaluate returned crazy score! stand_pat=32085
DEBUG: child returned INF! depth=1 score=-30000
DEBUG: evaluate returned crazy score! stand_pat=32085
DEBUG: child returned INF! depth=1 score=-30000
DEBUG: evaluate returned crazy score! stand_pat=32105
DEBUG: child returned INF! depth=1 score=-30000
DEBUG: evaluate returned crazy score! stand_pat=32105
DEBUG: child returned INF! depth=1 score=-30000
DEBUG: evaluate returned crazy score! stand_pat=32105
DEBUG: child returned INF! depth=1 score=-30000
DEBUG: evaluate returned crazy score! stand_pat=32105
DEBUG: child returned INF! depth=1 score=-30000
DEBUG: evaluate returned crazy score! stand_pat=32105
DEBUG: child returned INF! depth=1 score=-30000
DEBUG: evaluate returned crazy score! stand_pat=32105
DEBUG: child returned INF! depth=1 score=-30000
DEBUG: evaluate returned crazy score! stand_pat=32105
DEBUG: child returned INF! depth=1 score=-30000
DEBUG: evaluate returned crazy score! stand_pat=32105
DEBUG: child returned INF! depth=1 score=-30000
DEBUG: evaluate returned crazy score! stand_pat=32105
DEBUG: child returned INF! depth=1 score=-30000
DEBUG: negamax returning -INF! depth=1 ply=5 legal_moves=28 alpha=-30000 beta=90
DEBUG: child returned INF! depth=3 score=-30000
DEBUG: evaluate returned crazy score! stand_pat=32085
DEBUG: child returned INF! depth=1 score=-30000
DEBUG: evaluate returned crazy score! stand_pat=32050
DEBUG: child returned INF! depth=1 score=-30000
DEBUG: evaluate returned crazy score! stand_pat=32090
DEBUG: child returned INF! depth=1 score=-30000
DEBUG: evaluate returned crazy score! stand_pat=32045
DEBUG: child returned INF! depth=1 score=-30000
DEBUG: evaluate returned crazy score! stand_pat=32090
DEBUG: child returned INF! depth=1 score=-30000
DEBUG: evaluate returned crazy score! stand_pat=32095
DEBUG: child returned INF! depth=1 score=-30000
DEBUG: evaluate returned crazy score! stand_pat=32095
DEBUG: child returned INF! depth=1 score=-30000
DEBUG: evaluate returned crazy score! stand_pat=32100
DEBUG: child returned INF! depth=1 score=-30000
DEBUG: evaluate returned crazy score! stand_pat=32085
DEBUG: child returned INF! depth=1 score=-30000
DEBUG: evaluate returned crazy score! stand_pat=32045
DEBUG: child returned INF! depth=1 score=-30000
DEBUG: evaluate returned crazy score! stand_pat=32085
DEBUG: child returned INF! depth=1 score=-30000
DEBUG: evaluate returned crazy score! stand_pat=32115
DEBUG: child returned INF! depth=1 score=-30000
DEBUG: evaluate returned crazy score! stand_pat=32115
DEBUG: child returned INF! depth=1 score=-30000
DEBUG: evaluate returned crazy score! stand_pat=32115
DEBUG: child returned INF! depth=1 score=-30000
DEBUG: evaluate returned crazy score! stand_pat=32115
DEBUG: child returned INF! depth=1 score=-30000
DEBUG: evaluate returned crazy score! stand_pat=32115
DEBUG: child returned INF! depth=1 score=-30000
DEBUG: evaluate returned crazy score! stand_pat=32115
DEBUG: child returned INF! depth=1 score=-30000
DEBUG: evaluate returned crazy score! stand_pat=32095
DEBUG: child returned INF! depth=1 score=-30000
DEBUG: evaluate returned crazy score! stand_pat=32095
DEBUG: child returned INF! depth=1 score=-30000
DEBUG: evaluate returned crazy score! stand_pat=32115
DEBUG: child returned INF! depth=1 score=-30000
DEBUG: evaluate returned crazy score! stand_pat=32115
DEBUG: child returned INF! depth=1 score=-30000
DEBUG: evaluate returned crazy score! stand_pat=32115
DEBUG: child returned INF! depth=1 score=-30000
DEBUG: evaluate returned crazy score! stand_pat=32115
DEBUG: child returned INF! depth=1 score=-30000
DEBUG: evaluate returned crazy score! stand_pat=32115
DEBUG: child returned INF! depth=1 score=-30000
DEBUG: evaluate returned crazy score! stand_pat=32115
DEBUG: child returned INF! depth=1 score=-30000
DEBUG: evaluate returned crazy score! stand_pat=32115
DEBUG: child returned INF! depth=1 score=-30000
DEBUG: evaluate returned crazy score! stand_pat=32115
DEBUG: child returned INF! depth=1 score=-30000
DEBUG: evaluate returned crazy score! stand_pat=32115
DEBUG: child returned INF! depth=1 score=-30000
DEBUG: negamax returning -INF! depth=1 ply=5 legal_moves=28 alpha=-30000 beta=90
DEBUG: child returned INF! depth=3 score=-30000
DEBUG: evaluate returned crazy score! stand_pat=31740
DEBUG: child returned INF! depth=1 score=-30000
DEBUG: evaluate returned crazy score! stand_pat=31700
DEBUG: child returned INF! depth=1 score=-30000
DEBUG: evaluate returned crazy score! stand_pat=31750
DEBUG: child returned INF! depth=1 score=-30000
DEBUG: evaluate returned crazy score! stand_pat=31750
DEBUG: child returned INF! depth=1 score=-30000
DEBUG: evaluate returned crazy score! stand_pat=31770
DEBUG: child returned INF! depth=1 score=-30000
DEBUG: evaluate returned crazy score! stand_pat=31770
DEBUG: child returned INF! depth=1 score=-30000
DEBUG: evaluate returned crazy score! stand_pat=31770
DEBUG: child returned INF! depth=1 score=-30000
DEBUG: evaluate returned crazy score! stand_pat=31770
DEBUG: child returned INF! depth=1 score=-30000
DEBUG: evaluate returned crazy score! stand_pat=31770
DEBUG: child returned INF! depth=1 score=-30000
DEBUG: evaluate returned crazy score! stand_pat=31770
DEBUG: child returned INF! depth=1 score=-30000
DEBUG: evaluate returned crazy score! stand_pat=31750
DEBUG: child returned INF! depth=1 score=-30000
DEBUG: evaluate returned crazy score! stand_pat=31770
DEBUG: child returned INF! depth=1 score=-30000
DEBUG: evaluate returned crazy score! stand_pat=31770
DEBUG: child returned INF! depth=1 score=-30000
DEBUG: evaluate returned crazy score! stand_pat=31770
DEBUG: child returned INF! depth=1 score=-30000
DEBUG: evaluate returned crazy score! stand_pat=31795
DEBUG: child returned INF! depth=1 score=-30000
DEBUG: evaluate returned crazy score! stand_pat=31745
DEBUG: child returned INF! depth=1 score=-30000
DEBUG: evaluate returned crazy score! stand_pat=31750
DEBUG: child returned INF! depth=1 score=-30000
DEBUG: evaluate returned crazy score! stand_pat=31735
DEBUG: child returned INF! depth=1 score=-30000
DEBUG: evaluate returned crazy score! stand_pat=31740
DEBUG: child returned INF! depth=1 score=-30000
DEBUG: evaluate returned crazy score! stand_pat=31770
DEBUG: child returned INF! depth=1 score=-30000
DEBUG: evaluate returned crazy score! stand_pat=31770
DEBUG: child returned INF! depth=1 score=-30000
DEBUG: evaluate returned crazy score! stand_pat=31770
DEBUG: child returned INF! depth=1 score=-30000
DEBUG: evaluate returned crazy score! stand_pat=31770
DEBUG: child returned INF! depth=1 score=-30000
DEBUG: evaluate returned crazy score! stand_pat=31770
DEBUG: child returned INF! depth=1 score=-30000
DEBUG: evaluate returned crazy score! stand_pat=31770
DEBUG: child returned INF! depth=1 score=-30000
DEBUG: negamax returning -INF! depth=1 ply=5 legal_moves=25 alpha=-30000 beta=90
DEBUG: child returned INF! depth=3 score=-30000
DEBUG: evaluate returned crazy score! stand_pat=31775
DEBUG: child returned INF! depth=1 score=-30000
DEBUG: evaluate returned crazy score! stand_pat=31740
DEBUG: child returned INF! depth=1 score=-30000
DEBUG: evaluate returned crazy score! stand_pat=31780
DEBUG: child returned INF! depth=1 score=-30000
DEBUG: evaluate returned crazy score! stand_pat=31780
DEBUG: child returned INF! depth=1 score=-30000
DEBUG: evaluate returned crazy score! stand_pat=31785
DEBUG: child returned INF! depth=1 score=-30000
DEBUG: evaluate returned crazy score! stand_pat=31785
DEBUG: child returned INF! depth=1 score=-30000
DEBUG: evaluate returned crazy score! stand_pat=31775
DEBUG: child returned INF! depth=1 score=-30000
DEBUG: evaluate returned crazy score! stand_pat=31765
DEBUG: child returned INF! depth=1 score=-30000
DEBUG: evaluate returned crazy score! stand_pat=31765
DEBUG: child returned INF! depth=1 score=-30000
DEBUG: evaluate returned crazy score! stand_pat=31770
DEBUG: child returned INF! depth=1 score=-30000
DEBUG: evaluate returned crazy score! stand_pat=31785
DEBUG: child returned INF! depth=1 score=-30000
DEBUG: evaluate returned crazy score! stand_pat=31785
DEBUG: child returned INF! depth=1 score=-30000
DEBUG: evaluate returned crazy score! stand_pat=31735
DEBUG: child returned INF! depth=1 score=-30000
DEBUG: evaluate returned crazy score! stand_pat=31775
DEBUG: child returned INF! depth=1 score=-30000
DEBUG: evaluate returned crazy score! stand_pat=31805
DEBUG: child returned INF! depth=1 score=-30000
DEBUG: evaluate returned crazy score! stand_pat=31805
DEBUG: child returned INF! depth=1 score=-30000
DEBUG: evaluate returned crazy score! stand_pat=31805
DEBUG: child returned INF! depth=1 score=-30000
DEBUG: evaluate returned crazy score! stand_pat=31805
DEBUG: child returned INF! depth=1 score=-30000
DEBUG: evaluate returned crazy score! stand_pat=31785
DEBUG: child returned INF! depth=1 score=-30000
DEBUG: evaluate returned crazy score! stand_pat=31785
DEBUG: child returned INF! depth=1 score=-30000
DEBUG: evaluate returned crazy score! stand_pat=31805
DEBUG: child returned INF! depth=1 score=-30000
DEBUG: evaluate returned crazy score! stand_pat=31805
DEBUG: child returned INF! depth=1 score=-30000
DEBUG: evaluate returned crazy score! stand_pat=31805
DEBUG: child returned INF! depth=1 score=-30000
DEBUG: evaluate returned crazy score! stand_pat=31805
DEBUG: child returned INF! depth=1 score=-30000
DEBUG: evaluate returned crazy score! stand_pat=31805
DEBUG: child returned INF! depth=1 score=-30000
DEBUG: evaluate returned crazy score! stand_pat=31805
DEBUG: child returned INF! depth=1 score=-30000
DEBUG: evaluate returned crazy score! stand_pat=31805
DEBUG: child returned INF! depth=1 score=-30000
DEBUG: evaluate returned crazy score! stand_pat=31805
DEBUG: child returned INF! depth=1 score=-30000
DEBUG: evaluate returned crazy score! stand_pat=31805
DEBUG: child returned INF! depth=1 score=-30000
DEBUG: evaluate returned crazy score! stand_pat=31795
DEBUG: child returned INF! depth=1 score=-30000
DEBUG: evaluate returned crazy score! stand_pat=31740
DEBUG: child returned INF! depth=1 score=-30000
DEBUG: evaluate returned crazy score! stand_pat=31750
DEBUG: child returned INF! depth=1 score=-30000
DEBUG: negamax returning -INF! depth=1 ply=5 legal_moves=32 alpha=-30000 beta=90
DEBUG: child returned INF! depth=3 score=-30000
DEBUG: evaluate returned crazy score! stand_pat=31745
DEBUG: child returned INF! depth=1 score=-30000
DEBUG: evaluate returned crazy score! stand_pat=32035
DEBUG: child returned INF! depth=1 score=-30000
DEBUG: evaluate returned crazy score! stand_pat=32040
DEBUG: child returned INF! depth=1 score=-30000
DEBUG: evaluate returned crazy score! stand_pat=31995
DEBUG: child returned INF! depth=1 score=-30000
DEBUG: evaluate returned crazy score! stand_pat=32040
DEBUG: child returned INF! depth=1 score=-30000
DEBUG: evaluate returned crazy score! stand_pat=32045
DEBUG: child returned INF! depth=1 score=-30000
DEBUG: evaluate returned crazy score! stand_pat=32045
DEBUG: child returned INF! depth=1 score=-30000
DEBUG: evaluate returned crazy score! stand_pat=32035
DEBUG: child returned INF! depth=1 score=-30000
DEBUG: evaluate returned crazy score! stand_pat=32025
DEBUG: child returned INF! depth=1 score=-30000
DEBUG: evaluate returned crazy score! stand_pat=32025
DEBUG: child returned INF! depth=1 score=-30000
DEBUG: evaluate returned crazy score! stand_pat=32030
DEBUG: child returned INF! depth=1 score=-30000
DEBUG: evaluate returned crazy score! stand_pat=32045
DEBUG: child returned INF! depth=1 score=-30000
DEBUG: evaluate returned crazy score! stand_pat=32045
DEBUG: child returned INF! depth=1 score=-30000
DEBUG: evaluate returned crazy score! stand_pat=32065
DEBUG: child returned INF! depth=1 score=-30000
DEBUG: evaluate returned crazy score! stand_pat=32035
DEBUG: child returned INF! depth=1 score=-30000
DEBUG: evaluate returned crazy score! stand_pat=32065
DEBUG: child returned INF! depth=1 score=-30000
DEBUG: evaluate returned crazy score! stand_pat=32065
DEBUG: child returned INF! depth=1 score=-30000
DEBUG: evaluate returned crazy score! stand_pat=32065
DEBUG: child returned INF! depth=1 score=-30000
DEBUG: evaluate returned crazy score! stand_pat=32065
DEBUG: child returned INF! depth=1 score=-30000
DEBUG: evaluate returned crazy score! stand_pat=32045
DEBUG: child returned INF! depth=1 score=-30000
DEBUG: evaluate returned crazy score! stand_pat=32045
DEBUG: child returned INF! depth=1 score=-30000
DEBUG: evaluate returned crazy score! stand_pat=32065
DEBUG: child returned INF! depth=1 score=-30000
DEBUG: evaluate returned crazy score! stand_pat=32065
DEBUG: child returned INF! depth=1 score=-30000
DEBUG: evaluate returned crazy score! stand_pat=32065
DEBUG: child returned INF! depth=1 score=-30000
DEBUG: evaluate returned crazy score! stand_pat=32065
DEBUG: child returned INF! depth=1 score=-30000
DEBUG: evaluate returned crazy score! stand_pat=32065
DEBUG: child returned INF! depth=1 score=-30000
DEBUG: evaluate returned crazy score! stand_pat=32065
DEBUG: child returned INF! depth=1 score=-30000
DEBUG: evaluate returned crazy score! stand_pat=32065
DEBUG: child returned INF! depth=1 score=-30000
DEBUG: evaluate returned crazy score! stand_pat=32065
DEBUG: child returned INF! depth=1 score=-30000
DEBUG: negamax returning -INF! depth=1 ply=5 legal_moves=29 alpha=-30000 beta=90
DEBUG: child returned INF! depth=3 score=-30000
DEBUG: evaluate returned crazy score! stand_pat=31805
DEBUG: child returned INF! depth=1 score=-30000
DEBUG: evaluate returned crazy score! stand_pat=31770
DEBUG: child returned INF! depth=1 score=-30000
DEBUG: evaluate returned crazy score! stand_pat=31810
DEBUG: child returned INF! depth=1 score=-30000
DEBUG: evaluate returned crazy score! stand_pat=31765
DEBUG: child returned INF! depth=1 score=-30000
DEBUG: evaluate returned crazy score! stand_pat=31810
DEBUG: child returned INF! depth=1 score=-30000
DEBUG: evaluate returned crazy score! stand_pat=31815
DEBUG: child returned INF! depth=1 score=-30000
DEBUG: evaluate returned crazy score! stand_pat=31815
DEBUG: child returned INF! depth=1 score=-30000
DEBUG: evaluate returned crazy score! stand_pat=31805
DEBUG: child returned INF! depth=1 score=-30000
DEBUG: evaluate returned crazy score! stand_pat=31795
DEBUG: child returned INF! depth=1 score=-30000
DEBUG: evaluate returned crazy score! stand_pat=31795
DEBUG: child returned INF! depth=1 score=-30000
DEBUG: evaluate returned crazy score! stand_pat=31800
DEBUG: child returned INF! depth=1 score=-30000
DEBUG: evaluate returned crazy score! stand_pat=31815
DEBUG: child returned INF! depth=1 score=-30000
DEBUG: evaluate returned crazy score! stand_pat=31820
DEBUG: child returned INF! depth=1 score=-30000
DEBUG: evaluate returned crazy score! stand_pat=31765
DEBUG: child returned INF! depth=1 score=-30000
DEBUG: evaluate returned crazy score! stand_pat=31805
DEBUG: child returned INF! depth=1 score=-30000
DEBUG: evaluate returned crazy score! stand_pat=31835
DEBUG: child returned INF! depth=1 score=-30000
DEBUG: evaluate returned crazy score! stand_pat=31835
DEBUG: child returned INF! depth=1 score=-30000
DEBUG: evaluate returned crazy score! stand_pat=31835
DEBUG: child returned INF! depth=1 score=-30000
DEBUG: evaluate returned crazy score! stand_pat=31835
DEBUG: child returned INF! depth=1 score=-30000
DEBUG: evaluate returned crazy score! stand_pat=31815
DEBUG: child returned INF! depth=1 score=-30000
DEBUG: evaluate returned crazy score! stand_pat=31815
DEBUG: child returned INF! depth=1 score=-30000
DEBUG: evaluate returned crazy score! stand_pat=31835
DEBUG: child returned INF! depth=1 score=-30000
DEBUG: evaluate returned crazy score! stand_pat=31835
DEBUG: child returned INF! depth=1 score=-30000
DEBUG: evaluate returned crazy score! stand_pat=31835
DEBUG: child returned INF! depth=1 score=-30000
DEBUG: evaluate returned crazy score! stand_pat=31835
DEBUG: child returned INF! depth=1 score=-30000
DEBUG: evaluate returned crazy score! stand_pat=31835
DEBUG: child returned INF! depth=1 score=-30000
DEBUG: evaluate returned crazy score! stand_pat=31835
DEBUG: child returned INF! depth=1 score=-30000
DEBUG: evaluate returned crazy score! stand_pat=31835
DEBUG: child returned INF! depth=1 score=-30000
DEBUG: evaluate returned crazy score! stand_pat=31835
DEBUG: child returned INF! depth=1 score=-30000
DEBUG: evaluate returned crazy score! stand_pat=31835
DEBUG: child returned INF! depth=1 score=-30000
DEBUG: evaluate returned crazy score! stand_pat=31815
DEBUG: child returned INF! depth=1 score=-30000
DEBUG: negamax returning -INF! depth=1 ply=5 legal_moves=31 alpha=-30000 beta=90
DEBUG: child returned INF! depth=3 score=-30000
DEBUG: evaluate returned crazy score! stand_pat=31805
DEBUG: child returned INF! depth=1 score=-30000
DEBUG: evaluate returned crazy score! stand_pat=31770
DEBUG: child returned INF! depth=1 score=-30000
DEBUG: evaluate returned crazy score! stand_pat=31805
DEBUG: child returned INF! depth=1 score=-30000
DEBUG: evaluate returned crazy score! stand_pat=31765
DEBUG: child returned INF! depth=1 score=-30000
DEBUG: evaluate returned crazy score! stand_pat=31810
DEBUG: child returned INF! depth=1 score=-30000
DEBUG: evaluate returned crazy score! stand_pat=31820
DEBUG: child returned INF! depth=1 score=-30000
DEBUG: evaluate returned crazy score! stand_pat=31810
DEBUG: child returned INF! depth=1 score=-30000
DEBUG: evaluate returned crazy score! stand_pat=31815
DEBUG: child returned INF! depth=1 score=-30000
DEBUG: evaluate returned crazy score! stand_pat=31815
DEBUG: child returned INF! depth=1 score=-30000
DEBUG: evaluate returned crazy score! stand_pat=31805
DEBUG: child returned INF! depth=1 score=-30000
DEBUG: evaluate returned crazy score! stand_pat=31795
DEBUG: child returned INF! depth=1 score=-30000
DEBUG: evaluate returned crazy score! stand_pat=31795
DEBUG: child returned INF! depth=1 score=-30000
DEBUG: evaluate returned crazy score! stand_pat=31800
DEBUG: child returned INF! depth=1 score=-30000
DEBUG: evaluate returned crazy score! stand_pat=31815
DEBUG: child returned INF! depth=1 score=-30000
DEBUG: evaluate returned crazy score! stand_pat=31820
DEBUG: child returned INF! depth=1 score=-30000
DEBUG: evaluate returned crazy score! stand_pat=31765
DEBUG: child returned INF! depth=1 score=-30000
DEBUG: evaluate returned crazy score! stand_pat=31805
DEBUG: child returned INF! depth=1 score=-30000
DEBUG: evaluate returned crazy score! stand_pat=31835
DEBUG: child returned INF! depth=1 score=-30000
DEBUG: evaluate returned crazy score! stand_pat=31835
DEBUG: child returned INF! depth=1 score=-30000
DEBUG: evaluate returned crazy score! stand_pat=31835
DEBUG: child returned INF! depth=1 score=-30000
DEBUG: evaluate returned crazy score! stand_pat=31835
DEBUG: child returned INF! depth=1 score=-30000
DEBUG: evaluate returned crazy score! stand_pat=31815
DEBUG: child returned INF! depth=1 score=-30000
DEBUG: evaluate returned crazy score! stand_pat=31815
DEBUG: child returned INF! depth=1 score=-30000
DEBUG: evaluate returned crazy score! stand_pat=31835
DEBUG: child returned INF! depth=1 score=-30000
DEBUG: evaluate returned crazy score! stand_pat=31835
DEBUG: child returned INF! depth=1 score=-30000
DEBUG: evaluate returned crazy score! stand_pat=31835
DEBUG: child returned INF! depth=1 score=-30000
DEBUG: evaluate returned crazy score! stand_pat=31835
DEBUG: child returned INF! depth=1 score=-30000
DEBUG: evaluate returned crazy score! stand_pat=31835
DEBUG: child returned INF! depth=1 score=-30000
DEBUG: evaluate returned crazy score! stand_pat=31835
DEBUG: child returned INF! depth=1 score=-30000
DEBUG: evaluate returned crazy score! stand_pat=31835
DEBUG: child returned INF! depth=1 score=-30000
DEBUG: evaluate returned crazy score! stand_pat=31835
DEBUG: child returned INF! depth=1 score=-30000
DEBUG: evaluate returned crazy score! stand_pat=31835
DEBUG: child returned INF! depth=1 score=-30000
DEBUG: evaluate returned crazy score! stand_pat=31790
DEBUG: child returned INF! depth=1 score=-30000
DEBUG: negamax returning -INF! depth=1 ply=5 legal_moves=33 alpha=-30000 beta=90
DEBUG: child returned INF! depth=3 score=-30000
DEBUG: evaluate returned crazy score! stand_pat=31805
DEBUG: child returned INF! depth=1 score=-30000
DEBUG: evaluate returned crazy score! stand_pat=31770
DEBUG: child returned INF! depth=1 score=-30000
DEBUG: evaluate returned crazy score! stand_pat=31800
DEBUG: child returned INF! depth=1 score=-30000
DEBUG: evaluate returned crazy score! stand_pat=31815
DEBUG: child returned INF! depth=1 score=-30000
DEBUG: evaluate returned crazy score! stand_pat=31810
DEBUG: child returned INF! depth=1 score=-30000
DEBUG: evaluate returned crazy score! stand_pat=31765
DEBUG: child returned INF! depth=1 score=-30000
DEBUG: evaluate returned crazy score! stand_pat=31810
DEBUG: child returned INF! depth=1 score=-30000
DEBUG: evaluate returned crazy score! stand_pat=31815
DEBUG: child returned INF! depth=1 score=-30000
DEBUG: evaluate returned crazy score! stand_pat=31815
DEBUG: child returned INF! depth=1 score=-30000
DEBUG: evaluate returned crazy score! stand_pat=31805
DEBUG: child returned INF! depth=1 score=-30000
DEBUG: evaluate returned crazy score! stand_pat=31795
DEBUG: child returned INF! depth=1 score=-30000
DEBUG: evaluate returned crazy score! stand_pat=31795
DEBUG: child returned INF! depth=1 score=-30000
DEBUG: evaluate returned crazy score! stand_pat=31800
DEBUG: child returned INF! depth=1 score=-30000
DEBUG: evaluate returned crazy score! stand_pat=31815
DEBUG: child returned INF! depth=1 score=-30000
DEBUG: evaluate returned crazy score! stand_pat=31805
DEBUG: child returned INF! depth=1 score=-30000
DEBUG: evaluate returned crazy score! stand_pat=31765
DEBUG: child returned INF! depth=1 score=-30000
DEBUG: evaluate returned crazy score! stand_pat=31805
DEBUG: child returned INF! depth=1 score=-30000
DEBUG: evaluate returned crazy score! stand_pat=31835
DEBUG: child returned INF! depth=1 score=-30000
DEBUG: evaluate returned crazy score! stand_pat=31835
DEBUG: child returned INF! depth=1 score=-30000
DEBUG: evaluate returned crazy score! stand_pat=31835
DEBUG: child returned INF! depth=1 score=-30000
DEBUG: evaluate returned crazy score! stand_pat=31835
DEBUG: child returned INF! depth=1 score=-30000
DEBUG: evaluate returned crazy score! stand_pat=31815
DEBUG: child returned INF! depth=1 score=-30000
DEBUG: evaluate returned crazy score! stand_pat=31815
DEBUG: child returned INF! depth=1 score=-30000
DEBUG: evaluate returned crazy score! stand_pat=31835
DEBUG: child returned INF! depth=1 score=-30000
DEBUG: evaluate returned crazy score! stand_pat=31835
DEBUG: child returned INF! depth=1 score=-30000
DEBUG: evaluate returned crazy score! stand_pat=31835
DEBUG: child returned INF! depth=1 score=-30000
DEBUG: evaluate returned crazy score! stand_pat=31835
DEBUG: child returned INF! depth=1 score=-30000
DEBUG: evaluate returned crazy score! stand_pat=31835
DEBUG: child returned INF! depth=1 score=-30000
DEBUG: evaluate returned crazy score! stand_pat=31835
DEBUG: child returned INF! depth=1 score=-30000
DEBUG: evaluate returned crazy score! stand_pat=31835
DEBUG: child returned INF! depth=1 score=-30000
DEBUG: evaluate returned crazy score! stand_pat=31835
DEBUG: child returned INF! depth=1 score=-30000
DEBUG: evaluate returned crazy score! stand_pat=31835
DEBUG: child returned INF! depth=1 score=-30000
DEBUG: evaluate returned crazy score! stand_pat=31815
DEBUG: child returned INF! depth=1 score=-30000
DEBUG: negamax returning -INF! depth=1 ply=5 legal_moves=33 alpha=-30000 beta=90
DEBUG: child returned INF! depth=3 score=-30000
DEBUG: evaluate returned crazy score! stand_pat=31805
DEBUG: child returned INF! depth=1 score=-30000
DEBUG: evaluate returned crazy score! stand_pat=31770
DEBUG: child returned INF! depth=1 score=-30000
DEBUG: evaluate returned crazy score! stand_pat=31800
DEBUG: child returned INF! depth=1 score=-30000
DEBUG: evaluate returned crazy score! stand_pat=31815
DEBUG: child returned INF! depth=1 score=-30000
DEBUG: evaluate returned crazy score! stand_pat=31810
DEBUG: child returned INF! depth=1 score=-30000
DEBUG: evaluate returned crazy score! stand_pat=31765
DEBUG: child returned INF! depth=1 score=-30000
DEBUG: evaluate returned crazy score! stand_pat=31810
DEBUG: child returned INF! depth=1 score=-30000
DEBUG: evaluate returned crazy score! stand_pat=31815
DEBUG: child returned INF! depth=1 score=-30000
DEBUG: evaluate returned crazy score! stand_pat=31815
DEBUG: child returned INF! depth=1 score=-30000
DEBUG: evaluate returned crazy score! stand_pat=31805
DEBUG: child returned INF! depth=1 score=-30000
DEBUG: evaluate returned crazy score! stand_pat=31795
DEBUG: child returned INF! depth=1 score=-30000
DEBUG: evaluate returned crazy score! stand_pat=31795
DEBUG: child returned INF! depth=1 score=-30000
DEBUG: evaluate returned crazy score! stand_pat=31800
DEBUG: child returned INF! depth=1 score=-30000
DEBUG: evaluate returned crazy score! stand_pat=31815
DEBUG: child returned INF! depth=1 score=-30000
DEBUG: evaluate returned crazy score! stand_pat=31805
DEBUG: child returned INF! depth=1 score=-30000
DEBUG: evaluate returned crazy score! stand_pat=31765
DEBUG: child returned INF! depth=1 score=-30000
DEBUG: evaluate returned crazy score! stand_pat=31805
DEBUG: child returned INF! depth=1 score=-30000
DEBUG: evaluate returned crazy score! stand_pat=31835
DEBUG: child returned INF! depth=1 score=-30000
DEBUG: evaluate returned crazy score! stand_pat=31835
DEBUG: child returned INF! depth=1 score=-30000
DEBUG: evaluate returned crazy score! stand_pat=31835
DEBUG: child returned INF! depth=1 score=-30000
DEBUG: evaluate returned crazy score! stand_pat=31835
DEBUG: child returned INF! depth=1 score=-30000
DEBUG: evaluate returned crazy score! stand_pat=31815
DEBUG: child returned INF! depth=1 score=-30000
DEBUG: evaluate returned crazy score! stand_pat=31815
DEBUG: child returned INF! depth=1 score=-30000
DEBUG: evaluate returned crazy score! stand_pat=31835
DEBUG: child returned INF! depth=1 score=-30000
DEBUG: evaluate returned crazy score! stand_pat=31835
DEBUG: child returned INF! depth=1 score=-30000
DEBUG: evaluate returned crazy score! stand_pat=31835
DEBUG: child returned INF! depth=1 score=-30000
DEBUG: evaluate returned crazy score! stand_pat=31835
DEBUG: child returned INF! depth=1 score=-30000
DEBUG: evaluate returned crazy score! stand_pat=31835
DEBUG: child returned INF! depth=1 score=-30000
DEBUG: evaluate returned crazy score! stand_pat=31835
DEBUG: child returned INF! depth=1 score=-30000
DEBUG: evaluate returned crazy score! stand_pat=31835
DEBUG: child returned INF! depth=1 score=-30000
DEBUG: evaluate returned crazy score! stand_pat=31835
DEBUG: child returned INF! depth=1 score=-30000
DEBUG: evaluate returned crazy score! stand_pat=31835
DEBUG: child returned INF! depth=1 score=-30000
DEBUG: evaluate returned crazy score! stand_pat=31790
DEBUG: child returned INF! depth=1 score=-30000
DEBUG: negamax returning -INF! depth=1 ply=5 legal_moves=33 alpha=-30000 beta=90
DEBUG: child returned INF! depth=3 score=-30000
DEBUG: evaluate returned crazy score! stand_pat=31805
DEBUG: child returned INF! depth=1 score=-30000
DEBUG: evaluate returned crazy score! stand_pat=31770
DEBUG: child returned INF! depth=1 score=-30000
DEBUG: evaluate returned crazy score! stand_pat=31805
DEBUG: child returned INF! depth=1 score=-30000
DEBUG: evaluate returned crazy score! stand_pat=31810
DEBUG: child returned INF! depth=1 score=-30000
DEBUG: evaluate returned crazy score! stand_pat=31810
DEBUG: child returned INF! depth=1 score=-30000
DEBUG: evaluate returned crazy score! stand_pat=31805
DEBUG: child returned INF! depth=1 score=-30000
DEBUG: evaluate returned crazy score! stand_pat=31810
DEBUG: child returned INF! depth=1 score=-30000
DEBUG: evaluate returned crazy score! stand_pat=31815
DEBUG: child returned INF! depth=1 score=-30000
DEBUG: evaluate returned crazy score! stand_pat=31815
DEBUG: child returned INF! depth=1 score=-30000
DEBUG: evaluate returned crazy score! stand_pat=31805
DEBUG: child returned INF! depth=1 score=-30000
DEBUG: evaluate returned crazy score! stand_pat=31795
DEBUG: child returned INF! depth=1 score=-30000
DEBUG: evaluate returned crazy score! stand_pat=31795
DEBUG: child returned INF! depth=1 score=-30000
DEBUG: evaluate returned crazy score! stand_pat=31800
DEBUG: child returned INF! depth=1 score=-30000
DEBUG: evaluate returned crazy score! stand_pat=31815
DEBUG: child returned INF! depth=1 score=-30000
DEBUG: evaluate returned crazy score! stand_pat=31805
DEBUG: child returned INF! depth=1 score=-30000
DEBUG: evaluate returned crazy score! stand_pat=31765
DEBUG: child returned INF! depth=1 score=-30000
DEBUG: evaluate returned crazy score! stand_pat=31805
DEBUG: child returned INF! depth=1 score=-30000
DEBUG: evaluate returned crazy score! stand_pat=31835
DEBUG: child returned INF! depth=1 score=-30000
DEBUG: evaluate returned crazy score! stand_pat=31835
DEBUG: child returned INF! depth=1 score=-30000
DEBUG: evaluate returned crazy score! stand_pat=31835
DEBUG: child returned INF! depth=1 score=-30000
DEBUG: evaluate returned crazy score! stand_pat=31835
DEBUG: child returned INF! depth=1 score=-30000
DEBUG: evaluate returned crazy score! stand_pat=31815
DEBUG: child returned INF! depth=1 score=-30000
DEBUG: evaluate returned crazy score! stand_pat=31815
DEBUG: child returned INF! depth=1 score=-30000
DEBUG: evaluate returned crazy score! stand_pat=31815
DEBUG: child returned INF! depth=1 score=-30000
DEBUG: evaluate returned crazy score! stand_pat=31835
DEBUG: child returned INF! depth=1 score=-30000
DEBUG: evaluate returned crazy score! stand_pat=31835
DEBUG: child returned INF! depth=1 score=-30000
DEBUG: evaluate returned crazy score! stand_pat=31835
DEBUG: child returned INF! depth=1 score=-30000
DEBUG: evaluate returned crazy score! stand_pat=31835
DEBUG: child returned INF! depth=1 score=-30000
DEBUG: evaluate returned crazy score! stand_pat=31835
DEBUG: child returned INF! depth=1 score=-30000
DEBUG: evaluate returned crazy score! stand_pat=31835
DEBUG: child returned INF! depth=1 score=-30000
DEBUG: evaluate returned crazy score! stand_pat=31835
DEBUG: child returned INF! depth=1 score=-30000
DEBUG: evaluate returned crazy score! stand_pat=31835
DEBUG: child returned INF! depth=1 score=-30000
DEBUG: evaluate returned crazy score! stand_pat=31815
DEBUG: child returned INF! depth=1 score=-30000
DEBUG: negamax returning -INF! depth=1 ply=5 legal_moves=33 alpha=-30000 beta=90
DEBUG: child returned INF! depth=3 score=-30000
DEBUG: evaluate returned crazy score! stand_pat=31805
DEBUG: child returned INF! depth=1 score=-30000
DEBUG: evaluate returned crazy score! stand_pat=31770
DEBUG: child returned INF! depth=1 score=-30000
DEBUG: evaluate returned crazy score! stand_pat=31805
DEBUG: child returned INF! depth=1 score=-30000
DEBUG: evaluate returned crazy score! stand_pat=31805
DEBUG: child returned INF! depth=1 score=-30000
DEBUG: evaluate returned crazy score! stand_pat=31810
DEBUG: child returned INF! depth=1 score=-30000
DEBUG: evaluate returned crazy score! stand_pat=31810
DEBUG: child returned INF! depth=1 score=-30000
DEBUG: evaluate returned crazy score! stand_pat=31765
DEBUG: child returned INF! depth=1 score=-30000
DEBUG: evaluate returned crazy score! stand_pat=31810
DEBUG: child returned INF! depth=1 score=-30000
DEBUG: evaluate returned crazy score! stand_pat=31815
DEBUG: child returned INF! depth=1 score=-30000
DEBUG: evaluate returned crazy score! stand_pat=31815
DEBUG: child returned INF! depth=1 score=-30000
DEBUG: evaluate returned crazy score! stand_pat=31805
DEBUG: child returned INF! depth=1 score=-30000
DEBUG: evaluate returned crazy score! stand_pat=31795
DEBUG: child returned INF! depth=1 score=-30000
DEBUG: evaluate returned crazy score! stand_pat=31805
DEBUG: child returned INF! depth=1 score=-30000
DEBUG: evaluate returned crazy score! stand_pat=31765
DEBUG: child returned INF! depth=1 score=-30000
DEBUG: evaluate returned crazy score! stand_pat=31805
DEBUG: child returned INF! depth=1 score=-30000
DEBUG: evaluate returned crazy score! stand_pat=31835
DEBUG: child returned INF! depth=1 score=-30000
DEBUG: evaluate returned crazy score! stand_pat=31835
DEBUG: child returned INF! depth=1 score=-30000
DEBUG: evaluate returned crazy score! stand_pat=31835
DEBUG: child returned INF! depth=1 score=-30000
DEBUG: evaluate returned crazy score! stand_pat=31835
DEBUG: child returned INF! depth=1 score=-30000
DEBUG: evaluate returned crazy score! stand_pat=31815
DEBUG: child returned INF! depth=1 score=-30000
DEBUG: evaluate returned crazy score! stand_pat=31815
DEBUG: child returned INF! depth=1 score=-30000
DEBUG: evaluate returned crazy score! stand_pat=31815
DEBUG: child returned INF! depth=1 score=-30000
DEBUG: evaluate returned crazy score! stand_pat=31835
DEBUG: child returned INF! depth=1 score=-30000
DEBUG: evaluate returned crazy score! stand_pat=31835
DEBUG: child returned INF! depth=1 score=-30000
DEBUG: evaluate returned crazy score! stand_pat=31835
DEBUG: child returned INF! depth=1 score=-30000
DEBUG: evaluate returned crazy score! stand_pat=31835
DEBUG: child returned INF! depth=1 score=-30000
DEBUG: evaluate returned crazy score! stand_pat=31835
DEBUG: child returned INF! depth=1 score=-30000
DEBUG: evaluate returned crazy score! stand_pat=31835
DEBUG: child returned INF! depth=1 score=-30000
DEBUG: evaluate returned crazy score! stand_pat=31835
DEBUG: child returned INF! depth=1 score=-30000
DEBUG: evaluate returned crazy score! stand_pat=31835
DEBUG: child returned INF! depth=1 score=-30000
DEBUG: evaluate returned crazy score! stand_pat=31835
DEBUG: child returned INF! depth=1 score=-30000
DEBUG: evaluate returned crazy score! stand_pat=31785
DEBUG: child returned INF! depth=1 score=-30000
DEBUG: negamax returning -INF! depth=1 ply=5 legal_moves=32 alpha=-30000 beta=90
DEBUG: child returned INF! depth=3 score=-30000
DEBUG: evaluate returned crazy score! stand_pat=31785
DEBUG: child returned INF! depth=1 score=-30000
DEBUG: evaluate returned crazy score! stand_pat=31750
DEBUG: child returned INF! depth=1 score=-30000
DEBUG: evaluate returned crazy score! stand_pat=31745
DEBUG: child returned INF! depth=1 score=-30000
DEBUG: evaluate returned crazy score! stand_pat=31785
DEBUG: child returned INF! depth=1 score=-30000
DEBUG: evaluate returned crazy score! stand_pat=31775
DEBUG: child returned INF! depth=1 score=-30000
DEBUG: evaluate returned crazy score! stand_pat=31775
DEBUG: child returned INF! depth=1 score=-30000
DEBUG: evaluate returned crazy score! stand_pat=31780
DEBUG: child returned INF! depth=1 score=-30000
DEBUG: evaluate returned crazy score! stand_pat=31795
DEBUG: child returned INF! depth=1 score=-30000
DEBUG: evaluate returned crazy score! stand_pat=31790
DEBUG: child returned INF! depth=1 score=-30000
DEBUG: evaluate returned crazy score! stand_pat=31785
DEBUG: child returned INF! depth=1 score=-30000
DEBUG: evaluate returned crazy score! stand_pat=31790
DEBUG: child returned INF! depth=1 score=-30000
DEBUG: evaluate returned crazy score! stand_pat=31795
DEBUG: child returned INF! depth=1 score=-30000
DEBUG: evaluate returned crazy score! stand_pat=31790
DEBUG: child returned INF! depth=1 score=-30000
DEBUG: evaluate returned crazy score! stand_pat=31785
DEBUG: child returned INF! depth=1 score=-30000
DEBUG: evaluate returned crazy score! stand_pat=31785
DEBUG: child returned INF! depth=1 score=-30000
DEBUG: evaluate returned crazy score! stand_pat=31785
DEBUG: child returned INF! depth=1 score=-30000
DEBUG: evaluate returned crazy score! stand_pat=31785
DEBUG: child returned INF! depth=1 score=-30000
DEBUG: evaluate returned crazy score! stand_pat=31790
DEBUG: child returned INF! depth=1 score=-30000
DEBUG: evaluate returned crazy score! stand_pat=31795
DEBUG: child returned INF! depth=1 score=-30000
DEBUG: evaluate returned crazy score! stand_pat=31795
DEBUG: child returned INF! depth=1 score=-30000
DEBUG: evaluate returned crazy score! stand_pat=31795
DEBUG: child returned INF! depth=1 score=-30000
DEBUG: evaluate returned crazy score! stand_pat=31785
DEBUG: child returned INF! depth=1 score=-30000
DEBUG: evaluate returned crazy score! stand_pat=31775
DEBUG: child returned INF! depth=1 score=-30000
DEBUG: evaluate returned crazy score! stand_pat=31775
DEBUG: child returned INF! depth=1 score=-30000
DEBUG: evaluate returned crazy score! stand_pat=31780
DEBUG: child returned INF! depth=1 score=-30000
DEBUG: evaluate returned crazy score! stand_pat=31795
DEBUG: child returned INF! depth=1 score=-30000
DEBUG: evaluate returned crazy score! stand_pat=31750
DEBUG: child returned INF! depth=1 score=-30000
DEBUG: evaluate returned crazy score! stand_pat=31745
DEBUG: child returned INF! depth=1 score=-30000
DEBUG: evaluate returned crazy score! stand_pat=31785
DEBUG: child returned INF! depth=1 score=-30000
DEBUG: evaluate returned crazy score! stand_pat=31815
DEBUG: child returned INF! depth=1 score=-30000
DEBUG: evaluate returned crazy score! stand_pat=31815
DEBUG: child returned INF! depth=1 score=-30000
DEBUG: evaluate returned crazy score! stand_pat=31815
DEBUG: child returned INF! depth=1 score=-30000
DEBUG: evaluate returned crazy score! stand_pat=31815
DEBUG: child returned INF! depth=1 score=-30000
DEBUG: evaluate returned crazy score! stand_pat=31815
DEBUG: child returned INF! depth=1 score=-30000
DEBUG: evaluate returned crazy score! stand_pat=31815
DEBUG: child returned INF! depth=1 score=-30000
DEBUG: evaluate returned crazy score! stand_pat=31815
DEBUG: child returned INF! depth=1 score=-30000
DEBUG: evaluate returned crazy score! stand_pat=31815
DEBUG: child returned INF! depth=1 score=-30000
DEBUG: evaluate returned crazy score! stand_pat=31815
DEBUG: child returned INF! depth=1 score=-30000
DEBUG: evaluate returned crazy score! stand_pat=31815
DEBUG: child returned INF! depth=1 score=-30000
DEBUG: evaluate returned crazy score! stand_pat=31815
DEBUG: child returned INF! depth=1 score=-30000
DEBUG: evaluate returned crazy score! stand_pat=31815
DEBUG: child returned INF! depth=1 score=-30000
DEBUG: negamax returning -INF! depth=1 ply=5 legal_moves=41 alpha=-30000 beta=90
DEBUG: child returned INF! depth=3 score=-30000
DEBUG: evaluate returned crazy score! stand_pat=31750
DEBUG: child returned INF! depth=1 score=-30000
DEBUG: evaluate returned crazy score! stand_pat=31785
DEBUG: child returned INF! depth=1 score=-30000
DEBUG: evaluate returned crazy score! stand_pat=31745
DEBUG: child returned INF! depth=1 score=-30000
DEBUG: evaluate returned crazy score! stand_pat=31785
DEBUG: child returned INF! depth=1 score=-30000
DEBUG: evaluate returned crazy score! stand_pat=31775
DEBUG: child returned INF! depth=1 score=-30000
DEBUG: evaluate returned crazy score! stand_pat=31775
DEBUG: child returned INF! depth=1 score=-30000
DEBUG: evaluate returned crazy score! stand_pat=31780
DEBUG: child returned INF! depth=1 score=-30000
DEBUG: evaluate returned crazy score! stand_pat=31795
DEBUG: child returned INF! depth=1 score=-30000
DEBUG: evaluate returned crazy score! stand_pat=31795
DEBUG: child returned INF! depth=1 score=-30000
DEBUG: evaluate returned crazy score! stand_pat=31790
DEBUG: child returned INF! depth=1 score=-30000
DEBUG: evaluate returned crazy score! stand_pat=31785
DEBUG: child returned INF! depth=1 score=-30000
DEBUG: evaluate returned crazy score! stand_pat=31785
DEBUG: child returned INF! depth=1 score=-30000
DEBUG: evaluate returned crazy score! stand_pat=31785
DEBUG: child returned INF! depth=1 score=-30000
DEBUG: evaluate returned crazy score! stand_pat=31785
DEBUG: child returned INF! depth=1 score=-30000
DEBUG: evaluate returned crazy score! stand_pat=31790
DEBUG: child returned INF! depth=1 score=-30000
DEBUG: evaluate returned crazy score! stand_pat=31795
DEBUG: child returned INF! depth=1 score=-30000
DEBUG: evaluate returned crazy score! stand_pat=31745
DEBUG: child returned INF! depth=1 score=-30000
DEBUG: evaluate returned crazy score! stand_pat=31785
DEBUG: child returned INF! depth=1 score=-30000
DEBUG: evaluate returned crazy score! stand_pat=31815
DEBUG: child returned INF! depth=1 score=-30000
DEBUG: evaluate returned crazy score! stand_pat=31815
DEBUG: child returned INF! depth=1 score=-30000
DEBUG: evaluate returned crazy score! stand_pat=31815
DEBUG: child returned INF! depth=1 score=-30000
DEBUG: evaluate returned crazy score! stand_pat=31815
DEBUG: child returned INF! depth=1 score=-30000
DEBUG: evaluate returned crazy score! stand_pat=31815
DEBUG: child returned INF! depth=1 score=-30000
DEBUG: evaluate returned crazy score! stand_pat=31815
DEBUG: child returned INF! depth=1 score=-30000
DEBUG: evaluate returned crazy score! stand_pat=31795
DEBUG: child returned INF! depth=1 score=-30000
DEBUG: evaluate returned crazy score! stand_pat=31795
DEBUG: child returned INF! depth=1 score=-30000
DEBUG: evaluate returned crazy score! stand_pat=31815
DEBUG: child returned INF! depth=1 score=-30000
DEBUG: evaluate returned crazy score! stand_pat=31815
DEBUG: child returned INF! depth=1 score=-30000
DEBUG: evaluate returned crazy score! stand_pat=31815
DEBUG: child returned INF! depth=1 score=-30000
DEBUG: evaluate returned crazy score! stand_pat=31815
DEBUG: child returned INF! depth=1 score=-30000
DEBUG: evaluate returned crazy score! stand_pat=31815
DEBUG: child returned INF! depth=1 score=-30000
DEBUG: evaluate returned crazy score! stand_pat=31815
DEBUG: child returned INF! depth=1 score=-30000
DEBUG: evaluate returned crazy score! stand_pat=31815
DEBUG: child returned INF! depth=1 score=-30000
DEBUG: evaluate returned crazy score! stand_pat=31815
DEBUG: child returned INF! depth=1 score=-30000
DEBUG: evaluate returned crazy score! stand_pat=31815
DEBUG: child returned INF! depth=1 score=-30000
DEBUG: negamax returning -INF! depth=1 ply=5 legal_moves=35 alpha=-30000 beta=90
DEBUG: child returned INF! depth=3 score=-30000
DEBUG: evaluate returned crazy score! stand_pat=31805
DEBUG: child returned INF! depth=1 score=-30000
DEBUG: evaluate returned crazy score! stand_pat=31770
DEBUG: child returned INF! depth=1 score=-30000
DEBUG: evaluate returned crazy score! stand_pat=31805
DEBUG: child returned INF! depth=1 score=-30000
DEBUG: evaluate returned crazy score! stand_pat=31795
DEBUG: child returned INF! depth=1 score=-30000
DEBUG: evaluate returned crazy score! stand_pat=31795
DEBUG: child returned INF! depth=1 score=-30000
DEBUG: evaluate returned crazy score! stand_pat=31800
DEBUG: child returned INF! depth=1 score=-30000
DEBUG: evaluate returned crazy score! stand_pat=31815
DEBUG: child returned INF! depth=1 score=-30000
DEBUG: evaluate returned crazy score! stand_pat=31810
DEBUG: child returned INF! depth=1 score=-30000
DEBUG: evaluate returned crazy score! stand_pat=31805
DEBUG: child returned INF! depth=1 score=-30000
DEBUG: evaluate returned crazy score! stand_pat=31810
DEBUG: child returned INF! depth=1 score=-30000
DEBUG: evaluate returned crazy score! stand_pat=31815
DEBUG: child returned INF! depth=1 score=-30000
DEBUG: evaluate returned crazy score! stand_pat=31815
DEBUG: child returned INF! depth=1 score=-30000
DEBUG: evaluate returned crazy score! stand_pat=31810
DEBUG: child returned INF! depth=1 score=-30000
DEBUG: evaluate returned crazy score! stand_pat=31805
DEBUG: child returned INF! depth=1 score=-30000
DEBUG: evaluate returned crazy score! stand_pat=31805
DEBUG: child returned INF! depth=1 score=-30000
DEBUG: evaluate returned crazy score! stand_pat=31805
DEBUG: child returned INF! depth=1 score=-30000
DEBUG: evaluate returned crazy score! stand_pat=31805
DEBUG: child returned INF! depth=1 score=-30000
DEBUG: evaluate returned crazy score! stand_pat=31810
DEBUG: child returned INF! depth=1 score=-30000
DEBUG: evaluate returned crazy score! stand_pat=31815
DEBUG: child returned INF! depth=1 score=-30000
DEBUG: evaluate returned crazy score! stand_pat=31805
DEBUG: child returned INF! depth=1 score=-30000
DEBUG: evaluate returned crazy score! stand_pat=31795
DEBUG: child returned INF! depth=1 score=-30000
DEBUG: evaluate returned crazy score! stand_pat=31795
DEBUG: child returned INF! depth=1 score=-30000
DEBUG: evaluate returned crazy score! stand_pat=31800
DEBUG: child returned INF! depth=1 score=-30000
DEBUG: evaluate returned crazy score! stand_pat=31815
DEBUG: child returned INF! depth=1 score=-30000
DEBUG: evaluate returned crazy score! stand_pat=31770
DEBUG: child returned INF! depth=1 score=-30000
DEBUG: evaluate returned crazy score! stand_pat=31765
DEBUG: child returned INF! depth=1 score=-30000
DEBUG: evaluate returned crazy score! stand_pat=31805
DEBUG: child returned INF! depth=1 score=-30000
DEBUG: evaluate returned crazy score! stand_pat=31835
DEBUG: child returned INF! depth=1 score=-30000
DEBUG: evaluate returned crazy score! stand_pat=31835
DEBUG: child returned INF! depth=1 score=-30000
DEBUG: evaluate returned crazy score! stand_pat=31835
DEBUG: child returned INF! depth=1 score=-30000
DEBUG: evaluate returned crazy score! stand_pat=31835
DEBUG: child returned INF! depth=1 score=-30000
DEBUG: evaluate returned crazy score! stand_pat=31835
DEBUG: child returned INF! depth=1 score=-30000
DEBUG: evaluate returned crazy score! stand_pat=31835
DEBUG: child returned INF! depth=1 score=-30000
DEBUG: evaluate returned crazy score! stand_pat=31835
DEBUG: child returned INF! depth=1 score=-30000
DEBUG: evaluate returned crazy score! stand_pat=31835
DEBUG: child returned INF! depth=1 score=-30000
DEBUG: evaluate returned crazy score! stand_pat=31835
DEBUG: child returned INF! depth=1 score=-30000
DEBUG: evaluate returned crazy score! stand_pat=31835
DEBUG: child returned INF! depth=1 score=-30000
DEBUG: evaluate returned crazy score! stand_pat=31795
DEBUG: child returned INF! depth=1 score=-30000
DEBUG: evaluate returned crazy score! stand_pat=31815
DEBUG: child returned INF! depth=1 score=-30000
DEBUG: evaluate returned crazy score! stand_pat=31815
DEBUG: child returned INF! depth=1 score=-30000
DEBUG: evaluate returned crazy score! stand_pat=31825
DEBUG: child returned INF! depth=1 score=-30000
DEBUG: evaluate returned crazy score! stand_pat=31835
DEBUG: child returned INF! depth=1 score=-30000
DEBUG: negamax returning -INF! depth=1 ply=5 legal_moves=42 alpha=-30000 beta=90
DEBUG: child returned INF! depth=3 score=-30000
DEBUG: evaluate returned crazy score! stand_pat=31805
DEBUG: child returned INF! depth=1 score=-30000
DEBUG: evaluate returned crazy score! stand_pat=31770
DEBUG: child returned INF! depth=1 score=-30000
DEBUG: evaluate returned crazy score! stand_pat=31765
DEBUG: child returned INF! depth=1 score=-30000
DEBUG: evaluate returned crazy score! stand_pat=31805
DEBUG: child returned INF! depth=1 score=-30000
DEBUG: evaluate returned crazy score! stand_pat=31795
DEBUG: child returned INF! depth=1 score=-30000
DEBUG: evaluate returned crazy score! stand_pat=31795
DEBUG: child returned INF! depth=1 score=-30000
DEBUG: evaluate returned crazy score! stand_pat=31800
DEBUG: child returned INF! depth=1 score=-30000
DEBUG: evaluate returned crazy score! stand_pat=31815
DEBUG: child returned INF! depth=1 score=-30000
DEBUG: evaluate returned crazy score! stand_pat=31810
DEBUG: child returned INF! depth=1 score=-30000
DEBUG: evaluate returned crazy score! stand_pat=31805
DEBUG: child returned INF! depth=1 score=-30000
DEBUG: evaluate returned crazy score! stand_pat=31810
DEBUG: child returned INF! depth=1 score=-30000
DEBUG: evaluate returned crazy score! stand_pat=31815
DEBUG: child returned INF! depth=1 score=-30000
DEBUG: evaluate returned crazy score! stand_pat=31815
DEBUG: child returned INF! depth=1 score=-30000
DEBUG: evaluate returned crazy score! stand_pat=31810
DEBUG: child returned INF! depth=1 score=-30000
DEBUG: evaluate returned crazy score! stand_pat=31805
DEBUG: child returned INF! depth=1 score=-30000
DEBUG: evaluate returned crazy score! stand_pat=31770
DEBUG: child returned INF! depth=1 score=-30000
DEBUG: evaluate returned crazy score! stand_pat=31765
DEBUG: child returned INF! depth=1 score=-30000
DEBUG: evaluate returned crazy score! stand_pat=31805
DEBUG: child returned INF! depth=1 score=-30000
DEBUG: evaluate returned crazy score! stand_pat=31835
DEBUG: child returned INF! depth=1 score=-30000
DEBUG: evaluate returned crazy score! stand_pat=31835
DEBUG: child returned INF! depth=1 score=-30000
DEBUG: evaluate returned crazy score! stand_pat=31835
DEBUG: child returned INF! depth=1 score=-30000
DEBUG: evaluate returned crazy score! stand_pat=31835
DEBUG: child returned INF! depth=1 score=-30000
DEBUG: evaluate returned crazy score! stand_pat=31835
DEBUG: child returned INF! depth=1 score=-30000
DEBUG: evaluate returned crazy score! stand_pat=31835
DEBUG: child returned INF! depth=1 score=-30000
DEBUG: evaluate returned crazy score! stand_pat=31835
DEBUG: child returned INF! depth=1 score=-30000
DEBUG: evaluate returned crazy score! stand_pat=31835
DEBUG: child returned INF! depth=1 score=-30000
DEBUG: evaluate returned crazy score! stand_pat=31835
DEBUG: child returned INF! depth=1 score=-30000
DEBUG: evaluate returned crazy score! stand_pat=31835
DEBUG: child returned INF! depth=1 score=-30000
DEBUG: evaluate returned crazy score! stand_pat=31835
DEBUG: child returned INF! depth=1 score=-30000
DEBUG: evaluate returned crazy score! stand_pat=31835
DEBUG: child returned INF! depth=1 score=-30000
DEBUG: evaluate returned crazy score! stand_pat=31795
DEBUG: child returned INF! depth=1 score=-30000
DEBUG: evaluate returned crazy score! stand_pat=31795
DEBUG: child returned INF! depth=1 score=-30000
DEBUG: evaluate returned crazy score! stand_pat=31815
DEBUG: child returned INF! depth=1 score=-30000
DEBUG: evaluate returned crazy score! stand_pat=31815
DEBUG: child returned INF! depth=1 score=-30000
DEBUG: evaluate returned crazy score! stand_pat=31825
DEBUG: child returned INF! depth=1 score=-30000
DEBUG: evaluate returned crazy score! stand_pat=31835
DEBUG: child returned INF! depth=1 score=-30000
DEBUG: evaluate returned crazy score! stand_pat=31835
DEBUG: child returned INF! depth=1 score=-30000
DEBUG: negamax returning -INF! depth=1 ply=5 legal_moves=37 alpha=-30000 beta=90
DEBUG: child returned INF! depth=3 score=-30000
DEBUG: evaluate returned crazy score! stand_pat=31805
DEBUG: child returned INF! depth=1 score=-30000
DEBUG: evaluate returned crazy score! stand_pat=31770
DEBUG: child returned INF! depth=1 score=-30000
DEBUG: evaluate returned crazy score! stand_pat=31765
DEBUG: child returned INF! depth=1 score=-30000
DEBUG: evaluate returned crazy score! stand_pat=31805
DEBUG: child returned INF! depth=1 score=-30000
DEBUG: evaluate returned crazy score! stand_pat=31810
DEBUG: child returned INF! depth=1 score=-30000
DEBUG: evaluate returned crazy score! stand_pat=31805
DEBUG: child returned INF! depth=1 score=-30000
DEBUG: evaluate returned crazy score! stand_pat=31810
DEBUG: child returned INF! depth=1 score=-30000
DEBUG: evaluate returned crazy score! stand_pat=31815
DEBUG: child returned INF! depth=1 score=-30000
DEBUG: evaluate returned crazy score! stand_pat=31815
DEBUG: child returned INF! depth=1 score=-30000
DEBUG: evaluate returned crazy score! stand_pat=31810
DEBUG: child returned INF! depth=1 score=-30000
DEBUG: evaluate returned crazy score! stand_pat=31805
DEBUG: child returned INF! depth=1 score=-30000
DEBUG: evaluate returned crazy score! stand_pat=31805
DEBUG: child returned INF! depth=1 score=-30000
DEBUG: evaluate returned crazy score! stand_pat=31805
DEBUG: child returned INF! depth=1 score=-30000
DEBUG: evaluate returned crazy score! stand_pat=31805
DEBUG: child returned INF! depth=1 score=-30000
DEBUG: evaluate returned crazy score! stand_pat=31810
DEBUG: child returned INF! depth=1 score=-30000
DEBUG: evaluate returned crazy score! stand_pat=31815
DEBUG: child returned INF! depth=1 score=-30000
DEBUG: evaluate returned crazy score! stand_pat=31805
DEBUG: child returned INF! depth=1 score=-30000
DEBUG: evaluate returned crazy score! stand_pat=31795
DEBUG: child returned INF! depth=1 score=-30000
DEBUG: evaluate returned crazy score! stand_pat=31795
DEBUG: child returned INF! depth=1 score=-30000
DEBUG: evaluate returned crazy score! stand_pat=31800
DEBUG: child returned INF! depth=1 score=-30000
DEBUG: evaluate returned crazy score! stand_pat=31815
DEBUG: child returned INF! depth=1 score=-30000
DEBUG: evaluate returned crazy score! stand_pat=31770
DEBUG: child returned INF! depth=1 score=-30000
DEBUG: evaluate returned crazy score! stand_pat=31765
DEBUG: child returned INF! depth=1 score=-30000
DEBUG: evaluate returned crazy score! stand_pat=31805
DEBUG: child returned INF! depth=1 score=-30000
DEBUG: evaluate returned crazy score! stand_pat=31835
DEBUG: child returned INF! depth=1 score=-30000
DEBUG: evaluate returned crazy score! stand_pat=31835
DEBUG: child returned INF! depth=1 score=-30000
DEBUG: evaluate returned crazy score! stand_pat=31835
DEBUG: child returned INF! depth=1 score=-30000
DEBUG: evaluate returned crazy score! stand_pat=31835
DEBUG: child returned INF! depth=1 score=-30000
DEBUG: evaluate returned crazy score! stand_pat=31835
DEBUG: child returned INF! depth=1 score=-30000
DEBUG: evaluate returned crazy score! stand_pat=31835
DEBUG: child returned INF! depth=1 score=-30000
DEBUG: evaluate returned crazy score! stand_pat=31835
DEBUG: child returned INF! depth=1 score=-30000
DEBUG: evaluate returned crazy score! stand_pat=31835
DEBUG: child returned INF! depth=1 score=-30000
DEBUG: evaluate returned crazy score! stand_pat=31835
DEBUG: child returned INF! depth=1 score=-30000
DEBUG: evaluate returned crazy score! stand_pat=31835
DEBUG: child returned INF! depth=1 score=-30000
DEBUG: evaluate returned crazy score! stand_pat=31835
DEBUG: child returned INF! depth=1 score=-30000
DEBUG: evaluate returned crazy score! stand_pat=31835
DEBUG: child returned INF! depth=1 score=-30000
DEBUG: evaluate returned crazy score! stand_pat=31795
DEBUG: child returned INF! depth=1 score=-30000
DEBUG: evaluate returned crazy score! stand_pat=31795
DEBUG: child returned INF! depth=1 score=-30000
DEBUG: evaluate returned crazy score! stand_pat=31815
DEBUG: child returned INF! depth=1 score=-30000
DEBUG: evaluate returned crazy score! stand_pat=31815
DEBUG: child returned INF! depth=1 score=-30000
DEBUG: evaluate returned crazy score! stand_pat=31835
DEBUG: child returned INF! depth=1 score=-30000
DEBUG: evaluate returned crazy score! stand_pat=31835
DEBUG: child returned INF! depth=1 score=-30000
DEBUG: evaluate returned crazy score! stand_pat=31825
DEBUG: child returned INF! depth=1 score=-30000
DEBUG: negamax returning -INF! depth=1 ply=5 legal_moves=43 alpha=-30000 beta=90
DEBUG: child returned INF! depth=3 score=-30000
DEBUG: evaluate returned crazy score! stand_pat=31770
DEBUG: child returned INF! depth=1 score=-30000
DEBUG: evaluate returned crazy score! stand_pat=31765
DEBUG: child returned INF! depth=1 score=-30000
DEBUG: evaluate returned crazy score! stand_pat=31810
DEBUG: child returned INF! depth=1 score=-30000
DEBUG: evaluate returned crazy score! stand_pat=31815
DEBUG: child returned INF! depth=1 score=-30000
DEBUG: evaluate returned crazy score! stand_pat=31805
DEBUG: child returned INF! depth=1 score=-30000
DEBUG: evaluate returned crazy score! stand_pat=31795
DEBUG: child returned INF! depth=1 score=-30000
DEBUG: evaluate returned crazy score! stand_pat=31795
DEBUG: child returned INF! depth=1 score=-30000
DEBUG: evaluate returned crazy score! stand_pat=31800
DEBUG: child returned INF! depth=1 score=-30000
DEBUG: evaluate returned crazy score! stand_pat=31815
DEBUG: child returned INF! depth=1 score=-30000
DEBUG: evaluate returned crazy score! stand_pat=31805
DEBUG: child returned INF! depth=1 score=-30000
DEBUG: evaluate returned crazy score! stand_pat=31805
DEBUG: child returned INF! depth=1 score=-30000
DEBUG: evaluate returned crazy score! stand_pat=31835
DEBUG: child returned INF! depth=1 score=-30000
DEBUG: evaluate returned crazy score! stand_pat=31835
DEBUG: child returned INF! depth=1 score=-30000
DEBUG: evaluate returned crazy score! stand_pat=31835
DEBUG: child returned INF! depth=1 score=-30000
DEBUG: evaluate returned crazy score! stand_pat=31835
DEBUG: child returned INF! depth=1 score=-30000
DEBUG: evaluate returned crazy score! stand_pat=31835
DEBUG: child returned INF! depth=1 score=-30000
DEBUG: evaluate returned crazy score! stand_pat=31835
DEBUG: child returned INF! depth=1 score=-30000
DEBUG: evaluate returned crazy score! stand_pat=31815
DEBUG: child returned INF! depth=1 score=-30000
DEBUG: evaluate returned crazy score! stand_pat=31815
DEBUG: child returned INF! depth=1 score=-30000
DEBUG: evaluate returned crazy score! stand_pat=31835
DEBUG: child returned INF! depth=1 score=-30000
DEBUG: evaluate returned crazy score! stand_pat=31835
DEBUG: child returned INF! depth=1 score=-30000
DEBUG: evaluate returned crazy score! stand_pat=31835
DEBUG: child returned INF! depth=1 score=-30000
DEBUG: evaluate returned crazy score! stand_pat=31835
DEBUG: child returned INF! depth=1 score=-30000
DEBUG: evaluate returned crazy score! stand_pat=31835
DEBUG: child returned INF! depth=1 score=-30000
DEBUG: evaluate returned crazy score! stand_pat=31835
DEBUG: child returned INF! depth=1 score=-30000
DEBUG: evaluate returned crazy score! stand_pat=31835
DEBUG: child returned INF! depth=1 score=-30000
DEBUG: evaluate returned crazy score! stand_pat=31815
DEBUG: child returned INF! depth=1 score=-30000
DEBUG: negamax returning -INF! depth=1 ply=5 legal_moves=27 alpha=-30000 beta=90
DEBUG: child returned INF! depth=3 score=-30000
DEBUG: evaluate returned crazy score! stand_pat=31805
DEBUG: child returned INF! depth=1 score=-30000
DEBUG: evaluate returned crazy score! stand_pat=31770
DEBUG: child returned INF! depth=1 score=-30000
DEBUG: evaluate returned crazy score! stand_pat=31810
DEBUG: child returned INF! depth=1 score=-30000
DEBUG: evaluate returned crazy score! stand_pat=31765
DEBUG: child returned INF! depth=1 score=-30000
DEBUG: evaluate returned crazy score! stand_pat=31810
DEBUG: child returned INF! depth=1 score=-30000
DEBUG: evaluate returned crazy score! stand_pat=31815
DEBUG: child returned INF! depth=1 score=-30000
DEBUG: evaluate returned crazy score! stand_pat=31815
DEBUG: child returned INF! depth=1 score=-30000
DEBUG: evaluate returned crazy score! stand_pat=31805
DEBUG: child returned INF! depth=1 score=-30000
DEBUG: evaluate returned crazy score! stand_pat=31795
DEBUG: child returned INF! depth=1 score=-30000
DEBUG: evaluate returned crazy score! stand_pat=31795
DEBUG: child returned INF! depth=1 score=-30000
DEBUG: evaluate returned crazy score! stand_pat=31800
DEBUG: child returned INF! depth=1 score=-30000
DEBUG: evaluate returned crazy score! stand_pat=31815
DEBUG: child returned INF! depth=1 score=-30000
DEBUG: evaluate returned crazy score! stand_pat=31805
DEBUG: child returned INF! depth=1 score=-30000
DEBUG: evaluate returned crazy score! stand_pat=31765
DEBUG: child returned INF! depth=1 score=-30000
DEBUG: evaluate returned crazy score! stand_pat=31805
DEBUG: child returned INF! depth=1 score=-30000
DEBUG: evaluate returned crazy score! stand_pat=31835
DEBUG: child returned INF! depth=1 score=-30000
DEBUG: evaluate returned crazy score! stand_pat=31835
DEBUG: child returned INF! depth=1 score=-30000
DEBUG: evaluate returned crazy score! stand_pat=31835
DEBUG: child returned INF! depth=1 score=-30000
DEBUG: evaluate returned crazy score! stand_pat=31835
DEBUG: child returned INF! depth=1 score=-30000
DEBUG: evaluate returned crazy score! stand_pat=31835
DEBUG: child returned INF! depth=1 score=-30000
DEBUG: evaluate returned crazy score! stand_pat=31835
DEBUG: child returned INF! depth=1 score=-30000
DEBUG: evaluate returned crazy score! stand_pat=31815
DEBUG: child returned INF! depth=1 score=-30000
DEBUG: evaluate returned crazy score! stand_pat=31815
DEBUG: child returned INF! depth=1 score=-30000
DEBUG: evaluate returned crazy score! stand_pat=31835
DEBUG: child returned INF! depth=1 score=-30000
DEBUG: evaluate returned crazy score! stand_pat=31835
DEBUG: child returned INF! depth=1 score=-30000
DEBUG: evaluate returned crazy score! stand_pat=31835
DEBUG: child returned INF! depth=1 score=-30000
DEBUG: evaluate returned crazy score! stand_pat=31835
DEBUG: child returned INF! depth=1 score=-30000
DEBUG: evaluate returned crazy score! stand_pat=31835
DEBUG: child returned INF! depth=1 score=-30000
DEBUG: evaluate returned crazy score! stand_pat=31835
DEBUG: child returned INF! depth=1 score=-30000
DEBUG: evaluate returned crazy score! stand_pat=31835
DEBUG: child returned INF! depth=1 score=-30000
DEBUG: evaluate returned crazy score! stand_pat=31785
DEBUG: child returned INF! depth=1 score=-30000
DEBUG: negamax returning -INF! depth=1 ply=5 legal_moves=31 alpha=-30000 beta=90
DEBUG: child returned INF! depth=3 score=-30000
DEBUG: evaluate returned crazy score! stand_pat=31805
DEBUG: child returned INF! depth=1 score=-30000
DEBUG: evaluate returned crazy score! stand_pat=31770
DEBUG: child returned INF! depth=1 score=-30000
DEBUG: evaluate returned crazy score! stand_pat=31810
DEBUG: child returned INF! depth=1 score=-30000
DEBUG: evaluate returned crazy score! stand_pat=31765
DEBUG: child returned INF! depth=1 score=-30000
DEBUG: evaluate returned crazy score! stand_pat=31810
DEBUG: child returned INF! depth=1 score=-30000
DEBUG: evaluate returned crazy score! stand_pat=31815
DEBUG: child returned INF! depth=1 score=-30000
DEBUG: evaluate returned crazy score! stand_pat=31815
DEBUG: child returned INF! depth=1 score=-30000
DEBUG: evaluate returned crazy score! stand_pat=31805
DEBUG: child returned INF! depth=1 score=-30000
DEBUG: evaluate returned crazy score! stand_pat=31795
DEBUG: child returned INF! depth=1 score=-30000
DEBUG: evaluate returned crazy score! stand_pat=31795
DEBUG: child returned INF! depth=1 score=-30000
DEBUG: evaluate returned crazy score! stand_pat=31800
DEBUG: child returned INF! depth=1 score=-30000
DEBUG: evaluate returned crazy score! stand_pat=31815
DEBUG: child returned INF! depth=1 score=-30000
DEBUG: evaluate returned crazy score! stand_pat=31800
DEBUG: child returned INF! depth=1 score=-30000
DEBUG: evaluate returned crazy score! stand_pat=31815
DEBUG: child returned INF! depth=1 score=-30000
DEBUG: evaluate returned crazy score! stand_pat=31805
DEBUG: child returned INF! depth=1 score=-30000
DEBUG: evaluate returned crazy score! stand_pat=31765
DEBUG: child returned INF! depth=1 score=-30000
DEBUG: evaluate returned crazy score! stand_pat=31805
DEBUG: child returned INF! depth=1 score=-30000
DEBUG: evaluate returned crazy score! stand_pat=31835
DEBUG: child returned INF! depth=1 score=-30000
DEBUG: evaluate returned crazy score! stand_pat=31835
DEBUG: child returned INF! depth=1 score=-30000
DEBUG: evaluate returned crazy score! stand_pat=31835
DEBUG: child returned INF! depth=1 score=-30000
DEBUG: evaluate returned crazy score! stand_pat=31835
DEBUG: child returned INF! depth=1 score=-30000
DEBUG: evaluate returned crazy score! stand_pat=31835
DEBUG: child returned INF! depth=1 score=-30000
DEBUG: evaluate returned crazy score! stand_pat=31835
DEBUG: child returned INF! depth=1 score=-30000
DEBUG: evaluate returned crazy score! stand_pat=31815
DEBUG: child returned INF! depth=1 score=-30000
DEBUG: evaluate returned crazy score! stand_pat=31815
DEBUG: child returned INF! depth=1 score=-30000
DEBUG: evaluate returned crazy score! stand_pat=31835
DEBUG: child returned INF! depth=1 score=-30000
DEBUG: evaluate returned crazy score! stand_pat=31835
DEBUG: child returned INF! depth=1 score=-30000
DEBUG: evaluate returned crazy score! stand_pat=31835
DEBUG: child returned INF! depth=1 score=-30000
DEBUG: evaluate returned crazy score! stand_pat=31835
DEBUG: child returned INF! depth=1 score=-30000
DEBUG: evaluate returned crazy score! stand_pat=31835
DEBUG: child returned INF! depth=1 score=-30000
DEBUG: evaluate returned crazy score! stand_pat=31835
DEBUG: child returned INF! depth=1 score=-30000
DEBUG: evaluate returned crazy score! stand_pat=31835
DEBUG: child returned INF! depth=1 score=-30000
DEBUG: evaluate returned crazy score! stand_pat=31815
DEBUG: child returned INF! depth=1 score=-30000
DEBUG: negamax returning -INF! depth=1 ply=5 legal_moves=33 alpha=-30000 beta=90
DEBUG: child returned INF! depth=3 score=-30000
DEBUG: evaluate returned crazy score! stand_pat=31540
DEBUG: child returned INF! depth=1 score=-30000
DEBUG: evaluate returned crazy score! stand_pat=31870
DEBUG: child returned INF! depth=1 score=-30000
DEBUG: evaluate returned crazy score! stand_pat=31835
DEBUG: child returned INF! depth=1 score=-30000
DEBUG: evaluate returned crazy score! stand_pat=31875
DEBUG: child returned INF! depth=1 score=-30000
DEBUG: evaluate returned crazy score! stand_pat=31830
DEBUG: child returned INF! depth=1 score=-30000
DEBUG: evaluate returned crazy score! stand_pat=31880
DEBUG: child returned INF! depth=1 score=-30000
DEBUG: evaluate returned crazy score! stand_pat=31870
DEBUG: child returned INF! depth=1 score=-30000
DEBUG: evaluate returned crazy score! stand_pat=31860
DEBUG: child returned INF! depth=1 score=-30000
DEBUG: evaluate returned crazy score! stand_pat=31860
DEBUG: child returned INF! depth=1 score=-30000
DEBUG: evaluate returned crazy score! stand_pat=31865
DEBUG: child returned INF! depth=1 score=-30000
DEBUG: evaluate returned crazy score! stand_pat=31880
DEBUG: child returned INF! depth=1 score=-30000
DEBUG: evaluate returned crazy score! stand_pat=31865
DEBUG: child returned INF! depth=1 score=-30000
DEBUG: evaluate returned crazy score! stand_pat=31880
DEBUG: child returned INF! depth=1 score=-30000
DEBUG: evaluate returned crazy score! stand_pat=31870
DEBUG: child returned INF! depth=1 score=-30000
DEBUG: evaluate returned crazy score! stand_pat=31830
DEBUG: child returned INF! depth=1 score=-30000
DEBUG: evaluate returned crazy score! stand_pat=31870
DEBUG: child returned INF! depth=1 score=-30000
DEBUG: evaluate returned crazy score! stand_pat=31900
DEBUG: child returned INF! depth=1 score=-30000
DEBUG: evaluate returned crazy score! stand_pat=31900
DEBUG: child returned INF! depth=1 score=-30000
DEBUG: evaluate returned crazy score! stand_pat=31900
DEBUG: child returned INF! depth=1 score=-30000
DEBUG: evaluate returned crazy score! stand_pat=31900
DEBUG: child returned INF! depth=1 score=-30000
DEBUG: evaluate returned crazy score! stand_pat=31900
DEBUG: child returned INF! depth=1 score=-30000
DEBUG: evaluate returned crazy score! stand_pat=31900
DEBUG: child returned INF! depth=1 score=-30000
DEBUG: evaluate returned crazy score! stand_pat=31880
DEBUG: child returned INF! depth=1 score=-30000
DEBUG: evaluate returned crazy score! stand_pat=31900
DEBUG: child returned INF! depth=1 score=-30000
DEBUG: evaluate returned crazy score! stand_pat=31900
DEBUG: child returned INF! depth=1 score=-30000
DEBUG: evaluate returned crazy score! stand_pat=31900
DEBUG: child returned INF! depth=1 score=-30000
DEBUG: evaluate returned crazy score! stand_pat=31900
DEBUG: child returned INF! depth=1 score=-30000
DEBUG: evaluate returned crazy score! stand_pat=31900
DEBUG: child returned INF! depth=1 score=-30000
DEBUG: evaluate returned crazy score! stand_pat=31900
DEBUG: child returned INF! depth=1 score=-30000
DEBUG: evaluate returned crazy score! stand_pat=31900
DEBUG: child returned INF! depth=1 score=-30000
DEBUG: negamax returning -INF! depth=1 ply=5 legal_moves=30 alpha=-30000 beta=90
DEBUG: child returned INF! depth=3 score=-30000
DEBUG: evaluate returned crazy score! stand_pat=31565
DEBUG: child returned INF! depth=1 score=-30000
DEBUG: evaluate returned crazy score! stand_pat=31535
DEBUG: child returned INF! depth=1 score=-30000
DEBUG: evaluate returned crazy score! stand_pat=31550
DEBUG: child returned INF! depth=1 score=-30000
DEBUG: evaluate returned crazy score! stand_pat=31855
DEBUG: child returned INF! depth=1 score=-30000
DEBUG: evaluate returned crazy score! stand_pat=31820
DEBUG: child returned INF! depth=1 score=-30000
DEBUG: evaluate returned crazy score! stand_pat=31865
DEBUG: child returned INF! depth=1 score=-30000
DEBUG: evaluate returned crazy score! stand_pat=31865
DEBUG: child returned INF! depth=1 score=-30000
DEBUG: evaluate returned crazy score! stand_pat=31855
DEBUG: child returned INF! depth=1 score=-30000
DEBUG: evaluate returned crazy score! stand_pat=31845
DEBUG: child returned INF! depth=1 score=-30000
DEBUG: evaluate returned crazy score! stand_pat=31845
DEBUG: child returned INF! depth=1 score=-30000
DEBUG: evaluate returned crazy score! stand_pat=31850
DEBUG: child returned INF! depth=1 score=-30000
DEBUG: evaluate returned crazy score! stand_pat=31865
DEBUG: child returned INF! depth=1 score=-30000
DEBUG: evaluate returned crazy score! stand_pat=31860
DEBUG: child returned INF! depth=1 score=-30000
DEBUG: evaluate returned crazy score! stand_pat=31815
DEBUG: child returned INF! depth=1 score=-30000
DEBUG: evaluate returned crazy score! stand_pat=31815
DEBUG: child returned INF! depth=1 score=-30000
DEBUG: evaluate returned crazy score! stand_pat=31870
DEBUG: child returned INF! depth=1 score=-30000
DEBUG: evaluate returned crazy score! stand_pat=31860
DEBUG: child returned INF! depth=1 score=-30000
DEBUG: evaluate returned crazy score! stand_pat=31885
DEBUG: child returned INF! depth=1 score=-30000
DEBUG: evaluate returned crazy score! stand_pat=31885
DEBUG: child returned INF! depth=1 score=-30000
DEBUG: evaluate returned crazy score! stand_pat=31885
DEBUG: child returned INF! depth=1 score=-30000
DEBUG: evaluate returned crazy score! stand_pat=31885
DEBUG: child returned INF! depth=1 score=-30000
DEBUG: evaluate returned crazy score! stand_pat=31885
DEBUG: child returned INF! depth=1 score=-30000
DEBUG: evaluate returned crazy score! stand_pat=31885
DEBUG: child returned INF! depth=1 score=-30000
DEBUG: evaluate returned crazy score! stand_pat=31865
DEBUG: child returned INF! depth=1 score=-30000
DEBUG: evaluate returned crazy score! stand_pat=31865
DEBUG: child returned INF! depth=1 score=-30000
DEBUG: evaluate returned crazy score! stand_pat=31885
DEBUG: child returned INF! depth=1 score=-30000
DEBUG: evaluate returned crazy score! stand_pat=31885
DEBUG: child returned INF! depth=1 score=-30000
DEBUG: evaluate returned crazy score! stand_pat=31885
DEBUG: child returned INF! depth=1 score=-30000
DEBUG: evaluate returned crazy score! stand_pat=31885
DEBUG: child returned INF! depth=1 score=-30000
DEBUG: evaluate returned crazy score! stand_pat=31885
DEBUG: child returned INF! depth=1 score=-30000
DEBUG: evaluate returned crazy score! stand_pat=31885
DEBUG: child returned INF! depth=1 score=-30000
DEBUG: evaluate returned crazy score! stand_pat=31885
DEBUG: child returned INF! depth=1 score=-30000
DEBUG: evaluate returned crazy score! stand_pat=31855
DEBUG: child returned INF! depth=1 score=-30000
DEBUG: negamax returning -INF! depth=1 ply=5 legal_moves=33 alpha=-30000 beta=90
DEBUG: child returned INF! depth=3 score=-30000
DEBUG: evaluate returned crazy score! stand_pat=31805
DEBUG: child returned INF! depth=1 score=-30000
DEBUG: evaluate returned crazy score! stand_pat=31770
DEBUG: child returned INF! depth=1 score=-30000
DEBUG: evaluate returned crazy score! stand_pat=31810
DEBUG: child returned INF! depth=1 score=-30000
DEBUG: evaluate returned crazy score! stand_pat=31765
DEBUG: child returned INF! depth=1 score=-30000
DEBUG: evaluate returned crazy score! stand_pat=31810
DEBUG: child returned INF! depth=1 score=-30000
DEBUG: evaluate returned crazy score! stand_pat=31815
DEBUG: child returned INF! depth=1 score=-30000
DEBUG: evaluate returned crazy score! stand_pat=31815
DEBUG: child returned INF! depth=1 score=-30000
DEBUG: evaluate returned crazy score! stand_pat=31805
DEBUG: child returned INF! depth=1 score=-30000
DEBUG: evaluate returned crazy score! stand_pat=31795
DEBUG: child returned INF! depth=1 score=-30000
DEBUG: evaluate returned crazy score! stand_pat=31795
DEBUG: child returned INF! depth=1 score=-30000
DEBUG: evaluate returned crazy score! stand_pat=31800
DEBUG: child returned INF! depth=1 score=-30000
DEBUG: evaluate returned crazy score! stand_pat=31815
DEBUG: child returned INF! depth=1 score=-30000
DEBUG: evaluate returned crazy score! stand_pat=31805
DEBUG: child returned INF! depth=1 score=-30000
DEBUG: evaluate returned crazy score! stand_pat=31765
DEBUG: child returned INF! depth=1 score=-30000
DEBUG: evaluate returned crazy score! stand_pat=31805
DEBUG: child returned INF! depth=1 score=-30000
DEBUG: evaluate returned crazy score! stand_pat=31820
DEBUG: child returned INF! depth=1 score=-30000
DEBUG: evaluate returned crazy score! stand_pat=31820
DEBUG: child returned INF! depth=1 score=-30000
DEBUG: evaluate returned crazy score! stand_pat=31835
DEBUG: child returned INF! depth=1 score=-30000
DEBUG: evaluate returned crazy score! stand_pat=31835
DEBUG: child returned INF! depth=1 score=-30000
DEBUG: evaluate returned crazy score! stand_pat=31835
DEBUG: child returned INF! depth=1 score=-30000
DEBUG: evaluate returned crazy score! stand_pat=31835
DEBUG: child returned INF! depth=1 score=-30000
DEBUG: evaluate returned crazy score! stand_pat=31835
DEBUG: child returned INF! depth=1 score=-30000
DEBUG: evaluate returned crazy score! stand_pat=31835
DEBUG: child returned INF! depth=1 score=-30000
DEBUG: evaluate returned crazy score! stand_pat=31815
DEBUG: child returned INF! depth=1 score=-30000
DEBUG: evaluate returned crazy score! stand_pat=31815
DEBUG: child returned INF! depth=1 score=-30000
DEBUG: evaluate returned crazy score! stand_pat=31835
DEBUG: child returned INF! depth=1 score=-30000
DEBUG: evaluate returned crazy score! stand_pat=31835
DEBUG: child returned INF! depth=1 score=-30000
DEBUG: evaluate returned crazy score! stand_pat=31835
DEBUG: child returned INF! depth=1 score=-30000
DEBUG: evaluate returned crazy score! stand_pat=31835
DEBUG: child returned INF! depth=1 score=-30000
DEBUG: evaluate returned crazy score! stand_pat=31835
DEBUG: child returned INF! depth=1 score=-30000
DEBUG: evaluate returned crazy score! stand_pat=31835
DEBUG: child returned INF! depth=1 score=-30000
DEBUG: evaluate returned crazy score! stand_pat=31835
DEBUG: child returned INF! depth=1 score=-30000
DEBUG: evaluate returned crazy score! stand_pat=31790
DEBUG: child returned INF! depth=1 score=-30000
DEBUG: negamax returning -INF! depth=1 ply=5 legal_moves=33 alpha=-30000 beta=90
DEBUG: child returned INF! depth=3 score=-30000
DEBUG: negamax returning -INF! depth=3 ply=3 legal_moves=32 alpha=-30000 beta=90
DEBUG: child returned INF! depth=5 score=-30000
DEBUG: negamax returning -INF! depth=5 ply=1 legal_moves=4 alpha=-30000 beta=90
info string Move d8d2 score 30000
DEBUG: evaluate returned crazy score! stand_pat=31740
DEBUG: child returned INF! depth=1 score=-30000
DEBUG: negamax returning -INF! depth=1 ply=5 legal_moves=1 alpha=-30000 beta=-30000
DEBUG: child returned INF! depth=3 score=-30000
DEBUG: negamax returning -INF! depth=3 ply=3 legal_moves=1 alpha=-30000 beta=-30000
DEBUG: child returned INF! depth=5 score=-30000
DEBUG: negamax returning -INF! depth=5 ply=1 legal_moves=1 alpha=-30000 beta=-30000
info string Move b7b5 score 30000
DEBUG: evaluate returned crazy score! stand_pat=31760
DEBUG: child returned INF! depth=1 score=-30000
DEBUG: negamax returning -INF! depth=1 ply=5 legal_moves=1 alpha=-30000 beta=-30000
DEBUG: child returned INF! depth=3 score=-30000
DEBUG: negamax returning -INF! depth=3 ply=3 legal_moves=1 alpha=-30000 beta=-30000
DEBUG: child returned INF! depth=5 score=-30000
DEBUG: negamax returning -INF! depth=5 ply=1 legal_moves=1 alpha=-30000 beta=-30000
info string Move b7b6 score 30000
DEBUG: evaluate returned crazy score! stand_pat=32510
DEBUG: child returned INF! depth=1 score=-30000
DEBUG: negamax returning -INF! depth=1 ply=5 legal_moves=1 alpha=-30000 beta=-30000
DEBUG: child returned INF! depth=3 score=-30000
DEBUG: negamax returning -INF! depth=3 ply=3 legal_moves=1 alpha=-30000 beta=-30000
DEBUG: child returned INF! depth=5 score=-30000
DEBUG: negamax returning -INF! depth=5 ply=1 legal_moves=1 alpha=-30000 beta=-30000
info string Move e7e6 score 30000
DEBUG: evaluate returned crazy score! stand_pat=32520
DEBUG: child returned INF! depth=1 score=-30000
DEBUG: negamax returning -INF! depth=1 ply=5 legal_moves=1 alpha=-30000 beta=-30000
DEBUG: child returned INF! depth=3 score=-30000
DEBUG: negamax returning -INF! depth=3 ply=3 legal_moves=1 alpha=-30000 beta=-30000
DEBUG: child returned INF! depth=5 score=-30000
DEBUG: negamax returning -INF! depth=5 ply=1 legal_moves=1 alpha=-30000 beta=-30000
info string Move e7e5 score 30000
DEBUG: evaluate returned crazy score! stand_pat=32460
DEBUG: child returned INF! depth=1 score=-30000
DEBUG: negamax returning -INF! depth=1 ply=5 legal_moves=1 alpha=-30000 beta=-30000
DEBUG: child returned INF! depth=3 score=-30000
DEBUG: negamax returning -INF! depth=3 ply=3 legal_moves=1 alpha=-30000 beta=-30000
DEBUG: child returned INF! depth=5 score=-30000
DEBUG: negamax returning -INF! depth=5 ply=1 legal_moves=1 alpha=-30000 beta=-30000
info string Move f7f6 score 30000
DEBUG: evaluate returned crazy score! stand_pat=32460
DEBUG: child returned INF! depth=1 score=-30000
DEBUG: negamax returning -INF! depth=1 ply=5 legal_moves=1 alpha=-30000 beta=-30000
DEBUG: child returned INF! depth=3 score=-30000
DEBUG: negamax returning -INF! depth=3 ply=3 legal_moves=1 alpha=-30000 beta=-30000
DEBUG: child returned INF! depth=5 score=-30000
DEBUG: negamax returning -INF! depth=5 ply=1 legal_moves=1 alpha=-30000 beta=-30000
info string Move f7f5 score 30000
DEBUG: evaluate returned crazy score! stand_pat=32460
DEBUG: child returned INF! depth=1 score=-30000
DEBUG: negamax returning -INF! depth=1 ply=5 legal_moves=1 alpha=-30000 beta=-30000
DEBUG: child returned INF! depth=3 score=-30000
DEBUG: negamax returning -INF! depth=3 ply=3 legal_moves=1 alpha=-30000 beta=-30000
DEBUG: child returned INF! depth=5 score=-30000
DEBUG: negamax returning -INF! depth=5 ply=1 legal_moves=1 alpha=-30000 beta=-30000
info string Move g7g6 score 30000
DEBUG: evaluate returned crazy score! stand_pat=32460
DEBUG: child returned INF! depth=1 score=-30000
DEBUG: negamax returning -INF! depth=1 ply=5 legal_moves=1 alpha=-30000 beta=-30000
DEBUG: child returned INF! depth=3 score=-30000
DEBUG: negamax returning -INF! depth=3 ply=3 legal_moves=1 alpha=-30000 beta=-30000
DEBUG: child returned INF! depth=5 score=-30000
DEBUG: negamax returning -INF! depth=5 ply=1 legal_moves=1 alpha=-30000 beta=-30000
info string Move g7g5 score 30000
DEBUG: evaluate returned crazy score! stand_pat=32460
DEBUG: child returned INF! depth=1 score=-30000
DEBUG: negamax returning -INF! depth=1 ply=5 legal_moves=1 alpha=-30000 beta=-30000
DEBUG: child returned INF! depth=3 score=-30000
DEBUG: negamax returning -INF! depth=3 ply=3 legal_moves=1 alpha=-30000 beta=-30000
DEBUG: child returned INF! depth=5 score=-30000
DEBUG: negamax returning -INF! depth=5 ply=1 legal_moves=1 alpha=-30000 beta=-30000
info string Move h7h6 score 30000
DEBUG: evaluate returned crazy score! stand_pat=33260
DEBUG: child returned INF! depth=1 score=-30000
DEBUG: negamax returning -INF! depth=1 ply=5 legal_moves=1 alpha=-30000 beta=-30000
DEBUG: child returned INF! depth=3 score=-30000
DEBUG: negamax returning -INF! depth=3 ply=3 legal_moves=1 alpha=-30000 beta=-30000
DEBUG: child returned INF! depth=5 score=-30000
DEBUG: negamax returning -INF! depth=5 ply=1 legal_moves=1 alpha=-30000 beta=-30000
info string Move h7h5 score 30000
DEBUG: evaluate returned crazy score! stand_pat=31590
DEBUG: child returned INF! depth=1 score=-30000
DEBUG: negamax returning -INF! depth=1 ply=5 legal_moves=1 alpha=-30000 beta=-30000
DEBUG: child returned INF! depth=3 score=-30000
DEBUG: negamax returning -INF! depth=3 ply=3 legal_moves=1 alpha=-30000 beta=-30000
DEBUG: child returned INF! depth=5 score=-30000
DEBUG: negamax returning -INF! depth=5 ply=1 legal_moves=1 alpha=-30000 beta=-30000
info string Move b8a6 score 30000
DEBUG: evaluate returned crazy score! stand_pat=32460
DEBUG: child returned INF! depth=1 score=-30000
DEBUG: negamax returning -INF! depth=1 ply=5 legal_moves=1 alpha=-30000 beta=-30000
DEBUG: child returned INF! depth=3 score=-30000
DEBUG: negamax returning -INF! depth=3 ply=3 legal_moves=1 alpha=-30000 beta=-30000
DEBUG: child returned INF! depth=5 score=-30000
DEBUG: negamax returning -INF! depth=5 ply=1 legal_moves=1 alpha=-30000 beta=-30000
info string Move a7a5 score 30000
DEBUG: evaluate returned crazy score! stand_pat=32300
DEBUG: child returned INF! depth=1 score=-30000
DEBUG: negamax returning -INF! depth=1 ply=5 legal_moves=1 alpha=-30000 beta=-30000
DEBUG: child returned INF! depth=3 score=-30000
DEBUG: negamax returning -INF! depth=3 ply=3 legal_moves=1 alpha=-30000 beta=-30000
DEBUG: child returned INF! depth=5 score=-30000
DEBUG: negamax returning -INF! depth=5 ply=1 legal_moves=1 alpha=-30000 beta=-30000
info string Move b8d7 score 30000
DEBUG: evaluate returned crazy score! stand_pat=32295
DEBUG: child returned INF! depth=1 score=-30000
DEBUG: negamax returning -INF! depth=1 ply=5 legal_moves=1 alpha=-30000 beta=-30000
DEBUG: child returned INF! depth=3 score=-30000
DEBUG: negamax returning -INF! depth=3 ply=3 legal_moves=1 alpha=-30000 beta=-30000
DEBUG: child returned INF! depth=5 score=-30000
DEBUG: negamax returning -INF! depth=5 ply=1 legal_moves=1 alpha=-30000 beta=-30000
info string Move c8d7 score 30000
DEBUG: evaluate returned crazy score! stand_pat=31280
DEBUG: child returned INF! depth=1 score=-30000
DEBUG: negamax returning -INF! depth=1 ply=5 legal_moves=1 alpha=-30000 beta=-30000
DEBUG: child returned INF! depth=3 score=-30000
DEBUG: negamax returning -INF! depth=3 ply=3 legal_moves=1 alpha=-30000 beta=-30000
DEBUG: child returned INF! depth=5 score=-30000
DEBUG: negamax returning -INF! depth=5 ply=1 legal_moves=1 alpha=-30000 beta=-30000
info string Move c8e6 score 30000
DEBUG: evaluate returned crazy score! stand_pat=32025
DEBUG: child returned INF! depth=1 score=-30000
DEBUG: negamax returning -INF! depth=1 ply=5 legal_moves=1 alpha=-30000 beta=-30000
DEBUG: child returned INF! depth=3 score=-30000
DEBUG: negamax returning -INF! depth=3 ply=3 legal_moves=1 alpha=-30000 beta=-30000
DEBUG: child returned INF! depth=5 score=-30000
DEBUG: negamax returning -INF! depth=5 ply=1 legal_moves=1 alpha=-30000 beta=-30000
info string Move c8f5 score 30000
DEBUG: evaluate returned crazy score! stand_pat=33260
DEBUG: child returned INF! depth=1 score=-30000
DEBUG: negamax returning -INF! depth=1 ply=5 legal_moves=1 alpha=-30000 beta=-30000
DEBUG: child returned INF! depth=3 score=-30000
DEBUG: negamax returning -INF! depth=3 ply=3 legal_moves=1 alpha=-30000 beta=-30000
DEBUG: child returned INF! depth=5 score=-30000
DEBUG: negamax returning -INF! depth=5 ply=1 legal_moves=1 alpha=-30000 beta=-30000
info string Move c8g4 score 30000
DEBUG: evaluate returned crazy score! stand_pat=31570
DEBUG: child returned INF! depth=1 score=-30000
DEBUG: negamax returning -INF! depth=1 ply=5 legal_moves=1 alpha=-30000 beta=-30000
DEBUG: child returned INF! depth=3 score=-30000
DEBUG: negamax returning -INF! depth=3 ply=3 legal_moves=1 alpha=-30000 beta=-30000
DEBUG: child returned INF! depth=5 score=-30000
DEBUG: negamax returning -INF! depth=5 ply=1 legal_moves=1 alpha=-30000 beta=-30000
info string Move c8h3 score 30000
DEBUG: evaluate returned crazy score! stand_pat=32690
DEBUG: child returned INF! depth=1 score=-30000
DEBUG: negamax returning -INF! depth=1 ply=5 legal_moves=1 alpha=-30000 beta=-30000
DEBUG: child returned INF! depth=3 score=-30000
DEBUG: negamax returning -INF! depth=3 ply=3 legal_moves=1 alpha=-30000 beta=-30000
DEBUG: child returned INF! depth=5 score=-30000
DEBUG: negamax returning -INF! depth=5 ply=1 legal_moves=1 alpha=-30000 beta=-30000
info string Move d8c7 score 30000
DEBUG: evaluate returned crazy score! stand_pat=32690
DEBUG: child returned INF! depth=1 score=-30000
DEBUG: negamax returning -INF! depth=1 ply=5 legal_moves=1 alpha=-30000 beta=-30000
DEBUG: child returned INF! depth=3 score=-30000
DEBUG: negamax returning -INF! depth=3 ply=3 legal_moves=1 alpha=-30000 beta=-30000
DEBUG: child returned INF! depth=5 score=-30000
DEBUG: negamax returning -INF! depth=5 ply=1 legal_moves=1 alpha=-30000 beta=-30000
info string Move d8b6 score 30000
DEBUG: evaluate returned crazy score! stand_pat=32685
DEBUG: child returned INF! depth=1 score=-30000
DEBUG: negamax returning -INF! depth=1 ply=5 legal_moves=1 alpha=-30000 beta=-30000
DEBUG: child returned INF! depth=3 score=-30000
DEBUG: negamax returning -INF! depth=3 ply=3 legal_moves=1 alpha=-30000 beta=-30000
DEBUG: child returned INF! depth=5 score=-30000
DEBUG: negamax returning -INF! depth=5 ply=1 legal_moves=1 alpha=-30000 beta=-30000
info string Move d8a5 score 30000
DEBUG: evaluate returned crazy score! stand_pat=31920
DEBUG: child returned INF! depth=1 score=-30000
DEBUG: negamax returning -INF! depth=1 ply=5 legal_moves=1 alpha=-30000 beta=-30000
DEBUG: child returned INF! depth=3 score=-30000
DEBUG: negamax returning -INF! depth=3 ply=3 legal_moves=1 alpha=-30000 beta=-30000
DEBUG: child returned INF! depth=5 score=-30000
DEBUG: negamax returning -INF! depth=5 ply=1 legal_moves=1 alpha=-30000 beta=-30000
info string Move d8d7 score 30000
DEBUG: evaluate returned crazy score! stand_pat=32690
DEBUG: child returned INF! depth=1 score=-30000
DEBUG: negamax returning -INF! depth=1 ply=5 legal_moves=1 alpha=-30000 beta=-30000
DEBUG: child returned INF! depth=3 score=-30000
DEBUG: negamax returning -INF! depth=3 ply=3 legal_moves=1 alpha=-30000 beta=-30000
DEBUG: child returned INF! depth=5 score=-30000
DEBUG: negamax returning -INF! depth=5 ply=1 legal_moves=1 alpha=-30000 beta=-30000
info string Move d8d6 score 30000
DEBUG: evaluate returned crazy score! stand_pat=32120
DEBUG: child returned INF! depth=1 score=-30000
DEBUG: negamax returning -INF! depth=1 ply=5 legal_moves=1 alpha=-30000 beta=-30000
DEBUG: child returned INF! depth=3 score=-30000
DEBUG: negamax returning -INF! depth=3 ply=3 legal_moves=1 alpha=-30000 beta=-30000
DEBUG: child returned INF! depth=5 score=-30000
DEBUG: negamax returning -INF! depth=5 ply=1 legal_moves=1 alpha=-30000 beta=-30000
info string Move d8d5 score 30000
DEBUG: evaluate returned crazy score! stand_pat=32690
DEBUG: child returned INF! depth=1 score=-30000
DEBUG: negamax returning -INF! depth=1 ply=5 legal_moves=1 alpha=-30000 beta=-30000
DEBUG: child returned INF! depth=3 score=-30000
DEBUG: negamax returning -INF! depth=3 ply=3 legal_moves=1 alpha=-30000 beta=-30000
DEBUG: child returned INF! depth=5 score=-30000
DEBUG: negamax returning -INF! depth=5 ply=1 legal_moves=1 alpha=-30000 beta=-30000
info string Move d8d4 score 30000
DEBUG: evaluate returned crazy score! stand_pat=31845
DEBUG: child returned INF! depth=1 score=-30000
DEBUG: negamax returning -INF! depth=1 ply=5 legal_moves=1 alpha=-30000 beta=-30000
DEBUG: child returned INF! depth=3 score=-30000
DEBUG: negamax returning -INF! depth=3 ply=3 legal_moves=1 alpha=-30000 beta=-30000
DEBUG: child returned INF! depth=5 score=-30000
DEBUG: negamax returning -INF! depth=5 ply=1 legal_moves=1 alpha=-30000 beta=-30000
info string Move d8d3 score 30000
DEBUG: evaluate returned crazy score! stand_pat=32935
DEBUG: child returned INF! depth=1 score=-30000
DEBUG: negamax returning -INF! depth=1 ply=5 legal_moves=1 alpha=-30000 beta=-30000
DEBUG: child returned INF! depth=3 score=-30000
DEBUG: negamax returning -INF! depth=3 ply=3 legal_moves=1 alpha=-30000 beta=-30000
DEBUG: child returned INF! depth=5 score=-30000
DEBUG: negamax returning -INF! depth=5 ply=1 legal_moves=1 alpha=-30000 beta=-30000
info string Move a7a6 score 30000
DEBUG: evaluate returned crazy score! stand_pat=32730
DEBUG: child returned INF! depth=1 score=-30000
DEBUG: negamax returning -INF! depth=1 ply=5 legal_moves=1 alpha=-30000 beta=-30000
DEBUG: child returned INF! depth=3 score=-30000
DEBUG: negamax returning -INF! depth=3 ply=3 legal_moves=1 alpha=-30000 beta=-30000
DEBUG: child returned INF! depth=5 score=-30000
DEBUG: negamax returning -INF! depth=5 ply=1 legal_moves=1 alpha=-30000 beta=-30000
info string Move g8f6 score 30000
DEBUG: evaluate returned crazy score! stand_pat=32690
DEBUG: child returned INF! depth=1 score=-30000
DEBUG: negamax returning -INF! depth=1 ply=5 legal_moves=1 alpha=-30000 beta=-30000
DEBUG: child returned INF! depth=3 score=-30000
DEBUG: negamax returning -INF! depth=3 ply=3 legal_moves=1 alpha=-30000 beta=-30000
DEBUG: child returned INF! depth=5 score=-30000
DEBUG: negamax returning -INF! depth=5 ply=1 legal_moves=1 alpha=-30000 beta=-30000
info string Move g8h6 score 30000
bestmove d8d2
