DEBUG:root:>>> uci 
DEBUG:root:>>> isready 
DEBUG:root:>>> ucinewgame 
DEBUG:root:>>> position fen rnbqkbnr/pppppppp/8/8/8/8/PPPPPPPP/RNBQKBNR w KQkq - 0 1 
DEBUG:root:>>> position startpos moves e2e4 
DEBUG:root:>>> go depth 6 
DEBUG:root:>>> uci 
DEBUG:root:>>> isready 
DEBUG:root:>>> ucinewgame 
DEBUG:root:>>> position fen rnbqkbnr/pppppppp/8/8/8/8/PPPPPPPP/RNBQKBNR w KQkq - 0 1 
DEBUG:root:>>> uci 
DEBUG:root:>>> isready 
DEBUG:root:>>> ucinewgame 
DEBUG:root:>>> position fen rnbqkbnr/pppppppp/8/8/8/8/PPPPPPPP/RNBQKBNR w KQkq - 0 1 
DEBUG:root:>>> position startpos moves e2e4 
DEBUG:root:>>> go depth 6 
DEBUG:root:>>> uci 
DEBUG:root:>>> isready 
DEBUG:root:>>> ucinewgame 
DEBUG:root:>>> position fen rnbqkbnr/pppppppp/8/8/8/8/PPPPPPPP/RNBQKBNR w KQkq - 0 1 
DEBUG:root:>>> position startpos moves e2e4 
DEBUG:root:>>> go depth 6 
DEBUG:root:>>> position startpos moves e2e4 d7d5 e4d5 
DEBUG:root:>>> go depth 6 
DEBUG:root:>>> position startpos moves e2e4 d7d5 e4d5 d8d5 g1e2 
DEBUG:root:>>> go depth 6 
DEBUG:root:>>> position startpos moves e2e4 d7d5 e4d5 d8d5 g1e2 e7e5 b1c3 
DEBUG:root:>>> go depth 6 
DEBUG:root:>>> position startpos moves e2e4 d7d5 e4d5 d8d5 g1e2 e7e5 b1c3 d5e6 d2d4 
DEBUG:root:>>> go depth 6 
DEBUG:root:>>> position startpos moves e2e4 d7d5 e4d5 d8d5 g1e2 e7e5 b1c3 d5e6 d2d4 e5d4 c3b5 
DEBUG:root:>>> go depth 6 
DEBUG:root:>>> position startpos moves e2e4 d7d5 e4d5 d8d5 g1e2 e7e5 b1c3 d5e6 d2d4 e5d4 c3b5 f8b4 c2c3 
DEBUG:root:>>> go depth 6 
DEBUG:root:>>> position startpos moves e2e4 d7d5 e4d5 d8d5 g1e2 e7e5 b1c3 d5e6 d2d4 e5d4 c3b5 f8b4 c2c3 b4a5 b5d4 
DEBUG:root:>>> go depth 6 
DEBUG:root:>>> position startpos moves e2e4 d7d5 e4d5 d8d5 g1e2 e7e5 b1c3 d5e6 d2d4 e5d4 c3b5 f8b4 c2c3 b4a5 b5d4 e6d7 c1e3 
DEBUG:root:>>> go depth 6 
DEBUG:root:>>> position startpos moves e2e4 d7d5 e4d5 d8d5 g1e2 e7e5 b1c3 d5e6 d2d4 e5d4 c3b5 f8b4 c2c3 b4a5 b5d4 e6d7 c1e3 g8f6 e2f4 
DEBUG:root:>>> go depth 6 
DEBUG:root:>>> position startpos moves e2e4 d7d5 e4d5 d8d5 g1e2 e7e5 b1c3 d5e6 d2d4 e5d4 c3b5 f8b4 c2c3 b4a5 b5d4 e6d7 c1e3 g8f6 e2f4 b8c6 f1b5 
DEBUG:root:>>> go depth 6 
DEBUG:root:>>> position startpos moves e2e4 d7d5 e4d5 d8d5 g1e2 e7e5 b1c3 d5e6 d2d4 e5d4 c3b5 f8b4 c2c3 b4a5 b5d4 e6d7 c1e3 g8f6 e2f4 b8c6 f1b5 e8g8 d1a4 
DEBUG:root:>>> go depth 6 
DEBUG:root:>>> position startpos moves e2e4 d7d5 e4d5 d8d5 g1e2 e7e5 b1c3 d5e6 d2d4 e5d4 c3b5 f8b4 c2c3 b4a5 b5d4 e6d7 c1e3 g8f6 e2f4 b8c6 f1b5 e8g8 d1a4 a5b6 d4c6 
DEBUG:root:>>> go depth 6 
DEBUG:root:>>> position startpos moves e2e4 d7d5 e4d5 d8d5 g1e2 e7e5 b1c3 d5e6 d2d4 e5d4 c3b5 f8b4 c2c3 b4a5 b5d4 e6d7 c1e3 g8f6 e2f4 b8c6 f1b5 e8g8 d1a4 a5b6 d4c6 b6e3 f2e3 
DEBUG:root:>>> go depth 6 
DEBUG:root:>>> position startpos moves e2e4 d7d5 e4d5 d8d5 g1e2 e7e5 b1c3 d5e6 d2d4 e5d4 c3b5 f8b4 c2c3 b4a5 b5d4 e6d7 c1e3 g8f6 e2f4 b8c6 f1b5 e8g8 d1a4 a5b6 d4c6 b6e3 f2e3 d7e8 c6d4 
DEBUG:root:>>> go depth 6 
DEBUG:root:>>> position startpos moves e2e4 d7d5 e4d5 d8d5 g1e2 e7e5 b1c3 d5e6 d2d4 e5d4 c3b5 f8b4 c2c3 b4a5 b5d4 e6d7 c1e3 g8f6 e2f4 b8c6 f1b5 e8g8 d1a4 a5b6 d4c6 b6e3 f2e3 d7e8 c6d4 e8e3 f4e2 
DEBUG:root:>>> go depth 6 
DEBUG:root:>>> position startpos moves e2e4 d7d5 e4d5 d8d5 g1e2 e7e5 b1c3 d5e6 d2d4 e5d4 c3b5 f8b4 c2c3 b4a5 b5d4 e6d7 c1e3 g8f6 e2f4 b8c6 f1b5 e8g8 d1a4 a5b6 d4c6 b6e3 f2e3 d7e8 c6d4 e8e3 f4e2 c7c6 b5c4 
DEBUG:root:>>> go depth 6 
DEBUG:root:>>> position startpos moves e2e4 d7d5 e4d5 d8d5 g1e2 e7e5 b1c3 d5e6 d2d4 e5d4 c3b5 f8b4 c2c3 b4a5 b5d4 e6d7 c1e3 g8f6 e2f4 b8c6 f1b5 e8g8 d1a4 a5b6 d4c6 b6e3 f2e3 d7e8 c6d4 e8e3 f4e2 c7c6 b5c4 b7b5 d4b5 
DEBUG:root:>>> go depth 6 
DEBUG:root:>>> position startpos moves e2e4 d7d5 e4d5 d8d5 g1e2 e7e5 b1c3 d5e6 d2d4 e5d4 c3b5 f8b4 c2c3 b4a5 b5d4 e6d7 c1e3 g8f6 e2f4 b8c6 f1b5 e8g8 d1a4 a5b6 d4c6 b6e3 f2e3 d7e8 c6d4 e8e3 f4e2 c7c6 b5c4 b7b5 d4b5 c6b5 c4b5 
DEBUG:root:>>> go depth 6 
DEBUG:root:>>> position startpos moves e2e4 d7d5 e4d5 d8d5 g1e2 e7e5 b1c3 d5e6 d2d4 e5d4 c3b5 f8b4 c2c3 b4a5 b5d4 e6d7 c1e3 g8f6 e2f4 b8c6 f1b5 e8g8 d1a4 a5b6 d4c6 b6e3 f2e3 d7e8 c6d4 e8e3 f4e2 c7c6 b5c4 b7b5 d4b5 c6b5 c4b5 a8b8 a1b1 
DEBUG:root:>>> go depth 6 
DEBUG:root:>>> position startpos moves e2e4 d7d5 e4d5 d8d5 g1e2 e7e5 b1c3 d5e6 d2d4 e5d4 c3b5 f8b4 c2c3 b4a5 b5d4 e6d7 c1e3 g8f6 e2f4 b8c6 f1b5 e8g8 d1a4 a5b6 d4c6 b6e3 f2e3 d7e8 c6d4 e8e3 f4e2 c7c6 b5c4 b7b5 d4b5 c6b5 c4b5 a8b8 a1b1 a7a6 b5c4 
DEBUG:root:>>> go depth 6 
DEBUG:root:>>> position startpos moves e2e4 d7d5 e4d5 d8d5 g1e2 e7e5 b1c3 d5e6 d2d4 e5d4 c3b5 f8b4 c2c3 b4a5 b5d4 e6d7 c1e3 g8f6 e2f4 b8c6 f1b5 e8g8 d1a4 a5b6 d4c6 b6e3 f2e3 d7e8 c6d4 e8e3 f4e2 c7c6 b5c4 b7b5 d4b5 c6b5 c4b5 a8b8 a1b1 a7a6 b5c4 c8f5 b1d1 
DEBUG:root:>>> go depth 6 
DEBUG:root:>>> position startpos moves e2e4 d7d5 e4d5 d8d5 g1e2 e7e5 b1c3 d5e6 d2d4 e5d4 c3b5 f8b4 c2c3 b4a5 b5d4 e6d7 c1e3 g8f6 e2f4 b8c6 f1b5 e8g8 d1a4 a5b6 d4c6 b6e3 f2e3 d7e8 c6d4 e8e3 f4e2 c7c6 b5c4 b7b5 d4b5 c6b5 c4b5 a8b8 a1b1 a7a6 b5c4 c8f5 b1d1 b8b2 a4a3 
DEBUG:root:>>> go depth 6 
DEBUG:root:>>> position startpos moves e2e4 d7d5 e4d5 d8d5 g1e2 e7e5 b1c3 d5e6 d2d4 e5d4 c3b5 f8b4 c2c3 b4a5 b5d4 e6d7 c1e3 g8f6 e2f4 b8c6 f1b5 e8g8 d1a4 a5b6 d4c6 b6e3 f2e3 d7e8 c6d4 e8e3 f4e2 c7c6 b5c4 b7b5 d4b5 c6b5 c4b5 a8b8 a1b1 a7a6 b5c4 c8f5 b1d1 b8b2 a4a3 b2c2 a3a6 
DEBUG:root:>>> go depth 6 
DEBUG:root:>>> position startpos moves e2e4 d7d5 e4d5 d8d5 g1e2 e7e5 b1c3 d5e6 d2d4 e5d4 c3b5 f8b4 c2c3 b4a5 b5d4 e6d7 c1e3 g8f6 e2f4 b8c6 f1b5 e8g8 d1a4 a5b6 d4c6 b6e3 f2e3 d7e8 c6d4 e8e3 f4e2 c7c6 b5c4 b7b5 d4b5 c6b5 c4b5 a8b8 a1b1 a7a6 b5c4 c8f5 b1d1 b8b2 a4a3 b2c2 a3a6 c2c3 e1f1 
DEBUG:root:>>> go depth 6 
DEBUG:root:>>> position startpos moves e2e4 d7d5 e4d5 d8d5 g1e2 e7e5 b1c3 d5e6 d2d4 e5d4 c3b5 f8b4 c2c3 b4a5 b5d4 e6d7 c1e3 g8f6 e2f4 b8c6 f1b5 e8g8 d1a4 a5b6 d4c6 b6e3 f2e3 d7e8 c6d4 e8e3 f4e2 c7c6 b5c4 b7b5 d4b5 c6b5 c4b5 a8b8 a1b1 a7a6 b5c4 c8f5 b1d1 b8b2 a4a3 b2c2 a3a6 c2c3 e1f1 f6e4 a6a7 
DEBUG:root:>>> go depth 6 
DEBUG:root:>>> position startpos moves e2e4 d7d5 e4d5 d8d5 g1e2 e7e5 b1c3 d5e6 d2d4 e5d4 c3b5 f8b4 c2c3 b4a5 b5d4 e6d7 c1e3 g8f6 e2f4 b8c6 f1b5 e8g8 d1a4 a5b6 d4c6 b6e3 f2e3 d7e8 c6d4 e8e3 f4e2 c7c6 b5c4 b7b5 d4b5 c6b5 c4b5 a8b8 a1b1 a7a6 b5c4 c8f5 b1d1 b8b2 a4a3 b2c2 a3a6 c2c3 e1f1 f6e4 a6a7 e3a7 c4f7 
DEBUG:root:>>> go depth 6 
DEBUG:root:>>> position startpos moves e2e4 d7d5 e4d5 d8d5 g1e2 e7e5 b1c3 d5e6 d2d4 e5d4 c3b5 f8b4 c2c3 b4a5 b5d4 e6d7 c1e3 g8f6 e2f4 b8c6 f1b5 e8g8 d1a4 a5b6 d4c6 b6e3 f2e3 d7e8 c6d4 e8e3 f4e2 c7c6 b5c4 b7b5 d4b5 c6b5 c4b5 a8b8 a1b1 a7a6 b5c4 c8f5 b1d1 b8b2 a4a3 b2c2 a3a6 c2c3 e1f1 f6e4 a6a7 e3a7 c4f7 a7f7 f1e1 
DEBUG:root:>>> go depth 6 
DEBUG:root:>>> position startpos moves e2e4 d7d5 e4d5 d8d5 g1e2 e7e5 b1c3 d5e6 d2d4 e5d4 c3b5 f8b4 c2c3 b4a5 b5d4 e6d7 c1e3 g8f6 e2f4 b8c6 f1b5 e8g8 d1a4 a5b6 d4c6 b6e3 f2e3 d7e8 c6d4 e8e3 f4e2 c7c6 b5c4 b7b5 d4b5 c6b5 c4b5 a8b8 a1b1 a7a6 b5c4 c8f5 b1d1 b8b2 a4a3 b2c2 a3a6 c2c3 e1f1 f6e4 a6a7 e3a7 c4f7 a7f7 f1e1 f5g4 d1d2 
DEBUG:root:>>> go depth 6 
DEBUG:root:>>> position startpos moves e2e4 d7d5 e4d5 d8d5 g1e2 e7e5 b1c3 d5e6 d2d4 e5d4 c3b5 f8b4 c2c3 b4a5 b5d4 e6d7 c1e3 g8f6 e2f4 b8c6 f1b5 e8g8 d1a4 a5b6 d4c6 b6e3 f2e3 d7e8 c6d4 e8e3 f4e2 c7c6 b5c4 b7b5 d4b5 c6b5 c4b5 a8b8 a1b1 a7a6 b5c4 c8f5 b1d1 b8b2 a4a3 b2c2 a3a6 c2c3 e1f1 f6e4 a6a7 e3a7 c4f7 a7f7 f1e1 f5g4 d1d2 g4e2 e1e2 
DEBUG:root:>>> go depth 6 
DEBUG:root:>>> position startpos moves e2e4 d7d5 e4d5 d8d5 g1e2 e7e5 b1c3 d5e6 d2d4 e5d4 c3b5 f8b4 c2c3 b4a5 b5d4 e6d7 c1e3 g8f6 e2f4 b8c6 f1b5 e8g8 d1a4 a5b6 d4c6 b6e3 f2e3 d7e8 c6d4 e8e3 f4e2 c7c6 b5c4 b7b5 d4b5 c6b5 c4b5 a8b8 a1b1 a7a6 b5c4 c8f5 b1d1 b8b2 a4a3 b2c2 a3a6 c2c3 e1f1 f6e4 a6a7 e3a7 c4f7 a7f7 f1e1 f5g4 d1d2 g4e2 e1e2 f7f2 e2d1 
DEBUG:root:>>> go depth 6 
DEBUG:root:>>> uci 
DEBUG:root:>>> isready 
DEBUG:root:>>> ucinewgame 
DEBUG:root:>>> position fen rnbqkbnr/pppppppp/8/8/8/8/PPPPPPPP/RNBQKBNR w KQkq - 0 1 
DEBUG:root:>>> position startpos moves e2e4 
DEBUG:root:>>> go depth 6 
DEBUG:root:>>> position startpos moves e2e4 d7d5 e4d5 
DEBUG:root:>>> go depth 6 
DEBUG:root:>>> position startpos moves e2e4 d7d5 e4d5 d8d5 g1e2 
DEBUG:root:>>> go depth 6 
DEBUG:root:>>> position startpos moves e2e4 d7d5 e4d5 d8d5 g1e2 e7e5 b1c3 
DEBUG:root:>>> go depth 6 
DEBUG:root:>>> position startpos moves e2e4 d7d5 e4d5 d8d5 g1e2 e7e5 b1c3 d5e6 d2d4 
DEBUG:root:>>> go depth 6 
DEBUG:root:>>> position startpos moves e2e4 d7d5 e4d5 d8d5 g1e2 e7e5 b1c3 d5e6 d2d4 e5d4 c3b5 
DEBUG:root:>>> go depth 6 
DEBUG:root:>>> position startpos moves e2e4 d7d5 e4d5 d8d5 g1e2 e7e5 b1c3 d5e6 d2d4 e5d4 c3b5 e6e5 b5d4 
DEBUG:root:>>> go depth 6 
DEBUG:root:>>> position startpos moves e2e4 d7d5 e4d5 d8d5 g1e2 e7e5 b1c3 d5e6 d2d4 e5d4 c3b5 e6e5 b5d4 c7c5 d4f3 
DEBUG:root:>>> go depth 6 
DEBUG:root:>>> position startpos moves e2e4 d7d5 e4d5 d8d5 g1e2 e7e5 b1c3 d5e6 d2d4 e5d4 c3b5 e6e5 b5d4 c7c5 d4f3 e5e4 f3g5 
DEBUG:root:>>> go depth 6 
DEBUG:root:>>> position startpos moves e2e4 d7d5 e4d5 d8d5 g1e2 e7e5 b1c3 d5e6 d2d4 e5d4 c3b5 e6e5 b5d4 c7c5 d4f3 e5e4 f3g5 e4g6 e2g3 
DEBUG:root:>>> go depth 6 
DEBUG:root:>>> position startpos moves e2e4 d7d5 e4d5 d8d5 g1e2 e7e5 b1c3 d5e6 d2d4 e5d4 c3b5 e6e5 b5d4 c7c5 d4f3 e5e4 f3g5 e4g6 e2g3 f8e7 f1d3 
DEBUG:root:>>> go depth 6 
DEBUG:root:>>> position startpos moves e2e4 d7d5 e4d5 d8d5 g1e2 e7e5 b1c3 d5e6 d2d4 e5d4 c3b5 e6e5 b5d4 c7c5 d4f3 e5e4 f3g5 e4g6 e2g3 f8e7 f1d3 f7f5 g5f3 
DEBUG:root:>>> go depth 6 
DEBUG:root:>>> position startpos moves e2e4 d7d5 e4d5 d8d5 g1e2 e7e5 b1c3 d5e6 d2d4 e5d4 c3b5 e6e5 b5d4 c7c5 d4f3 e5e4 f3g5 e4g6 e2g3 f8e7 f1d3 f7f5 g5f3 b8c6 e1g1 
DEBUG:root:>>> go depth 6 
DEBUG:root:>>> position startpos moves e2e4 d7d5 e4d5 d8d5 g1e2 e7e5 b1c3 d5e6 d2d4 e5d4 c3b5 e6e5 b5d4 c7c5 d4f3 e5e4 f3g5 e4g6 e2g3 f8e7 f1d3 f7f5 g5f3 b8c6 e1g1 c8e6 d1e2 
DEBUG:root:>>> go depth 6 
DEBUG:root:>>> position startpos moves e2e4 d7d5 e4d5 d8d5 g1e2 e7e5 b1c3 d5e6 d2d4 e5d4 c3b5 e6e5 b5d4 c7c5 d4f3 e5e4 f3g5 e4g6 e2g3 f8e7 f1d3 f7f5 g5f3 b8c6 e1g1 c8e6 d1e2 c6d4 f3d4 
DEBUG:root:>>> go depth 6 
DEBUG:root:>>> position startpos moves e2e4 d7d5 e4d5 d8d5 g1e2 e7e5 b1c3 d5e6 d2d4 e5d4 c3b5 e6e5 b5d4 c7c5 d4f3 e5e4 f3g5 e4g6 e2g3 f8e7 f1d3 f7f5 g5f3 b8c6 e1g1 c8e6 d1e2 c6d4 f3d4 c5d4 e2f3 
DEBUG:root:>>> go depth 6 
DEBUG:root:>>> position startpos moves e2e4 d7d5 e4d5 d8d5 g1e2 e7e5 b1c3 d5e6 d2d4 e5d4 c3b5 e6e5 b5d4 c7c5 d4f3 e5e4 f3g5 e4g6 e2g3 f8e7 f1d3 f7f5 g5f3 b8c6 e1g1 c8e6 d1e2 c6d4 f3d4 c5d4 e2f3 e8c8 g3f5 
DEBUG:root:>>> go depth 6 
DEBUG:root:>>> position startpos moves e2e4 d7d5 e4d5 d8d5 g1e2 e7e5 b1c3 d5e6 d2d4 e5d4 c3b5 e6e5 b5d4 c7c5 d4f3 e5e4 f3g5 e4g6 e2g3 f8e7 f1d3 f7f5 g5f3 b8c6 e1g1 c8e6 d1e2 c6d4 f3d4 c5d4 e2f3 e8c8 g3f5 g6f7 d3e4 
DEBUG:root:>>> go depth 6 
DEBUG:root:>>> position startpos moves e2e4 d7d5 e4d5 d8d5 g1e2 e7e5 b1c3 d5e6 d2d4 e5d4 c3b5 e6e5 b5d4 c7c5 d4f3 e5e4 f3g5 e4g6 e2g3 f8e7 f1d3 f7f5 g5f3 b8c6 e1g1 c8e6 d1e2 c6d4 f3d4 c5d4 e2f3 e8c8 g3f5 g6f7 d3e4 e7c5 f1e1 
DEBUG:root:>>> go depth 6 
DEBUG:root:>>> position startpos moves e2e4 d7d5 e4d5 d8d5 g1e2 e7e5 b1c3 d5e6 d2d4 e5d4 c3b5 e6e5 b5d4 c7c5 d4f3 e5e4 f3g5 e4g6 e2g3 f8e7 f1d3 f7f5 g5f3 b8c6 e1g1 c8e6 d1e2 c6d4 f3d4 c5d4 e2f3 e8c8 g3f5 g6f7 d3e4 e7c5 f1e1 g7g6 f5g3 
DEBUG:root:>>> go depth 6 
DEBUG:root:>>> position startpos moves e2e4 d7d5 e4d5 d8d5 g1e2 e7e5 b1c3 d5e6 d2d4 e5d4 c3b5 e6e5 b5d4 c7c5 d4f3 e5e4 f3g5 e4g6 e2g3 f8e7 f1d3 f7f5 g5f3 b8c6 e1g1 c8e6 d1e2 c6d4 f3d4 c5d4 e2f3 e8c8 g3f5 g6f7 d3e4 e7c5 f1e1 g7g6 f5g3 d8e8 c1g5 
DEBUG:root:>>> go depth 6 
DEBUG:root:>>> position startpos moves e2e4 d7d5 e4d5 d8d5 g1e2 e7e5 b1c3 d5e6 d2d4 e5d4 c3b5 e6e5 b5d4 c7c5 d4f3 e5e4 f3g5 e4g6 e2g3 f8e7 f1d3 f7f5 g5f3 b8c6 e1g1 c8e6 d1e2 c6d4 f3d4 c5d4 e2f3 e8c8 g3f5 g6f7 d3e4 e7c5 f1e1 g7g6 f5g3 d8e8 c1g5 h7h6 g5f4 
DEBUG:root:>>> go depth 6 
DEBUG:root:>>> position startpos moves e2e4 d7d5 e4d5 d8d5 g1e2 e7e5 b1c3 d5e6 d2d4 e5d4 c3b5 e6e5 b5d4 c7c5 d4f3 e5e4 f3g5 e4g6 e2g3 f8e7 f1d3 f7f5 g5f3 b8c6 e1g1 c8e6 d1e2 c6d4 f3d4 c5d4 e2f3 e8c8 g3f5 g6f7 d3e4 e7c5 f1e1 g7g6 f5g3 d8e8 c1g5 h7h6 g5f4 g8f6 e4c6 
DEBUG:root:>>> go depth 6 
DEBUG:root:>>> position startpos moves e2e4 d7d5 e4d5 d8d5 g1e2 e7e5 b1c3 d5e6 d2d4 e5d4 c3b5 e6e5 b5d4 c7c5 d4f3 e5e4 f3g5 e4g6 e2g3 f8e7 f1d3 f7f5 g5f3 b8c6 e1g1 c8e6 d1e2 c6d4 f3d4 c5d4 e2f3 e8c8 g3f5 g6f7 d3e4 e7c5 f1e1 g7g6 f5g3 d8e8 c1g5 h7h6 g5f4 g8f6 e4c6 b7c6 f3c6 
DEBUG:root:>>> go depth 6 
DEBUG:root:>>> position startpos moves e2e4 d7d5 e4d5 d8d5 g1e2 e7e5 b1c3 d5e6 d2d4 e5d4 c3b5 e6e5 b5d4 c7c5 d4f3 e5e4 f3g5 e4g6 e2g3 f8e7 f1d3 f7f5 g5f3 b8c6 e1g1 c8e6 d1e2 c6d4 f3d4 c5d4 e2f3 e8c8 g3f5 g6f7 d3e4 e7c5 f1e1 g7g6 f5g3 d8e8 c1g5 h7h6 g5f4 g8f6 e4c6 b7c6 f3c6 c8d8 c6c5 
DEBUG:root:>>> go depth 6 
DEBUG:root:>>> position startpos moves e2e4 d7d5 e4d5 d8d5 g1e2 e7e5 b1c3 d5e6 d2d4 e5d4 c3b5 e6e5 b5d4 c7c5 d4f3 e5e4 f3g5 e4g6 e2g3 f8e7 f1d3 f7f5 g5f3 b8c6 e1g1 c8e6 d1e2 c6d4 f3d4 c5d4 e2f3 e8c8 g3f5 g6f7 d3e4 e7c5 f1e1 g7g6 f5g3 d8e8 c1g5 h7h6 g5f4 g8f6 e4c6 b7c6 f3c6 c8d8 c6c5 f6d5 f4e5 
DEBUG:root:>>> go depth 6 
DEBUG:root:>>> position startpos moves e2e4 d7d5 e4d5 d8d5 g1e2 e7e5 b1c3 d5e6 d2d4 e5d4 c3b5 e6e5 b5d4 c7c5 d4f3 e5e4 f3g5 e4g6 e2g3 f8e7 f1d3 f7f5 g5f3 b8c6 e1g1 c8e6 d1e2 c6d4 f3d4 c5d4 e2f3 e8c8 g3f5 g6f7 d3e4 e7c5 f1e1 g7g6 f5g3 d8e8 c1g5 h7h6 g5f4 g8f6 e4c6 b7c6 f3c6 c8d8 c6c5 f6d5 f4e5 h8f8 c5d4 
DEBUG:root:>>> go depth 6 
DEBUG:root:>>> position startpos moves e2e4 d7d5 e4d5 d8d5 g1e2 e7e5 b1c3 d5e6 d2d4 e5d4 c3b5 e6e5 b5d4 c7c5 d4f3 e5e4 f3g5 e4g6 e2g3 f8e7 f1d3 f7f5 g5f3 b8c6 e1g1 c8e6 d1e2 c6d4 f3d4 c5d4 e2f3 e8c8 g3f5 g6f7 d3e4 e7c5 f1e1 g7g6 f5g3 d8e8 c1g5 h7h6 g5f4 g8f6 e4c6 b7c6 f3c6 c8d8 c6c5 f6d5 f4e5 h8f8 c5d4 d8c8 g3e4 
DEBUG:root:>>> go depth 6 
DEBUG:root:>>> position startpos moves e2e4 d7d5 e4d5 d8d5 g1e2 e7e5 b1c3 d5e6 d2d4 e5d4 c3b5 e6e5 b5d4 c7c5 d4f3 e5e4 f3g5 e4g6 e2g3 f8e7 f1d3 f7f5 g5f3 b8c6 e1g1 c8e6 d1e2 c6d4 f3d4 c5d4 e2f3 e8c8 g3f5 g6f7 d3e4 e7c5 f1e1 g7g6 f5g3 d8e8 c1g5 h7h6 g5f4 g8f6 e4c6 b7c6 f3c6 c8d8 c6c5 f6d5 f4e5 h8f8 c5d4 d8c8 g3e4 f7d7 e4d6 
DEBUG:root:>>> go depth 6 
DEBUG:root:>>> position startpos moves e2e4 d7d5 e4d5 d8d5 g1e2 e7e5 b1c3 d5e6 d2d4 e5d4 c3b5 e6e5 b5d4 c7c5 d4f3 e5e4 f3g5 e4g6 e2g3 f8e7 f1d3 f7f5 g5f3 b8c6 e1g1 c8e6 d1e2 c6d4 f3d4 c5d4 e2f3 e8c8 g3f5 g6f7 d3e4 e7c5 f1e1 g7g6 f5g3 d8e8 c1g5 h7h6 g5f4 g8f6 e4c6 b7c6 f3c6 c8d8 c6c5 f6d5 f4e5 h8f8 c5d4 d8c8 g3e4 f7d7 e4d6 c8d8 c2c4 
DEBUG:root:>>> go depth 6 
DEBUG:root:>>> position startpos moves e2e4 d7d5 e4d5 d8d5 g1e2 e7e5 b1c3 d5e6 d2d4 e5d4 c3b5 e6e5 b5d4 c7c5 d4f3 e5e4 f3g5 e4g6 e2g3 f8e7 f1d3 f7f5 g5f3 b8c6 e1g1 c8e6 d1e2 c6d4 f3d4 c5d4 e2f3 e8c8 g3f5 g6f7 d3e4 e7c5 f1e1 g7g6 f5g3 d8e8 c1g5 h7h6 g5f4 g8f6 e4c6 b7c6 f3c6 c8d8 c6c5 f6d5 f4e5 h8f8 c5d4 d8c8 g3e4 f7d7 e4d6 c8d8 c2c4 d5b4 d6e8 
DEBUG:root:>>> go depth 6 
DEBUG:root:>>> position startpos moves e2e4 d7d5 e4d5 d8d5 g1e2 e7e5 b1c3 d5e6 d2d4 e5d4 c3b5 e6e5 b5d4 c7c5 d4f3 e5e4 f3g5 e4g6 e2g3 f8e7 f1d3 f7f5 g5f3 b8c6 e1g1 c8e6 d1e2 c6d4 f3d4 c5d4 e2f3 e8c8 g3f5 g6f7 d3e4 e7c5 f1e1 g7g6 f5g3 d8e8 c1g5 h7h6 g5f4 g8f6 e4c6 b7c6 f3c6 c8d8 c6c5 f6d5 f4e5 h8f8 c5d4 d8c8 g3e4 f7d7 e4d6 c8d8 c2c4 d5b4 d6e8 d7d4 e5d4 
DEBUG:root:>>> go depth 6 
DEBUG:root:>>> position startpos moves e2e4 d7d5 e4d5 d8d5 g1e2 e7e5 b1c3 d5e6 d2d4 e5d4 c3b5 e6e5 b5d4 c7c5 d4f3 e5e4 f3g5 e4g6 e2g3 f8e7 f1d3 f7f5 g5f3 b8c6 e1g1 c8e6 d1e2 c6d4 f3d4 c5d4 e2f3 e8c8 g3f5 g6f7 d3e4 e7c5 f1e1 g7g6 f5g3 d8e8 c1g5 h7h6 g5f4 g8f6 e4c6 b7c6 f3c6 c8d8 c6c5 f6d5 f4e5 h8f8 c5d4 d8c8 g3e4 f7d7 e4d6 c8d8 c2c4 d5b4 d6e8 d7d4 e5d4 f8e8 a1d1 
DEBUG:root:>>> go depth 6 
DEBUG:root:>>> position startpos moves e2e4 d7d5 e4d5 d8d5 g1e2 e7e5 b1c3 d5e6 d2d4 e5d4 c3b5 e6e5 b5d4 c7c5 d4f3 e5e4 f3g5 e4g6 e2g3 f8e7 f1d3 f7f5 g5f3 b8c6 e1g1 c8e6 d1e2 c6d4 f3d4 c5d4 e2f3 e8c8 g3f5 g6f7 d3e4 e7c5 f1e1 g7g6 f5g3 d8e8 c1g5 h7h6 g5f4 g8f6 e4c6 b7c6 f3c6 c8d8 c6c5 f6d5 f4e5 h8f8 c5d4 d8c8 g3e4 f7d7 e4d6 c8d8 c2c4 d5b4 d6e8 d7d4 e5d4 f8e8 a1d1 b4c2 d4a7 
DEBUG:root:>>> go depth 6 
DEBUG:root:>>> position startpos moves e2e4 d7d5 e4d5 d8d5 g1e2 e7e5 b1c3 d5e6 d2d4 e5d4 c3b5 e6e5 b5d4 c7c5 d4f3 e5e4 f3g5 e4g6 e2g3 f8e7 f1d3 f7f5 g5f3 b8c6 e1g1 c8e6 d1e2 c6d4 f3d4 c5d4 e2f3 e8c8 g3f5 g6f7 d3e4 e7c5 f1e1 g7g6 f5g3 d8e8 c1g5 h7h6 g5f4 g8f6 e4c6 b7c6 f3c6 c8d8 c6c5 f6d5 f4e5 h8f8 c5d4 d8c8 g3e4 f7d7 e4d6 c8d8 c2c4 d5b4 d6e8 d7d4 e5d4 f8e8 a1d1 b4c2 d4a7 d8c8 e1e2 
DEBUG:root:>>> go depth 6 
DEBUG:root:>>> position startpos moves e2e4 d7d5 e4d5 d8d5 g1e2 e7e5 b1c3 d5e6 d2d4 e5d4 c3b5 e6e5 b5d4 c7c5 d4f3 e5e4 f3g5 e4g6 e2g3 f8e7 f1d3 f7f5 g5f3 b8c6 e1g1 c8e6 d1e2 c6d4 f3d4 c5d4 e2f3 e8c8 g3f5 g6f7 d3e4 e7c5 f1e1 g7g6 f5g3 d8e8 c1g5 h7h6 g5f4 g8f6 e4c6 b7c6 f3c6 c8d8 c6c5 f6d5 f4e5 h8f8 c5d4 d8c8 g3e4 f7d7 e4d6 c8d8 c2c4 d5b4 d6e8 d7d4 e5d4 f8e8 a1d1 b4c2 d4a7 d8c8 e1e2 c8b7 d1d6 
DEBUG:root:>>> go depth 6 
DEBUG:root:>>> position startpos moves e2e4 d7d5 e4d5 d8d5 g1e2 e7e5 b1c3 d5e6 d2d4 e5d4 c3b5 e6e5 b5d4 c7c5 d4f3 e5e4 f3g5 e4g6 e2g3 f8e7 f1d3 f7f5 g5f3 b8c6 e1g1 c8e6 d1e2 c6d4 f3d4 c5d4 e2f3 e8c8 g3f5 g6f7 d3e4 e7c5 f1e1 g7g6 f5g3 d8e8 c1g5 h7h6 g5f4 g8f6 e4c6 b7c6 f3c6 c8d8 c6c5 f6d5 f4e5 h8f8 c5d4 d8c8 g3e4 f7d7 e4d6 c8d8 c2c4 d5b4 d6e8 d7d4 e5d4 f8e8 a1d1 b4c2 d4a7 d8c8 e1e2 c8b7 d1d6 b7a7 d6e6 
DEBUG:root:>>> go depth 6 
DEBUG:root:>>> position startpos moves e2e4 d7d5 e4d5 d8d5 g1e2 e7e5 b1c3 d5e6 d2d4 e5d4 c3b5 e6e5 b5d4 c7c5 d4f3 e5e4 f3g5 e4g6 e2g3 f8e7 f1d3 f7f5 g5f3 b8c6 e1g1 c8e6 d1e2 c6d4 f3d4 c5d4 e2f3 e8c8 g3f5 g6f7 d3e4 e7c5 f1e1 g7g6 f5g3 d8e8 c1g5 h7h6 g5f4 g8f6 e4c6 b7c6 f3c6 c8d8 c6c5 f6d5 f4e5 h8f8 c5d4 d8c8 g3e4 f7d7 e4d6 c8d8 c2c4 d5b4 d6e8 d7d4 e5d4 f8e8 a1d1 b4c2 d4a7 d8c8 e1e2 c8b7 d1d6 b7a7 d6e6 e8d8 e6e7 
DEBUG:root:>>> go depth 6 
DEBUG:root:>>> position startpos moves e2e4 d7d5 e4d5 d8d5 g1e2 e7e5 b1c3 d5e6 d2d4 e5d4 c3b5 e6e5 b5d4 c7c5 d4f3 e5e4 f3g5 e4g6 e2g3 f8e7 f1d3 f7f5 g5f3 b8c6 e1g1 c8e6 d1e2 c6d4 f3d4 c5d4 e2f3 e8c8 g3f5 g6f7 d3e4 e7c5 f1e1 g7g6 f5g3 d8e8 c1g5 h7h6 g5f4 g8f6 e4c6 b7c6 f3c6 c8d8 c6c5 f6d5 f4e5 h8f8 c5d4 d8c8 g3e4 f7d7 e4d6 c8d8 c2c4 d5b4 d6e8 d7d4 e5d4 f8e8 a1d1 b4c2 d4a7 d8c8 e1e2 c8b7 d1d6 b7a7 d6e6 e8d8 e6e7 a7b8 e7e8 
DEBUG:root:>>> go depth 6 
DEBUG:root:>>> position startpos moves e2e4 d7d5 e4d5 d8d5 g1e2 e7e5 b1c3 d5e6 d2d4 e5d4 c3b5 e6e5 b5d4 c7c5 d4f3 e5e4 f3g5 e4g6 e2g3 f8e7 f1d3 f7f5 g5f3 b8c6 e1g1 c8e6 d1e2 c6d4 f3d4 c5d4 e2f3 e8c8 g3f5 g6f7 d3e4 e7c5 f1e1 g7g6 f5g3 d8e8 c1g5 h7h6 g5f4 g8f6 e4c6 b7c6 f3c6 c8d8 c6c5 f6d5 f4e5 h8f8 c5d4 d8c8 g3e4 f7d7 e4d6 c8d8 c2c4 d5b4 d6e8 d7d4 e5d4 f8e8 a1d1 b4c2 d4a7 d8c8 e1e2 c8b7 d1d6 b7a7 d6e6 e8d8 e6e7 a7b8 e7e8 d8e8 e2e8 
DEBUG:root:>>> go depth 6 
DEBUG:root:>>> position startpos moves e2e4 d7d5 e4d5 d8d5 g1e2 e7e5 b1c3 d5e6 d2d4 e5d4 c3b5 e6e5 b5d4 c7c5 d4f3 e5e4 f3g5 e4g6 e2g3 f8e7 f1d3 f7f5 g5f3 b8c6 e1g1 c8e6 d1e2 c6d4 f3d4 c5d4 e2f3 e8c8 g3f5 g6f7 d3e4 e7c5 f1e1 g7g6 f5g3 d8e8 c1g5 h7h6 g5f4 g8f6 e4c6 b7c6 f3c6 c8d8 c6c5 f6d5 f4e5 h8f8 c5d4 d8c8 g3e4 f7d7 e4d6 c8d8 c2c4 d5b4 d6e8 d7d4 e5d4 f8e8 a1d1 b4c2 d4a7 d8c8 e1e2 c8b7 d1d6 b7a7 d6e6 e8d8 e6e7 a7b8 e7e8 d8e8 e2e8 b8b7 e8e6 
DEBUG:root:>>> go depth 6 
DEBUG:root:>>> position startpos moves e2e4 d7d5 e4d5 d8d5 g1e2 e7e5 b1c3 d5e6 d2d4 e5d4 c3b5 e6e5 b5d4 c7c5 d4f3 e5e4 f3g5 e4g6 e2g3 f8e7 f1d3 f7f5 g5f3 b8c6 e1g1 c8e6 d1e2 c6d4 f3d4 c5d4 e2f3 e8c8 g3f5 g6f7 d3e4 e7c5 f1e1 g7g6 f5g3 d8e8 c1g5 h7h6 g5f4 g8f6 e4c6 b7c6 f3c6 c8d8 c6c5 f6d5 f4e5 h8f8 c5d4 d8c8 g3e4 f7d7 e4d6 c8d8 c2c4 d5b4 d6e8 d7d4 e5d4 f8e8 a1d1 b4c2 d4a7 d8c8 e1e2 c8b7 d1d6 b7a7 d6e6 e8d8 e6e7 a7b8 e7e8 d8e8 e2e8 b8b7 e8e6 g6g5 e6h6 
DEBUG:root:>>> go depth 6 
DEBUG:root:>>> position startpos moves e2e4 d7d5 e4d5 d8d5 g1e2 e7e5 b1c3 d5e6 d2d4 e5d4 c3b5 e6e5 b5d4 c7c5 d4f3 e5e4 f3g5 e4g6 e2g3 f8e7 f1d3 f7f5 g5f3 b8c6 e1g1 c8e6 d1e2 c6d4 f3d4 c5d4 e2f3 e8c8 g3f5 g6f7 d3e4 e7c5 f1e1 g7g6 f5g3 d8e8 c1g5 h7h6 g5f4 g8f6 e4c6 b7c6 f3c6 c8d8 c6c5 f6d5 f4e5 h8f8 c5d4 d8c8 g3e4 f7d7 e4d6 c8d8 c2c4 d5b4 d6e8 d7d4 e5d4 f8e8 a1d1 b4c2 d4a7 d8c8 e1e2 c8b7 d1d6 b7a7 d6e6 e8d8 e6e7 a7b8 e7e8 d8e8 e2e8 b8b7 e8e6 g6g5 e6h6 g5g4 h6h4 
DEBUG:root:>>> go depth 6 
DEBUG:root:>>> position startpos moves e2e4 d7d5 e4d5 d8d5 g1e2 e7e5 b1c3 d5e6 d2d4 e5d4 c3b5 e6e5 b5d4 c7c5 d4f3 e5e4 f3g5 e4g6 e2g3 f8e7 f1d3 f7f5 g5f3 b8c6 e1g1 c8e6 d1e2 c6d4 f3d4 c5d4 e2f3 e8c8 g3f5 g6f7 d3e4 e7c5 f1e1 g7g6 f5g3 d8e8 c1g5 h7h6 g5f4 g8f6 e4c6 b7c6 f3c6 c8d8 c6c5 f6d5 f4e5 h8f8 c5d4 d8c8 g3e4 f7d7 e4d6 c8d8 c2c4 d5b4 d6e8 d7d4 e5d4 f8e8 a1d1 b4c2 d4a7 d8c8 e1e2 c8b7 d1d6 b7a7 d6e6 e8d8 e6e7 a7b8 e7e8 d8e8 e2e8 b8b7 e8e6 g6g5 e6h6 g5g4 h6h4 b7b8 h4g4 
DEBUG:root:>>> go depth 6 
DEBUG:root:>>> position startpos moves e2e4 d7d5 e4d5 d8d5 g1e2 e7e5 b1c3 d5e6 d2d4 e5d4 c3b5 e6e5 b5d4 c7c5 d4f3 e5e4 f3g5 e4g6 e2g3 f8e7 f1d3 f7f5 g5f3 b8c6 e1g1 c8e6 d1e2 c6d4 f3d4 c5d4 e2f3 e8c8 g3f5 g6f7 d3e4 e7c5 f1e1 g7g6 f5g3 d8e8 c1g5 h7h6 g5f4 g8f6 e4c6 b7c6 f3c6 c8d8 c6c5 f6d5 f4e5 h8f8 c5d4 d8c8 g3e4 f7d7 e4d6 c8d8 c2c4 d5b4 d6e8 d7d4 e5d4 f8e8 a1d1 b4c2 d4a7 d8c8 e1e2 c8b7 d1d6 b7a7 d6e6 e8d8 e6e7 a7b8 e7e8 d8e8 e2e8 b8b7 e8e6 g6g5 e6h6 g5g4 h6h4 b7b8 h4g4 b8b7 g4g6 
DEBUG:root:>>> go depth 6 
DEBUG:root:>>> position startpos moves e2e4 d7d5 e4d5 d8d5 g1e2 e7e5 b1c3 d5e6 d2d4 e5d4 c3b5 e6e5 b5d4 c7c5 d4f3 e5e4 f3g5 e4g6 e2g3 f8e7 f1d3 f7f5 g5f3 b8c6 e1g1 c8e6 d1e2 c6d4 f3d4 c5d4 e2f3 e8c8 g3f5 g6f7 d3e4 e7c5 f1e1 g7g6 f5g3 d8e8 c1g5 h7h6 g5f4 g8f6 e4c6 b7c6 f3c6 c8d8 c6c5 f6d5 f4e5 h8f8 c5d4 d8c8 g3e4 f7d7 e4d6 c8d8 c2c4 d5b4 d6e8 d7d4 e5d4 f8e8 a1d1 b4c2 d4a7 d8c8 e1e2 c8b7 d1d6 b7a7 d6e6 e8d8 e6e7 a7b8 e7e8 d8e8 e2e8 b8b7 e8e6 g6g5 e6h6 g5g4 h6h4 b7b8 h4g4 b8b7 g4g6 b7b8 g6g7 
DEBUG:root:>>> go depth 6 
DEBUG:root:>>> position startpos moves e2e4 d7d5 e4d5 d8d5 g1e2 e7e5 b1c3 d5e6 d2d4 e5d4 c3b5 e6e5 b5d4 c7c5 d4f3 e5e4 f3g5 e4g6 e2g3 f8e7 f1d3 f7f5 g5f3 b8c6 e1g1 c8e6 d1e2 c6d4 f3d4 c5d4 e2f3 e8c8 g3f5 g6f7 d3e4 e7c5 f1e1 g7g6 f5g3 d8e8 c1g5 h7h6 g5f4 g8f6 e4c6 b7c6 f3c6 c8d8 c6c5 f6d5 f4e5 h8f8 c5d4 d8c8 g3e4 f7d7 e4d6 c8d8 c2c4 d5b4 d6e8 d7d4 e5d4 f8e8 a1d1 b4c2 d4a7 d8c8 e1e2 c8b7 d1d6 b7a7 d6e6 e8d8 e6e7 a7b8 e7e8 d8e8 e2e8 b8b7 e8e6 g6g5 e6h6 g5g4 h6h4 b7b8 h4g4 b8b7 g4g6 b7b8 g6g7 b8a8 a2a4 
DEBUG:root:>>> go depth 6 
DEBUG:root:>>> position startpos moves e2e4 d7d5 e4d5 d8d5 g1e2 e7e5 b1c3 d5e6 d2d4 e5d4 c3b5 e6e5 b5d4 c7c5 d4f3 e5e4 f3g5 e4g6 e2g3 f8e7 f1d3 f7f5 g5f3 b8c6 e1g1 c8e6 d1e2 c6d4 f3d4 c5d4 e2f3 e8c8 g3f5 g6f7 d3e4 e7c5 f1e1 g7g6 f5g3 d8e8 c1g5 h7h6 g5f4 g8f6 e4c6 b7c6 f3c6 c8d8 c6c5 f6d5 f4e5 h8f8 c5d4 d8c8 g3e4 f7d7 e4d6 c8d8 c2c4 d5b4 d6e8 d7d4 e5d4 f8e8 a1d1 b4c2 d4a7 d8c8 e1e2 c8b7 d1d6 b7a7 d6e6 e8d8 e6e7 a7b8 e7e8 d8e8 e2e8 b8b7 e8e6 g6g5 e6h6 g5g4 h6h4 b7b8 h4g4 b8b7 g4g6 b7b8 g6g7 b8a8 a2a4 a8b8 g2g4 
DEBUG:root:>>> go depth 6 
DEBUG:root:>>> position startpos moves e2e4 d7d5 e4d5 d8d5 g1e2 e7e5 b1c3 d5e6 d2d4 e5d4 c3b5 e6e5 b5d4 c7c5 d4f3 e5e4 f3g5 e4g6 e2g3 f8e7 f1d3 f7f5 g5f3 b8c6 e1g1 c8e6 d1e2 c6d4 f3d4 c5d4 e2f3 e8c8 g3f5 g6f7 d3e4 e7c5 f1e1 g7g6 f5g3 d8e8 c1g5 h7h6 g5f4 g8f6 e4c6 b7c6 f3c6 c8d8 c6c5 f6d5 f4e5 h8f8 c5d4 d8c8 g3e4 f7d7 e4d6 c8d8 c2c4 d5b4 d6e8 d7d4 e5d4 f8e8 a1d1 b4c2 d4a7 d8c8 e1e2 c8b7 d1d6 b7a7 d6e6 e8d8 e6e7 a7b8 e7e8 d8e8 e2e8 b8b7 e8e6 g6g5 e6h6 g5g4 h6h4 b7b8 h4g4 b8b7 g4g6 b7b8 g6g7 b8a8 a2a4 a8b8 g2g4 b8a8 f2f4 
DEBUG:root:>>> go depth 6 
DEBUG:root:>>> position startpos moves e2e4 d7d5 e4d5 d8d5 g1e2 e7e5 b1c3 d5e6 d2d4 e5d4 c3b5 e6e5 b5d4 c7c5 d4f3 e5e4 f3g5 e4g6 e2g3 f8e7 f1d3 f7f5 g5f3 b8c6 e1g1 c8e6 d1e2 c6d4 f3d4 c5d4 e2f3 e8c8 g3f5 g6f7 d3e4 e7c5 f1e1 g7g6 f5g3 d8e8 c1g5 h7h6 g5f4 g8f6 e4c6 b7c6 f3c6 c8d8 c6c5 f6d5 f4e5 h8f8 c5d4 d8c8 g3e4 f7d7 e4d6 c8d8 c2c4 d5b4 d6e8 d7d4 e5d4 f8e8 a1d1 b4c2 d4a7 d8c8 e1e2 c8b7 d1d6 b7a7 d6e6 e8d8 e6e7 a7b8 e7e8 d8e8 e2e8 b8b7 e8e6 g6g5 e6h6 g5g4 h6h4 b7b8 h4g4 b8b7 g4g6 b7b8 g6g7 b8a8 a2a4 a8b8 g2g4 b8a8 f2f4 c2e3 b2b3 
DEBUG:root:>>> go depth 6 
DEBUG:root:>>> position startpos moves e2e4 d7d5 e4d5 d8d5 g1e2 e7e5 b1c3 d5e6 d2d4 e5d4 c3b5 e6e5 b5d4 c7c5 d4f3 e5e4 f3g5 e4g6 e2g3 f8e7 f1d3 f7f5 g5f3 b8c6 e1g1 c8e6 d1e2 c6d4 f3d4 c5d4 e2f3 e8c8 g3f5 g6f7 d3e4 e7c5 f1e1 g7g6 f5g3 d8e8 c1g5 h7h6 g5f4 g8f6 e4c6 b7c6 f3c6 c8d8 c6c5 f6d5 f4e5 h8f8 c5d4 d8c8 g3e4 f7d7 e4d6 c8d8 c2c4 d5b4 d6e8 d7d4 e5d4 f8e8 a1d1 b4c2 d4a7 d8c8 e1e2 c8b7 d1d6 b7a7 d6e6 e8d8 e6e7 a7b8 e7e8 d8e8 e2e8 b8b7 e8e6 g6g5 e6h6 g5g4 h6h4 b7b8 h4g4 b8b7 g4g6 b7b8 g6g7 b8a8 a2a4 a8b8 g2g4 b8a8 f2f4 c2e3 b2b3 a8b8 g1f2 
DEBUG:root:>>> go depth 6 
DEBUG:root:>>> position startpos moves e2e4 d7d5 e4d5 d8d5 g1e2 e7e5 b1c3 d5e6 d2d4 e5d4 c3b5 e6e5 b5d4 c7c5 d4f3 e5e4 f3g5 e4g6 e2g3 f8e7 f1d3 f7f5 g5f3 b8c6 e1g1 c8e6 d1e2 c6d4 f3d4 c5d4 e2f3 e8c8 g3f5 g6f7 d3e4 e7c5 f1e1 g7g6 f5g3 d8e8 c1g5 h7h6 g5f4 g8f6 e4c6 b7c6 f3c6 c8d8 c6c5 f6d5 f4e5 h8f8 c5d4 d8c8 g3e4 f7d7 e4d6 c8d8 c2c4 d5b4 d6e8 d7d4 e5d4 f8e8 a1d1 b4c2 d4a7 d8c8 e1e2 c8b7 d1d6 b7a7 d6e6 e8d8 e6e7 a7b8 e7e8 d8e8 e2e8 b8b7 e8e6 g6g5 e6h6 g5g4 h6h4 b7b8 h4g4 b8b7 g4g6 b7b8 g6g7 b8a8 a2a4 a8b8 g2g4 b8a8 f2f4 c2e3 b2b3 a8b8 g1f2 e3d1 f2e2 
DEBUG:root:>>> go depth 6 
DEBUG:root:>>> position startpos moves e2e4 d7d5 e4d5 d8d5 g1e2 e7e5 b1c3 d5e6 d2d4 e5d4 c3b5 e6e5 b5d4 c7c5 d4f3 e5e4 f3g5 e4g6 e2g3 f8e7 f1d3 f7f5 g5f3 b8c6 e1g1 c8e6 d1e2 c6d4 f3d4 c5d4 e2f3 e8c8 g3f5 g6f7 d3e4 e7c5 f1e1 g7g6 f5g3 d8e8 c1g5 h7h6 g5f4 g8f6 e4c6 b7c6 f3c6 c8d8 c6c5 f6d5 f4e5 h8f8 c5d4 d8c8 g3e4 f7d7 e4d6 c8d8 c2c4 d5b4 d6e8 d7d4 e5d4 f8e8 a1d1 b4c2 d4a7 d8c8 e1e2 c8b7 d1d6 b7a7 d6e6 e8d8 e6e7 a7b8 e7e8 d8e8 e2e8 b8b7 e8e6 g6g5 e6h6 g5g4 h6h4 b7b8 h4g4 b8b7 g4g6 b7b8 g6g7 b8a8 a2a4 a8b8 g2g4 b8a8 f2f4 c2e3 b2b3 a8b8 g1f2 e3d1 f2e2 d1b2 e2d2 
DEBUG:root:>>> go depth 6 
DEBUG:root:>>> position startpos moves e2e4 d7d5 e4d5 d8d5 g1e2 e7e5 b1c3 d5e6 d2d4 e5d4 c3b5 e6e5 b5d4 c7c5 d4f3 e5e4 f3g5 e4g6 e2g3 f8e7 f1d3 f7f5 g5f3 b8c6 e1g1 c8e6 d1e2 c6d4 f3d4 c5d4 e2f3 e8c8 g3f5 g6f7 d3e4 e7c5 f1e1 g7g6 f5g3 d8e8 c1g5 h7h6 g5f4 g8f6 e4c6 b7c6 f3c6 c8d8 c6c5 f6d5 f4e5 h8f8 c5d4 d8c8 g3e4 f7d7 e4d6 c8d8 c2c4 d5b4 d6e8 d7d4 e5d4 f8e8 a1d1 b4c2 d4a7 d8c8 e1e2 c8b7 d1d6 b7a7 d6e6 e8d8 e6e7 a7b8 e7e8 d8e8 e2e8 b8b7 e8e6 g6g5 e6h6 g5g4 h6h4 b7b8 h4g4 b8b7 g4g6 b7b8 g6g7 b8a8 a2a4 a8b8 g2g4 b8a8 f2f4 c2e3 b2b3 a8b8 g1f2 e3d1 f2e2 d1b2 e2d2 b8a8 d2c2 
DEBUG:root:>>> go depth 6 
DEBUG:root:>>> position startpos moves e2e4 d7d5 e4d5 d8d5 g1e2 e7e5 b1c3 d5e6 d2d4 e5d4 c3b5 e6e5 b5d4 c7c5 d4f3 e5e4 f3g5 e4g6 e2g3 f8e7 f1d3 f7f5 g5f3 b8c6 e1g1 c8e6 d1e2 c6d4 f3d4 c5d4 e2f3 e8c8 g3f5 g6f7 d3e4 e7c5 f1e1 g7g6 f5g3 d8e8 c1g5 h7h6 g5f4 g8f6 e4c6 b7c6 f3c6 c8d8 c6c5 f6d5 f4e5 h8f8 c5d4 d8c8 g3e4 f7d7 e4d6 c8d8 c2c4 d5b4 d6e8 d7d4 e5d4 f8e8 a1d1 b4c2 d4a7 d8c8 e1e2 c8b7 d1d6 b7a7 d6e6 e8d8 e6e7 a7b8 e7e8 d8e8 e2e8 b8b7 e8e6 g6g5 e6h6 g5g4 h6h4 b7b8 h4g4 b8b7 g4g6 b7b8 g6g7 b8a8 a2a4 a8b8 g2g4 b8a8 f2f4 c2e3 b2b3 a8b8 g1f2 e3d1 f2e2 d1b2 e2d2 b8a8 d2c2 b2c4 b3c4 
DEBUG:root:>>> go depth 6 
DEBUG:root:>>> position startpos moves e2e4 d7d5 e4d5 d8d5 g1e2 e7e5 b1c3 d5e6 d2d4 e5d4 c3b5 e6e5 b5d4 c7c5 d4f3 e5e4 f3g5 e4g6 e2g3 f8e7 f1d3 f7f5 g5f3 b8c6 e1g1 c8e6 d1e2 c6d4 f3d4 c5d4 e2f3 e8c8 g3f5 g6f7 d3e4 e7c5 f1e1 g7g6 f5g3 d8e8 c1g5 h7h6 g5f4 g8f6 e4c6 b7c6 f3c6 c8d8 c6c5 f6d5 f4e5 h8f8 c5d4 d8c8 g3e4 f7d7 e4d6 c8d8 c2c4 d5b4 d6e8 d7d4 e5d4 f8e8 a1d1 b4c2 d4a7 d8c8 e1e2 c8b7 d1d6 b7a7 d6e6 e8d8 e6e7 a7b8 e7e8 d8e8 e2e8 b8b7 e8e6 g6g5 e6h6 g5g4 h6h4 b7b8 h4g4 b8b7 g4g6 b7b8 g6g7 b8a8 a2a4 a8b8 g2g4 b8a8 f2f4 c2e3 b2b3 a8b8 g1f2 e3d1 f2e2 d1b2 e2d2 b8a8 d2c2 b2c4 b3c4 a8b8 a4a5 
DEBUG:root:>>> go depth 6 
DEBUG:root:>>> position startpos moves e2e4 d7d5 e4d5 d8d5 g1e2 e7e5 b1c3 d5e6 d2d4 e5d4 c3b5 e6e5 b5d4 c7c5 d4f3 e5e4 f3g5 e4g6 e2g3 f8e7 f1d3 f7f5 g5f3 b8c6 e1g1 c8e6 d1e2 c6d4 f3d4 c5d4 e2f3 e8c8 g3f5 g6f7 d3e4 e7c5 f1e1 g7g6 f5g3 d8e8 c1g5 h7h6 g5f4 g8f6 e4c6 b7c6 f3c6 c8d8 c6c5 f6d5 f4e5 h8f8 c5d4 d8c8 g3e4 f7d7 e4d6 c8d8 c2c4 d5b4 d6e8 d7d4 e5d4 f8e8 a1d1 b4c2 d4a7 d8c8 e1e2 c8b7 d1d6 b7a7 d6e6 e8d8 e6e7 a7b8 e7e8 d8e8 e2e8 b8b7 e8e6 g6g5 e6h6 g5g4 h6h4 b7b8 h4g4 b8b7 g4g6 b7b8 g6g7 b8a8 a2a4 a8b8 g2g4 b8a8 f2f4 c2e3 b2b3 a8b8 g1f2 e3d1 f2e2 d1b2 e2d2 b8a8 d2c2 b2c4 b3c4 a8b8 a4a5 b8a8 a5a6 
DEBUG:root:>>> go depth 6 
DEBUG:root:>>> position startpos moves e2e4 d7d5 e4d5 d8d5 g1e2 e7e5 b1c3 d5e6 d2d4 e5d4 c3b5 e6e5 b5d4 c7c5 d4f3 e5e4 f3g5 e4g6 e2g3 f8e7 f1d3 f7f5 g5f3 b8c6 e1g1 c8e6 d1e2 c6d4 f3d4 c5d4 e2f3 e8c8 g3f5 g6f7 d3e4 e7c5 f1e1 g7g6 f5g3 d8e8 c1g5 h7h6 g5f4 g8f6 e4c6 b7c6 f3c6 c8d8 c6c5 f6d5 f4e5 h8f8 c5d4 d8c8 g3e4 f7d7 e4d6 c8d8 c2c4 d5b4 d6e8 d7d4 e5d4 f8e8 a1d1 b4c2 d4a7 d8c8 e1e2 c8b7 d1d6 b7a7 d6e6 e8d8 e6e7 a7b8 e7e8 d8e8 e2e8 b8b7 e8e6 g6g5 e6h6 g5g4 h6h4 b7b8 h4g4 b8b7 g4g6 b7b8 g6g7 b8a8 a2a4 a8b8 g2g4 b8a8 f2f4 c2e3 b2b3 a8b8 g1f2 e3d1 f2e2 d1b2 e2d2 b8a8 d2c2 b2c4 b3c4 a8b8 a4a5 b8a8 a5a6 a8b8 c2d3 
DEBUG:root:>>> go depth 6 
DEBUG:root:>>> position startpos moves e2e4 d7d5 e4d5 d8d5 g1e2 e7e5 b1c3 d5e6 d2d4 e5d4 c3b5 e6e5 b5d4 c7c5 d4f3 e5e4 f3g5 e4g6 e2g3 f8e7 f1d3 f7f5 g5f3 b8c6 e1g1 c8e6 d1e2 c6d4 f3d4 c5d4 e2f3 e8c8 g3f5 g6f7 d3e4 e7c5 f1e1 g7g6 f5g3 d8e8 c1g5 h7h6 g5f4 g8f6 e4c6 b7c6 f3c6 c8d8 c6c5 f6d5 f4e5 h8f8 c5d4 d8c8 g3e4 f7d7 e4d6 c8d8 c2c4 d5b4 d6e8 d7d4 e5d4 f8e8 a1d1 b4c2 d4a7 d8c8 e1e2 c8b7 d1d6 b7a7 d6e6 e8d8 e6e7 a7b8 e7e8 d8e8 e2e8 b8b7 e8e6 g6g5 e6h6 g5g4 h6h4 b7b8 h4g4 b8b7 g4g6 b7b8 g6g7 b8a8 a2a4 a8b8 g2g4 b8a8 f2f4 c2e3 b2b3 a8b8 g1f2 e3d1 f2e2 d1b2 e2d2 b8a8 d2c2 b2c4 b3c4 a8b8 a4a5 b8a8 a5a6 a8b8 c2d3 b8a8 c4c5 
DEBUG:root:>>> go depth 6 
DEBUG:root:>>> position startpos moves e2e4 d7d5 e4d5 d8d5 g1e2 e7e5 b1c3 d5e6 d2d4 e5d4 c3b5 e6e5 b5d4 c7c5 d4f3 e5e4 f3g5 e4g6 e2g3 f8e7 f1d3 f7f5 g5f3 b8c6 e1g1 c8e6 d1e2 c6d4 f3d4 c5d4 e2f3 e8c8 g3f5 g6f7 d3e4 e7c5 f1e1 g7g6 f5g3 d8e8 c1g5 h7h6 g5f4 g8f6 e4c6 b7c6 f3c6 c8d8 c6c5 f6d5 f4e5 h8f8 c5d4 d8c8 g3e4 f7d7 e4d6 c8d8 c2c4 d5b4 d6e8 d7d4 e5d4 f8e8 a1d1 b4c2 d4a7 d8c8 e1e2 c8b7 d1d6 b7a7 d6e6 e8d8 e6e7 a7b8 e7e8 d8e8 e2e8 b8b7 e8e6 g6g5 e6h6 g5g4 h6h4 b7b8 h4g4 b8b7 g4g6 b7b8 g6g7 b8a8 a2a4 a8b8 g2g4 b8a8 f2f4 c2e3 b2b3 a8b8 g1f2 e3d1 f2e2 d1b2 e2d2 b8a8 d2c2 b2c4 b3c4 a8b8 a4a5 b8a8 a5a6 a8b8 c2d3 b8a8 c4c5 a8b8 c5c6 
DEBUG:root:>>> go depth 6 
DEBUG:root:>>> position startpos moves e2e4 d7d5 e4d5 d8d5 g1e2 e7e5 b1c3 d5e6 d2d4 e5d4 c3b5 e6e5 b5d4 c7c5 d4f3 e5e4 f3g5 e4g6 e2g3 f8e7 f1d3 f7f5 g5f3 b8c6 e1g1 c8e6 d1e2 c6d4 f3d4 c5d4 e2f3 e8c8 g3f5 g6f7 d3e4 e7c5 f1e1 g7g6 f5g3 d8e8 c1g5 h7h6 g5f4 g8f6 e4c6 b7c6 f3c6 c8d8 c6c5 f6d5 f4e5 h8f8 c5d4 d8c8 g3e4 f7d7 e4d6 c8d8 c2c4 d5b4 d6e8 d7d4 e5d4 f8e8 a1d1 b4c2 d4a7 d8c8 e1e2 c8b7 d1d6 b7a7 d6e6 e8d8 e6e7 a7b8 e7e8 d8e8 e2e8 b8b7 e8e6 g6g5 e6h6 g5g4 h6h4 b7b8 h4g4 b8b7 g4g6 b7b8 g6g7 b8a8 a2a4 a8b8 g2g4 b8a8 f2f4 c2e3 b2b3 a8b8 g1f2 e3d1 f2e2 d1b2 e2d2 b8a8 d2c2 b2c4 b3c4 a8b8 a4a5 b8a8 a5a6 a8b8 c2d3 b8a8 c4c5 a8b8 c5c6 b8a8 c6c7 
DEBUG:root:>>> go depth 6 
DEBUG:root:>>> position startpos moves e2e4 d7d5 e4d5 d8d5 g1e2 e7e5 b1c3 d5e6 d2d4 e5d4 c3b5 e6e5 b5d4 c7c5 d4f3 e5e4 f3g5 e4g6 e2g3 f8e7 f1d3 f7f5 g5f3 b8c6 e1g1 c8e6 d1e2 c6d4 f3d4 c5d4 e2f3 e8c8 g3f5 g6f7 d3e4 e7c5 f1e1 g7g6 f5g3 d8e8 c1g5 h7h6 g5f4 g8f6 e4c6 b7c6 f3c6 c8d8 c6c5 f6d5 f4e5 h8f8 c5d4 d8c8 g3e4 f7d7 e4d6 c8d8 c2c4 d5b4 d6e8 d7d4 e5d4 f8e8 a1d1 b4c2 d4a7 d8c8 e1e2 c8b7 d1d6 b7a7 d6e6 e8d8 e6e7 a7b8 e7e8 d8e8 e2e8 b8b7 e8e6 g6g5 e6h6 g5g4 h6h4 b7b8 h4g4 b8b7 g4g6 b7b8 g6g7 b8a8 a2a4 a8b8 g2g4 b8a8 f2f4 c2e3 b2b3 a8b8 g1f2 e3d1 f2e2 d1b2 e2d2 b8a8 d2c2 b2c4 b3c4 a8b8 a4a5 b8a8 a5a6 a8b8 c2d3 b8a8 c4c5 a8b8 c5c6 b8a8 c6c7 a8a7 c7c8q 
DEBUG:root:>>> go depth 6 
DEBUG:root:>>> position startpos moves e2e4 d7d5 e4d5 d8d5 g1e2 e7e5 b1c3 d5e6 d2d4 e5d4 c3b5 e6e5 b5d4 c7c5 d4f3 e5e4 f3g5 e4g6 e2g3 f8e7 f1d3 f7f5 g5f3 b8c6 e1g1 c8e6 d1e2 c6d4 f3d4 c5d4 e2f3 e8c8 g3f5 g6f7 d3e4 e7c5 f1e1 g7g6 f5g3 d8e8 c1g5 h7h6 g5f4 g8f6 e4c6 b7c6 f3c6 c8d8 c6c5 f6d5 f4e5 h8f8 c5d4 d8c8 g3e4 f7d7 e4d6 c8d8 c2c4 d5b4 d6e8 d7d4 e5d4 f8e8 a1d1 b4c2 d4a7 d8c8 e1e2 c8b7 d1d6 b7a7 d6e6 e8d8 e6e7 a7b8 e7e8 d8e8 e2e8 b8b7 e8e6 g6g5 e6h6 g5g4 h6h4 b7b8 h4g4 b8b7 g4g6 b7b8 g6g7 b8a8 a2a4 a8b8 g2g4 b8a8 f2f4 c2e3 b2b3 a8b8 g1f2 e3d1 f2e2 d1b2 e2d2 b8a8 d2c2 b2c4 b3c4 a8b8 a4a5 b8a8 a5a6 a8b8 c2d3 b8a8 c4c5 a8b8 c5c6 b8a8 c6c7 a8a7 c7c8q a7b6 g7g5 
DEBUG:root:>>> go depth 6 
DEBUG:root:>>> ucinewgame 
DEBUG:root:>>> position fen rnbqkbnr/pppppppp/8/8/8/8/PPPPPPPP/RNBQKBNR w KQkq - 0 1 
DEBUG:root:>>> ucinewgame 
DEBUG:root:>>> position fen rnbqkbnr/pppppppp/8/8/8/8/PPPPPPPP/RNBQKBNR w KQkq - 0 1 
DEBUG:root:>>> ucinewgame 
DEBUG:root:>>> position fen rnbqkbnr/pppppppp/8/8/8/8/PPPPPPPP/RNBQKBNR w KQkq - 0 1 
DEBUG:root:>>> uci 
DEBUG:root:>>> isready 
DEBUG:root:>>> ucinewgame 
DEBUG:root:>>> position fen rnbqkbnr/pppppppp/8/8/8/8/PPPPPPPP/RNBQKBNR w KQkq - 0 1 
DEBUG:root:>>> position startpos moves e2e4 
DEBUG:root:>>> go depth 6 
DEBUG:root:>>> position startpos moves e2e4 d7d5 e4d5 
DEBUG:root:>>> go depth 6 
DEBUG:root:>>> uci 
DEBUG:root:>>> isready 
DEBUG:root:>>> ucinewgame 
DEBUG:root:>>> position fen rnbqkbnr/pppppppp/8/8/8/8/PPPPPPPP/RNBQKBNR w KQkq - 0 1 
DEBUG:root:>>> uci 
DEBUG:root:>>> isready 
DEBUG:root:>>> ucinewgame 
DEBUG:root:>>> position fen rnbqkbnr/pppppppp/8/8/8/8/PPPPPPPP/RNBQKBNR w KQkq - 0 1 
DEBUG:root:>>> uci 
DEBUG:root:>>> isready 
DEBUG:root:>>> ucinewgame 
DEBUG:root:>>> position fen rnbqkbnr/pppppppp/8/8/8/8/PPPPPPPP/RNBQKBNR w KQkq - 0 1 
DEBUG:root:>>> uci 
DEBUG:root:>>> isready 
DEBUG:root:>>> ucinewgame 
DEBUG:root:>>> position fen rnbqkbnr/pppppppp/8/8/8/8/PPPPPPPP/RNBQKBNR w KQkq - 0 1 
DEBUG:root:>>> ucinewgame 
DEBUG:root:>>> position fen rnbqkbnr/pppppppp/8/8/8/8/PPPPPPPP/RNBQKBNR w KQkq - 0 1 
DEBUG:root:>>> position startpos moves g1f3 
DEBUG:root:>>> go depth 6 
DEBUG:root:>>> uci 
DEBUG:root:>>> isready 
DEBUG:root:>>> ucinewgame 
DEBUG:root:>>> position fen rnbqkbnr/pppppppp/8/8/8/8/PPPPPPPP/RNBQKBNR w KQkq - 0 1 
DEBUG:root:>>> position startpos moves g1f3 
DEBUG:root:>>> go depth 6 
DEBUG:root:>>> position startpos moves g1f3 d7d5 d2d4 
DEBUG:root:>>> go depth 6 
DEBUG:root:>>> position startpos moves g1f3 d7d5 d2d4 b8c6 e2e3 
DEBUG:root:>>> go depth 6 
DEBUG:root:>>> position startpos moves g1f3 d7d5 d2d4 b8c6 e2e3 g8f6 b1c3 
DEBUG:root:>>> go depth 6 
DEBUG:root:>>> position startpos moves g1f3 d7d5 d2d4 b8c6 e2e3 g8f6 b1c3 e7e6 f1d3 
DEBUG:root:>>> go depth 6 
DEBUG:root:>>> position startpos moves g1f3 d7d5 d2d4 b8c6 e2e3 g8f6 b1c3 e7e6 f1d3 f8d6 e1g1 
DEBUG:root:>>> go depth 6 
DEBUG:root:>>> position startpos moves g1f3 d7d5 d2d4 b8c6 e2e3 g8f6 b1c3 e7e6 f1d3 f8d6 e1g1 e8g8 c3b5 
DEBUG:root:>>> go depth 6 
DEBUG:root:>>> position startpos moves g1f3 d7d5 d2d4 b8c6 e2e3 g8f6 b1c3 e7e6 f1d3 f8d6 e1g1 e8g8 c3b5 c6b4 b5d6 
DEBUG:root:>>> go depth 6 
DEBUG:root:>>> position startpos moves g1f3 d7d5 d2d4 b8c6 e2e3 g8f6 b1c3 e7e6 f1d3 f8d6 e1g1 e8g8 c3b5 c6b4 b5d6 d8d6 d3e2 
DEBUG:root:>>> go depth 6 
DEBUG:root:>>> position startpos moves g1f3 d7d5 d2d4 b8c6 e2e3 g8f6 b1c3 e7e6 f1d3 f8d6 e1g1 e8g8 c3b5 c6b4 b5d6 d8d6 d3e2 f6e4 c2c3 
DEBUG:root:>>> go depth 6 
DEBUG:root:>>> position startpos moves g1f3 d7d5 d2d4 b8c6 e2e3 g8f6 b1c3 e7e6 f1d3 f8d6 e1g1 e8g8 c3b5 c6b4 b5d6 d8d6 d3e2 f6e4 c2c3 b4c6 c1d2 
DEBUG:root:>>> go depth 6 
DEBUG:root:>>> position startpos moves g1f3 d7d5 d2d4 b8c6 e2e3 g8f6 b1c3 e7e6 f1d3 f8d6 e1g1 e8g8 c3b5 c6b4 b5d6 d8d6 d3e2 f6e4 c2c3 b4c6 c1d2 c8d7 d1c2 
DEBUG:root:>>> go depth 6 
DEBUG:root:>>> position startpos moves g1f3 d7d5 d2d4 b8c6 e2e3 g8f6 b1c3 e7e6 f1d3 f8d6 e1g1 e8g8 c3b5 c6b4 b5d6 d8d6 d3e2 f6e4 c2c3 b4c6 c1d2 c8d7 d1c2 a8d8 a1d1 
DEBUG:root:>>> go depth 6 
DEBUG:root:>>> position startpos moves g1f3 d7d5 d2d4 b8c6 e2e3 g8f6 b1c3 e7e6 f1d3 f8d6 e1g1 e8g8 c3b5 c6b4 b5d6 d8d6 d3e2 f6e4 c2c3 b4c6 c1d2 c8d7 d1c2 a8d8 a1d1 e4d2 c2d2 
DEBUG:root:>>> go depth 6 
DEBUG:root:>>> position startpos moves g1f3 d7d5 d2d4 b8c6 e2e3 g8f6 b1c3 e7e6 f1d3 f8d6 e1g1 e8g8 c3b5 c6b4 b5d6 d8d6 d3e2 f6e4 c2c3 b4c6 c1d2 c8d7 d1c2 a8d8 a1d1 e4d2 c2d2 f8e8 f1e1 
DEBUG:root:>>> go depth 6 
DEBUG:root:>>> position startpos moves g1f3 d7d5 d2d4 b8c6 e2e3 g8f6 b1c3 e7e6 f1d3 f8d6 e1g1 e8g8 c3b5 c6b4 b5d6 d8d6 d3e2 f6e4 c2c3 b4c6 c1d2 c8d7 d1c2 a8d8 a1d1 e4d2 c2d2 f8e8 f1e1 f7f5 h2h3 
DEBUG:root:>>> go depth 6 
DEBUG:root:>>> position startpos moves g1f3 d7d5 d2d4 b8c6 e2e3 g8f6 b1c3 e7e6 f1d3 f8d6 e1g1 e8g8 c3b5 c6b4 b5d6 d8d6 d3e2 f6e4 c2c3 b4c6 c1d2 c8d7 d1c2 a8d8 a1d1 e4d2 c2d2 f8e8 f1e1 f7f5 h2h3 a7a6 a2a4 
DEBUG:root:>>> go depth 6 
DEBUG:root:>>> position startpos moves g1f3 d7d5 d2d4 b8c6 e2e3 g8f6 b1c3 e7e6 f1d3 f8d6 e1g1 e8g8 c3b5 c6b4 b5d6 d8d6 d3e2 f6e4 c2c3 b4c6 c1d2 c8d7 d1c2 a8d8 a1d1 e4d2 c2d2 f8e8 f1e1 f7f5 h2h3 a7a6 a2a4 h7h6 c3c4 
DEBUG:root:>>> go depth 6 
DEBUG:root:>>> position startpos moves g1f3 d7d5 d2d4 b8c6 e2e3 g8f6 b1c3 e7e6 f1d3 f8d6 e1g1 e8g8 c3b5 c6b4 b5d6 d8d6 d3e2 f6e4 c2c3 b4c6 c1d2 c8d7 d1c2 a8d8 a1d1 e4d2 c2d2 f8e8 f1e1 f7f5 h2h3 a7a6 a2a4 h7h6 c3c4 d5c4 e2c4 
DEBUG:root:>>> go depth 6 
DEBUG:root:>>> position startpos moves g1f3 d7d5 d2d4 b8c6 e2e3 g8f6 b1c3 e7e6 f1d3 f8d6 e1g1 e8g8 c3b5 c6b4 b5d6 d8d6 d3e2 f6e4 c2c3 b4c6 c1d2 c8d7 d1c2 a8d8 a1d1 e4d2 c2d2 f8e8 f1e1 f7f5 h2h3 a7a6 a2a4 h7h6 c3c4 d5c4 e2c4 d6b4 d2b4 
DEBUG:root:>>> go depth 6 
DEBUG:root:>>> position startpos moves g1f3 d7d5 d2d4 b8c6 e2e3 g8f6 b1c3 e7e6 f1d3 f8d6 e1g1 e8g8 c3b5 c6b4 b5d6 d8d6 d3e2 f6e4 c2c3 b4c6 c1d2 c8d7 d1c2 a8d8 a1d1 e4d2 c2d2 f8e8 f1e1 f7f5 h2h3 a7a6 a2a4 h7h6 c3c4 d5c4 e2c4 d6b4 d2b4 c6b4 a4a5 
DEBUG:root:>>> go depth 6 
DEBUG:root:>>> position startpos moves g1f3 d7d5 d2d4 b8c6 e2e3 g8f6 b1c3 e7e6 f1d3 f8d6 e1g1 e8g8 c3b5 c6b4 b5d6 d8d6 d3e2 f6e4 c2c3 b4c6 c1d2 c8d7 d1c2 a8d8 a1d1 e4d2 c2d2 f8e8 f1e1 f7f5 h2h3 a7a6 a2a4 h7h6 c3c4 d5c4 e2c4 d6b4 d2b4 c6b4 a4a5 d7b5 f3e5 
DEBUG:root:>>> go depth 6 
DEBUG:root:>>> position startpos moves g1f3 d7d5 d2d4 b8c6 e2e3 g8f6 b1c3 e7e6 f1d3 f8d6 e1g1 e8g8 c3b5 c6b4 b5d6 d8d6 d3e2 f6e4 c2c3 b4c6 c1d2 c8d7 d1c2 a8d8 a1d1 e4d2 c2d2 f8e8 f1e1 f7f5 h2h3 a7a6 a2a4 h7h6 c3c4 d5c4 e2c4 d6b4 d2b4 c6b4 a4a5 d7b5 f3e5 b4c2 e1e2 
DEBUG:root:>>> go depth 6 
DEBUG:root:>>> position startpos moves g1f3 d7d5 d2d4 b8c6 e2e3 g8f6 b1c3 e7e6 f1d3 f8d6 e1g1 e8g8 c3b5 c6b4 b5d6 d8d6 d3e2 f6e4 c2c3 b4c6 c1d2 c8d7 d1c2 a8d8 a1d1 e4d2 c2d2 f8e8 f1e1 f7f5 h2h3 a7a6 a2a4 h7h6 c3c4 d5c4 e2c4 d6b4 d2b4 c6b4 a4a5 d7b5 f3e5 b4c2 e1e2 c2b4 d1c1 
DEBUG:root:>>> go depth 6 
DEBUG:root:>>> position startpos moves g1f3 d7d5 d2d4 b8c6 e2e3 g8f6 b1c3 e7e6 f1d3 f8d6 e1g1 e8g8 c3b5 c6b4 b5d6 d8d6 d3e2 f6e4 c2c3 b4c6 c1d2 c8d7 d1c2 a8d8 a1d1 e4d2 c2d2 f8e8 f1e1 f7f5 h2h3 a7a6 a2a4 h7h6 c3c4 d5c4 e2c4 d6b4 d2b4 c6b4 a4a5 d7b5 f3e5 b4c2 e1e2 c2b4 d1c1 b5c4 c1c4 
DEBUG:root:>>> go depth 6 
DEBUG:root:>>> position startpos moves g1f3 d7d5 d2d4 b8c6 e2e3 g8f6 b1c3 e7e6 f1d3 f8d6 e1g1 e8g8 c3b5 c6b4 b5d6 d8d6 d3e2 f6e4 c2c3 b4c6 c1d2 c8d7 d1c2 a8d8 a1d1 e4d2 c2d2 f8e8 f1e1 f7f5 h2h3 a7a6 a2a4 h7h6 c3c4 d5c4 e2c4 d6b4 d2b4 c6b4 a4a5 d7b5 f3e5 b4c2 e1e2 c2b4 d1c1 b5c4 c1c4 b4d5 e2e1 
DEBUG:root:>>> go depth 6 
DEBUG:root:>>> position startpos moves g1f3 d7d5 d2d4 b8c6 e2e3 g8f6 b1c3 e7e6 f1d3 f8d6 e1g1 e8g8 c3b5 c6b4 b5d6 d8d6 d3e2 f6e4 c2c3 b4c6 c1d2 c8d7 d1c2 a8d8 a1d1 e4d2 c2d2 f8e8 f1e1 f7f5 h2h3 a7a6 a2a4 h7h6 c3c4 d5c4 e2c4 d6b4 d2b4 c6b4 a4a5 d7b5 f3e5 b4c2 e1e2 c2b4 d1c1 b5c4 c1c4 b4d5 e2e1 c7c6 c4c5 
DEBUG:root:>>> go depth 6 
DEBUG:root:>>> position startpos moves g1f3 d7d5 d2d4 b8c6 e2e3 g8f6 b1c3 e7e6 f1d3 f8d6 e1g1 e8g8 c3b5 c6b4 b5d6 d8d6 d3e2 f6e4 c2c3 b4c6 c1d2 c8d7 d1c2 a8d8 a1d1 e4d2 c2d2 f8e8 f1e1 f7f5 h2h3 a7a6 a2a4 h7h6 c3c4 d5c4 e2c4 d6b4 d2b4 c6b4 a4a5 d7b5 f3e5 b4c2 e1e2 c2b4 d1c1 b5c4 c1c4 b4d5 e2e1 c7c6 c4c5 d5b4 e1d1 
DEBUG:root:>>> go depth 6 
DEBUG:root:>>> position startpos moves g1f3 d7d5 d2d4 b8c6 e2e3 g8f6 b1c3 e7e6 f1d3 f8d6 e1g1 e8g8 c3b5 c6b4 b5d6 d8d6 d3e2 f6e4 c2c3 b4c6 c1d2 c8d7 d1c2 a8d8 a1d1 e4d2 c2d2 f8e8 f1e1 f7f5 h2h3 a7a6 a2a4 h7h6 c3c4 d5c4 e2c4 d6b4 d2b4 c6b4 a4a5 d7b5 f3e5 b4c2 e1e2 c2b4 d1c1 b5c4 c1c4 b4d5 e2e1 c7c6 c4c5 d5b4 e1d1 b4d5 g2g3 
DEBUG:root:>>> go depth 6 
DEBUG:root:>>> position startpos moves g1f3 d7d5 d2d4 b8c6 e2e3 g8f6 b1c3 e7e6 f1d3 f8d6 e1g1 e8g8 c3b5 c6b4 b5d6 d8d6 d3e2 f6e4 c2c3 b4c6 c1d2 c8d7 d1c2 a8d8 a1d1 e4d2 c2d2 f8e8 f1e1 f7f5 h2h3 a7a6 a2a4 h7h6 c3c4 d5c4 e2c4 d6b4 d2b4 c6b4 a4a5 d7b5 f3e5 b4c2 e1e2 c2b4 d1c1 b5c4 c1c4 b4d5 e2e1 c7c6 c4c5 d5b4 e1d1 b4d5 g2g3 d5f6 g1g2 
DEBUG:root:>>> go depth 6 
DEBUG:root:>>> position startpos moves g1f3 d7d5 d2d4 b8c6 e2e3 g8f6 b1c3 e7e6 f1d3 f8d6 e1g1 e8g8 c3b5 c6b4 b5d6 d8d6 d3e2 f6e4 c2c3 b4c6 c1d2 c8d7 d1c2 a8d8 a1d1 e4d2 c2d2 f8e8 f1e1 f7f5 h2h3 a7a6 a2a4 h7h6 c3c4 d5c4 e2c4 d6b4 d2b4 c6b4 a4a5 d7b5 f3e5 b4c2 e1e2 c2b4 d1c1 b5c4 c1c4 b4d5 e2e1 c7c6 c4c5 d5b4 e1d1 b4d5 g2g3 d5f6 g1g2 f6e4 c5c1 
DEBUG:root:>>> go depth 6 
DEBUG:root:>>> position startpos moves g1f3 d7d5 d2d4 b8c6 e2e3 g8f6 b1c3 e7e6 f1d3 f8d6 e1g1 e8g8 c3b5 c6b4 b5d6 d8d6 d3e2 f6e4 c2c3 b4c6 c1d2 c8d7 d1c2 a8d8 a1d1 e4d2 c2d2 f8e8 f1e1 f7f5 h2h3 a7a6 a2a4 h7h6 c3c4 d5c4 e2c4 d6b4 d2b4 c6b4 a4a5 d7b5 f3e5 b4c2 e1e2 c2b4 d1c1 b5c4 c1c4 b4d5 e2e1 c7c6 c4c5 d5b4 e1d1 b4d5 g2g3 d5f6 g1g2 f6e4 c5c1 e4f6 e5d3 
DEBUG:root:>>> go depth 6 
DEBUG:root:>>> position startpos moves g1f3 d7d5 d2d4 b8c6 e2e3 g8f6 b1c3 e7e6 f1d3 f8d6 e1g1 e8g8 c3b5 c6b4 b5d6 d8d6 d3e2 f6e4 c2c3 b4c6 c1d2 c8d7 d1c2 a8d8 a1d1 e4d2 c2d2 f8e8 f1e1 f7f5 h2h3 a7a6 a2a4 h7h6 c3c4 d5c4 e2c4 d6b4 d2b4 c6b4 a4a5 d7b5 f3e5 b4c2 e1e2 c2b4 d1c1 b5c4 c1c4 b4d5 e2e1 c7c6 c4c5 d5b4 e1d1 b4d5 g2g3 d5f6 g1g2 f6e4 c5c1 e4f6 e5d3 f6e4 d3e5 
DEBUG:root:>>> go depth 6 
DEBUG:root:>>> position startpos moves g1f3 d7d5 d2d4 b8c6 e2e3 g8f6 b1c3 e7e6 f1d3 f8d6 e1g1 e8g8 c3b5 c6b4 b5d6 d8d6 d3e2 f6e4 c2c3 b4c6 c1d2 c8d7 d1c2 a8d8 a1d1 e4d2 c2d2 f8e8 f1e1 f7f5 h2h3 a7a6 a2a4 h7h6 c3c4 d5c4 e2c4 d6b4 d2b4 c6b4 a4a5 d7b5 f3e5 b4c2 e1e2 c2b4 d1c1 b5c4 c1c4 b4d5 e2e1 c7c6 c4c5 d5b4 e1d1 b4d5 g2g3 d5f6 g1g2 f6e4 c5c1 e4f6 e5d3 f6e4 d3e5 e4f6 e5d3 
DEBUG:root:>>> go depth 6 
DEBUG:root:>>> position startpos moves g1f3 d7d5 d2d4 b8c6 e2e3 g8f6 b1c3 e7e6 f1d3 f8d6 e1g1 e8g8 c3b5 c6b4 b5d6 d8d6 d3e2 f6e4 c2c3 b4c6 c1d2 c8d7 d1c2 a8d8 a1d1 e4d2 c2d2 f8e8 f1e1 f7f5 h2h3 a7a6 a2a4 h7h6 c3c4 d5c4 e2c4 d6b4 d2b4 c6b4 a4a5 d7b5 f3e5 b4c2 e1e2 c2b4 d1c1 b5c4 c1c4 b4d5 e2e1 c7c6 c4c5 d5b4 e1d1 b4d5 g2g3 d5f6 g1g2 f6e4 c5c1 e4f6 e5d3 f6e4 d3e5 e4f6 e5d3 f6e4 d3e5 
DEBUG:root:>>> go depth 6 
DEBUG:root:>>> position startpos moves g1f3 d7d5 d2d4 b8c6 e2e3 g8f6 b1c3 e7e6 f1d3 f8d6 e1g1 e8g8 c3b5 c6b4 b5d6 d8d6 d3e2 f6e4 c2c3 b4c6 c1d2 c8d7 d1c2 a8d8 a1d1 e4d2 c2d2 f8e8 f1e1 f7f5 h2h3 a7a6 a2a4 h7h6 c3c4 d5c4 e2c4 d6b4 d2b4 c6b4 a4a5 d7b5 f3e5 b4c2 e1e2 c2b4 d1c1 b5c4 c1c4 b4d5 e2e1 c7c6 c4c5 d5b4 e1d1 b4d5 g2g3 d5f6 g1g2 f6e4 c5c1 e4f6 e5d3 f6e4 d3e5 e4f6 e5d3 f6e4 d3e5 e4f6 e5d3 
DEBUG:root:>>> go depth 6 
DEBUG:root:>>> position startpos moves g1f3 d7d5 d2d4 b8c6 e2e3 g8f6 b1c3 e7e6 f1d3 f8d6 e1g1 e8g8 c3b5 c6b4 b5d6 d8d6 d3e2 f6e4 c2c3 b4c6 c1d2 c8d7 d1c2 a8d8 a1d1 e4d2 c2d2 f8e8 f1e1 f7f5 h2h3 a7a6 a2a4 h7h6 c3c4 d5c4 e2c4 d6b4 d2b4 c6b4 a4a5 d7b5 f3e5 b4c2 e1e2 c2b4 d1c1 b5c4 c1c4 b4d5 e2e1 c7c6 c4c5 d5b4 e1d1 b4d5 g2g3 d5f6 g1g2 f6e4 c5c1 e4f6 e5d3 f6e4 d3e5 e4f6 e5d3 f6e4 d3e5 e4f6 e5d3 f6e4 d3e5 
DEBUG:root:>>> go depth 6 
DEBUG:root:>>> position startpos moves g1f3 d7d5 d2d4 b8c6 e2e3 g8f6 b1c3 e7e6 f1d3 f8d6 e1g1 e8g8 c3b5 c6b4 b5d6 d8d6 d3e2 f6e4 c2c3 b4c6 c1d2 c8d7 d1c2 a8d8 a1d1 e4d2 c2d2 f8e8 f1e1 f7f5 h2h3 a7a6 a2a4 h7h6 c3c4 d5c4 e2c4 d6b4 d2b4 c6b4 a4a5 d7b5 f3e5 b4c2 e1e2 c2b4 d1c1 b5c4 c1c4 b4d5 e2e1 c7c6 c4c5 d5b4 e1d1 b4d5 g2g3 d5f6 g1g2 f6e4 c5c1 e4f6 e5d3 f6e4 d3e5 e4f6 e5d3 f6e4 d3e5 e4f6 e5d3 f6e4 d3e5 e4f6 e5d3 
DEBUG:root:>>> go depth 6 
DEBUG:root:>>> ucinewgame 
DEBUG:root:>>> position fen rnbqkbnr/pppppppp/8/8/8/8/PPPPPPPP/RNBQKBNR w KQkq - 0 1 
DEBUG:root:>>> position startpos moves g1f3 
DEBUG:root:>>> go depth 6 
DEBUG:root:>>> position startpos moves g1f3 d7d5 d2d4 
DEBUG:root:>>> go depth 6 
DEBUG:root:>>> position startpos moves g1f3 d7d5 d2d4 b8c6 e2e3 
DEBUG:root:>>> go depth 6 
DEBUG:root:>>> position startpos moves g1f3 d7d5 d2d4 b8c6 e2e3 g8f6 b1c3 
DEBUG:root:>>> go depth 6 
DEBUG:root:>>> position startpos moves g1f3 d7d5 d2d4 b8c6 e2e3 g8f6 b1c3 e7e6 f1d3 
DEBUG:root:>>> go depth 6 
DEBUG:root:>>> position startpos moves g1f3 d7d5 d2d4 b8c6 e2e3 g8f6 b1c3 e7e6 f1d3 f8d6 e1g1 
DEBUG:root:>>> go depth 6 
DEBUG:root:>>> position startpos moves g1f3 d7d5 d2d4 b8c6 e2e3 g8f6 b1c3 e7e6 f1d3 f8d6 e1g1 e8g8 c3b5 
DEBUG:root:>>> go depth 6 
DEBUG:root:>>> position startpos moves g1f3 d7d5 d2d4 b8c6 e2e3 g8f6 b1c3 e7e6 f1d3 f8d6 e1g1 e8g8 c3b5 c6b4 b5d6 
DEBUG:root:>>> go depth 6 
DEBUG:root:>>> uci 
DEBUG:root:>>> isready 
DEBUG:root:>>> ucinewgame 
DEBUG:root:>>> position fen rnbqkbnr/pppppppp/8/8/8/8/PPPPPPPP/RNBQKBNR w KQkq - 0 1 
DEBUG:root:>>> uci 
DEBUG:root:>>> isready 
DEBUG:root:>>> ucinewgame 
DEBUG:root:>>> position fen rnbqkbnr/pppppppp/8/8/8/8/PPPPPPPP/RNBQKBNR w KQkq - 0 1 
DEBUG:root:>>> position startpos moves e2e4 e7e6 g1f3 
DEBUG:root:>>> go depth 6 
DEBUG:root:>>> position startpos moves e2e4 e7e6 g1f3 d7d5 b1c3 
DEBUG:root:>>> go depth 6 
DEBUG:root:>>> position startpos moves e2e4 e7e6 g1f3 d7d5 b1c3 d5d4 c3b5 
DEBUG:root:>>> go depth 6 
DEBUG:root:>>> position startpos moves e2e4 e7e6 g1f3 d7d5 b1c3 d5d4 c3b5 b8c6 c2c3 
DEBUG:root:>>> go depth 6 
DEBUG:root:>>> position startpos moves e2e4 e7e6 g1f3 d7d5 b1c3 d5d4 c3b5 b8c6 c2c3 d4d3 f1d3 
DEBUG:root:>>> go depth 6 
DEBUG:root:>>> position startpos moves e2e4 e7e6 g1f3 d7d5 b1c3 d5d4 c3b5 b8c6 c2c3 d4d3 f1d3 a7a6 b5d4 
DEBUG:root:>>> go depth 6 
DEBUG:root:>>> position startpos moves e2e4 e7e6 g1f3 d7d5 b1c3 d5d4 c3b5 b8c6 c2c3 d4d3 f1d3 a7a6 b5d4 e6e5 d4c6 
DEBUG:root:>>> go depth 6 
DEBUG:root:>>> position startpos moves e2e4 e7e6 g1f3 d7d5 b1c3 d5d4 c3b5 b8c6 c2c3 d4d3 f1d3 a7a6 b5d4 e6e5 d4c6 d8d3 d1a4 
DEBUG:root:>>> go depth 6 
DEBUG:root:>>> position startpos moves e2e4 e7e6 g1f3 d7d5 b1c3 d5d4 c3b5 b8c6 c2c3 d4d3 f1d3 a7a6 b5d4 e6e5 d4c6 d8d3 d1a4 c8d7 c6e5 
DEBUG:root:>>> go depth 6 
DEBUG:root:>>> position startpos moves e2e4 e7e6 g1f3 d7d5 b1c3 d5d4 c3b5 b8c6 c2c3 d4d3 f1d3 a7a6 b5d4 e6e5 d4c6 d8d3 d1a4 c8d7 c6e5 d7a4 e5d3 
DEBUG:root:>>> go depth 6 
DEBUG:root:>>> position startpos moves e2e4 e7e6 g1f3 d7d5 b1c3 d5d4 c3b5 b8c6 c2c3 d4d3 f1d3 a7a6 b5d4 e6e5 d4c6 d8d3 d1a4 c8d7 c6e5 d7a4 e5d3 a4c2 e1e2 
DEBUG:root:>>> go depth 6 
DEBUG:root:>>> position startpos moves e2e4 e7e6 g1f3 d7d5 b1c3 d5d4 c3b5 b8c6 c2c3 d4d3 f1d3 a7a6 b5d4 e6e5 d4c6 d8d3 d1a4 c8d7 c6e5 d7a4 e5d3 a4c2 e1e2 g8f6 f3d4 
DEBUG:root:>>> go depth 6 
DEBUG:root:>>> position startpos moves e2e4 e7e6 g1f3 d7d5 b1c3 d5d4 c3b5 b8c6 c2c3 d4d3 f1d3 a7a6 b5d4 e6e5 d4c6 d8d3 d1a4 c8d7 c6e5 d7a4 e5d3 a4c2 e1e2 g8f6 f3d4 c2d3 e2d3 
DEBUG:root:>>> go depth 6 
DEBUG:root:>>> position startpos moves e2e4 e7e6 g1f3 d7d5 b1c3 d5d4 c3b5 b8c6 c2c3 d4d3 f1d3 a7a6 b5d4 e6e5 d4c6 d8d3 d1a4 c8d7 c6e5 d7a4 e5d3 a4c2 e1e2 g8f6 f3d4 c2d3 e2d3 e8c8 d3e3 
DEBUG:root:>>> go depth 6 
DEBUG:root:>>> position startpos moves e2e4 e7e6 g1f3 d7d5 b1c3 d5d4 c3b5 b8c6 c2c3 d4d3 f1d3 a7a6 b5d4 e6e5 d4c6 d8d3 d1a4 c8d7 c6e5 d7a4 e5d3 a4c2 e1e2 g8f6 f3d4 c2d3 e2d3 e8c8 d3e3 c7c5 d4f5 
DEBUG:root:>>> go depth 6 
DEBUG:root:>>> position startpos moves e2e4 e7e6 g1f3 d7d5 b1c3 d5d4 c3b5 b8c6 c2c3 d4d3 f1d3 a7a6 b5d4 e6e5 d4c6 d8d3 d1a4 c8d7 c6e5 d7a4 e5d3 a4c2 e1e2 g8f6 f3d4 c2d3 e2d3 e8c8 d3e3 c7c5 d4f5 g7g6 f5g3 
DEBUG:root:>>> go depth 6 
DEBUG:root:>>> position startpos moves e2e4 e7e6 g1f3 d7d5 b1c3 d5d4 c3b5 b8c6 c2c3 d4d3 f1d3 a7a6 b5d4 e6e5 d4c6 d8d3 d1a4 c8d7 c6e5 d7a4 e5d3 a4c2 e1e2 g8f6 f3d4 c2d3 e2d3 e8c8 d3e3 c7c5 d4f5 g7g6 f5g3 c8b8 d2d4 
DEBUG:root:>>> go depth 6 
DEBUG:root:>>> position startpos moves e2e4 e7e6 g1f3 d7d5 b1c3 d5d4 c3b5 b8c6 c2c3 d4d3 f1d3 a7a6 b5d4 e6e5 d4c6 d8d3 d1a4 c8d7 c6e5 d7a4 e5d3 a4c2 e1e2 g8f6 f3d4 c2d3 e2d3 e8c8 d3e3 c7c5 d4f5 g7g6 f5g3 c8b8 d2d4 c5d4 c3d4 
DEBUG:root:>>> go depth 6 
DEBUG:root:>>> position startpos moves e2e4 e7e6 g1f3 d7d5 b1c3 d5d4 c3b5 b8c6 c2c3 d4d3 f1d3 a7a6 b5d4 e6e5 d4c6 d8d3 d1a4 c8d7 c6e5 d7a4 e5d3 a4c2 e1e2 g8f6 f3d4 c2d3 e2d3 e8c8 d3e3 c7c5 d4f5 g7g6 f5g3 c8b8 d2d4 c5d4 c3d4 f8g7 e3d3 
DEBUG:root:>>> go depth 6 
DEBUG:root:>>> position startpos moves e2e4 e7e6 g1f3 d7d5 b1c3 d5d4 c3b5 b8c6 c2c3 d4d3 f1d3 a7a6 b5d4 e6e5 d4c6 d8d3 d1a4 c8d7 c6e5 d7a4 e5d3 a4c2 e1e2 g8f6 f3d4 c2d3 e2d3 e8c8 d3e3 c7c5 d4f5 g7g6 f5g3 c8b8 d2d4 c5d4 c3d4 f8g7 e3d3 f6g4 c1e3 
DEBUG:root:>>> go depth 6 
DEBUG:root:>>> position startpos moves e2e4 e7e6 g1f3 d7d5 b1c3 d5d4 c3b5 b8c6 c2c3 d4d3 f1d3 a7a6 b5d4 e6e5 d4c6 d8d3 d1a4 c8d7 c6e5 d7a4 e5d3 a4c2 e1e2 g8f6 f3d4 c2d3 e2d3 e8c8 d3e3 c7c5 d4f5 g7g6 f5g3 c8b8 d2d4 c5d4 c3d4 f8g7 e3d3 f6g4 c1e3 h8e8 h1d1 
DEBUG:root:>>> go depth 6 
DEBUG:root:>>> position startpos moves e2e4 e7e6 g1f3 d7d5 b1c3 d5d4 c3b5 b8c6 c2c3 d4d3 f1d3 a7a6 b5d4 e6e5 d4c6 d8d3 d1a4 c8d7 c6e5 d7a4 e5d3 a4c2 e1e2 g8f6 f3d4 c2d3 e2d3 e8c8 d3e3 c7c5 d4f5 g7g6 f5g3 c8b8 d2d4 c5d4 c3d4 f8g7 e3d3 f6g4 c1e3 h8e8 h1d1 g4e3 d3e3 
DEBUG:root:>>> go depth 6 
DEBUG:root:>>> position startpos moves e2e4 e7e6 g1f3 d7d5 b1c3 d5d4 c3b5 b8c6 c2c3 d4d3 f1d3 a7a6 b5d4 e6e5 d4c6 d8d3 d1a4 c8d7 c6e5 d7a4 e5d3 a4c2 e1e2 g8f6 f3d4 c2d3 e2d3 e8c8 d3e3 c7c5 d4f5 g7g6 f5g3 c8b8 d2d4 c5d4 c3d4 f8g7 e3d3 f6g4 c1e3 h8e8 h1d1 g4e3 d3e3 f7f5 e4e5 
DEBUG:root:>>> go depth 6 
DEBUG:root:>>> position startpos moves e2e4 e7e6 g1f3 d7d5 b1c3 d5d4 c3b5 b8c6 c2c3 d4d3 f1d3 a7a6 b5d4 e6e5 d4c6 d8d3 d1a4 c8d7 c6e5 d7a4 e5d3 a4c2 e1e2 g8f6 f3d4 c2d3 e2d3 e8c8 d3e3 c7c5 d4f5 g7g6 f5g3 c8b8 d2d4 c5d4 c3d4 f8g7 e3d3 f6g4 c1e3 h8e8 h1d1 g4e3 d3e3 f7f5 e4e5 h7h5 g3e2 
DEBUG:root:>>> go depth 6 
DEBUG:root:>>> position startpos moves e2e4 e7e6 g1f3 d7d5 b1c3 d5d4 c3b5 b8c6 c2c3 d4d3 f1d3 a7a6 b5d4 e6e5 d4c6 d8d3 d1a4 c8d7 c6e5 d7a4 e5d3 a4c2 e1e2 g8f6 f3d4 c2d3 e2d3 e8c8 d3e3 c7c5 d4f5 g7g6 f5g3 c8b8 d2d4 c5d4 c3d4 f8g7 e3d3 f6g4 c1e3 h8e8 h1d1 g4e3 d3e3 f7f5 e4e5 h7h5 g3e2 h5h4 a1c1 
DEBUG:root:>>> go depth 6 
DEBUG:root:>>> position startpos moves e2e4 e7e6 g1f3 d7d5 b1c3 d5d4 c3b5 b8c6 c2c3 d4d3 f1d3 a7a6 b5d4 e6e5 d4c6 d8d3 d1a4 c8d7 c6e5 d7a4 e5d3 a4c2 e1e2 g8f6 f3d4 c2d3 e2d3 e8c8 d3e3 c7c5 d4f5 g7g6 f5g3 c8b8 d2d4 c5d4 c3d4 f8g7 e3d3 f6g4 c1e3 h8e8 h1d1 g4e3 d3e3 f7f5 e4e5 h7h5 g3e2 h5h4 a1c1 g7h6 f2f4 
DEBUG:root:>>> go depth 6 
DEBUG:root:>>> position startpos moves e2e4 e7e6 g1f3 d7d5 b1c3 d5d4 c3b5 b8c6 c2c3 d4d3 f1d3 a7a6 b5d4 e6e5 d4c6 d8d3 d1a4 c8d7 c6e5 d7a4 e5d3 a4c2 e1e2 g8f6 f3d4 c2d3 e2d3 e8c8 d3e3 c7c5 d4f5 g7g6 f5g3 c8b8 d2d4 c5d4 c3d4 f8g7 e3d3 f6g4 c1e3 h8e8 h1d1 g4e3 d3e3 f7f5 e4e5 h7h5 g3e2 h5h4 a1c1 g7h6 f2f4 g6g5 f4g5 
DEBUG:root:>>> go depth 6 
DEBUG:root:>>> position startpos moves e2e4 e7e6 g1f3 d7d5 b1c3 d5d4 c3b5 b8c6 c2c3 d4d3 f1d3 a7a6 b5d4 e6e5 d4c6 d8d3 d1a4 c8d7 c6e5 d7a4 e5d3 a4c2 e1e2 g8f6 f3d4 c2d3 e2d3 e8c8 d3e3 c7c5 d4f5 g7g6 f5g3 c8b8 d2d4 c5d4 c3d4 f8g7 e3d3 f6g4 c1e3 h8e8 h1d1 g4e3 d3e3 f7f5 e4e5 h7h5 g3e2 h5h4 a1c1 g7h6 f2f4 g6g5 f4g5 h6g5 e2f4 
DEBUG:root:>>> go depth 6 
DEBUG:root:>>> position startpos moves e2e4 e7e6 g1f3 d7d5 b1c3 d5d4 c3b5 b8c6 c2c3 d4d3 f1d3 a7a6 b5d4 e6e5 d4c6 d8d3 d1a4 c8d7 c6e5 d7a4 e5d3 a4c2 e1e2 g8f6 f3d4 c2d3 e2d3 e8c8 d3e3 c7c5 d4f5 g7g6 f5g3 c8b8 d2d4 c5d4 c3d4 f8g7 e3d3 f6g4 c1e3 h8e8 h1d1 g4e3 d3e3 f7f5 e4e5 h7h5 g3e2 h5h4 a1c1 g7h6 f2f4 g6g5 f4g5 h6g5 e2f4 a6a5 a2a4 
DEBUG:root:>>> go depth 6 
DEBUG:root:>>> position startpos moves e2e4 e7e6 g1f3 d7d5 b1c3 d5d4 c3b5 b8c6 c2c3 d4d3 f1d3 a7a6 b5d4 e6e5 d4c6 d8d3 d1a4 c8d7 c6e5 d7a4 e5d3 a4c2 e1e2 g8f6 f3d4 c2d3 e2d3 e8c8 d3e3 c7c5 d4f5 g7g6 f5g3 c8b8 d2d4 c5d4 c3d4 f8g7 e3d3 f6g4 c1e3 h8e8 h1d1 g4e3 d3e3 f7f5 e4e5 h7h5 g3e2 h5h4 a1c1 g7h6 f2f4 g6g5 f4g5 h6g5 e2f4 a6a5 a2a4 b7b6 h2h3 
DEBUG:root:>>> go depth 6 
DEBUG:root:>>> position startpos moves e2e4 e7e6 g1f3 d7d5 b1c3 d5d4 c3b5 b8c6 c2c3 d4d3 f1d3 a7a6 b5d4 e6e5 d4c6 d8d3 d1a4 c8d7 c6e5 d7a4 e5d3 a4c2 e1e2 g8f6 f3d4 c2d3 e2d3 e8c8 d3e3 c7c5 d4f5 g7g6 f5g3 c8b8 d2d4 c5d4 c3d4 f8g7 e3d3 f6g4 c1e3 h8e8 h1d1 g4e3 d3e3 f7f5 e4e5 h7h5 g3e2 h5h4 a1c1 g7h6 f2f4 g6g5 f4g5 h6g5 e2f4 a6a5 a2a4 b7b6 h2h3 d8d5 e3f3 
DEBUG:root:>>> go depth 6 
DEBUG:root:>>> position startpos moves e2e4 e7e6 g1f3 d7d5 b1c3 d5d4 c3b5 b8c6 c2c3 d4d3 f1d3 a7a6 b5d4 e6e5 d4c6 d8d3 d1a4 c8d7 c6e5 d7a4 e5d3 a4c2 e1e2 g8f6 f3d4 c2d3 e2d3 e8c8 d3e3 c7c5 d4f5 g7g6 f5g3 c8b8 d2d4 c5d4 c3d4 f8g7 e3d3 f6g4 c1e3 h8e8 h1d1 g4e3 d3e3 f7f5 e4e5 h7h5 g3e2 h5h4 a1c1 g7h6 f2f4 g6g5 f4g5 h6g5 e2f4 a6a5 a2a4 b7b6 h2h3 d8d5 e3f3 g5f4 f3f4 
DEBUG:root:>>> go depth 6 
DEBUG:root:>>> position startpos moves e2e4 e7e6 g1f3 d7d5 b1c3 d5d4 c3b5 b8c6 c2c3 d4d3 f1d3 a7a6 b5d4 e6e5 d4c6 d8d3 d1a4 c8d7 c6e5 d7a4 e5d3 a4c2 e1e2 g8f6 f3d4 c2d3 e2d3 e8c8 d3e3 c7c5 d4f5 g7g6 f5g3 c8b8 d2d4 c5d4 c3d4 f8g7 e3d3 f6g4 c1e3 h8e8 h1d1 g4e3 d3e3 f7f5 e4e5 h7h5 g3e2 h5h4 a1c1 g7h6 f2f4 g6g5 f4g5 h6g5 e2f4 a6a5 a2a4 b7b6 h2h3 d8d5 e3f3 g5f4 f3f4 e8d8 f4f5 
DEBUG:root:>>> go depth 6 
DEBUG:root:>>> position startpos moves e2e4 e7e6 g1f3 d7d5 b1c3 d5d4 c3b5 b8c6 c2c3 d4d3 f1d3 a7a6 b5d4 e6e5 d4c6 d8d3 d1a4 c8d7 c6e5 d7a4 e5d3 a4c2 e1e2 g8f6 f3d4 c2d3 e2d3 e8c8 d3e3 c7c5 d4f5 g7g6 f5g3 c8b8 d2d4 c5d4 c3d4 f8g7 e3d3 f6g4 c1e3 h8e8 h1d1 g4e3 d3e3 f7f5 e4e5 h7h5 g3e2 h5h4 a1c1 g7h6 f2f4 g6g5 f4g5 h6g5 e2f4 a6a5 a2a4 b7b6 h2h3 d8d5 e3f3 g5f4 f3f4 e8d8 f4f5 d5d4 d1d4 
DEBUG:root:>>> go depth 6 
DEBUG:root:>>> position startpos moves e2e4 e7e6 g1f3 d7d5 b1c3 d5d4 c3b5 b8c6 c2c3 d4d3 f1d3 a7a6 b5d4 e6e5 d4c6 d8d3 d1a4 c8d7 c6e5 d7a4 e5d3 a4c2 e1e2 g8f6 f3d4 c2d3 e2d3 e8c8 d3e3 c7c5 d4f5 g7g6 f5g3 c8b8 d2d4 c5d4 c3d4 f8g7 e3d3 f6g4 c1e3 h8e8 h1d1 g4e3 d3e3 f7f5 e4e5 h7h5 g3e2 h5h4 a1c1 g7h6 f2f4 g6g5 f4g5 h6g5 e2f4 a6a5 a2a4 b7b6 h2h3 d8d5 e3f3 g5f4 f3f4 e8d8 f4f5 d5d4 d1d4 d8d4 e5e6 
DEBUG:root:>>> go depth 6 
DEBUG:root:>>> position startpos moves e2e4 e7e6 g1f3 d7d5 b1c3 d5d4 c3b5 b8c6 c2c3 d4d3 f1d3 a7a6 b5d4 e6e5 d4c6 d8d3 d1a4 c8d7 c6e5 d7a4 e5d3 a4c2 e1e2 g8f6 f3d4 c2d3 e2d3 e8c8 d3e3 c7c5 d4f5 g7g6 f5g3 c8b8 d2d4 c5d4 c3d4 f8g7 e3d3 f6g4 c1e3 h8e8 h1d1 g4e3 d3e3 f7f5 e4e5 h7h5 g3e2 h5h4 a1c1 g7h6 f2f4 g6g5 f4g5 h6g5 e2f4 a6a5 a2a4 b7b6 h2h3 d8d5 e3f3 g5f4 f3f4 e8d8 f4f5 d5d4 d1d4 d8d4 e5e6 d4d5 f5f6 
DEBUG:root:>>> go depth 6 
DEBUG:root:>>> position startpos moves e2e4 e7e6 g1f3 d7d5 b1c3 d5d4 c3b5 b8c6 c2c3 d4d3 f1d3 a7a6 b5d4 e6e5 d4c6 d8d3 d1a4 c8d7 c6e5 d7a4 e5d3 a4c2 e1e2 g8f6 f3d4 c2d3 e2d3 e8c8 d3e3 c7c5 d4f5 g7g6 f5g3 c8b8 d2d4 c5d4 c3d4 f8g7 e3d3 f6g4 c1e3 h8e8 h1d1 g4e3 d3e3 f7f5 e4e5 h7h5 g3e2 h5h4 a1c1 g7h6 f2f4 g6g5 f4g5 h6g5 e2f4 a6a5 a2a4 b7b6 h2h3 d8d5 e3f3 g5f4 f3f4 e8d8 f4f5 d5d4 d1d4 d8d4 e5e6 d4d5 f5f6 d5d2 e6e7 
DEBUG:root:>>> go depth 6 
DEBUG:root:>>> position startpos moves e2e4 e7e6 g1f3 d7d5 b1c3 d5d4 c3b5 b8c6 c2c3 d4d3 f1d3 a7a6 b5d4 e6e5 d4c6 d8d3 d1a4 c8d7 c6e5 d7a4 e5d3 a4c2 e1e2 g8f6 f3d4 c2d3 e2d3 e8c8 d3e3 c7c5 d4f5 g7g6 f5g3 c8b8 d2d4 c5d4 c3d4 f8g7 e3d3 f6g4 c1e3 h8e8 h1d1 g4e3 d3e3 f7f5 e4e5 h7h5 g3e2 h5h4 a1c1 g7h6 f2f4 g6g5 f4g5 h6g5 e2f4 a6a5 a2a4 b7b6 h2h3 d8d5 e3f3 g5f4 f3f4 e8d8 f4f5 d5d4 d1d4 d8d4 e5e6 d4d5 f5f6 d5d2 e6e7 d2f2 f6e6 
DEBUG:root:>>> go depth 6 
DEBUG:root:>>> position startpos moves e2e4 e7e6 g1f3 d7d5 b1c3 d5d4 c3b5 b8c6 c2c3 d4d3 f1d3 a7a6 b5d4 e6e5 d4c6 d8d3 d1a4 c8d7 c6e5 d7a4 e5d3 a4c2 e1e2 g8f6 f3d4 c2d3 e2d3 e8c8 d3e3 c7c5 d4f5 g7g6 f5g3 c8b8 d2d4 c5d4 c3d4 f8g7 e3d3 f6g4 c1e3 h8e8 h1d1 g4e3 d3e3 f7f5 e4e5 h7h5 g3e2 h5h4 a1c1 g7h6 f2f4 g6g5 f4g5 h6g5 e2f4 a6a5 a2a4 b7b6 h2h3 d8d5 e3f3 g5f4 f3f4 e8d8 f4f5 d5d4 d1d4 d8d4 e5e6 d4d5 f5f6 d5d2 e6e7 d2f2 f6e6 f2e2 e6d7 
DEBUG:root:>>> go depth 6 
DEBUG:root:>>> position startpos moves e2e4 e7e6 g1f3 d7d5 b1c3 d5d4 c3b5 b8c6 c2c3 d4d3 f1d3 a7a6 b5d4 e6e5 d4c6 d8d3 d1a4 c8d7 c6e5 d7a4 e5d3 a4c2 e1e2 g8f6 f3d4 c2d3 e2d3 e8c8 d3e3 c7c5 d4f5 g7g6 f5g3 c8b8 d2d4 c5d4 c3d4 f8g7 e3d3 f6g4 c1e3 h8e8 h1d1 g4e3 d3e3 f7f5 e4e5 h7h5 g3e2 h5h4 a1c1 g7h6 f2f4 g6g5 f4g5 h6g5 e2f4 a6a5 a2a4 b7b6 h2h3 d8d5 e3f3 g5f4 f3f4 e8d8 f4f5 d5d4 d1d4 d8d4 e5e6 d4d5 f5f6 d5d2 e6e7 d2f2 f6e6 f2e2 e6d7 e2d2 d7e6 
DEBUG:root:>>> go depth 6 
DEBUG:root:>>> position startpos moves e2e4 e7e6 g1f3 d7d5 b1c3 d5d4 c3b5 b8c6 c2c3 d4d3 f1d3 a7a6 b5d4 e6e5 d4c6 d8d3 d1a4 c8d7 c6e5 d7a4 e5d3 a4c2 e1e2 g8f6 f3d4 c2d3 e2d3 e8c8 d3e3 c7c5 d4f5 g7g6 f5g3 c8b8 d2d4 c5d4 c3d4 f8g7 e3d3 f6g4 c1e3 h8e8 h1d1 g4e3 d3e3 f7f5 e4e5 h7h5 g3e2 h5h4 a1c1 g7h6 f2f4 g6g5 f4g5 h6g5 e2f4 a6a5 a2a4 b7b6 h2h3 d8d5 e3f3 g5f4 f3f4 e8d8 f4f5 d5d4 d1d4 d8d4 e5e6 d4d5 f5f6 d5d2 e6e7 d2f2 f6e6 f2e2 e6d7 e2d2 d7e6 d2e2 e6d7 
DEBUG:root:>>> go depth 6 
DEBUG:root:>>> position startpos moves e2e4 e7e6 g1f3 d7d5 b1c3 d5d4 c3b5 b8c6 c2c3 d4d3 f1d3 a7a6 b5d4 e6e5 d4c6 d8d3 d1a4 c8d7 c6e5 d7a4 e5d3 a4c2 e1e2 g8f6 f3d4 c2d3 e2d3 e8c8 d3e3 c7c5 d4f5 g7g6 f5g3 c8b8 d2d4 c5d4 c3d4 f8g7 e3d3 f6g4 c1e3 h8e8 h1d1 g4e3 d3e3 f7f5 e4e5 h7h5 g3e2 h5h4 a1c1 g7h6 f2f4 g6g5 f4g5 h6g5 e2f4 a6a5 a2a4 b7b6 h2h3 d8d5 e3f3 g5f4 f3f4 e8d8 f4f5 d5d4 d1d4 d8d4 e5e6 d4d5 f5f6 d5d2 e6e7 d2f2 f6e6 f2e2 e6d7 e2d2 d7e6 d2e2 e6d7 e2d2 d7e6 
DEBUG:root:>>> go depth 6 
DEBUG:root:>>> position startpos moves e2e4 e7e6 g1f3 d7d5 b1c3 d5d4 c3b5 b8c6 c2c3 d4d3 f1d3 a7a6 b5d4 e6e5 d4c6 d8d3 d1a4 c8d7 c6e5 d7a4 e5d3 a4c2 e1e2 g8f6 f3d4 c2d3 e2d3 e8c8 d3e3 c7c5 d4f5 g7g6 f5g3 c8b8 d2d4 c5d4 c3d4 f8g7 e3d3 f6g4 c1e3 h8e8 h1d1 g4e3 d3e3 f7f5 e4e5 h7h5 g3e2 h5h4 a1c1 g7h6 f2f4 g6g5 f4g5 h6g5 e2f4 a6a5 a2a4 b7b6 h2h3 d8d5 e3f3 g5f4 f3f4 e8d8 f4f5 d5d4 d1d4 d8d4 e5e6 d4d5 f5f6 d5d2 e6e7 d2f2 f6e6 f2e2 e6d7 e2d2 d7e6 d2e2 e6d7 e2d2 d7e6 d2e2 e6d7 
DEBUG:root:>>> go depth 6 
DEBUG:root:>>> position startpos moves e2e4 e7e6 g1f3 d7d5 b1c3 d5d4 c3b5 b8c6 c2c3 d4d3 f1d3 a7a6 b5d4 e6e5 d4c6 d8d3 d1a4 c8d7 c6e5 d7a4 e5d3 a4c2 e1e2 g8f6 f3d4 c2d3 e2d3 e8c8 d3e3 c7c5 d4f5 g7g6 f5g3 c8b8 d2d4 c5d4 c3d4 f8g7 e3d3 f6g4 c1e3 h8e8 h1d1 g4e3 d3e3 f7f5 e4e5 h7h5 g3e2 h5h4 a1c1 g7h6 f2f4 g6g5 f4g5 h6g5 e2f4 a6a5 a2a4 b7b6 h2h3 d8d5 e3f3 g5f4 f3f4 e8d8 f4f5 d5d4 d1d4 d8d4 e5e6 d4d5 f5f6 d5d2 e6e7 d2f2 f6e6 f2e2 e6d7 e2d2 d7e6 d2e2 e6d7 e2d2 d7e6 d2e2 e6d7 e2d2 d7e6 
DEBUG:root:>>> go depth 6 
DEBUG:root:>>> position startpos moves e2e4 e7e6 g1f3 d7d5 b1c3 d5d4 c3b5 b8c6 c2c3 d4d3 f1d3 a7a6 b5d4 e6e5 d4c6 d8d3 d1a4 c8d7 c6e5 d7a4 e5d3 a4c2 e1e2 g8f6 f3d4 c2d3 e2d3 e8c8 d3e3 c7c5 d4f5 g7g6 f5g3 c8b8 d2d4 c5d4 c3d4 f8g7 e3d3 f6g4 c1e3 h8e8 h1d1 g4e3 d3e3 f7f5 e4e5 h7h5 g3e2 h5h4 a1c1 g7h6 f2f4 g6g5 f4g5 h6g5 e2f4 a6a5 a2a4 b7b6 h2h3 d8d5 e3f3 g5f4 f3f4 e8d8 f4f5 d5d4 d1d4 d8d4 e5e6 d4d5 f5f6 d5d2 e6e7 d2f2 f6e6 f2e2 e6d7 e2d2 d7e6 d2e2 e6d7 e2d2 d7e6 d2e2 e6d7 e2d2 d7e6 d2e2 e6d7 
DEBUG:root:>>> go depth 6 
DEBUG:root:>>> position startpos moves e2e4 e7e6 g1f3 d7d5 b1c3 d5d4 c3b5 b8c6 c2c3 d4d3 f1d3 a7a6 b5d4 e6e5 d4c6 d8d3 d1a4 c8d7 c6e5 d7a4 e5d3 a4c2 e1e2 g8f6 f3d4 c2d3 e2d3 e8c8 d3e3 c7c5 d4f5 g7g6 f5g3 c8b8 d2d4 c5d4 c3d4 f8g7 e3d3 f6g4 c1e3 h8e8 h1d1 g4e3 d3e3 f7f5 e4e5 h7h5 g3e2 h5h4 a1c1 g7h6 f2f4 g6g5 f4g5 h6g5 e2f4 a6a5 a2a4 b7b6 h2h3 d8d5 e3f3 g5f4 f3f4 e8d8 f4f5 d5d4 d1d4 d8d4 e5e6 d4d5 f5f6 d5d2 e6e7 d2f2 f6e6 f2e2 e6d7 e2d2 d7e6 d2e2 e6d7 e2d2 d7e6 d2e2 e6d7 e2d2 d7e6 d2e2 e6d7 e2d2 d7e6 
DEBUG:root:>>> go depth 6 
DEBUG:root:>>> ucinewgame 
DEBUG:root:>>> position fen rnbqkbnr/pppppppp/8/8/8/8/PPPPPPPP/RNBQKBNR w KQkq - 0 1 
DEBUG:root:>>> position startpos moves d2d4 d7d5 g1f3 
DEBUG:root:>>> go depth 6 
DEBUG:root:>>> position startpos moves d2d4 d7d5 g1f3 b8c6 b1c3 
DEBUG:root:>>> go depth 6 
DEBUG:root:>>> position startpos moves d2d4 d7d5 g1f3 b8c6 b1c3 g8f6 c1f4 
DEBUG:root:>>> go depth 6 
DEBUG:root:>>> position startpos moves d2d4 d7d5 g1f3 b8c6 b1c3 g8f6 c1f4 c8f5 e2e3 
DEBUG:root:>>> go depth 6 
DEBUG:root:>>> position startpos moves d2d4 d7d5 g1f3 b8c6 b1c3 g8f6 c1f4 c8f5 e2e3 e7e6 f1b5 
DEBUG:root:>>> go depth 6 
DEBUG:root:>>> position startpos moves d2d4 d7d5 g1f3 b8c6 b1c3 g8f6 c1f4 c8f5 e2e3 e7e6 f1b5 f8d6 f3e5 
DEBUG:root:>>> go depth 6 
DEBUG:root:>>> position startpos moves d2d4 d7d5 g1f3 b8c6 b1c3 g8f6 c1f4 c8f5 e2e3 e7e6 f1b5 f8d6 f3e5 e8g8 e5c6 
DEBUG:root:>>> go depth 6 
DEBUG:root:>>> position startpos moves d2d4 d7d5 g1f3 b8c6 b1c3 g8f6 c1f4 c8f5 e2e3 e7e6 f1b5 f8d6 f3e5 e8g8 e5c6 b7c6 b5c6 
DEBUG:root:>>> go depth 6 
DEBUG:root:>>> position startpos moves d2d4 d7d5 g1f3 b8c6 b1c3 g8f6 c1f4 c8f5 e2e3 e7e6 f1b5 f8d6 f3e5 e8g8 e5c6 b7c6 b5c6 a8b8 d1c1 
DEBUG:root:>>> go depth 6 
DEBUG:root:>>> position startpos moves d2d4 d7d5 g1f3 b8c6 b1c3 g8f6 c1f4 c8f5 e2e3 e7e6 f1b5 f8d6 f3e5 e8g8 e5c6 b7c6 b5c6 a8b8 d1c1 d6f4 e3f4 
DEBUG:root:>>> go depth 6 
DEBUG:root:>>> position startpos moves d2d4 d7d5 g1f3 b8c6 b1c3 g8f6 c1f4 c8f5 e2e3 e7e6 f1b5 f8d6 f3e5 e8g8 e5c6 b7c6 b5c6 a8b8 d1c1 d6f4 e3f4 b8b4 e1g1 
DEBUG:root:>>> go depth 6 
DEBUG:root:>>> position startpos moves d2d4 d7d5 g1f3 b8c6 b1c3 g8f6 c1f4 c8f5 e2e3 e7e6 f1b5 f8d6 f3e5 e8g8 e5c6 b7c6 b5c6 a8b8 d1c1 d6f4 e3f4 b8b4 e1g1 b4d4 b2b3 
DEBUG:root:>>> go depth 6 
DEBUG:root:>>> position startpos moves d2d4 d7d5 g1f3 b8c6 b1c3 g8f6 c1f4 c8f5 e2e3 e7e6 f1b5 f8d6 f3e5 e8g8 e5c6 b7c6 b5c6 a8b8 d1c1 d6f4 e3f4 b8b4 e1g1 b4d4 b2b3 d8e7 c1e3 
DEBUG:root:>>> go depth 6 
DEBUG:root:>>> position startpos moves d2d4 d7d5 g1f3 b8c6 b1c3 g8f6 c1f4 c8f5 e2e3 e7e6 f1b5 f8d6 f3e5 e8g8 e5c6 b7c6 b5c6 a8b8 d1c1 d6f4 e3f4 b8b4 e1g1 b4d4 b2b3 d8e7 c1e3 d4b4 c3d5 
DEBUG:root:>>> go depth 6 
DEBUG:root:>>> position startpos moves d2d4 d7d5 g1f3 b8c6 b1c3 g8f6 c1f4 c8f5 e2e3 e7e6 f1b5 f8d6 f3e5 e8g8 e5c6 b7c6 b5c6 a8b8 d1c1 d6f4 e3f4 b8b4 e1g1 b4d4 b2b3 d8e7 c1e3 d4b4 c3d5 f6d5 c6d5 
DEBUG:root:>>> go depth 6 
DEBUG:root:>>> position startpos moves d2d4 d7d5 g1f3 b8c6 b1c3 g8f6 c1f4 c8f5 e2e3 e7e6 f1b5 f8d6 f3e5 e8g8 e5c6 b7c6 b5c6 a8b8 d1c1 d6f4 e3f4 b8b4 e1g1 b4d4 b2b3 d8e7 c1e3 d4b4 c3d5 f6d5 c6d5 e7d6 d5c4 
DEBUG:root:>>> go depth 6 
DEBUG:root:>>> position startpos moves d2d4 d7d5 g1f3 b8c6 b1c3 g8f6 c1f4 c8f5 e2e3 e7e6 f1b5 f8d6 f3e5 e8g8 e5c6 b7c6 b5c6 a8b8 d1c1 d6f4 e3f4 b8b4 e1g1 b4d4 b2b3 d8e7 c1e3 d4b4 c3d5 f6d5 c6d5 e7d6 d5c4 f5c2 a1e1 
DEBUG:root:>>> go depth 6 
DEBUG:root:>>> position startpos moves d2d4 d7d5 g1f3 b8c6 b1c3 g8f6 c1f4 c8f5 e2e3 e7e6 f1b5 f8d6 f3e5 e8g8 e5c6 b7c6 b5c6 a8b8 d1c1 d6f4 e3f4 b8b4 e1g1 b4d4 b2b3 d8e7 c1e3 d4b4 c3d5 f6d5 c6d5 e7d6 d5c4 f5c2 a1e1 f8d8 e3g3 
DEBUG:root:>>> go depth 6 
DEBUG:root:>>> position startpos moves d2d4 d7d5 g1f3 b8c6 b1c3 g8f6 c1f4 c8f5 e2e3 e7e6 f1b5 f8d6 f3e5 e8g8 e5c6 b7c6 b5c6 a8b8 d1c1 d6f4 e3f4 b8b4 e1g1 b4d4 b2b3 d8e7 c1e3 d4b4 c3d5 f6d5 c6d5 e7d6 d5c4 f5c2 a1e1 f8d8 e3g3 d6d4 e1e5 
DEBUG:root:>>> go depth 6 
DEBUG:root:>>> position startpos moves d2d4 d7d5 g1f3 b8c6 b1c3 g8f6 c1f4 c8f5 e2e3 e7e6 f1b5 f8d6 f3e5 e8g8 e5c6 b7c6 b5c6 a8b8 d1c1 d6f4 e3f4 b8b4 e1g1 b4d4 b2b3 d8e7 c1e3 d4b4 c3d5 f6d5 c6d5 e7d6 d5c4 f5c2 a1e1 f8d8 e3g3 d6d4 e1e5 d4b2 e5e2 
DEBUG:root:>>> go depth 6 
DEBUG:root:>>> position startpos moves d2d4 d7d5 g1f3 b8c6 b1c3 g8f6 c1f4 c8f5 e2e3 e7e6 f1b5 f8d6 f3e5 e8g8 e5c6 b7c6 b5c6 a8b8 d1c1 d6f4 e3f4 b8b4 e1g1 b4d4 b2b3 d8e7 c1e3 d4b4 c3d5 f6d5 c6d5 e7d6 d5c4 f5c2 a1e1 f8d8 e3g3 d6d4 e1e5 d4b2 e5e2 c7c5 g3e3 
DEBUG:root:>>> go depth 6 
DEBUG:root:>>> position startpos moves d2d4 d7d5 g1f3 b8c6 b1c3 g8f6 c1f4 c8f5 e2e3 e7e6 f1b5 f8d6 f3e5 e8g8 e5c6 b7c6 b5c6 a8b8 d1c1 d6f4 e3f4 b8b4 e1g1 b4d4 b2b3 d8e7 c1e3 d4b4 c3d5 f6d5 c6d5 e7d6 d5c4 f5c2 a1e1 f8d8 e3g3 d6d4 e1e5 d4b2 e5e2 c7c5 g3e3 d8d4 f4f5 
DEBUG:root:>>> go depth 6 
DEBUG:root:>>> position startpos moves d2d4 d7d5 g1f3 b8c6 b1c3 g8f6 c1f4 c8f5 e2e3 e7e6 f1b5 f8d6 f3e5 e8g8 e5c6 b7c6 b5c6 a8b8 d1c1 d6f4 e3f4 b8b4 e1g1 b4d4 b2b3 d8e7 c1e3 d4b4 c3d5 f6d5 c6d5 e7d6 d5c4 f5c2 a1e1 f8d8 e3g3 d6d4 e1e5 d4b2 e5e2 c7c5 g3e3 d8d4 f4f5 b4c4 b3c4 
DEBUG:root:>>> go depth 6 
DEBUG:root:>>> position startpos moves d2d4 d7d5 g1f3 b8c6 b1c3 g8f6 c1f4 c8f5 e2e3 e7e6 f1b5 f8d6 f3e5 e8g8 e5c6 b7c6 b5c6 a8b8 d1c1 d6f4 e3f4 b8b4 e1g1 b4d4 b2b3 d8e7 c1e3 d4b4 c3d5 f6d5 c6d5 e7d6 d5c4 f5c2 a1e1 f8d8 e3g3 d6d4 e1e5 d4b2 e5e2 c7c5 g3e3 d8d4 f4f5 b4c4 b3c4 d4c4 f5e6 
DEBUG:root:>>> go depth 6 
DEBUG:root:>>> position startpos moves d2d4 d7d5 g1f3 b8c6 b1c3 g8f6 c1f4 c8f5 e2e3 e7e6 f1b5 f8d6 f3e5 e8g8 e5c6 b7c6 b5c6 a8b8 d1c1 d6f4 e3f4 b8b4 e1g1 b4d4 b2b3 d8e7 c1e3 d4b4 c3d5 f6d5 c6d5 e7d6 d5c4 f5c2 a1e1 f8d8 e3g3 d6d4 e1e5 d4b2 e5e2 c7c5 g3e3 d8d4 f4f5 b4c4 b3c4 d4c4 f5e6 c4c3 e6f7 
DEBUG:root:>>> go depth 6 
DEBUG:root:>>> position startpos moves d2d4 d7d5 g1f3 b8c6 b1c3 g8f6 c1f4 c8f5 e2e3 e7e6 f1b5 f8d6 f3e5 e8g8 e5c6 b7c6 b5c6 a8b8 d1c1 d6f4 e3f4 b8b4 e1g1 b4d4 b2b3 d8e7 c1e3 d4b4 c3d5 f6d5 c6d5 e7d6 d5c4 f5c2 a1e1 f8d8 e3g3 d6d4 e1e5 d4b2 e5e2 c7c5 g3e3 d8d4 f4f5 b4c4 b3c4 d4c4 f5e6 c4c3 e6f7 g8f7 e3e6 
DEBUG:root:>>> go depth 6 
DEBUG:root:>>> uci 
DEBUG:root:>>> isready 
DEBUG:root:>>> ucinewgame 
DEBUG:root:>>> position fen rnbqkbnr/pppppppp/8/8/8/8/PPPPPPPP/RNBQKBNR w KQkq - 0 1 
DEBUG:root:>>> ucinewgame 
DEBUG:root:>>> position fen rnbqkbnr/pppppppp/8/8/8/8/PPPPPPPP/RNBQKBNR w KQkq - 0 1 
DEBUG:root:>>> ucinewgame 
DEBUG:root:>>> position fen rnbqkbnr/pppppppp/8/8/8/8/PPPPPPPP/RNBQKBNR w KQkq - 0 1 
DEBUG:root:>>> ucinewgame 
DEBUG:root:>>> position fen rnbqkbnr/pppppppp/8/8/8/8/PPPPPPPP/RNBQKBNR w KQkq - 0 1 
DEBUG:root:>>> ucinewgame 
DEBUG:root:>>> position fen rnbqkbnr/pppppppp/8/8/8/8/PPPPPPPP/RNBQKBNR w KQkq - 0 1 
DEBUG:root:>>> uci 
DEBUG:root:>>> isready 
DEBUG:root:>>> ucinewgame 
DEBUG:root:>>> position fen rnbqkbnr/pppppppp/8/8/8/8/PPPPPPPP/RNBQKBNR w KQkq - 0 1 
DEBUG:root:>>> uci 
DEBUG:root:>>> isready 
DEBUG:root:>>> uci 
DEBUG:root:>>> isready 
DEBUG:root:>>> uci 
DEBUG:root:>>> isready 
DEBUG:root:>>> ucinewgame 
DEBUG:root:>>> position fen rnbqkbnr/pppppppp/8/8/8/8/PPPPPPPP/RNBQKBNR w KQkq - 0 1 
DEBUG:root:>>> uci 
DEBUG:root:>>> isready 
DEBUG:root:>>> ucinewgame 
DEBUG:root:>>> position fen rnbqkbnr/pppppppp/8/8/8/8/PPPPPPPP/RNBQKBNR w KQkq - 0 1 
DEBUG:root:>>> uci 
DEBUG:root:>>> isready 
DEBUG:root:>>> ucinewgame 
DEBUG:root:>>> position fen rnbqkbnr/pppppppp/8/8/8/8/PPPPPPPP/RNBQKBNR w KQkq - 0 1 
DEBUG:root:>>> ucinewgame 
DEBUG:root:>>> position fen rnbqkbnr/pppppppp/8/8/8/8/PPPPPPPP/RNBQKBNR w KQkq - 0 1 
DEBUG:root:>>> uci 
DEBUG:root:>>> isready 
DEBUG:root:>>> ucinewgame 
DEBUG:root:>>> position fen rnbqkbnr/pppppppp/8/8/8/8/PPPPPPPP/RNBQKBNR w KQkq - 0 1 
DEBUG:root:>>> uci 
DEBUG:root:>>> isready 
DEBUG:root:>>> ucinewgame 
DEBUG:root:>>> position fen rnbqkbnr/pppppppp/8/8/8/8/PPPPPPPP/RNBQKBNR w KQkq - 0 1 
DEBUG:root:>>> ucinewgame 
DEBUG:root:>>> position fen rnbqkbnr/pppppppp/8/8/8/8/PPPPPPPP/RNBQKBNR w KQkq - 0 1 
DEBUG:root:>>> position startpos moves c2c4 e7e5 b1c3 
DEBUG:root:>>> go depth 6 
DEBUG:root:>>> position startpos moves c2c4 e7e5 b1c3 b8c6 g1f3 
DEBUG:root:>>> go depth 6 
DEBUG:root:>>> position startpos moves c2c4 e7e5 b1c3 b8c6 g1f3 g8f6 e2e3 
DEBUG:root:>>> go depth 6 
DEBUG:root:>>> position startpos moves c2c4 e7e5 b1c3 b8c6 g1f3 g8f6 e2e3 d7d6 f1d3 
DEBUG:root:>>> go depth 6 
DEBUG:root:>>> position startpos moves c2c4 e7e5 b1c3 b8c6 g1f3 g8f6 e2e3 d7d6 f1d3 f8e7 e1g1 
DEBUG:root:>>> go depth 6 
DEBUG:root:>>> position startpos moves c2c4 e7e5 b1c3 b8c6 g1f3 g8f6 e2e3 d7d6 f1d3 f8e7 e1g1 e8g8 a2a3 
DEBUG:root:>>> go depth 6 
DEBUG:root:>>> position startpos moves c2c4 e7e5 b1c3 b8c6 g1f3 g8f6 e2e3 d7d6 f1d3 f8e7 e1g1 e8g8 a2a3 d6d5 c4d5 
DEBUG:root:>>> go depth 6 
DEBUG:root:>>> position startpos moves c2c4 e7e5 b1c3 b8c6 g1f3 g8f6 e2e3 d7d6 f1d3 f8e7 e1g1 e8g8 a2a3 d6d5 c4d5 f6d5 d1c2 
DEBUG:root:>>> go depth 6 
DEBUG:root:>>> position startpos moves c2c4 e7e5 b1c3 b8c6 g1f3 g8f6 e2e3 d7d6 f1d3 f8e7 e1g1 e8g8 a2a3 d6d5 c4d5 f6d5 d1c2 h7h6 c3d5 
DEBUG:root:>>> go depth 6 
DEBUG:root:>>> position startpos moves c2c4 e7e5 b1c3 b8c6 g1f3 g8f6 e2e3 d7d6 f1d3 f8e7 e1g1 e8g8 a2a3 d6d5 c4d5 f6d5 d1c2 h7h6 c3d5 d8d5 d3h7 
DEBUG:root:>>> go depth 6 
DEBUG:root:>>> position startpos moves c2c4 e7e5 b1c3 b8c6 g1f3 g8f6 e2e3 d7d6 f1d3 f8e7 e1g1 e8g8 a2a3 d6d5 c4d5 f6d5 d1c2 h7h6 c3d5 d8d5 d3h7 g8h8 h7e4 
DEBUG:root:>>> go depth 6 
DEBUG:root:>>> position startpos moves c2c4 e7e5 b1c3 b8c6 g1f3 g8f6 e2e3 d7d6 f1d3 f8e7 e1g1 e8g8 a2a3 d6d5 c4d5 f6d5 d1c2 h7h6 c3d5 d8d5 d3h7 g8h8 h7e4 d5e6 b2b4 
DEBUG:root:>>> go depth 6 
DEBUG:root:>>> position startpos moves c2c4 e7e5 b1c3 b8c6 g1f3 g8f6 e2e3 d7d6 f1d3 f8e7 e1g1 e8g8 a2a3 d6d5 c4d5 f6d5 d1c2 h7h6 c3d5 d8d5 d3h7 g8h8 h7e4 d5e6 b2b4 f7f5 e4c6 
DEBUG:root:>>> go depth 6 
DEBUG:root:>>> position startpos moves c2c4 e7e5 b1c3 b8c6 g1f3 g8f6 e2e3 d7d6 f1d3 f8e7 e1g1 e8g8 a2a3 d6d5 c4d5 f6d5 d1c2 h7h6 c3d5 d8d5 d3h7 g8h8 h7e4 d5e6 b2b4 f7f5 e4c6 b7c6 c1b2 
DEBUG:root:>>> go depth 6 
DEBUG:root:>>> position startpos moves c2c4 e7e5 b1c3 b8c6 g1f3 g8f6 e2e3 d7d6 f1d3 f8e7 e1g1 e8g8 a2a3 d6d5 c4d5 f6d5 d1c2 h7h6 c3d5 d8d5 d3h7 g8h8 h7e4 d5e6 b2b4 f7f5 e4c6 b7c6 c1b2 e7f6 d2d4 
DEBUG:root:>>> go depth 6 
DEBUG:root:>>> position startpos moves c2c4 e7e5 b1c3 b8c6 g1f3 g8f6 e2e3 d7d6 f1d3 f8e7 e1g1 e8g8 a2a3 d6d5 c4d5 f6d5 d1c2 h7h6 c3d5 d8d5 d3h7 g8h8 h7e4 d5e6 b2b4 f7f5 e4c6 b7c6 c1b2 e7f6 d2d4 e5d4 f3d4 
DEBUG:root:>>> go depth 6 
DEBUG:root:>>> position startpos moves c2c4 e7e5 b1c3 b8c6 g1f3 g8f6 e2e3 d7d6 f1d3 f8e7 e1g1 e8g8 a2a3 d6d5 c4d5 f6d5 d1c2 h7h6 c3d5 d8d5 d3h7 g8h8 h7e4 d5e6 b2b4 f7f5 e4c6 b7c6 c1b2 e7f6 d2d4 e5d4 f3d4 e6e4 c2e4 
DEBUG:root:>>> go depth 6 
DEBUG:root:>>> position startpos moves c2c4 e7e5 b1c3 b8c6 g1f3 g8f6 e2e3 d7d6 f1d3 f8e7 e1g1 e8g8 a2a3 d6d5 c4d5 f6d5 d1c2 h7h6 c3d5 d8d5 d3h7 g8h8 h7e4 d5e6 b2b4 f7f5 e4c6 b7c6 c1b2 e7f6 d2d4 e5d4 f3d4 e6e4 c2e4 f5e4 a1c1 
DEBUG:root:>>> go depth 6 
DEBUG:root:>>> position startpos moves c2c4 e7e5 b1c3 b8c6 g1f3 g8f6 e2e3 d7d6 f1d3 f8e7 e1g1 e8g8 a2a3 d6d5 c4d5 f6d5 d1c2 h7h6 c3d5 d8d5 d3h7 g8h8 h7e4 d5e6 b2b4 f7f5 e4c6 b7c6 c1b2 e7f6 d2d4 e5d4 f3d4 e6e4 c2e4 f5e4 a1c1 c8a6 f1d1 
DEBUG:root:>>> go depth 6 
DEBUG:root:>>> position startpos moves c2c4 e7e5 b1c3 b8c6 g1f3 g8f6 e2e3 d7d6 f1d3 f8e7 e1g1 e8g8 a2a3 d6d5 c4d5 f6d5 d1c2 h7h6 c3d5 d8d5 d3h7 g8h8 h7e4 d5e6 b2b4 f7f5 e4c6 b7c6 c1b2 e7f6 d2d4 e5d4 f3d4 e6e4 c2e4 f5e4 a1c1 c8a6 f1d1 a6b7 c1c5 
DEBUG:root:>>> go depth 6 
DEBUG:root:>>> position startpos moves c2c4 e7e5 b1c3 b8c6 g1f3 g8f6 e2e3 d7d6 f1d3 f8e7 e1g1 e8g8 a2a3 d6d5 c4d5 f6d5 d1c2 h7h6 c3d5 d8d5 d3h7 g8h8 h7e4 d5e6 b2b4 f7f5 e4c6 b7c6 c1b2 e7f6 d2d4 e5d4 f3d4 e6e4 c2e4 f5e4 a1c1 c8a6 f1d1 a6b7 c1c5 a8e8 b2c3 
DEBUG:root:>>> go depth 6 
DEBUG:root:>>> position startpos moves c2c4 e7e5 b1c3 b8c6 g1f3 g8f6 e2e3 d7d6 f1d3 f8e7 e1g1 e8g8 a2a3 d6d5 c4d5 f6d5 d1c2 h7h6 c3d5 d8d5 d3h7 g8h8 h7e4 d5e6 b2b4 f7f5 e4c6 b7c6 c1b2 e7f6 d2d4 e5d4 f3d4 e6e4 c2e4 f5e4 a1c1 c8a6 f1d1 a6b7 c1c5 a8e8 b2c3 e8d8 d1c1 
DEBUG:root:>>> go depth 6 
DEBUG:root:>>> position startpos moves c2c4 e7e5 b1c3 b8c6 g1f3 g8f6 e2e3 d7d6 f1d3 f8e7 e1g1 e8g8 a2a3 d6d5 c4d5 f6d5 d1c2 h7h6 c3d5 d8d5 d3h7 g8h8 h7e4 d5e6 b2b4 f7f5 e4c6 b7c6 c1b2 e7f6 d2d4 e5d4 f3d4 e6e4 c2e4 f5e4 a1c1 c8a6 f1d1 a6b7 c1c5 a8e8 b2c3 e8d8 d1c1 d8d5 d4e6 
DEBUG:root:>>> go depth 6 
DEBUG:root:>>> position startpos moves c2c4 e7e5 b1c3 b8c6 g1f3 g8f6 e2e3 d7d6 f1d3 f8e7 e1g1 e8g8 a2a3 d6d5 c4d5 f6d5 d1c2 h7h6 c3d5 d8d5 d3h7 g8h8 h7e4 d5e6 b2b4 f7f5 e4c6 b7c6 c1b2 e7f6 d2d4 e5d4 f3d4 e6e4 c2e4 f5e4 a1c1 c8a6 f1d1 a6b7 c1c5 a8e8 b2c3 e8d8 d1c1 d8d5 d4e6 d5c5 e6c5 
DEBUG:root:>>> go depth 6 
DEBUG:root:>>> position startpos moves c2c4 e7e5 b1c3 b8c6 g1f3 g8f6 e2e3 d7d6 f1d3 f8e7 e1g1 e8g8 a2a3 d6d5 c4d5 f6d5 d1c2 h7h6 c3d5 d8d5 d3h7 g8h8 h7e4 d5e6 b2b4 f7f5 e4c6 b7c6 c1b2 e7f6 d2d4 e5d4 f3d4 e6e4 c2e4 f5e4 a1c1 c8a6 f1d1 a6b7 c1c5 a8e8 b2c3 e8d8 d1c1 d8d5 d4e6 d5c5 e6c5 f6c3 c1c3 
DEBUG:root:>>> go depth 6 
DEBUG:root:>>> position startpos moves c2c4 e7e5 b1c3 b8c6 g1f3 g8f6 e2e3 d7d6 f1d3 f8e7 e1g1 e8g8 a2a3 d6d5 c4d5 f6d5 d1c2 h7h6 c3d5 d8d5 d3h7 g8h8 h7e4 d5e6 b2b4 f7f5 e4c6 b7c6 c1b2 e7f6 d2d4 e5d4 f3d4 e6e4 c2e4 f5e4 a1c1 c8a6 f1d1 a6b7 c1c5 a8e8 b2c3 e8d8 d1c1 d8d5 d4e6 d5c5 e6c5 f6c3 c1c3 f8d8 c3c1 
DEBUG:root:>>> go depth 6 
DEBUG:root:>>> position startpos moves c2c4 e7e5 b1c3 b8c6 g1f3 g8f6 e2e3 d7d6 f1d3 f8e7 e1g1 e8g8 a2a3 d6d5 c4d5 f6d5 d1c2 h7h6 c3d5 d8d5 d3h7 g8h8 h7e4 d5e6 b2b4 f7f5 e4c6 b7c6 c1b2 e7f6 d2d4 e5d4 f3d4 e6e4 c2e4 f5e4 a1c1 c8a6 f1d1 a6b7 c1c5 a8e8 b2c3 e8d8 d1c1 d8d5 d4e6 d5c5 e6c5 f6c3 c1c3 f8d8 c3c1 b7c8 c5e4 
DEBUG:root:>>> go depth 6 
DEBUG:root:>>> position startpos moves c2c4 e7e5 b1c3 b8c6 g1f3 g8f6 e2e3 d7d6 f1d3 f8e7 e1g1 e8g8 a2a3 d6d5 c4d5 f6d5 d1c2 h7h6 c3d5 d8d5 d3h7 g8h8 h7e4 d5e6 b2b4 f7f5 e4c6 b7c6 c1b2 e7f6 d2d4 e5d4 f3d4 e6e4 c2e4 f5e4 a1c1 c8a6 f1d1 a6b7 c1c5 a8e8 b2c3 e8d8 d1c1 d8d5 d4e6 d5c5 e6c5 f6c3 c1c3 f8d8 c3c1 b7c8 c5e4 d8d3 c1a1 
DEBUG:root:>>> go depth 6 
DEBUG:root:>>> position startpos moves c2c4 e7e5 b1c3 b8c6 g1f3 g8f6 e2e3 d7d6 f1d3 f8e7 e1g1 e8g8 a2a3 d6d5 c4d5 f6d5 d1c2 h7h6 c3d5 d8d5 d3h7 g8h8 h7e4 d5e6 b2b4 f7f5 e4c6 b7c6 c1b2 e7f6 d2d4 e5d4 f3d4 e6e4 c2e4 f5e4 a1c1 c8a6 f1d1 a6b7 c1c5 a8e8 b2c3 e8d8 d1c1 d8d5 d4e6 d5c5 e6c5 f6c3 c1c3 f8d8 c3c1 b7c8 c5e4 d8d3 c1a1 c8f5 e4c5 
DEBUG:root:>>> go depth 6 
DEBUG:root:>>> position startpos moves c2c4 e7e5 b1c3 b8c6 g1f3 g8f6 e2e3 d7d6 f1d3 f8e7 e1g1 e8g8 a2a3 d6d5 c4d5 f6d5 d1c2 h7h6 c3d5 d8d5 d3h7 g8h8 h7e4 d5e6 b2b4 f7f5 e4c6 b7c6 c1b2 e7f6 d2d4 e5d4 f3d4 e6e4 c2e4 f5e4 a1c1 c8a6 f1d1 a6b7 c1c5 a8e8 b2c3 e8d8 d1c1 d8d5 d4e6 d5c5 e6c5 f6c3 c1c3 f8d8 c3c1 b7c8 c5e4 d8d3 c1a1 c8f5 e4c5 d3d2 e3e4 
DEBUG:root:>>> go depth 6 
DEBUG:root:>>> position startpos moves c2c4 e7e5 b1c3 b8c6 g1f3 g8f6 e2e3 d7d6 f1d3 f8e7 e1g1 e8g8 a2a3 d6d5 c4d5 f6d5 d1c2 h7h6 c3d5 d8d5 d3h7 g8h8 h7e4 d5e6 b2b4 f7f5 e4c6 b7c6 c1b2 e7f6 d2d4 e5d4 f3d4 e6e4 c2e4 f5e4 a1c1 c8a6 f1d1 a6b7 c1c5 a8e8 b2c3 e8d8 d1c1 d8d5 d4e6 d5c5 e6c5 f6c3 c1c3 f8d8 c3c1 b7c8 c5e4 d8d3 c1a1 c8f5 e4c5 d3d2 e3e4 f5g6 e4e5 
DEBUG:root:>>> go depth 6 
DEBUG:root:>>> position startpos moves c2c4 e7e5 b1c3 b8c6 g1f3 g8f6 e2e3 d7d6 f1d3 f8e7 e1g1 e8g8 a2a3 d6d5 c4d5 f6d5 d1c2 h7h6 c3d5 d8d5 d3h7 g8h8 h7e4 d5e6 b2b4 f7f5 e4c6 b7c6 c1b2 e7f6 d2d4 e5d4 f3d4 e6e4 c2e4 f5e4 a1c1 c8a6 f1d1 a6b7 c1c5 a8e8 b2c3 e8d8 d1c1 d8d5 d4e6 d5c5 e6c5 f6c3 c1c3 f8d8 c3c1 b7c8 c5e4 d8d3 c1a1 c8f5 e4c5 d3d2 e3e4 f5g6 e4e5 d2e2 e5e6 
DEBUG:root:>>> go depth 6 
DEBUG:root:>>> position startpos moves c2c4 e7e5 b1c3 b8c6 g1f3 g8f6 e2e3 d7d6 f1d3 f8e7 e1g1 e8g8 a2a3 d6d5 c4d5 f6d5 d1c2 h7h6 c3d5 d8d5 d3h7 g8h8 h7e4 d5e6 b2b4 f7f5 e4c6 b7c6 c1b2 e7f6 d2d4 e5d4 f3d4 e6e4 c2e4 f5e4 a1c1 c8a6 f1d1 a6b7 c1c5 a8e8 b2c3 e8d8 d1c1 d8d5 d4e6 d5c5 e6c5 f6c3 c1c3 f8d8 c3c1 b7c8 c5e4 d8d3 c1a1 c8f5 e4c5 d3d2 e3e4 f5g6 e4e5 d2e2 e5e6 a7a5 g1f1 
DEBUG:root:>>> go depth 6 
DEBUG:root:>>> position startpos moves c2c4 e7e5 b1c3 b8c6 g1f3 g8f6 e2e3 d7d6 f1d3 f8e7 e1g1 e8g8 a2a3 d6d5 c4d5 f6d5 d1c2 h7h6 c3d5 d8d5 d3h7 g8h8 h7e4 d5e6 b2b4 f7f5 e4c6 b7c6 c1b2 e7f6 d2d4 e5d4 f3d4 e6e4 c2e4 f5e4 a1c1 c8a6 f1d1 a6b7 c1c5 a8e8 b2c3 e8d8 d1c1 d8d5 d4e6 d5c5 e6c5 f6c3 c1c3 f8d8 c3c1 b7c8 c5e4 d8d3 c1a1 c8f5 e4c5 d3d2 e3e4 f5g6 e4e5 d2e2 e5e6 a7a5 g1f1 e2c2 e6e7 
DEBUG:root:>>> go depth 6 
DEBUG:root:>>> position startpos moves c2c4 e7e5 b1c3 b8c6 g1f3 g8f6 e2e3 d7d6 f1d3 f8e7 e1g1 e8g8 a2a3 d6d5 c4d5 f6d5 d1c2 h7h6 c3d5 d8d5 d3h7 g8h8 h7e4 d5e6 b2b4 f7f5 e4c6 b7c6 c1b2 e7f6 d2d4 e5d4 f3d4 e6e4 c2e4 f5e4 a1c1 c8a6 f1d1 a6b7 c1c5 a8e8 b2c3 e8d8 d1c1 d8d5 d4e6 d5c5 e6c5 f6c3 c1c3 f8d8 c3c1 b7c8 c5e4 d8d3 c1a1 c8f5 e4c5 d3d2 e3e4 f5g6 e4e5 d2e2 e5e6 a7a5 g1f1 e2c2 e6e7 g6f7 a1e1 
DEBUG:root:>>> go depth 6 
DEBUG:root:>>> position startpos moves c2c4 e7e5 b1c3 b8c6 g1f3 g8f6 e2e3 d7d6 f1d3 f8e7 e1g1 e8g8 a2a3 d6d5 c4d5 f6d5 d1c2 h7h6 c3d5 d8d5 d3h7 g8h8 h7e4 d5e6 b2b4 f7f5 e4c6 b7c6 c1b2 e7f6 d2d4 e5d4 f3d4 e6e4 c2e4 f5e4 a1c1 c8a6 f1d1 a6b7 c1c5 a8e8 b2c3 e8d8 d1c1 d8d5 d4e6 d5c5 e6c5 f6c3 c1c3 f8d8 c3c1 b7c8 c5e4 d8d3 c1a1 c8f5 e4c5 d3d2 e3e4 f5g6 e4e5 d2e2 e5e6 a7a5 g1f1 e2c2 e6e7 g6f7 a1e1 f7e8 c5e6 
DEBUG:root:>>> go depth 6 
DEBUG:root:>>> position startpos moves c2c4 e7e5 b1c3 b8c6 g1f3 g8f6 e2e3 d7d6 f1d3 f8e7 e1g1 e8g8 a2a3 d6d5 c4d5 f6d5 d1c2 h7h6 c3d5 d8d5 d3h7 g8h8 h7e4 d5e6 b2b4 f7f5 e4c6 b7c6 c1b2 e7f6 d2d4 e5d4 f3d4 e6e4 c2e4 f5e4 a1c1 c8a6 f1d1 a6b7 c1c5 a8e8 b2c3 e8d8 d1c1 d8d5 d4e6 d5c5 e6c5 f6c3 c1c3 f8d8 c3c1 b7c8 c5e4 d8d3 c1a1 c8f5 e4c5 d3d2 e3e4 f5g6 e4e5 d2e2 e5e6 a7a5 g1f1 e2c2 e6e7 g6f7 a1e1 f7e8 c5e6 a5b4 a3b4 
DEBUG:root:>>> go depth 6 
DEBUG:root:>>> position startpos moves c2c4 e7e5 b1c3 b8c6 g1f3 g8f6 e2e3 d7d6 f1d3 f8e7 e1g1 e8g8 a2a3 d6d5 c4d5 f6d5 d1c2 h7h6 c3d5 d8d5 d3h7 g8h8 h7e4 d5e6 b2b4 f7f5 e4c6 b7c6 c1b2 e7f6 d2d4 e5d4 f3d4 e6e4 c2e4 f5e4 a1c1 c8a6 f1d1 a6b7 c1c5 a8e8 b2c3 e8d8 d1c1 d8d5 d4e6 d5c5 e6c5 f6c3 c1c3 f8d8 c3c1 b7c8 c5e4 d8d3 c1a1 c8f5 e4c5 d3d2 e3e4 f5g6 e4e5 d2e2 e5e6 a7a5 g1f1 e2c2 e6e7 g6f7 a1e1 f7e8 c5e6 a5b4 a3b4 h8g8 e6c7 
DEBUG:root:>>> go depth 6 
DEBUG:root:>>> position startpos moves c2c4 e7e5 b1c3 b8c6 g1f3 g8f6 e2e3 d7d6 f1d3 f8e7 e1g1 e8g8 a2a3 d6d5 c4d5 f6d5 d1c2 h7h6 c3d5 d8d5 d3h7 g8h8 h7e4 d5e6 b2b4 f7f5 e4c6 b7c6 c1b2 e7f6 d2d4 e5d4 f3d4 e6e4 c2e4 f5e4 a1c1 c8a6 f1d1 a6b7 c1c5 a8e8 b2c3 e8d8 d1c1 d8d5 d4e6 d5c5 e6c5 f6c3 c1c3 f8d8 c3c1 b7c8 c5e4 d8d3 c1a1 c8f5 e4c5 d3d2 e3e4 f5g6 e4e5 d2e2 e5e6 a7a5 g1f1 e2c2 e6e7 g6f7 a1e1 f7e8 c5e6 a5b4 a3b4 h8g8 e6c7 g8f7 e1e4 
DEBUG:root:>>> go depth 6 
DEBUG:root:>>> position startpos moves c2c4 e7e5 b1c3 b8c6 g1f3 g8f6 e2e3 d7d6 f1d3 f8e7 e1g1 e8g8 a2a3 d6d5 c4d5 f6d5 d1c2 h7h6 c3d5 d8d5 d3h7 g8h8 h7e4 d5e6 b2b4 f7f5 e4c6 b7c6 c1b2 e7f6 d2d4 e5d4 f3d4 e6e4 c2e4 f5e4 a1c1 c8a6 f1d1 a6b7 c1c5 a8e8 b2c3 e8d8 d1c1 d8d5 d4e6 d5c5 e6c5 f6c3 c1c3 f8d8 c3c1 b7c8 c5e4 d8d3 c1a1 c8f5 e4c5 d3d2 e3e4 f5g6 e4e5 d2e2 e5e6 a7a5 g1f1 e2c2 e6e7 g6f7 a1e1 f7e8 c5e6 a5b4 a3b4 h8g8 e6c7 g8f7 e1e4 c2c1 f1e2 
DEBUG:root:>>> go depth 6 
DEBUG:root:>>> position startpos moves c2c4 e7e5 b1c3 b8c6 g1f3 g8f6 e2e3 d7d6 f1d3 f8e7 e1g1 e8g8 a2a3 d6d5 c4d5 f6d5 d1c2 h7h6 c3d5 d8d5 d3h7 g8h8 h7e4 d5e6 b2b4 f7f5 e4c6 b7c6 c1b2 e7f6 d2d4 e5d4 f3d4 e6e4 c2e4 f5e4 a1c1 c8a6 f1d1 a6b7 c1c5 a8e8 b2c3 e8d8 d1c1 d8d5 d4e6 d5c5 e6c5 f6c3 c1c3 f8d8 c3c1 b7c8 c5e4 d8d3 c1a1 c8f5 e4c5 d3d2 e3e4 f5g6 e4e5 d2e2 e5e6 a7a5 g1f1 e2c2 e6e7 g6f7 a1e1 f7e8 c5e6 a5b4 a3b4 h8g8 e6c7 g8f7 e1e4 c2c1 f1e2 c1a1 e4f4 
DEBUG:root:>>> go depth 6 
DEBUG:root:>>> position startpos moves c2c4 e7e5 b1c3 b8c6 g1f3 g8f6 e2e3 d7d6 f1d3 f8e7 e1g1 e8g8 a2a3 d6d5 c4d5 f6d5 d1c2 h7h6 c3d5 d8d5 d3h7 g8h8 h7e4 d5e6 b2b4 f7f5 e4c6 b7c6 c1b2 e7f6 d2d4 e5d4 f3d4 e6e4 c2e4 f5e4 a1c1 c8a6 f1d1 a6b7 c1c5 a8e8 b2c3 e8d8 d1c1 d8d5 d4e6 d5c5 e6c5 f6c3 c1c3 f8d8 c3c1 b7c8 c5e4 d8d3 c1a1 c8f5 e4c5 d3d2 e3e4 f5g6 e4e5 d2e2 e5e6 a7a5 g1f1 e2c2 e6e7 g6f7 a1e1 f7e8 c5e6 a5b4 a3b4 h8g8 e6c7 g8f7 e1e4 c2c1 f1e2 c1a1 e4f4 f7e7 f4e4 
DEBUG:root:>>> go depth 6 
DEBUG:root:>>> position startpos moves c2c4 e7e5 b1c3 b8c6 g1f3 g8f6 e2e3 d7d6 f1d3 f8e7 e1g1 e8g8 a2a3 d6d5 c4d5 f6d5 d1c2 h7h6 c3d5 d8d5 d3h7 g8h8 h7e4 d5e6 b2b4 f7f5 e4c6 b7c6 c1b2 e7f6 d2d4 e5d4 f3d4 e6e4 c2e4 f5e4 a1c1 c8a6 f1d1 a6b7 c1c5 a8e8 b2c3 e8d8 d1c1 d8d5 d4e6 d5c5 e6c5 f6c3 c1c3 f8d8 c3c1 b7c8 c5e4 d8d3 c1a1 c8f5 e4c5 d3d2 e3e4 f5g6 e4e5 d2e2 e5e6 a7a5 g1f1 e2c2 e6e7 g6f7 a1e1 f7e8 c5e6 a5b4 a3b4 h8g8 e6c7 g8f7 e1e4 c2c1 f1e2 c1a1 e4f4 f7e7 f4e4 e7d8 c7e8 
DEBUG:root:>>> go depth 6 
DEBUG:root:>>> position startpos moves c2c4 e7e5 b1c3 b8c6 g1f3 g8f6 e2e3 d7d6 f1d3 f8e7 e1g1 e8g8 a2a3 d6d5 c4d5 f6d5 d1c2 h7h6 c3d5 d8d5 d3h7 g8h8 h7e4 d5e6 b2b4 f7f5 e4c6 b7c6 c1b2 e7f6 d2d4 e5d4 f3d4 e6e4 c2e4 f5e4 a1c1 c8a6 f1d1 a6b7 c1c5 a8e8 b2c3 e8d8 d1c1 d8d5 d4e6 d5c5 e6c5 f6c3 c1c3 f8d8 c3c1 b7c8 c5e4 d8d3 c1a1 c8f5 e4c5 d3d2 e3e4 f5g6 e4e5 d2e2 e5e6 a7a5 g1f1 e2c2 e6e7 g6f7 a1e1 f7e8 c5e6 a5b4 a3b4 h8g8 e6c7 g8f7 e1e4 c2c1 f1e2 c1a1 e4f4 f7e7 f4e4 e7d8 c7e8 a1a2 e2f3 
DEBUG:root:>>> go depth 6 
DEBUG:root:>>> position startpos moves c2c4 e7e5 b1c3 b8c6 g1f3 g8f6 e2e3 d7d6 f1d3 f8e7 e1g1 e8g8 a2a3 d6d5 c4d5 f6d5 d1c2 h7h6 c3d5 d8d5 d3h7 g8h8 h7e4 d5e6 b2b4 f7f5 e4c6 b7c6 c1b2 e7f6 d2d4 e5d4 f3d4 e6e4 c2e4 f5e4 a1c1 c8a6 f1d1 a6b7 c1c5 a8e8 b2c3 e8d8 d1c1 d8d5 d4e6 d5c5 e6c5 f6c3 c1c3 f8d8 c3c1 b7c8 c5e4 d8d3 c1a1 c8f5 e4c5 d3d2 e3e4 f5g6 e4e5 d2e2 e5e6 a7a5 g1f1 e2c2 e6e7 g6f7 a1e1 f7e8 c5e6 a5b4 a3b4 h8g8 e6c7 g8f7 e1e4 c2c1 f1e2 c1a1 e4f4 f7e7 f4e4 e7d8 c7e8 a1a2 e2f3 a2a3 f3g4 
DEBUG:root:>>> go depth 6 
DEBUG:root:>>> position startpos moves c2c4 e7e5 b1c3 b8c6 g1f3 g8f6 e2e3 d7d6 f1d3 f8e7 e1g1 e8g8 a2a3 d6d5 c4d5 f6d5 d1c2 h7h6 c3d5 d8d5 d3h7 g8h8 h7e4 d5e6 b2b4 f7f5 e4c6 b7c6 c1b2 e7f6 d2d4 e5d4 f3d4 e6e4 c2e4 f5e4 a1c1 c8a6 f1d1 a6b7 c1c5 a8e8 b2c3 e8d8 d1c1 d8d5 d4e6 d5c5 e6c5 f6c3 c1c3 f8d8 c3c1 b7c8 c5e4 d8d3 c1a1 c8f5 e4c5 d3d2 e3e4 f5g6 e4e5 d2e2 e5e6 a7a5 g1f1 e2c2 e6e7 g6f7 a1e1 f7e8 c5e6 a5b4 a3b4 h8g8 e6c7 g8f7 e1e4 c2c1 f1e2 c1a1 e4f4 f7e7 f4e4 e7d8 c7e8 a1a2 e2f3 a2a3 f3g4 g7g6 e8f6 
DEBUG:root:>>> go depth 6 
DEBUG:root:>>> position startpos moves c2c4 e7e5 b1c3 b8c6 g1f3 g8f6 e2e3 d7d6 f1d3 f8e7 e1g1 e8g8 a2a3 d6d5 c4d5 f6d5 d1c2 h7h6 c3d5 d8d5 d3h7 g8h8 h7e4 d5e6 b2b4 f7f5 e4c6 b7c6 c1b2 e7f6 d2d4 e5d4 f3d4 e6e4 c2e4 f5e4 a1c1 c8a6 f1d1 a6b7 c1c5 a8e8 b2c3 e8d8 d1c1 d8d5 d4e6 d5c5 e6c5 f6c3 c1c3 f8d8 c3c1 b7c8 c5e4 d8d3 c1a1 c8f5 e4c5 d3d2 e3e4 f5g6 e4e5 d2e2 e5e6 a7a5 g1f1 e2c2 e6e7 g6f7 a1e1 f7e8 c5e6 a5b4 a3b4 h8g8 e6c7 g8f7 e1e4 c2c1 f1e2 c1a1 e4f4 f7e7 f4e4 e7d8 c7e8 a1a2 e2f3 a2a3 f3g4 g7g6 e8f6 a3a2 g4g3 
DEBUG:root:>>> go depth 6 
DEBUG:root:>>> position startpos moves c2c4 e7e5 b1c3 b8c6 g1f3 g8f6 e2e3 d7d6 f1d3 f8e7 e1g1 e8g8 a2a3 d6d5 c4d5 f6d5 d1c2 h7h6 c3d5 d8d5 d3h7 g8h8 h7e4 d5e6 b2b4 f7f5 e4c6 b7c6 c1b2 e7f6 d2d4 e5d4 f3d4 e6e4 c2e4 f5e4 a1c1 c8a6 f1d1 a6b7 c1c5 a8e8 b2c3 e8d8 d1c1 d8d5 d4e6 d5c5 e6c5 f6c3 c1c3 f8d8 c3c1 b7c8 c5e4 d8d3 c1a1 c8f5 e4c5 d3d2 e3e4 f5g6 e4e5 d2e2 e5e6 a7a5 g1f1 e2c2 e6e7 g6f7 a1e1 f7e8 c5e6 a5b4 a3b4 h8g8 e6c7 g8f7 e1e4 c2c1 f1e2 c1a1 e4f4 f7e7 f4e4 e7d8 c7e8 a1a2 e2f3 a2a3 f3g4 g7g6 e8f6 a3a2 g4g3 d8c8 e4g4 
DEBUG:root:>>> go depth 6 
DEBUG:root:>>> position startpos moves c2c4 e7e5 b1c3 b8c6 g1f3 g8f6 e2e3 d7d6 f1d3 f8e7 e1g1 e8g8 a2a3 d6d5 c4d5 f6d5 d1c2 h7h6 c3d5 d8d5 d3h7 g8h8 h7e4 d5e6 b2b4 f7f5 e4c6 b7c6 c1b2 e7f6 d2d4 e5d4 f3d4 e6e4 c2e4 f5e4 a1c1 c8a6 f1d1 a6b7 c1c5 a8e8 b2c3 e8d8 d1c1 d8d5 d4e6 d5c5 e6c5 f6c3 c1c3 f8d8 c3c1 b7c8 c5e4 d8d3 c1a1 c8f5 e4c5 d3d2 e3e4 f5g6 e4e5 d2e2 e5e6 a7a5 g1f1 e2c2 e6e7 g6f7 a1e1 f7e8 c5e6 a5b4 a3b4 h8g8 e6c7 g8f7 e1e4 c2c1 f1e2 c1a1 e4f4 f7e7 f4e4 e7d8 c7e8 a1a2 e2f3 a2a3 f3g4 g7g6 e8f6 a3a2 g4g3 d8c8 e4g4 g6g5 h2h4 
DEBUG:root:>>> go depth 6 
DEBUG:root:>>> position startpos moves c2c4 e7e5 b1c3 b8c6 g1f3 g8f6 e2e3 d7d6 f1d3 f8e7 e1g1 e8g8 a2a3 d6d5 c4d5 f6d5 d1c2 h7h6 c3d5 d8d5 d3h7 g8h8 h7e4 d5e6 b2b4 f7f5 e4c6 b7c6 c1b2 e7f6 d2d4 e5d4 f3d4 e6e4 c2e4 f5e4 a1c1 c8a6 f1d1 a6b7 c1c5 a8e8 b2c3 e8d8 d1c1 d8d5 d4e6 d5c5 e6c5 f6c3 c1c3 f8d8 c3c1 b7c8 c5e4 d8d3 c1a1 c8f5 e4c5 d3d2 e3e4 f5g6 e4e5 d2e2 e5e6 a7a5 g1f1 e2c2 e6e7 g6f7 a1e1 f7e8 c5e6 a5b4 a3b4 h8g8 e6c7 g8f7 e1e4 c2c1 f1e2 c1a1 e4f4 f7e7 f4e4 e7d8 c7e8 a1a2 e2f3 a2a3 f3g4 g7g6 e8f6 a3a2 g4g3 d8c8 e4g4 g6g5 h2h4 c8b8 h4g5 
DEBUG:root:>>> go depth 6 
DEBUG:root:>>> position startpos moves c2c4 e7e5 b1c3 b8c6 g1f3 g8f6 e2e3 d7d6 f1d3 f8e7 e1g1 e8g8 a2a3 d6d5 c4d5 f6d5 d1c2 h7h6 c3d5 d8d5 d3h7 g8h8 h7e4 d5e6 b2b4 f7f5 e4c6 b7c6 c1b2 e7f6 d2d4 e5d4 f3d4 e6e4 c2e4 f5e4 a1c1 c8a6 f1d1 a6b7 c1c5 a8e8 b2c3 e8d8 d1c1 d8d5 d4e6 d5c5 e6c5 f6c3 c1c3 f8d8 c3c1 b7c8 c5e4 d8d3 c1a1 c8f5 e4c5 d3d2 e3e4 f5g6 e4e5 d2e2 e5e6 a7a5 g1f1 e2c2 e6e7 g6f7 a1e1 f7e8 c5e6 a5b4 a3b4 h8g8 e6c7 g8f7 e1e4 c2c1 f1e2 c1a1 e4f4 f7e7 f4e4 e7d8 c7e8 a1a2 e2f3 a2a3 f3g4 g7g6 e8f6 a3a2 g4g3 d8c8 e4g4 g6g5 h2h4 c8b8 h4g5 h6g5 g4g5 
DEBUG:root:>>> go depth 6 
DEBUG:root:>>> position startpos moves c2c4 e7e5 b1c3 b8c6 g1f3 g8f6 e2e3 d7d6 f1d3 f8e7 e1g1 e8g8 a2a3 d6d5 c4d5 f6d5 d1c2 h7h6 c3d5 d8d5 d3h7 g8h8 h7e4 d5e6 b2b4 f7f5 e4c6 b7c6 c1b2 e7f6 d2d4 e5d4 f3d4 e6e4 c2e4 f5e4 a1c1 c8a6 f1d1 a6b7 c1c5 a8e8 b2c3 e8d8 d1c1 d8d5 d4e6 d5c5 e6c5 f6c3 c1c3 f8d8 c3c1 b7c8 c5e4 d8d3 c1a1 c8f5 e4c5 d3d2 e3e4 f5g6 e4e5 d2e2 e5e6 a7a5 g1f1 e2c2 e6e7 g6f7 a1e1 f7e8 c5e6 a5b4 a3b4 h8g8 e6c7 g8f7 e1e4 c2c1 f1e2 c1a1 e4f4 f7e7 f4e4 e7d8 c7e8 a1a2 e2f3 a2a3 f3g4 g7g6 e8f6 a3a2 g4g3 d8c8 e4g4 g6g5 h2h4 c8b8 h4g5 h6g5 g4g5 a2e2 g5g7 
DEBUG:root:>>> go depth 6 
DEBUG:root:>>> position startpos moves c2c4 e7e5 b1c3 b8c6 g1f3 g8f6 e2e3 d7d6 f1d3 f8e7 e1g1 e8g8 a2a3 d6d5 c4d5 f6d5 d1c2 h7h6 c3d5 d8d5 d3h7 g8h8 h7e4 d5e6 b2b4 f7f5 e4c6 b7c6 c1b2 e7f6 d2d4 e5d4 f3d4 e6e4 c2e4 f5e4 a1c1 c8a6 f1d1 a6b7 c1c5 a8e8 b2c3 e8d8 d1c1 d8d5 d4e6 d5c5 e6c5 f6c3 c1c3 f8d8 c3c1 b7c8 c5e4 d8d3 c1a1 c8f5 e4c5 d3d2 e3e4 f5g6 e4e5 d2e2 e5e6 a7a5 g1f1 e2c2 e6e7 g6f7 a1e1 f7e8 c5e6 a5b4 a3b4 h8g8 e6c7 g8f7 e1e4 c2c1 f1e2 c1a1 e4f4 f7e7 f4e4 e7d8 c7e8 a1a2 e2f3 a2a3 f3g4 g7g6 e8f6 a3a2 g4g3 d8c8 e4g4 g6g5 h2h4 c8b8 h4g5 h6g5 g4g5 a2e2 g5g7 b8a8 g7c7 
DEBUG:root:>>> go depth 6 
DEBUG:root:>>> position startpos moves c2c4 e7e5 b1c3 b8c6 g1f3 g8f6 e2e3 d7d6 f1d3 f8e7 e1g1 e8g8 a2a3 d6d5 c4d5 f6d5 d1c2 h7h6 c3d5 d8d5 d3h7 g8h8 h7e4 d5e6 b2b4 f7f5 e4c6 b7c6 c1b2 e7f6 d2d4 e5d4 f3d4 e6e4 c2e4 f5e4 a1c1 c8a6 f1d1 a6b7 c1c5 a8e8 b2c3 e8d8 d1c1 d8d5 d4e6 d5c5 e6c5 f6c3 c1c3 f8d8 c3c1 b7c8 c5e4 d8d3 c1a1 c8f5 e4c5 d3d2 e3e4 f5g6 e4e5 d2e2 e5e6 a7a5 g1f1 e2c2 e6e7 g6f7 a1e1 f7e8 c5e6 a5b4 a3b4 h8g8 e6c7 g8f7 e1e4 c2c1 f1e2 c1a1 e4f4 f7e7 f4e4 e7d8 c7e8 a1a2 e2f3 a2a3 f3g4 g7g6 e8f6 a3a2 g4g3 d8c8 e4g4 g6g5 h2h4 c8b8 h4g5 h6g5 g4g5 a2e2 g5g7 b8a8 g7c7 e2c2 b4b5 
DEBUG:root:>>> go depth 6 
DEBUG:root:>>> position startpos moves c2c4 e7e5 b1c3 b8c6 g1f3 g8f6 e2e3 d7d6 f1d3 f8e7 e1g1 e8g8 a2a3 d6d5 c4d5 f6d5 d1c2 h7h6 c3d5 d8d5 d3h7 g8h8 h7e4 d5e6 b2b4 f7f5 e4c6 b7c6 c1b2 e7f6 d2d4 e5d4 f3d4 e6e4 c2e4 f5e4 a1c1 c8a6 f1d1 a6b7 c1c5 a8e8 b2c3 e8d8 d1c1 d8d5 d4e6 d5c5 e6c5 f6c3 c1c3 f8d8 c3c1 b7c8 c5e4 d8d3 c1a1 c8f5 e4c5 d3d2 e3e4 f5g6 e4e5 d2e2 e5e6 a7a5 g1f1 e2c2 e6e7 g6f7 a1e1 f7e8 c5e6 a5b4 a3b4 h8g8 e6c7 g8f7 e1e4 c2c1 f1e2 c1a1 e4f4 f7e7 f4e4 e7d8 c7e8 a1a2 e2f3 a2a3 f3g4 g7g6 e8f6 a3a2 g4g3 d8c8 e4g4 g6g5 h2h4 c8b8 h4g5 h6g5 g4g5 a2e2 g5g7 b8a8 g7c7 e2c2 b4b5 c6c5 b5b6 
DEBUG:root:>>> go depth 6 
DEBUG:root:>>> position startpos moves c2c4 e7e5 b1c3 b8c6 g1f3 g8f6 e2e3 d7d6 f1d3 f8e7 e1g1 e8g8 a2a3 d6d5 c4d5 f6d5 d1c2 h7h6 c3d5 d8d5 d3h7 g8h8 h7e4 d5e6 b2b4 f7f5 e4c6 b7c6 c1b2 e7f6 d2d4 e5d4 f3d4 e6e4 c2e4 f5e4 a1c1 c8a6 f1d1 a6b7 c1c5 a8e8 b2c3 e8d8 d1c1 d8d5 d4e6 d5c5 e6c5 f6c3 c1c3 f8d8 c3c1 b7c8 c5e4 d8d3 c1a1 c8f5 e4c5 d3d2 e3e4 f5g6 e4e5 d2e2 e5e6 a7a5 g1f1 e2c2 e6e7 g6f7 a1e1 f7e8 c5e6 a5b4 a3b4 h8g8 e6c7 g8f7 e1e4 c2c1 f1e2 c1a1 e4f4 f7e7 f4e4 e7d8 c7e8 a1a2 e2f3 a2a3 f3g4 g7g6 e8f6 a3a2 g4g3 d8c8 e4g4 g6g5 h2h4 c8b8 h4g5 h6g5 g4g5 a2e2 g5g7 b8a8 g7c7 e2c2 b4b5 c6c5 b5b6 c5c4 f2f3 
DEBUG:root:>>> go depth 6 
DEBUG:root:>>> position startpos moves c2c4 e7e5 b1c3 b8c6 g1f3 g8f6 e2e3 d7d6 f1d3 f8e7 e1g1 e8g8 a2a3 d6d5 c4d5 f6d5 d1c2 h7h6 c3d5 d8d5 d3h7 g8h8 h7e4 d5e6 b2b4 f7f5 e4c6 b7c6 c1b2 e7f6 d2d4 e5d4 f3d4 e6e4 c2e4 f5e4 a1c1 c8a6 f1d1 a6b7 c1c5 a8e8 b2c3 e8d8 d1c1 d8d5 d4e6 d5c5 e6c5 f6c3 c1c3 f8d8 c3c1 b7c8 c5e4 d8d3 c1a1 c8f5 e4c5 d3d2 e3e4 f5g6 e4e5 d2e2 e5e6 a7a5 g1f1 e2c2 e6e7 g6f7 a1e1 f7e8 c5e6 a5b4 a3b4 h8g8 e6c7 g8f7 e1e4 c2c1 f1e2 c1a1 e4f4 f7e7 f4e4 e7d8 c7e8 a1a2 e2f3 a2a3 f3g4 g7g6 e8f6 a3a2 g4g3 d8c8 e4g4 g6g5 h2h4 c8b8 h4g5 h6g5 g4g5 a2e2 g5g7 b8a8 g7c7 e2c2 b4b5 c6c5 b5b6 c5c4 f2f3 c2b2 f6d7 
DEBUG:root:>>> go depth 6 
DEBUG:root:>>> position startpos moves c2c4 e7e5 b1c3 b8c6 g1f3 g8f6 e2e3 d7d6 f1d3 f8e7 e1g1 e8g8 a2a3 d6d5 c4d5 f6d5 d1c2 h7h6 c3d5 d8d5 d3h7 g8h8 h7e4 d5e6 b2b4 f7f5 e4c6 b7c6 c1b2 e7f6 d2d4 e5d4 f3d4 e6e4 c2e4 f5e4 a1c1 c8a6 f1d1 a6b7 c1c5 a8e8 b2c3 e8d8 d1c1 d8d5 d4e6 d5c5 e6c5 f6c3 c1c3 f8d8 c3c1 b7c8 c5e4 d8d3 c1a1 c8f5 e4c5 d3d2 e3e4 f5g6 e4e5 d2e2 e5e6 a7a5 g1f1 e2c2 e6e7 g6f7 a1e1 f7e8 c5e6 a5b4 a3b4 h8g8 e6c7 g8f7 e1e4 c2c1 f1e2 c1a1 e4f4 f7e7 f4e4 e7d8 c7e8 a1a2 e2f3 a2a3 f3g4 g7g6 e8f6 a3a2 g4g3 d8c8 e4g4 g6g5 h2h4 c8b8 h4g5 h6g5 g4g5 a2e2 g5g7 b8a8 g7c7 e2c2 b4b5 c6c5 b5b6 c5c4 f2f3 c2b2 f6d7 b2b6 d7b6 
DEBUG:root:>>> go depth 6 
DEBUG:root:>>> position startpos moves c2c4 e7e5 b1c3 b8c6 g1f3 g8f6 e2e3 d7d6 f1d3 f8e7 e1g1 e8g8 a2a3 d6d5 c4d5 f6d5 d1c2 h7h6 c3d5 d8d5 d3h7 g8h8 h7e4 d5e6 b2b4 f7f5 e4c6 b7c6 c1b2 e7f6 d2d4 e5d4 f3d4 e6e4 c2e4 f5e4 a1c1 c8a6 f1d1 a6b7 c1c5 a8e8 b2c3 e8d8 d1c1 d8d5 d4e6 d5c5 e6c5 f6c3 c1c3 f8d8 c3c1 b7c8 c5e4 d8d3 c1a1 c8f5 e4c5 d3d2 e3e4 f5g6 e4e5 d2e2 e5e6 a7a5 g1f1 e2c2 e6e7 g6f7 a1e1 f7e8 c5e6 a5b4 a3b4 h8g8 e6c7 g8f7 e1e4 c2c1 f1e2 c1a1 e4f4 f7e7 f4e4 e7d8 c7e8 a1a2 e2f3 a2a3 f3g4 g7g6 e8f6 a3a2 g4g3 d8c8 e4g4 g6g5 h2h4 c8b8 h4g5 h6g5 g4g5 a2e2 g5g7 b8a8 g7c7 e2c2 b4b5 c6c5 b5b6 c5c4 f2f3 c2b2 f6d7 b2b6 d7b6 a8b8 b6d5 
DEBUG:root:>>> go depth 6 
DEBUG:root:>>> position startpos moves c2c4 e7e5 b1c3 b8c6 g1f3 g8f6 e2e3 d7d6 f1d3 f8e7 e1g1 e8g8 a2a3 d6d5 c4d5 f6d5 d1c2 h7h6 c3d5 d8d5 d3h7 g8h8 h7e4 d5e6 b2b4 f7f5 e4c6 b7c6 c1b2 e7f6 d2d4 e5d4 f3d4 e6e4 c2e4 f5e4 a1c1 c8a6 f1d1 a6b7 c1c5 a8e8 b2c3 e8d8 d1c1 d8d5 d4e6 d5c5 e6c5 f6c3 c1c3 f8d8 c3c1 b7c8 c5e4 d8d3 c1a1 c8f5 e4c5 d3d2 e3e4 f5g6 e4e5 d2e2 e5e6 a7a5 g1f1 e2c2 e6e7 g6f7 a1e1 f7e8 c5e6 a5b4 a3b4 h8g8 e6c7 g8f7 e1e4 c2c1 f1e2 c1a1 e4f4 f7e7 f4e4 e7d8 c7e8 a1a2 e2f3 a2a3 f3g4 g7g6 e8f6 a3a2 g4g3 d8c8 e4g4 g6g5 h2h4 c8b8 h4g5 h6g5 g4g5 a2e2 g5g7 b8a8 g7c7 e2c2 b4b5 c6c5 b5b6 c5c4 f2f3 c2b2 f6d7 b2b6 d7b6 a8b8 b6d5 b8a8 f3f4 
DEBUG:root:>>> go depth 6 
DEBUG:root:>>> position startpos moves c2c4 e7e5 b1c3 b8c6 g1f3 g8f6 e2e3 d7d6 f1d3 f8e7 e1g1 e8g8 a2a3 d6d5 c4d5 f6d5 d1c2 h7h6 c3d5 d8d5 d3h7 g8h8 h7e4 d5e6 b2b4 f7f5 e4c6 b7c6 c1b2 e7f6 d2d4 e5d4 f3d4 e6e4 c2e4 f5e4 a1c1 c8a6 f1d1 a6b7 c1c5 a8e8 b2c3 e8d8 d1c1 d8d5 d4e6 d5c5 e6c5 f6c3 c1c3 f8d8 c3c1 b7c8 c5e4 d8d3 c1a1 c8f5 e4c5 d3d2 e3e4 f5g6 e4e5 d2e2 e5e6 a7a5 g1f1 e2c2 e6e7 g6f7 a1e1 f7e8 c5e6 a5b4 a3b4 h8g8 e6c7 g8f7 e1e4 c2c1 f1e2 c1a1 e4f4 f7e7 f4e4 e7d8 c7e8 a1a2 e2f3 a2a3 f3g4 g7g6 e8f6 a3a2 g4g3 d8c8 e4g4 g6g5 h2h4 c8b8 h4g5 h6g5 g4g5 a2e2 g5g7 b8a8 g7c7 e2c2 b4b5 c6c5 b5b6 c5c4 f2f3 c2b2 f6d7 b2b6 d7b6 a8b8 b6d5 b8a8 f3f4 a8b8 f4f5 
DEBUG:root:>>> go depth 6 
DEBUG:root:>>> position startpos moves c2c4 e7e5 b1c3 b8c6 g1f3 g8f6 e2e3 d7d6 f1d3 f8e7 e1g1 e8g8 a2a3 d6d5 c4d5 f6d5 d1c2 h7h6 c3d5 d8d5 d3h7 g8h8 h7e4 d5e6 b2b4 f7f5 e4c6 b7c6 c1b2 e7f6 d2d4 e5d4 f3d4 e6e4 c2e4 f5e4 a1c1 c8a6 f1d1 a6b7 c1c5 a8e8 b2c3 e8d8 d1c1 d8d5 d4e6 d5c5 e6c5 f6c3 c1c3 f8d8 c3c1 b7c8 c5e4 d8d3 c1a1 c8f5 e4c5 d3d2 e3e4 f5g6 e4e5 d2e2 e5e6 a7a5 g1f1 e2c2 e6e7 g6f7 a1e1 f7e8 c5e6 a5b4 a3b4 h8g8 e6c7 g8f7 e1e4 c2c1 f1e2 c1a1 e4f4 f7e7 f4e4 e7d8 c7e8 a1a2 e2f3 a2a3 f3g4 g7g6 e8f6 a3a2 g4g3 d8c8 e4g4 g6g5 h2h4 c8b8 h4g5 h6g5 g4g5 a2e2 g5g7 b8a8 g7c7 e2c2 b4b5 c6c5 b5b6 c5c4 f2f3 c2b2 f6d7 b2b6 d7b6 a8b8 b6d5 b8a8 f3f4 a8b8 f4f5 c4c3 f5f6 
DEBUG:root:>>> go depth 6 
DEBUG:root:>>> position startpos moves c2c4 e7e5 b1c3 b8c6 g1f3 g8f6 e2e3 d7d6 f1d3 f8e7 e1g1 e8g8 a2a3 d6d5 c4d5 f6d5 d1c2 h7h6 c3d5 d8d5 d3h7 g8h8 h7e4 d5e6 b2b4 f7f5 e4c6 b7c6 c1b2 e7f6 d2d4 e5d4 f3d4 e6e4 c2e4 f5e4 a1c1 c8a6 f1d1 a6b7 c1c5 a8e8 b2c3 e8d8 d1c1 d8d5 d4e6 d5c5 e6c5 f6c3 c1c3 f8d8 c3c1 b7c8 c5e4 d8d3 c1a1 c8f5 e4c5 d3d2 e3e4 f5g6 e4e5 d2e2 e5e6 a7a5 g1f1 e2c2 e6e7 g6f7 a1e1 f7e8 c5e6 a5b4 a3b4 h8g8 e6c7 g8f7 e1e4 c2c1 f1e2 c1a1 e4f4 f7e7 f4e4 e7d8 c7e8 a1a2 e2f3 a2a3 f3g4 g7g6 e8f6 a3a2 g4g3 d8c8 e4g4 g6g5 h2h4 c8b8 h4g5 h6g5 g4g5 a2e2 g5g7 b8a8 g7c7 e2c2 b4b5 c6c5 b5b6 c5c4 f2f3 c2b2 f6d7 b2b6 d7b6 a8b8 b6d5 b8a8 f3f4 a8b8 f4f5 c4c3 f5f6 c3c2 f6f7 
DEBUG:root:>>> go depth 6 
DEBUG:root:>>> ucinewgame 
DEBUG:root:>>> position fen rnbqkbnr/pppppppp/8/8/8/8/PPPPPPPP/RNBQKBNR w KQkq - 0 1 
DEBUG:root:>>> position startpos moves c2c4 e7e5 
DEBUG:root:>>> go depth 6 
DEBUG:root:>>> position startpos moves c2c4 e7e5 e2e4 b8c6 
DEBUG:root:>>> go depth 6 
DEBUG:root:>>> position startpos moves c2c4 e7e5 e2e4 b8c6 g1f3 g8f6 
DEBUG:root:>>> go depth 6 
DEBUG:root:>>> position startpos moves c2c4 e7e5 e2e4 b8c6 g1f3 g8f6 b1c3 f8c5 
DEBUG:root:>>> go depth 6 
DEBUG:root:>>> position startpos moves c2c4 e7e5 e2e4 b8c6 g1f3 g8f6 b1c3 f8c5 f3e5 c6e5 
DEBUG:root:>>> go depth 6 
DEBUG:root:>>> position startpos moves c2c4 e7e5 e2e4 b8c6 g1f3 g8f6 b1c3 f8c5 f3e5 c6e5 d2d4 c5d4 
DEBUG:root:>>> go depth 6 
DEBUG:root:>>> position startpos moves c2c4 e7e5 e2e4 b8c6 g1f3 g8f6 b1c3 f8c5 f3e5 c6e5 d2d4 c5d4 d1d4 d7d6 
DEBUG:root:>>> go depth 6 
DEBUG:root:>>> position startpos moves c2c4 e7e5 e2e4 b8c6 g1f3 g8f6 b1c3 f8c5 f3e5 c6e5 d2d4 c5d4 d1d4 d7d6 f1e2 e8g8 
DEBUG:root:>>> go depth 6 
DEBUG:root:>>> position startpos moves c2c4 e7e5 e2e4 b8c6 g1f3 g8f6 b1c3 f8c5 f3e5 c6e5 d2d4 c5d4 d1d4 d7d6 f1e2 e8g8 e1g1 c8g4 
DEBUG:root:>>> go depth 6 
DEBUG:root:>>> position startpos moves c2c4 e7e5 e2e4 b8c6 g1f3 g8f6 b1c3 f8c5 f3e5 c6e5 d2d4 c5d4 d1d4 d7d6 f1e2 e8g8 e1g1 c8g4 f2f3 c7c5 
DEBUG:root:>>> go depth 6 
DEBUG:root:>>> position startpos moves c2c4 e7e5 e2e4 b8c6 g1f3 g8f6 b1c3 f8c5 f3e5 c6e5 d2d4 c5d4 d1d4 d7d6 f1e2 e8g8 e1g1 c8g4 f2f3 c7c5 d4d1 g4h5 
DEBUG:root:>>> go depth 6 
DEBUG:root:>>> position startpos moves c2c4 e7e5 e2e4 b8c6 g1f3 g8f6 b1c3 f8c5 f3e5 c6e5 d2d4 c5d4 d1d4 d7d6 f1e2 e8g8 e1g1 c8g4 f2f3 c7c5 d4d1 g4h5 g2g4 h5g6 
DEBUG:root:>>> go depth 6 
DEBUG:root:>>> position startpos moves c2c4 e7e5 e2e4 b8c6 g1f3 g8f6 b1c3 f8c5 f3e5 c6e5 d2d4 c5d4 d1d4 d7d6 f1e2 e8g8 e1g1 c8g4 f2f3 c7c5 d4d1 g4h5 g2g4 h5g6 g4g5 f6d7 
DEBUG:root:>>> go depth 6 
DEBUG:root:>>> position startpos moves c2c4 e7e5 e2e4 b8c6 g1f3 g8f6 b1c3 f8c5 f3e5 c6e5 d2d4 c5d4 d1d4 d7d6 f1e2 e8g8 e1g1 c8g4 f2f3 c7c5 d4d1 g4h5 g2g4 h5g6 g4g5 f6d7 f3f4 f7f6 
DEBUG:root:>>> go depth 6 
DEBUG:root:>>> position startpos moves c2c4 e7e5 e2e4 b8c6 g1f3 g8f6 b1c3 f8c5 f3e5 c6e5 d2d4 c5d4 d1d4 d7d6 f1e2 e8g8 e1g1 c8g4 f2f3 c7c5 d4d1 g4h5 g2g4 h5g6 g4g5 f6d7 f3f4 f7f6 f4e5 d7e5 
DEBUG:root:>>> go depth 6 
DEBUG:root:>>> position startpos moves c2c4 e7e5 e2e4 b8c6 g1f3 g8f6 b1c3 f8c5 f3e5 c6e5 d2d4 c5d4 d1d4 d7d6 f1e2 e8g8 e1g1 c8g4 f2f3 c7c5 d4d1 g4h5 g2g4 h5g6 g4g5 f6d7 f3f4 f7f6 f4e5 d7e5 d1d5 g6f7 
DEBUG:root:>>> go depth 6 
DEBUG:root:>>> position startpos moves c2c4 e7e5 e2e4 b8c6 g1f3 g8f6 b1c3 f8c5 f3e5 c6e5 d2d4 c5d4 d1d4 d7d6 f1e2 e8g8 e1g1 c8g4 f2f3 c7c5 d4d1 g4h5 g2g4 h5g6 g4g5 f6d7 f3f4 f7f6 f4e5 d7e5 d1d5 g6f7 d5b7 a8b8 
DEBUG:root:>>> go depth 6 
DEBUG:root:>>> position startpos moves c2c4 e7e5 e2e4 b8c6 g1f3 g8f6 b1c3 f8c5 f3e5 c6e5 d2d4 c5d4 d1d4 d7d6 f1e2 e8g8 e1g1 c8g4 f2f3 c7c5 d4d1 g4h5 g2g4 h5g6 g4g5 f6d7 f3f4 f7f6 f4e5 d7e5 d1d5 g6f7 d5b7 a8b8 b7a7 b8a8 
DEBUG:root:>>> go depth 6 
DEBUG:root:>>> position startpos moves c2c4 e7e5 e2e4 b8c6 g1f3 g8f6 b1c3 f8c5 f3e5 c6e5 d2d4 c5d4 d1d4 d7d6 f1e2 e8g8 e1g1 c8g4 f2f3 c7c5 d4d1 g4h5 g2g4 h5g6 g4g5 f6d7 f3f4 f7f6 f4e5 d7e5 d1d5 g6f7 d5b7 a8b8 b7a7 b8a8 a7b7 a8b8 
DEBUG:root:>>> go depth 6 
DEBUG:root:>>> position startpos moves c2c4 e7e5 e2e4 b8c6 g1f3 g8f6 b1c3 f8c5 f3e5 c6e5 d2d4 c5d4 d1d4 d7d6 f1e2 e8g8 e1g1 c8g4 f2f3 c7c5 d4d1 g4h5 g2g4 h5g6 g4g5 f6d7 f3f4 f7f6 f4e5 d7e5 d1d5 g6f7 d5b7 a8b8 b7a7 b8a8 a7b7 a8b8 b7a6 f6g5 
DEBUG:root:>>> go depth 6 
DEBUG:root:>>> position startpos moves c2c4 e7e5 e2e4 b8c6 g1f3 g8f6 b1c3 f8c5 f3e5 c6e5 d2d4 c5d4 d1d4 d7d6 f1e2 e8g8 e1g1 c8g4 f2f3 c7c5 d4d1 g4h5 g2g4 h5g6 g4g5 f6d7 f3f4 f7f6 f4e5 d7e5 d1d5 g6f7 d5b7 a8b8 b7a7 b8a8 a7b7 a8b8 b7a6 f6g5 c3d5 f7g6 
DEBUG:root:>>> go depth 6 
DEBUG:root:>>> position startpos moves c2c4 e7e5 e2e4 b8c6 g1f3 g8f6 b1c3 f8c5 f3e5 c6e5 d2d4 c5d4 d1d4 d7d6 f1e2 e8g8 e1g1 c8g4 f2f3 c7c5 d4d1 g4h5 g2g4 h5g6 g4g5 f6d7 f3f4 f7f6 f4e5 d7e5 d1d5 g6f7 d5b7 a8b8 b7a7 b8a8 a7b7 a8b8 b7a6 f6g5 c3d5 f7g6 f1f8 g8f8 
DEBUG:root:>>> go depth 6 
DEBUG:root:>>> position startpos moves c2c4 e7e5 e2e4 b8c6 g1f3 g8f6 b1c3 f8c5 f3e5 c6e5 d2d4 c5d4 d1d4 d7d6 f1e2 e8g8 e1g1 c8g4 f2f3 c7c5 d4d1 g4h5 g2g4 h5g6 g4g5 f6d7 f3f4 f7f6 f4e5 d7e5 d1d5 g6f7 d5b7 a8b8 b7a7 b8a8 a7b7 a8b8 b7a6 f6g5 c3d5 f7g6 f1f8 g8f8 d5c3 f8g8 
DEBUG:root:>>> go depth 6 
DEBUG:root:>>> position startpos moves c2c4 e7e5 e2e4 b8c6 g1f3 g8f6 b1c3 f8c5 f3e5 c6e5 d2d4 c5d4 d1d4 d7d6 f1e2 e8g8 e1g1 c8g4 f2f3 c7c5 d4d1 g4h5 g2g4 h5g6 g4g5 f6d7 f3f4 f7f6 f4e5 d7e5 d1d5 g6f7 d5b7 a8b8 b7a7 b8a8 a7b7 a8b8 b7a6 f6g5 c3d5 f7g6 f1f8 g8f8 d5c3 f8g8 h2h3 h7h6 
DEBUG:root:>>> go depth 6 
DEBUG:root:>>> position startpos moves c2c4 e7e5 e2e4 b8c6 g1f3 g8f6 b1c3 f8c5 f3e5 c6e5 d2d4 c5d4 d1d4 d7d6 f1e2 e8g8 e1g1 c8g4 f2f3 c7c5 d4d1 g4h5 g2g4 h5g6 g4g5 f6d7 f3f4 f7f6 f4e5 d7e5 d1d5 g6f7 d5b7 a8b8 b7a7 b8a8 a7b7 a8b8 b7a6 f6g5 c3d5 f7g6 f1f8 g8f8 d5c3 f8g8 h2h3 h7h6 a1b1 b8a8 
DEBUG:root:>>> go depth 6 
DEBUG:root:>>> position startpos moves c2c4 e7e5 e2e4 b8c6 g1f3 g8f6 b1c3 f8c5 f3e5 c6e5 d2d4 c5d4 d1d4 d7d6 f1e2 e8g8 e1g1 c8g4 f2f3 c7c5 d4d1 g4h5 g2g4 h5g6 g4g5 f6d7 f3f4 f7f6 f4e5 d7e5 d1d5 g6f7 d5b7 a8b8 b7a7 b8a8 a7b7 a8b8 b7a6 f6g5 c3d5 f7g6 f1f8 g8f8 d5c3 f8g8 h2h3 h7h6 a1b1 b8a8 a6b7 a8b8 
DEBUG:root:>>> go depth 6 
DEBUG:root:>>> position startpos moves c2c4 e7e5 e2e4 b8c6 g1f3 g8f6 b1c3 f8c5 f3e5 c6e5 d2d4 c5d4 d1d4 d7d6 f1e2 e8g8 e1g1 c8g4 f2f3 c7c5 d4d1 g4h5 g2g4 h5g6 g4g5 f6d7 f3f4 f7f6 f4e5 d7e5 d1d5 g6f7 d5b7 a8b8 b7a7 b8a8 a7b7 a8b8 b7a6 f6g5 c3d5 f7g6 f1f8 g8f8 d5c3 f8g8 h2h3 h7h6 a1b1 b8a8 a6b7 a8b8 b7d5 g6f7 
DEBUG:root:>>> go depth 6 
DEBUG:root:>>> position startpos moves c2c4 e7e5 e2e4 b8c6 g1f3 g8f6 b1c3 f8c5 f3e5 c6e5 d2d4 c5d4 d1d4 d7d6 f1e2 e8g8 e1g1 c8g4 f2f3 c7c5 d4d1 g4h5 g2g4 h5g6 g4g5 f6d7 f3f4 f7f6 f4e5 d7e5 d1d5 g6f7 d5b7 a8b8 b7a7 b8a8 a7b7 a8b8 b7a6 f6g5 c3d5 f7g6 f1f8 g8f8 d5c3 f8g8 h2h3 h7h6 a1b1 b8a8 a6b7 a8b8 b7d5 g6f7 d5d1 d8d7 
DEBUG:root:>>> go depth 6 
DEBUG:root:>>> position startpos moves c2c4 e7e5 e2e4 b8c6 g1f3 g8f6 b1c3 f8c5 f3e5 c6e5 d2d4 c5d4 d1d4 d7d6 f1e2 e8g8 e1g1 c8g4 f2f3 c7c5 d4d1 g4h5 g2g4 h5g6 g4g5 f6d7 f3f4 f7f6 f4e5 d7e5 d1d5 g6f7 d5b7 a8b8 b7a7 b8a8 a7b7 a8b8 b7a6 f6g5 c3d5 f7g6 f1f8 g8f8 d5c3 f8g8 h2h3 h7h6 a1b1 b8a8 a6b7 a8b8 b7d5 g6f7 d5d1 d8d7 c3d5 d7h3 
DEBUG:root:>>> go depth 6 
DEBUG:root:>>> position startpos moves c2c4 e7e5 e2e4 b8c6 g1f3 g8f6 b1c3 f8c5 f3e5 c6e5 d2d4 c5d4 d1d4 d7d6 f1e2 e8g8 e1g1 c8g4 f2f3 c7c5 d4d1 g4h5 g2g4 h5g6 g4g5 f6d7 f3f4 f7f6 f4e5 d7e5 d1d5 g6f7 d5b7 a8b8 b7a7 b8a8 a7b7 a8b8 b7a6 f6g5 c3d5 f7g6 f1f8 g8f8 d5c3 f8g8 h2h3 h7h6 a1b1 b8a8 a6b7 a8b8 b7d5 g6f7 d5d1 d8d7 c3d5 d7h3 d5e7 g8h7 
DEBUG:root:>>> go depth 6 
DEBUG:root:>>> position startpos moves c2c4 e7e5 e2e4 b8c6 g1f3 g8f6 b1c3 f8c5 f3e5 c6e5 d2d4 c5d4 d1d4 d7d6 f1e2 e8g8 e1g1 c8g4 f2f3 c7c5 d4d1 g4h5 g2g4 h5g6 g4g5 f6d7 f3f4 f7f6 f4e5 d7e5 d1d5 g6f7 d5b7 a8b8 b7a7 b8a8 a7b7 a8b8 b7a6 f6g5 c3d5 f7g6 f1f8 g8f8 d5c3 f8g8 h2h3 h7h6 a1b1 b8a8 a6b7 a8b8 b7d5 g6f7 d5d1 d8d7 c3d5 d7h3 d5e7 g8h7 d1d6 h3g3 
DEBUG:root:>>> go depth 6 
DEBUG:root:>>> position startpos moves c2c4 e7e5 e2e4 b8c6 g1f3 g8f6 b1c3 f8c5 f3e5 c6e5 d2d4 c5d4 d1d4 d7d6 f1e2 e8g8 e1g1 c8g4 f2f3 c7c5 d4d1 g4h5 g2g4 h5g6 g4g5 f6d7 f3f4 f7f6 f4e5 d7e5 d1d5 g6f7 d5b7 a8b8 b7a7 b8a8 a7b7 a8b8 b7a6 f6g5 c3d5 f7g6 f1f8 g8f8 d5c3 f8g8 h2h3 h7h6 a1b1 b8a8 a6b7 a8b8 b7d5 g6f7 d5d1 d8d7 c3d5 d7h3 d5e7 g8h7 d1d6 h3g3 g1f1 g3h3 
DEBUG:root:>>> go depth 6 
DEBUG:root:>>> position startpos moves c2c4 e7e5 e2e4 b8c6 g1f3 g8f6 b1c3 f8c5 f3e5 c6e5 d2d4 c5d4 d1d4 d7d6 f1e2 e8g8 e1g1 c8g4 f2f3 c7c5 d4d1 g4h5 g2g4 h5g6 g4g5 f6d7 f3f4 f7f6 f4e5 d7e5 d1d5 g6f7 d5b7 a8b8 b7a7 b8a8 a7b7 a8b8 b7a6 f6g5 c3d5 f7g6 f1f8 g8f8 d5c3 f8g8 h2h3 h7h6 a1b1 b8a8 a6b7 a8b8 b7d5 g6f7 d5d1 d8d7 c3d5 d7h3 d5e7 g8h7 d1d6 h3g3 g1f1 g3h3 f1e1 h3h1 
DEBUG:root:>>> go depth 6 
DEBUG:root:>>> position startpos moves c2c4 e7e5 e2e4 b8c6 g1f3 g8f6 b1c3 f8c5 f3e5 c6e5 d2d4 c5d4 d1d4 d7d6 f1e2 e8g8 e1g1 c8g4 f2f3 c7c5 d4d1 g4h5 g2g4 h5g6 g4g5 f6d7 f3f4 f7f6 f4e5 d7e5 d1d5 g6f7 d5b7 a8b8 b7a7 b8a8 a7b7 a8b8 b7a6 f6g5 c3d5 f7g6 f1f8 g8f8 d5c3 f8g8 h2h3 h7h6 a1b1 b8a8 a6b7 a8b8 b7d5 g6f7 d5d1 d8d7 c3d5 d7h3 d5e7 g8h7 d1d6 h3g3 g1f1 g3h3 f1e1 h3h1 e1d2 h1e4 
DEBUG:root:>>> go depth 6 
DEBUG:root:>>> position startpos moves c2c4 e7e5 e2e4 b8c6 g1f3 g8f6 b1c3 f8c5 f3e5 c6e5 d2d4 c5d4 d1d4 d7d6 f1e2 e8g8 e1g1 c8g4 f2f3 c7c5 d4d1 g4h5 g2g4 h5g6 g4g5 f6d7 f3f4 f7f6 f4e5 d7e5 d1d5 g6f7 d5b7 a8b8 b7a7 b8a8 a7b7 a8b8 b7a6 f6g5 c3d5 f7g6 f1f8 g8f8 d5c3 f8g8 h2h3 h7h6 a1b1 b8a8 a6b7 a8b8 b7d5 g6f7 d5d1 d8d7 c3d5 d7h3 d5e7 g8h7 d1d6 h3g3 g1f1 g3h3 f1e1 h3h1 e1d2 h1e4 d6b8 f7c4 
DEBUG:root:>>> go depth 6 
DEBUG:root:>>> position startpos moves c2c4 e7e5 e2e4 b8c6 g1f3 g8f6 b1c3 f8c5 f3e5 c6e5 d2d4 c5d4 d1d4 d7d6 f1e2 e8g8 e1g1 c8g4 f2f3 c7c5 d4d1 g4h5 g2g4 h5g6 g4g5 f6d7 f3f4 f7f6 f4e5 d7e5 d1d5 g6f7 d5b7 a8b8 b7a7 b8a8 a7b7 a8b8 b7a6 f6g5 c3d5 f7g6 f1f8 g8f8 d5c3 f8g8 h2h3 h7h6 a1b1 b8a8 a6b7 a8b8 b7d5 g6f7 d5d1 d8d7 c3d5 d7h3 d5e7 g8h7 d1d6 h3g3 g1f1 g3h3 f1e1 h3h1 e1d2 h1e4 d6b8 f7c4 e2c4 e5c4 
DEBUG:root:>>> go depth 6 
DEBUG:root:>>> position startpos moves c2c4 e7e5 e2e4 b8c6 g1f3 g8f6 b1c3 f8c5 f3e5 c6e5 d2d4 c5d4 d1d4 d7d6 f1e2 e8g8 e1g1 c8g4 f2f3 c7c5 d4d1 g4h5 g2g4 h5g6 g4g5 f6d7 f3f4 f7f6 f4e5 d7e5 d1d5 g6f7 d5b7 a8b8 b7a7 b8a8 a7b7 a8b8 b7a6 f6g5 c3d5 f7g6 f1f8 g8f8 d5c3 f8g8 h2h3 h7h6 a1b1 b8a8 a6b7 a8b8 b7d5 g6f7 d5d1 d8d7 c3d5 d7h3 d5e7 g8h7 d1d6 h3g3 g1f1 g3h3 f1e1 h3h1 e1d2 h1e4 d6b8 f7c4 e2c4 e5c4 d2c3 e4d4 
DEBUG:root:>>> go depth 6 
DEBUG:root:>>> position startpos moves c2c4 e7e5 e2e4 b8c6 g1f3 g8f6 b1c3 f8c5 f3e5 c6e5 d2d4 c5d4 d1d4 d7d6 f1e2 e8g8 e1g1 c8g4 f2f3 c7c5 d4d1 g4h5 g2g4 h5g6 g4g5 f6d7 f3f4 f7f6 f4e5 d7e5 d1d5 g6f7 d5b7 a8b8 b7a7 b8a8 a7b7 a8b8 b7a6 f6g5 c3d5 f7g6 f1f8 g8f8 d5c3 f8g8 h2h3 h7h6 a1b1 b8a8 a6b7 a8b8 b7d5 g6f7 d5d1 d8d7 c3d5 d7h3 d5e7 g8h7 d1d6 h3g3 g1f1 g3h3 f1e1 h3h1 e1d2 h1e4 d6b8 f7c4 e2c4 e5c4 d2c3 e4d4 c3c2 d4e4 
DEBUG:root:>>> go depth 6 
DEBUG:root:>>> position startpos moves c2c4 e7e5 e2e4 b8c6 g1f3 g8f6 b1c3 f8c5 f3e5 c6e5 d2d4 c5d4 d1d4 d7d6 f1e2 e8g8 e1g1 c8g4 f2f3 c7c5 d4d1 g4h5 g2g4 h5g6 g4g5 f6d7 f3f4 f7f6 f4e5 d7e5 d1d5 g6f7 d5b7 a8b8 b7a7 b8a8 a7b7 a8b8 b7a6 f6g5 c3d5 f7g6 f1f8 g8f8 d5c3 f8g8 h2h3 h7h6 a1b1 b8a8 a6b7 a8b8 b7d5 g6f7 d5d1 d8d7 c3d5 d7h3 d5e7 g8h7 d1d6 h3g3 g1f1 g3h3 f1e1 h3h1 e1d2 h1e4 d6b8 f7c4 e2c4 e5c4 d2c3 e4d4 c3c2 d4e4 c2b3 c4a5 
DEBUG:root:>>> go depth 6 
DEBUG:root:>>> position startpos moves c2c4 e7e5 e2e4 b8c6 g1f3 g8f6 b1c3 f8c5 f3e5 c6e5 d2d4 c5d4 d1d4 d7d6 f1e2 e8g8 e1g1 c8g4 f2f3 c7c5 d4d1 g4h5 g2g4 h5g6 g4g5 f6d7 f3f4 f7f6 f4e5 d7e5 d1d5 g6f7 d5b7 a8b8 b7a7 b8a8 a7b7 a8b8 b7a6 f6g5 c3d5 f7g6 f1f8 g8f8 d5c3 f8g8 h2h3 h7h6 a1b1 b8a8 a6b7 a8b8 b7d5 g6f7 d5d1 d8d7 c3d5 d7h3 d5e7 g8h7 d1d6 h3g3 g1f1 g3h3 f1e1 h3h1 e1d2 h1e4 d6b8 f7c4 e2c4 e5c4 d2c3 e4d4 c3c2 d4e4 c2b3 c4a5 b3a3 a5c4 
DEBUG:root:>>> go depth 6 
DEBUG:root:>>> position startpos moves c2c4 e7e5 e2e4 b8c6 g1f3 g8f6 b1c3 f8c5 f3e5 c6e5 d2d4 c5d4 d1d4 d7d6 f1e2 e8g8 e1g1 c8g4 f2f3 c7c5 d4d1 g4h5 g2g4 h5g6 g4g5 f6d7 f3f4 f7f6 f4e5 d7e5 d1d5 g6f7 d5b7 a8b8 b7a7 b8a8 a7b7 a8b8 b7a6 f6g5 c3d5 f7g6 f1f8 g8f8 d5c3 f8g8 h2h3 h7h6 a1b1 b8a8 a6b7 a8b8 b7d5 g6f7 d5d1 d8d7 c3d5 d7h3 d5e7 g8h7 d1d6 h3g3 g1f1 g3h3 f1e1 h3h1 e1d2 h1e4 d6b8 f7c4 e2c4 e5c4 d2c3 e4d4 c3c2 d4e4 c2b3 c4a5 b3a3 a5c4 a3a4 e4e7 
DEBUG:root:>>> go depth 6 
DEBUG:root:>>> position startpos moves c2c4 e7e5 e2e4 b8c6 g1f3 g8f6 b1c3 f8c5 f3e5 c6e5 d2d4 c5d4 d1d4 d7d6 f1e2 e8g8 e1g1 c8g4 f2f3 c7c5 d4d1 g4h5 g2g4 h5g6 g4g5 f6d7 f3f4 f7f6 f4e5 d7e5 d1d5 g6f7 d5b7 a8b8 b7a7 b8a8 a7b7 a8b8 b7a6 f6g5 c3d5 f7g6 f1f8 g8f8 d5c3 f8g8 h2h3 h7h6 a1b1 b8a8 a6b7 a8b8 b7d5 g6f7 d5d1 d8d7 c3d5 d7h3 d5e7 g8h7 d1d6 h3g3 g1f1 g3h3 f1e1 h3h1 e1d2 h1e4 d6b8 f7c4 e2c4 e5c4 d2c3 e4d4 c3c2 d4e4 c2b3 c4a5 b3a3 a5c4 a3a4 e4e7 a4b5 e7d7 
DEBUG:root:>>> go depth 6 
DEBUG:root:>>> position startpos moves c2c4 e7e5 e2e4 b8c6 g1f3 g8f6 b1c3 f8c5 f3e5 c6e5 d2d4 c5d4 d1d4 d7d6 f1e2 e8g8 e1g1 c8g4 f2f3 c7c5 d4d1 g4h5 g2g4 h5g6 g4g5 f6d7 f3f4 f7f6 f4e5 d7e5 d1d5 g6f7 d5b7 a8b8 b7a7 b8a8 a7b7 a8b8 b7a6 f6g5 c3d5 f7g6 f1f8 g8f8 d5c3 f8g8 h2h3 h7h6 a1b1 b8a8 a6b7 a8b8 b7d5 g6f7 d5d1 d8d7 c3d5 d7h3 d5e7 g8h7 d1d6 h3g3 g1f1 g3h3 f1e1 h3h1 e1d2 h1e4 d6b8 f7c4 e2c4 e5c4 d2c3 e4d4 c3c2 d4e4 c2b3 c4a5 b3a3 a5c4 a3a4 e4e7 a4b5 e7d7 b5c5 d7f5 
DEBUG:root:>>> go depth 6 
DEBUG:root:>>> position startpos moves c2c4 e7e5 e2e4 b8c6 g1f3 g8f6 b1c3 f8c5 f3e5 c6e5 d2d4 c5d4 d1d4 d7d6 f1e2 e8g8 e1g1 c8g4 f2f3 c7c5 d4d1 g4h5 g2g4 h5g6 g4g5 f6d7 f3f4 f7f6 f4e5 d7e5 d1d5 g6f7 d5b7 a8b8 b7a7 b8a8 a7b7 a8b8 b7a6 f6g5 c3d5 f7g6 f1f8 g8f8 d5c3 f8g8 h2h3 h7h6 a1b1 b8a8 a6b7 a8b8 b7d5 g6f7 d5d1 d8d7 c3d5 d7h3 d5e7 g8h7 d1d6 h3g3 g1f1 g3h3 f1e1 h3h1 e1d2 h1e4 d6b8 f7c4 e2c4 e5c4 d2c3 e4d4 c3c2 d4e4 c2b3 c4a5 b3a3 a5c4 a3a4 e4e7 a4b5 e7d7 b5c5 d7f5 c5c4 f5b1 
DEBUG:root:>>> go depth 6 
DEBUG:root:>>> position startpos moves c2c4 e7e5 e2e4 b8c6 g1f3 g8f6 b1c3 f8c5 f3e5 c6e5 d2d4 c5d4 d1d4 d7d6 f1e2 e8g8 e1g1 c8g4 f2f3 c7c5 d4d1 g4h5 g2g4 h5g6 g4g5 f6d7 f3f4 f7f6 f4e5 d7e5 d1d5 g6f7 d5b7 a8b8 b7a7 b8a8 a7b7 a8b8 b7a6 f6g5 c3d5 f7g6 f1f8 g8f8 d5c3 f8g8 h2h3 h7h6 a1b1 b8a8 a6b7 a8b8 b7d5 g6f7 d5d1 d8d7 c3d5 d7h3 d5e7 g8h7 d1d6 h3g3 g1f1 g3h3 f1e1 h3h1 e1d2 h1e4 d6b8 f7c4 e2c4 e5c4 d2c3 e4d4 c3c2 d4e4 c2b3 c4a5 b3a3 a5c4 a3a4 e4e7 a4b5 e7d7 b5c5 d7f5 c5c4 f5b1 c1e3 b1a2 
DEBUG:root:>>> go depth 6 
DEBUG:root:>>> position startpos moves c2c4 e7e5 e2e4 b8c6 g1f3 g8f6 b1c3 f8c5 f3e5 c6e5 d2d4 c5d4 d1d4 d7d6 f1e2 e8g8 e1g1 c8g4 f2f3 c7c5 d4d1 g4h5 g2g4 h5g6 g4g5 f6d7 f3f4 f7f6 f4e5 d7e5 d1d5 g6f7 d5b7 a8b8 b7a7 b8a8 a7b7 a8b8 b7a6 f6g5 c3d5 f7g6 f1f8 g8f8 d5c3 f8g8 h2h3 h7h6 a1b1 b8a8 a6b7 a8b8 b7d5 g6f7 d5d1 d8d7 c3d5 d7h3 d5e7 g8h7 d1d6 h3g3 g1f1 g3h3 f1e1 h3h1 e1d2 h1e4 d6b8 f7c4 e2c4 e5c4 d2c3 e4d4 c3c2 d4e4 c2b3 c4a5 b3a3 a5c4 a3a4 e4e7 a4b5 e7d7 b5c5 d7f5 c5c4 f5b1 c1e3 b1a2 c4c5 g5g4 
DEBUG:root:>>> go depth 6 
DEBUG:root:>>> position startpos moves c2c4 e7e5 e2e4 b8c6 g1f3 g8f6 b1c3 f8c5 f3e5 c6e5 d2d4 c5d4 d1d4 d7d6 f1e2 e8g8 e1g1 c8g4 f2f3 c7c5 d4d1 g4h5 g2g4 h5g6 g4g5 f6d7 f3f4 f7f6 f4e5 d7e5 d1d5 g6f7 d5b7 a8b8 b7a7 b8a8 a7b7 a8b8 b7a6 f6g5 c3d5 f7g6 f1f8 g8f8 d5c3 f8g8 h2h3 h7h6 a1b1 b8a8 a6b7 a8b8 b7d5 g6f7 d5d1 d8d7 c3d5 d7h3 d5e7 g8h7 d1d6 h3g3 g1f1 g3h3 f1e1 h3h1 e1d2 h1e4 d6b8 f7c4 e2c4 e5c4 d2c3 e4d4 c3c2 d4e4 c2b3 c4a5 b3a3 a5c4 a3a4 e4e7 a4b5 e7d7 b5c5 d7f5 c5c4 f5b1 c1e3 b1a2 c4c5 g5g4 e3d4 a2a5 
DEBUG:root:>>> go depth 6 
DEBUG:root:>>> position startpos moves c2c4 e7e5 e2e4 b8c6 g1f3 g8f6 b1c3 f8c5 f3e5 c6e5 d2d4 c5d4 d1d4 d7d6 f1e2 e8g8 e1g1 c8g4 f2f3 c7c5 d4d1 g4h5 g2g4 h5g6 g4g5 f6d7 f3f4 f7f6 f4e5 d7e5 d1d5 g6f7 d5b7 a8b8 b7a7 b8a8 a7b7 a8b8 b7a6 f6g5 c3d5 f7g6 f1f8 g8f8 d5c3 f8g8 h2h3 h7h6 a1b1 b8a8 a6b7 a8b8 b7d5 g6f7 d5d1 d8d7 c3d5 d7h3 d5e7 g8h7 d1d6 h3g3 g1f1 g3h3 f1e1 h3h1 e1d2 h1e4 d6b8 f7c4 e2c4 e5c4 d2c3 e4d4 c3c2 d4e4 c2b3 c4a5 b3a3 a5c4 a3a4 e4e7 a4b5 e7d7 b5c5 d7f5 c5c4 f5b1 c1e3 b1a2 c4c5 g5g4 e3d4 a2a5 c5d6 g4g3 
DEBUG:root:>>> go depth 6 
DEBUG:root:>>> position startpos moves c2c4 e7e5 e2e4 b8c6 g1f3 g8f6 b1c3 f8c5 f3e5 c6e5 d2d4 c5d4 d1d4 d7d6 f1e2 e8g8 e1g1 c8g4 f2f3 c7c5 d4d1 g4h5 g2g4 h5g6 g4g5 f6d7 f3f4 f7f6 f4e5 d7e5 d1d5 g6f7 d5b7 a8b8 b7a7 b8a8 a7b7 a8b8 b7a6 f6g5 c3d5 f7g6 f1f8 g8f8 d5c3 f8g8 h2h3 h7h6 a1b1 b8a8 a6b7 a8b8 b7d5 g6f7 d5d1 d8d7 c3d5 d7h3 d5e7 g8h7 d1d6 h3g3 g1f1 g3h3 f1e1 h3h1 e1d2 h1e4 d6b8 f7c4 e2c4 e5c4 d2c3 e4d4 c3c2 d4e4 c2b3 c4a5 b3a3 a5c4 a3a4 e4e7 a4b5 e7d7 b5c5 d7f5 c5c4 f5b1 c1e3 b1a2 c4c5 g5g4 e3d4 a2a5 c5d6 g4g3 b8b7 a5d8 
DEBUG:root:>>> go depth 6 
DEBUG:root:>>> position startpos moves c2c4 e7e5 e2e4 b8c6 g1f3 g8f6 b1c3 f8c5 f3e5 c6e5 d2d4 c5d4 d1d4 d7d6 f1e2 e8g8 e1g1 c8g4 f2f3 c7c5 d4d1 g4h5 g2g4 h5g6 g4g5 f6d7 f3f4 f7f6 f4e5 d7e5 d1d5 g6f7 d5b7 a8b8 b7a7 b8a8 a7b7 a8b8 b7a6 f6g5 c3d5 f7g6 f1f8 g8f8 d5c3 f8g8 h2h3 h7h6 a1b1 b8a8 a6b7 a8b8 b7d5 g6f7 d5d1 d8d7 c3d5 d7h3 d5e7 g8h7 d1d6 h3g3 g1f1 g3h3 f1e1 h3h1 e1d2 h1e4 d6b8 f7c4 e2c4 e5c4 d2c3 e4d4 c3c2 d4e4 c2b3 c4a5 b3a3 a5c4 a3a4 e4e7 a4b5 e7d7 b5c5 d7f5 c5c4 f5b1 c1e3 b1a2 c4c5 g5g4 e3d4 a2a5 c5d6 g4g3 b8b7 a5d8 b7d7 d8d7 
DEBUG:root:>>> go depth 6 
DEBUG:root:>>> position startpos moves c2c4 e7e5 e2e4 b8c6 g1f3 g8f6 b1c3 f8c5 f3e5 c6e5 d2d4 c5d4 d1d4 d7d6 f1e2 e8g8 e1g1 c8g4 f2f3 c7c5 d4d1 g4h5 g2g4 h5g6 g4g5 f6d7 f3f4 f7f6 f4e5 d7e5 d1d5 g6f7 d5b7 a8b8 b7a7 b8a8 a7b7 a8b8 b7a6 f6g5 c3d5 f7g6 f1f8 g8f8 d5c3 f8g8 h2h3 h7h6 a1b1 b8a8 a6b7 a8b8 b7d5 g6f7 d5d1 d8d7 c3d5 d7h3 d5e7 g8h7 d1d6 h3g3 g1f1 g3h3 f1e1 h3h1 e1d2 h1e4 d6b8 f7c4 e2c4 e5c4 d2c3 e4d4 c3c2 d4e4 c2b3 c4a5 b3a3 a5c4 a3a4 e4e7 a4b5 e7d7 b5c5 d7f5 c5c4 f5b1 c1e3 b1a2 c4c5 g5g4 e3d4 a2a5 c5d6 g4g3 b8b7 a5d8 b7d7 d8d7 d6d7 h6h5 
DEBUG:root:>>> go depth 6 
DEBUG:root:>>> position startpos moves c2c4 e7e5 e2e4 b8c6 g1f3 g8f6 b1c3 f8c5 f3e5 c6e5 d2d4 c5d4 d1d4 d7d6 f1e2 e8g8 e1g1 c8g4 f2f3 c7c5 d4d1 g4h5 g2g4 h5g6 g4g5 f6d7 f3f4 f7f6 f4e5 d7e5 d1d5 g6f7 d5b7 a8b8 b7a7 b8a8 a7b7 a8b8 b7a6 f6g5 c3d5 f7g6 f1f8 g8f8 d5c3 f8g8 h2h3 h7h6 a1b1 b8a8 a6b7 a8b8 b7d5 g6f7 d5d1 d8d7 c3d5 d7h3 d5e7 g8h7 d1d6 h3g3 g1f1 g3h3 f1e1 h3h1 e1d2 h1e4 d6b8 f7c4 e2c4 e5c4 d2c3 e4d4 c3c2 d4e4 c2b3 c4a5 b3a3 a5c4 a3a4 e4e7 a4b5 e7d7 b5c5 d7f5 c5c4 f5b1 c1e3 b1a2 c4c5 g5g4 e3d4 a2a5 c5d6 g4g3 b8b7 a5d8 b7d7 d8d7 d6d7 h6h5 d4b6 h5h4 
DEBUG:root:>>> go depth 6 
DEBUG:root:>>> position startpos moves c2c4 e7e5 e2e4 b8c6 g1f3 g8f6 b1c3 f8c5 f3e5 c6e5 d2d4 c5d4 d1d4 d7d6 f1e2 e8g8 e1g1 c8g4 f2f3 c7c5 d4d1 g4h5 g2g4 h5g6 g4g5 f6d7 f3f4 f7f6 f4e5 d7e5 d1d5 g6f7 d5b7 a8b8 b7a7 b8a8 a7b7 a8b8 b7a6 f6g5 c3d5 f7g6 f1f8 g8f8 d5c3 f8g8 h2h3 h7h6 a1b1 b8a8 a6b7 a8b8 b7d5 g6f7 d5d1 d8d7 c3d5 d7h3 d5e7 g8h7 d1d6 h3g3 g1f1 g3h3 f1e1 h3h1 e1d2 h1e4 d6b8 f7c4 e2c4 e5c4 d2c3 e4d4 c3c2 d4e4 c2b3 c4a5 b3a3 a5c4 a3a4 e4e7 a4b5 e7d7 b5c5 d7f5 c5c4 f5b1 c1e3 b1a2 c4c5 g5g4 e3d4 a2a5 c5d6 g4g3 b8b7 a5d8 b7d7 d8d7 d6d7 h6h5 d4b6 h5h4 b2b3 h4h3 
DEBUG:root:>>> go depth 6 
DEBUG:root:>>> position startpos moves c2c4 e7e5 e2e4 b8c6 g1f3 g8f6 b1c3 f8c5 f3e5 c6e5 d2d4 c5d4 d1d4 d7d6 f1e2 e8g8 e1g1 c8g4 f2f3 c7c5 d4d1 g4h5 g2g4 h5g6 g4g5 f6d7 f3f4 f7f6 f4e5 d7e5 d1d5 g6f7 d5b7 a8b8 b7a7 b8a8 a7b7 a8b8 b7a6 f6g5 c3d5 f7g6 f1f8 g8f8 d5c3 f8g8 h2h3 h7h6 a1b1 b8a8 a6b7 a8b8 b7d5 g6f7 d5d1 d8d7 c3d5 d7h3 d5e7 g8h7 d1d6 h3g3 g1f1 g3h3 f1e1 h3h1 e1d2 h1e4 d6b8 f7c4 e2c4 e5c4 d2c3 e4d4 c3c2 d4e4 c2b3 c4a5 b3a3 a5c4 a3a4 e4e7 a4b5 e7d7 b5c5 d7f5 c5c4 f5b1 c1e3 b1a2 c4c5 g5g4 e3d4 a2a5 c5d6 g4g3 b8b7 a5d8 b7d7 d8d7 d6d7 h6h5 d4b6 h5h4 b2b3 h4h3 b6c7 h3h2 
DEBUG:root:>>> go depth 6 
DEBUG:root:>>> position startpos moves c2c4 e7e5 e2e4 b8c6 g1f3 g8f6 b1c3 f8c5 f3e5 c6e5 d2d4 c5d4 d1d4 d7d6 f1e2 e8g8 e1g1 c8g4 f2f3 c7c5 d4d1 g4h5 g2g4 h5g6 g4g5 f6d7 f3f4 f7f6 f4e5 d7e5 d1d5 g6f7 d5b7 a8b8 b7a7 b8a8 a7b7 a8b8 b7a6 f6g5 c3d5 f7g6 f1f8 g8f8 d5c3 f8g8 h2h3 h7h6 a1b1 b8a8 a6b7 a8b8 b7d5 g6f7 d5d1 d8d7 c3d5 d7h3 d5e7 g8h7 d1d6 h3g3 g1f1 g3h3 f1e1 h3h1 e1d2 h1e4 d6b8 f7c4 e2c4 e5c4 d2c3 e4d4 c3c2 d4e4 c2b3 c4a5 b3a3 a5c4 a3a4 e4e7 a4b5 e7d7 b5c5 d7f5 c5c4 f5b1 c1e3 b1a2 c4c5 g5g4 e3d4 a2a5 c5d6 g4g3 b8b7 a5d8 b7d7 d8d7 d6d7 h6h5 d4b6 h5h4 b2b3 h4h3 b6c7 h3h2 c7g3 h2h1q 
DEBUG:root:>>> go depth 6 
DEBUG:root:>>> position startpos moves c2c4 e7e5 e2e4 b8c6 g1f3 g8f6 b1c3 f8c5 f3e5 c6e5 d2d4 c5d4 d1d4 d7d6 f1e2 e8g8 e1g1 c8g4 f2f3 c7c5 d4d1 g4h5 g2g4 h5g6 g4g5 f6d7 f3f4 f7f6 f4e5 d7e5 d1d5 g6f7 d5b7 a8b8 b7a7 b8a8 a7b7 a8b8 b7a6 f6g5 c3d5 f7g6 f1f8 g8f8 d5c3 f8g8 h2h3 h7h6 a1b1 b8a8 a6b7 a8b8 b7d5 g6f7 d5d1 d8d7 c3d5 d7h3 d5e7 g8h7 d1d6 h3g3 g1f1 g3h3 f1e1 h3h1 e1d2 h1e4 d6b8 f7c4 e2c4 e5c4 d2c3 e4d4 c3c2 d4e4 c2b3 c4a5 b3a3 a5c4 a3a4 e4e7 a4b5 e7d7 b5c5 d7f5 c5c4 f5b1 c1e3 b1a2 c4c5 g5g4 e3d4 a2a5 c5d6 g4g3 b8b7 a5d8 b7d7 d8d7 d6d7 h6h5 d4b6 h5h4 b2b3 h4h3 b6c7 h3h2 c7g3 h2h1q g3d6 h1b7 
DEBUG:root:>>> go depth 6 
DEBUG:root:>>> position startpos moves c2c4 e7e5 e2e4 b8c6 g1f3 g8f6 b1c3 f8c5 f3e5 c6e5 d2d4 c5d4 d1d4 d7d6 f1e2 e8g8 e1g1 c8g4 f2f3 c7c5 d4d1 g4h5 g2g4 h5g6 g4g5 f6d7 f3f4 f7f6 f4e5 d7e5 d1d5 g6f7 d5b7 a8b8 b7a7 b8a8 a7b7 a8b8 b7a6 f6g5 c3d5 f7g6 f1f8 g8f8 d5c3 f8g8 h2h3 h7h6 a1b1 b8a8 a6b7 a8b8 b7d5 g6f7 d5d1 d8d7 c3d5 d7h3 d5e7 g8h7 d1d6 h3g3 g1f1 g3h3 f1e1 h3h1 e1d2 h1e4 d6b8 f7c4 e2c4 e5c4 d2c3 e4d4 c3c2 d4e4 c2b3 c4a5 b3a3 a5c4 a3a4 e4e7 a4b5 e7d7 b5c5 d7f5 c5c4 f5b1 c1e3 b1a2 c4c5 g5g4 e3d4 a2a5 c5d6 g4g3 b8b7 a5d8 b7d7 d8d7 d6d7 h6h5 d4b6 h5h4 b2b3 h4h3 b6c7 h3h2 c7g3 h2h1q g3d6 h1b7 d6c7 b7b3 
DEBUG:root:>>> go depth 6 
DEBUG:root:>>> position startpos moves c2c4 e7e5 e2e4 b8c6 g1f3 g8f6 b1c3 f8c5 f3e5 c6e5 d2d4 c5d4 d1d4 d7d6 f1e2 e8g8 e1g1 c8g4 f2f3 c7c5 d4d1 g4h5 g2g4 h5g6 g4g5 f6d7 f3f4 f7f6 f4e5 d7e5 d1d5 g6f7 d5b7 a8b8 b7a7 b8a8 a7b7 a8b8 b7a6 f6g5 c3d5 f7g6 f1f8 g8f8 d5c3 f8g8 h2h3 h7h6 a1b1 b8a8 a6b7 a8b8 b7d5 g6f7 d5d1 d8d7 c3d5 d7h3 d5e7 g8h7 d1d6 h3g3 g1f1 g3h3 f1e1 h3h1 e1d2 h1e4 d6b8 f7c4 e2c4 e5c4 d2c3 e4d4 c3c2 d4e4 c2b3 c4a5 b3a3 a5c4 a3a4 e4e7 a4b5 e7d7 b5c5 d7f5 c5c4 f5b1 c1e3 b1a2 c4c5 g5g4 e3d4 a2a5 c5d6 g4g3 b8b7 a5d8 b7d7 d8d7 d6d7 h6h5 d4b6 h5h4 b2b3 h4h3 b6c7 h3h2 c7g3 h2h1q g3d6 h1b7 d6c7 b7b3 c7d6 g7g5 
DEBUG:root:>>> go depth 6 
DEBUG:root:>>> position startpos moves c2c4 e7e5 e2e4 b8c6 g1f3 g8f6 b1c3 f8c5 f3e5 c6e5 d2d4 c5d4 d1d4 d7d6 f1e2 e8g8 e1g1 c8g4 f2f3 c7c5 d4d1 g4h5 g2g4 h5g6 g4g5 f6d7 f3f4 f7f6 f4e5 d7e5 d1d5 g6f7 d5b7 a8b8 b7a7 b8a8 a7b7 a8b8 b7a6 f6g5 c3d5 f7g6 f1f8 g8f8 d5c3 f8g8 h2h3 h7h6 a1b1 b8a8 a6b7 a8b8 b7d5 g6f7 d5d1 d8d7 c3d5 d7h3 d5e7 g8h7 d1d6 h3g3 g1f1 g3h3 f1e1 h3h1 e1d2 h1e4 d6b8 f7c4 e2c4 e5c4 d2c3 e4d4 c3c2 d4e4 c2b3 c4a5 b3a3 a5c4 a3a4 e4e7 a4b5 e7d7 b5c5 d7f5 c5c4 f5b1 c1e3 b1a2 c4c5 g5g4 e3d4 a2a5 c5d6 g4g3 b8b7 a5d8 b7d7 d8d7 d6d7 h6h5 d4b6 h5h4 b2b3 h4h3 b6c7 h3h2 c7g3 h2h1q g3d6 h1b7 d6c7 b7b3 c7d6 g7g5 d7e7 b3e3 
DEBUG:root:>>> go depth 6 
DEBUG:root:>>> position startpos moves c2c4 e7e5 e2e4 b8c6 g1f3 g8f6 b1c3 f8c5 f3e5 c6e5 d2d4 c5d4 d1d4 d7d6 f1e2 e8g8 e1g1 c8g4 f2f3 c7c5 d4d1 g4h5 g2g4 h5g6 g4g5 f6d7 f3f4 f7f6 f4e5 d7e5 d1d5 g6f7 d5b7 a8b8 b7a7 b8a8 a7b7 a8b8 b7a6 f6g5 c3d5 f7g6 f1f8 g8f8 d5c3 f8g8 h2h3 h7h6 a1b1 b8a8 a6b7 a8b8 b7d5 g6f7 d5d1 d8d7 c3d5 d7h3 d5e7 g8h7 d1d6 h3g3 g1f1 g3h3 f1e1 h3h1 e1d2 h1e4 d6b8 f7c4 e2c4 e5c4 d2c3 e4d4 c3c2 d4e4 c2b3 c4a5 b3a3 a5c4 a3a4 e4e7 a4b5 e7d7 b5c5 d7f5 c5c4 f5b1 c1e3 b1a2 c4c5 g5g4 e3d4 a2a5 c5d6 g4g3 b8b7 a5d8 b7d7 d8d7 d6d7 h6h5 d4b6 h5h4 b2b3 h4h3 b6c7 h3h2 c7g3 h2h1q g3d6 h1b7 d6c7 b7b3 c7d6 g7g5 d7e7 b3e3 e7d7 g5g4 
DEBUG:root:>>> go depth 6 
DEBUG:root:>>> position startpos moves c2c4 e7e5 e2e4 b8c6 g1f3 g8f6 b1c3 f8c5 f3e5 c6e5 d2d4 c5d4 d1d4 d7d6 f1e2 e8g8 e1g1 c8g4 f2f3 c7c5 d4d1 g4h5 g2g4 h5g6 g4g5 f6d7 f3f4 f7f6 f4e5 d7e5 d1d5 g6f7 d5b7 a8b8 b7a7 b8a8 a7b7 a8b8 b7a6 f6g5 c3d5 f7g6 f1f8 g8f8 d5c3 f8g8 h2h3 h7h6 a1b1 b8a8 a6b7 a8b8 b7d5 g6f7 d5d1 d8d7 c3d5 d7h3 d5e7 g8h7 d1d6 h3g3 g1f1 g3h3 f1e1 h3h1 e1d2 h1e4 d6b8 f7c4 e2c4 e5c4 d2c3 e4d4 c3c2 d4e4 c2b3 c4a5 b3a3 a5c4 a3a4 e4e7 a4b5 e7d7 b5c5 d7f5 c5c4 f5b1 c1e3 b1a2 c4c5 g5g4 e3d4 a2a5 c5d6 g4g3 b8b7 a5d8 b7d7 d8d7 d6d7 h6h5 d4b6 h5h4 b2b3 h4h3 b6c7 h3h2 c7g3 h2h1q g3d6 h1b7 d6c7 b7b3 c7d6 g7g5 d7e7 b3e3 e7d7 g5g4 d7c7 g4g3 
DEBUG:root:>>> go depth 6 
DEBUG:root:>>> position startpos moves c2c4 e7e5 e2e4 b8c6 g1f3 g8f6 b1c3 f8c5 f3e5 c6e5 d2d4 c5d4 d1d4 d7d6 f1e2 e8g8 e1g1 c8g4 f2f3 c7c5 d4d1 g4h5 g2g4 h5g6 g4g5 f6d7 f3f4 f7f6 f4e5 d7e5 d1d5 g6f7 d5b7 a8b8 b7a7 b8a8 a7b7 a8b8 b7a6 f6g5 c3d5 f7g6 f1f8 g8f8 d5c3 f8g8 h2h3 h7h6 a1b1 b8a8 a6b7 a8b8 b7d5 g6f7 d5d1 d8d7 c3d5 d7h3 d5e7 g8h7 d1d6 h3g3 g1f1 g3h3 f1e1 h3h1 e1d2 h1e4 d6b8 f7c4 e2c4 e5c4 d2c3 e4d4 c3c2 d4e4 c2b3 c4a5 b3a3 a5c4 a3a4 e4e7 a4b5 e7d7 b5c5 d7f5 c5c4 f5b1 c1e3 b1a2 c4c5 g5g4 e3d4 a2a5 c5d6 g4g3 b8b7 a5d8 b7d7 d8d7 d6d7 h6h5 d4b6 h5h4 b2b3 h4h3 b6c7 h3h2 c7g3 h2h1q g3d6 h1b7 d6c7 b7b3 c7d6 g7g5 d7e7 b3e3 e7d7 g5g4 d7c7 g4g3 c7b7 g3g2 
DEBUG:root:>>> go depth 6 
DEBUG:root:>>> position startpos moves c2c4 e7e5 e2e4 b8c6 g1f3 g8f6 b1c3 f8c5 f3e5 c6e5 d2d4 c5d4 d1d4 d7d6 f1e2 e8g8 e1g1 c8g4 f2f3 c7c5 d4d1 g4h5 g2g4 h5g6 g4g5 f6d7 f3f4 f7f6 f4e5 d7e5 d1d5 g6f7 d5b7 a8b8 b7a7 b8a8 a7b7 a8b8 b7a6 f6g5 c3d5 f7g6 f1f8 g8f8 d5c3 f8g8 h2h3 h7h6 a1b1 b8a8 a6b7 a8b8 b7d5 g6f7 d5d1 d8d7 c3d5 d7h3 d5e7 g8h7 d1d6 h3g3 g1f1 g3h3 f1e1 h3h1 e1d2 h1e4 d6b8 f7c4 e2c4 e5c4 d2c3 e4d4 c3c2 d4e4 c2b3 c4a5 b3a3 a5c4 a3a4 e4e7 a4b5 e7d7 b5c5 d7f5 c5c4 f5b1 c1e3 b1a2 c4c5 g5g4 e3d4 a2a5 c5d6 g4g3 b8b7 a5d8 b7d7 d8d7 d6d7 h6h5 d4b6 h5h4 b2b3 h4h3 b6c7 h3h2 c7g3 h2h1q g3d6 h1b7 d6c7 b7b3 c7d6 g7g5 d7e7 b3e3 e7d7 g5g4 d7c7 g4g3 c7b7 g3g2 d6h2 e3h3 
DEBUG:root:>>> go depth 6 
DEBUG:root:>>> position startpos moves c2c4 e7e5 e2e4 b8c6 g1f3 g8f6 b1c3 f8c5 f3e5 c6e5 d2d4 c5d4 d1d4 d7d6 f1e2 e8g8 e1g1 c8g4 f2f3 c7c5 d4d1 g4h5 g2g4 h5g6 g4g5 f6d7 f3f4 f7f6 f4e5 d7e5 d1d5 g6f7 d5b7 a8b8 b7a7 b8a8 a7b7 a8b8 b7a6 f6g5 c3d5 f7g6 f1f8 g8f8 d5c3 f8g8 h2h3 h7h6 a1b1 b8a8 a6b7 a8b8 b7d5 g6f7 d5d1 d8d7 c3d5 d7h3 d5e7 g8h7 d1d6 h3g3 g1f1 g3h3 f1e1 h3h1 e1d2 h1e4 d6b8 f7c4 e2c4 e5c4 d2c3 e4d4 c3c2 d4e4 c2b3 c4a5 b3a3 a5c4 a3a4 e4e7 a4b5 e7d7 b5c5 d7f5 c5c4 f5b1 c1e3 b1a2 c4c5 g5g4 e3d4 a2a5 c5d6 g4g3 b8b7 a5d8 b7d7 d8d7 d6d7 h6h5 d4b6 h5h4 b2b3 h4h3 b6c7 h3h2 c7g3 h2h1q g3d6 h1b7 d6c7 b7b3 c7d6 g7g5 d7e7 b3e3 e7d7 g5g4 d7c7 g4g3 c7b7 g3g2 d6h2 e3h3 h2g1 h3h1 
DEBUG:root:>>> go depth 6 
DEBUG:root:>>> position startpos moves c2c4 e7e5 e2e4 b8c6 g1f3 g8f6 b1c3 f8c5 f3e5 c6e5 d2d4 c5d4 d1d4 d7d6 f1e2 e8g8 e1g1 c8g4 f2f3 c7c5 d4d1 g4h5 g2g4 h5g6 g4g5 f6d7 f3f4 f7f6 f4e5 d7e5 d1d5 g6f7 d5b7 a8b8 b7a7 b8a8 a7b7 a8b8 b7a6 f6g5 c3d5 f7g6 f1f8 g8f8 d5c3 f8g8 h2h3 h7h6 a1b1 b8a8 a6b7 a8b8 b7d5 g6f7 d5d1 d8d7 c3d5 d7h3 d5e7 g8h7 d1d6 h3g3 g1f1 g3h3 f1e1 h3h1 e1d2 h1e4 d6b8 f7c4 e2c4 e5c4 d2c3 e4d4 c3c2 d4e4 c2b3 c4a5 b3a3 a5c4 a3a4 e4e7 a4b5 e7d7 b5c5 d7f5 c5c4 f5b1 c1e3 b1a2 c4c5 g5g4 e3d4 a2a5 c5d6 g4g3 b8b7 a5d8 b7d7 d8d7 d6d7 h6h5 d4b6 h5h4 b2b3 h4h3 b6c7 h3h2 c7g3 h2h1q g3d6 h1b7 d6c7 b7b3 c7d6 g7g5 d7e7 b3e3 e7d7 g5g4 d7c7 g4g3 c7b7 g3g2 d6h2 e3h3 h2g1 h3h1 g1b6 g2g1q 
DEBUG:root:>>> go depth 6 
DEBUG:root:>>> position startpos moves c2c4 e7e5 e2e4 b8c6 g1f3 g8f6 b1c3 f8c5 f3e5 c6e5 d2d4 c5d4 d1d4 d7d6 f1e2 e8g8 e1g1 c8g4 f2f3 c7c5 d4d1 g4h5 g2g4 h5g6 g4g5 f6d7 f3f4 f7f6 f4e5 d7e5 d1d5 g6f7 d5b7 a8b8 b7a7 b8a8 a7b7 a8b8 b7a6 f6g5 c3d5 f7g6 f1f8 g8f8 d5c3 f8g8 h2h3 h7h6 a1b1 b8a8 a6b7 a8b8 b7d5 g6f7 d5d1 d8d7 c3d5 d7h3 d5e7 g8h7 d1d6 h3g3 g1f1 g3h3 f1e1 h3h1 e1d2 h1e4 d6b8 f7c4 e2c4 e5c4 d2c3 e4d4 c3c2 d4e4 c2b3 c4a5 b3a3 a5c4 a3a4 e4e7 a4b5 e7d7 b5c5 d7f5 c5c4 f5b1 c1e3 b1a2 c4c5 g5g4 e3d4 a2a5 c5d6 g4g3 b8b7 a5d8 b7d7 d8d7 d6d7 h6h5 d4b6 h5h4 b2b3 h4h3 b6c7 h3h2 c7g3 h2h1q g3d6 h1b7 d6c7 b7b3 c7d6 g7g5 d7e7 b3e3 e7d7 g5g4 d7c7 g4g3 c7b7 g3g2 d6h2 e3h3 h2g1 h3h1 g1b6 g2g1q b7a7 g1a1 
DEBUG:root:>>> go depth 6 
DEBUG:root:>>> position startpos moves c2c4 e7e5 e2e4 b8c6 g1f3 g8f6 b1c3 f8c5 f3e5 c6e5 d2d4 c5d4 d1d4 d7d6 f1e2 e8g8 e1g1 c8g4 f2f3 c7c5 d4d1 g4h5 g2g4 h5g6 g4g5 f6d7 f3f4 f7f6 f4e5 d7e5 d1d5 g6f7 d5b7 a8b8 b7a7 b8a8 a7b7 a8b8 b7a6 f6g5 c3d5 f7g6 f1f8 g8f8 d5c3 f8g8 h2h3 h7h6 a1b1 b8a8 a6b7 a8b8 b7d5 g6f7 d5d1 d8d7 c3d5 d7h3 d5e7 g8h7 d1d6 h3g3 g1f1 g3h3 f1e1 h3h1 e1d2 h1e4 d6b8 f7c4 e2c4 e5c4 d2c3 e4d4 c3c2 d4e4 c2b3 c4a5 b3a3 a5c4 a3a4 e4e7 a4b5 e7d7 b5c5 d7f5 c5c4 f5b1 c1e3 b1a2 c4c5 g5g4 e3d4 a2a5 c5d6 g4g3 b8b7 a5d8 b7d7 d8d7 d6d7 h6h5 d4b6 h5h4 b2b3 h4h3 b6c7 h3h2 c7g3 h2h1q g3d6 h1b7 d6c7 b7b3 c7d6 g7g5 d7e7 b3e3 e7d7 g5g4 d7c7 g4g3 c7b7 g3g2 d6h2 e3h3 h2g1 h3h1 g1b6 g2g1q b7a7 g1a1 a7b8 a1d1 
DEBUG:root:>>> go depth 6 
DEBUG:root:>>> position startpos moves c2c4 e7e5 e2e4 b8c6 g1f3 g8f6 b1c3 f8c5 f3e5 c6e5 d2d4 c5d4 d1d4 d7d6 f1e2 e8g8 e1g1 c8g4 f2f3 c7c5 d4d1 g4h5 g2g4 h5g6 g4g5 f6d7 f3f4 f7f6 f4e5 d7e5 d1d5 g6f7 d5b7 a8b8 b7a7 b8a8 a7b7 a8b8 b7a6 f6g5 c3d5 f7g6 f1f8 g8f8 d5c3 f8g8 h2h3 h7h6 a1b1 b8a8 a6b7 a8b8 b7d5 g6f7 d5d1 d8d7 c3d5 d7h3 d5e7 g8h7 d1d6 h3g3 g1f1 g3h3 f1e1 h3h1 e1d2 h1e4 d6b8 f7c4 e2c4 e5c4 d2c3 e4d4 c3c2 d4e4 c2b3 c4a5 b3a3 a5c4 a3a4 e4e7 a4b5 e7d7 b5c5 d7f5 c5c4 f5b1 c1e3 b1a2 c4c5 g5g4 e3d4 a2a5 c5d6 g4g3 b8b7 a5d8 b7d7 d8d7 d6d7 h6h5 d4b6 h5h4 b2b3 h4h3 b6c7 h3h2 c7g3 h2h1q g3d6 h1b7 d6c7 b7b3 c7d6 g7g5 d7e7 b3e3 e7d7 g5g4 d7c7 g4g3 c7b7 g3g2 d6h2 e3h3 h2g1 h3h1 g1b6 g2g1q b7a7 g1a1 a7b8 a1d1 b8c7 d1c2 
DEBUG:root:>>> go depth 6 
DEBUG:root:>>> position startpos moves c2c4 e7e5 e2e4 b8c6 g1f3 g8f6 b1c3 f8c5 f3e5 c6e5 d2d4 c5d4 d1d4 d7d6 f1e2 e8g8 e1g1 c8g4 f2f3 c7c5 d4d1 g4h5 g2g4 h5g6 g4g5 f6d7 f3f4 f7f6 f4e5 d7e5 d1d5 g6f7 d5b7 a8b8 b7a7 b8a8 a7b7 a8b8 b7a6 f6g5 c3d5 f7g6 f1f8 g8f8 d5c3 f8g8 h2h3 h7h6 a1b1 b8a8 a6b7 a8b8 b7d5 g6f7 d5d1 d8d7 c3d5 d7h3 d5e7 g8h7 d1d6 h3g3 g1f1 g3h3 f1e1 h3h1 e1d2 h1e4 d6b8 f7c4 e2c4 e5c4 d2c3 e4d4 c3c2 d4e4 c2b3 c4a5 b3a3 a5c4 a3a4 e4e7 a4b5 e7d7 b5c5 d7f5 c5c4 f5b1 c1e3 b1a2 c4c5 g5g4 e3d4 a2a5 c5d6 g4g3 b8b7 a5d8 b7d7 d8d7 d6d7 h6h5 d4b6 h5h4 b2b3 h4h3 b6c7 h3h2 c7g3 h2h1q g3d6 h1b7 d6c7 b7b3 c7d6 g7g5 d7e7 b3e3 e7d7 g5g4 d7c7 g4g3 c7b7 g3g2 d6h2 e3h3 h2g1 h3h1 g1b6 g2g1q b7a7 g1a1 a7b8 a1d1 b8c7 d1c2 c7b8 h1c6 
DEBUG:root:>>> go depth 6 
DEBUG:root:>>> position startpos moves c2c4 e7e5 e2e4 b8c6 g1f3 g8f6 b1c3 f8c5 f3e5 c6e5 d2d4 c5d4 d1d4 d7d6 f1e2 e8g8 e1g1 c8g4 f2f3 c7c5 d4d1 g4h5 g2g4 h5g6 g4g5 f6d7 f3f4 f7f6 f4e5 d7e5 d1d5 g6f7 d5b7 a8b8 b7a7 b8a8 a7b7 a8b8 b7a6 f6g5 c3d5 f7g6 f1f8 g8f8 d5c3 f8g8 h2h3 h7h6 a1b1 b8a8 a6b7 a8b8 b7d5 g6f7 d5d1 d8d7 c3d5 d7h3 d5e7 g8h7 d1d6 h3g3 g1f1 g3h3 f1e1 h3h1 e1d2 h1e4 d6b8 f7c4 e2c4 e5c4 d2c3 e4d4 c3c2 d4e4 c2b3 c4a5 b3a3 a5c4 a3a4 e4e7 a4b5 e7d7 b5c5 d7f5 c5c4 f5b1 c1e3 b1a2 c4c5 g5g4 e3d4 a2a5 c5d6 g4g3 b8b7 a5d8 b7d7 d8d7 d6d7 h6h5 d4b6 h5h4 b2b3 h4h3 b6c7 h3h2 c7g3 h2h1q g3d6 h1b7 d6c7 b7b3 c7d6 g7g5 d7e7 b3e3 e7d7 g5g4 d7c7 g4g3 c7b7 g3g2 d6h2 e3h3 h2g1 h3h1 g1b6 g2g1q b7a7 g1a1 a7b8 a1d1 b8c7 d1c2 c7b8 h1c6 b6a5 c2e4 
DEBUG:root:>>> go depth 6 
DEBUG:root:>>> uci 
DEBUG:root:>>> isready 
DEBUG:root:>>> ucinewgame 
DEBUG:root:>>> position fen rnbqkbnr/pppppppp/8/8/8/8/PPPPPPPP/RNBQKBNR w KQkq - 0 1 
DEBUG:root:>>> position startpos moves d2d4 g8f6 c1f4 
DEBUG:root:>>> go depth 6 
DEBUG:root:>>> position startpos moves d2d4 g8f6 c1f4 d7d5 b1c3 
DEBUG:root:>>> go depth 6 
DEBUG:root:>>> position startpos moves d2d4 g8f6 c1f4 d7d5 b1c3 c8e6 e2e3 
DEBUG:root:>>> go depth 6 
DEBUG:root:>>> position startpos moves d2d4 g8f6 c1f4 d7d5 b1c3 c8e6 e2e3 b8c6 g1f3 
DEBUG:root:>>> go depth 6 
DEBUG:root:>>> position startpos moves d2d4 g8f6 c1f4 d7d5 b1c3 c8e6 e2e3 b8c6 g1f3 f6h5 f4e5 
DEBUG:root:>>> go depth 6 
DEBUG:root:>>> position startpos moves d2d4 g8f6 c1f4 d7d5 b1c3 c8e6 e2e3 b8c6 g1f3 f6h5 f4e5 c6e5 d4e5 
DEBUG:root:>>> go depth 6 
DEBUG:root:>>> position startpos moves d2d4 g8f6 c1f4 d7d5 b1c3 c8e6 e2e3 b8c6 g1f3 f6h5 f4e5 c6e5 d4e5 f7f6 f3d4 
DEBUG:root:>>> go depth 6 
DEBUG:root:>>> position startpos moves d2d4 g8f6 c1f4 d7d5 b1c3 c8e6 e2e3 b8c6 g1f3 f6h5 f4e5 c6e5 d4e5 f7f6 f3d4 e6f7 e5e6 
DEBUG:root:>>> go depth 6 
DEBUG:root:>>> position startpos moves d2d4 g8f6 c1f4 d7d5 b1c3 c8e6 e2e3 b8c6 g1f3 f6h5 f4e5 c6e5 d4e5 f7f6 f3d4 e6f7 e5e6 g7g6 f1b5 
DEBUG:root:>>> go depth 6 
DEBUG:root:>>> position startpos moves d2d4 g8f6 c1f4 d7d5 b1c3 c8e6 e2e3 b8c6 g1f3 f6h5 f4e5 c6e5 d4e5 f7f6 f3d4 e6f7 e5e6 g7g6 f1b5 c7c6 d4c6 
DEBUG:root:>>> go depth 6 
DEBUG:root:>>> position startpos moves d2d4 g8f6 c1f4 d7d5 b1c3 c8e6 e2e3 b8c6 g1f3 f6h5 f4e5 c6e5 d4e5 f7f6 f3d4 e6f7 e5e6 g7g6 f1b5 c7c6 d4c6 d8b6 c3d5 
DEBUG:root:>>> go depth 6 
DEBUG:root:>>> position startpos moves d2d4 g8f6 c1f4 d7d5 b1c3 c8e6 e2e3 b8c6 g1f3 f6h5 f4e5 c6e5 d4e5 f7f6 f3d4 e6f7 e5e6 g7g6 f1b5 c7c6 d4c6 d8b6 c3d5 f7e6 c6e5 
DEBUG:root:>>> go depth 6 
DEBUG:root:>>> position startpos moves d2d4 g8f6 c1f4 d7d5 b1c3 c8e6 e2e3 b8c6 g1f3 f6h5 f4e5 c6e5 d4e5 f7f6 f3d4 e6f7 e5e6 g7g6 f1b5 c7c6 d4c6 d8b6 c3d5 f7e6 c6e5 e6d7 d5c7 
DEBUG:root:>>> go depth 6 
DEBUG:root:>>> position startpos moves d2d4 g8f6 c1f4 d7d5 b1c3 c8e6 e2e3 b8c6 g1f3 f6h5 f4e5 c6e5 d4e5 f7f6 f3d4 e6f7 e5e6 g7g6 f1b5 c7c6 d4c6 d8b6 c3d5 f7e6 c6e5 e6d7 d5c7 b6c7 e5d7 
DEBUG:root:>>> go depth 6 
DEBUG:root:>>> position startpos moves d2d4 g8f6 c1f4 d7d5 b1c3 c8e6 e2e3 b8c6 g1f3 f6h5 f4e5 c6e5 d4e5 f7f6 f3d4 e6f7 e5e6 g7g6 f1b5 c7c6 d4c6 d8b6 c3d5 f7e6 c6e5 e6d7 d5c7 b6c7 e5d7 c7a5 d1d2 
DEBUG:root:>>> go depth 6 
DEBUG:root:>>> position startpos moves d2d4 g8f6 c1f4 d7d5 b1c3 c8e6 e2e3 b8c6 g1f3 f6h5 f4e5 c6e5 d4e5 f7f6 f3d4 e6f7 e5e6 g7g6 f1b5 c7c6 d4c6 d8b6 c3d5 f7e6 c6e5 e6d7 d5c7 b6c7 e5d7 c7a5 d1d2 a5b5 e1c1 
DEBUG:root:>>> go depth 6 
DEBUG:root:>>> position startpos moves d2d4 g8f6 c1f4 d7d5 b1c3 c8e6 e2e3 b8c6 g1f3 f6h5 f4e5 c6e5 d4e5 f7f6 f3d4 e6f7 e5e6 g7g6 f1b5 c7c6 d4c6 d8b6 c3d5 f7e6 c6e5 e6d7 d5c7 b6c7 e5d7 c7a5 d1d2 a5b5 e1c1 f8g7 d2d5 
DEBUG:root:>>> go depth 6 
DEBUG:root:>>> position startpos moves d2d4 g8f6 c1f4 d7d5 b1c3 c8e6 e2e3 b8c6 g1f3 f6h5 f4e5 c6e5 d4e5 f7f6 f3d4 e6f7 e5e6 g7g6 f1b5 c7c6 d4c6 d8b6 c3d5 f7e6 c6e5 e6d7 d5c7 b6c7 e5d7 c7a5 d1d2 a5b5 e1c1 f8g7 d2d5 b5d5 d1d5 
DEBUG:root:>>> go depth 6 
DEBUG:root:>>> position startpos moves d2d4 g8f6 c1f4 d7d5 b1c3 c8e6 e2e3 b8c6 g1f3 f6h5 f4e5 c6e5 d4e5 f7f6 f3d4 e6f7 e5e6 g7g6 f1b5 c7c6 d4c6 d8b6 c3d5 f7e6 c6e5 e6d7 d5c7 b6c7 e5d7 c7a5 d1d2 a5b5 e1c1 f8g7 d2d5 b5d5 d1d5 e7e6 d5d6 
DEBUG:root:>>> go depth 6 
DEBUG:root:>>> position startpos moves d2d4 g8f6 c1f4 d7d5 b1c3 c8e6 e2e3 b8c6 g1f3 f6h5 f4e5 c6e5 d4e5 f7f6 f3d4 e6f7 e5e6 g7g6 f1b5 c7c6 d4c6 d8b6 c3d5 f7e6 c6e5 e6d7 d5c7 b6c7 e5d7 c7a5 d1d2 a5b5 e1c1 f8g7 d2d5 b5d5 d1d5 e7e6 d5d6 e8c8 h1d1 
DEBUG:root:>>> go depth 6 
DEBUG:root:>>> position startpos moves d2d4 g8f6 c1f4 d7d5 b1c3 c8e6 e2e3 b8c6 g1f3 f6h5 f4e5 c6e5 d4e5 f7f6 f3d4 e6f7 e5e6 g7g6 f1b5 c7c6 d4c6 d8b6 c3d5 f7e6 c6e5 e6d7 d5c7 b6c7 e5d7 c7a5 d1d2 a5b5 e1c1 f8g7 d2d5 b5d5 d1d5 e7e6 d5d6 e8c8 h1d1 f6f5 c2c4 
DEBUG:root:>>> go depth 6 
DEBUG:root:>>> position startpos moves d2d4 g8f6 c1f4 d7d5 b1c3 c8e6 e2e3 b8c6 g1f3 f6h5 f4e5 c6e5 d4e5 f7f6 f3d4 e6f7 e5e6 g7g6 f1b5 c7c6 d4c6 d8b6 c3d5 f7e6 c6e5 e6d7 d5c7 b6c7 e5d7 c7a5 d1d2 a5b5 e1c1 f8g7 d2d5 b5d5 d1d5 e7e6 d5d6 e8c8 h1d1 f6f5 c2c4 c8c7 c4c5 
DEBUG:root:>>> go depth 6 
DEBUG:root:>>> position startpos moves d2d4 g8f6 c1f4 d7d5 b1c3 c8e6 e2e3 b8c6 g1f3 f6h5 f4e5 c6e5 d4e5 f7f6 f3d4 e6f7 e5e6 g7g6 f1b5 c7c6 d4c6 d8b6 c3d5 f7e6 c6e5 e6d7 d5c7 b6c7 e5d7 c7a5 d1d2 a5b5 e1c1 f8g7 d2d5 b5d5 d1d5 e7e6 d5d6 e8c8 h1d1 f6f5 c2c4 c8c7 c4c5 b7b6 b2b4 
DEBUG:root:>>> go depth 6 
DEBUG:root:>>> position startpos moves d2d4 g8f6 c1f4 d7d5 b1c3 c8e6 e2e3 b8c6 g1f3 f6h5 f4e5 c6e5 d4e5 f7f6 f3d4 e6f7 e5e6 g7g6 f1b5 c7c6 d4c6 d8b6 c3d5 f7e6 c6e5 e6d7 d5c7 b6c7 e5d7 c7a5 d1d2 a5b5 e1c1 f8g7 d2d5 b5d5 d1d5 e7e6 d5d6 e8c8 h1d1 f6f5 c2c4 c8c7 c4c5 b7b6 b2b4 b6c5 b4c5 
DEBUG:root:>>> go depth 6 
DEBUG:root:>>> position startpos moves d2d4 g8f6 c1f4 d7d5 b1c3 c8e6 e2e3 b8c6 g1f3 f6h5 f4e5 c6e5 d4e5 f7f6 f3d4 e6f7 e5e6 g7g6 f1b5 c7c6 d4c6 d8b6 c3d5 f7e6 c6e5 e6d7 d5c7 b6c7 e5d7 c7a5 d1d2 a5b5 e1c1 f8g7 d2d5 b5d5 d1d5 e7e6 d5d6 e8c8 h1d1 f6f5 c2c4 c8c7 c4c5 b7b6 b2b4 b6c5 b4c5 e6e5 h2h3 
DEBUG:root:>>> go depth 6 
DEBUG:root:>>> position startpos moves d2d4 g8f6 c1f4 d7d5 b1c3 c8e6 e2e3 b8c6 g1f3 f6h5 f4e5 c6e5 d4e5 f7f6 f3d4 e6f7 e5e6 g7g6 f1b5 c7c6 d4c6 d8b6 c3d5 f7e6 c6e5 e6d7 d5c7 b6c7 e5d7 c7a5 d1d2 a5b5 e1c1 f8g7 d2d5 b5d5 d1d5 e7e6 d5d6 e8c8 h1d1 f6f5 c2c4 c8c7 c4c5 b7b6 b2b4 b6c5 b4c5 e6e5 h2h3 f5f4 e3e4 
DEBUG:root:>>> go depth 6 
DEBUG:root:>>> position startpos moves d2d4 g8f6 c1f4 d7d5 b1c3 c8e6 e2e3 b8c6 g1f3 f6h5 f4e5 c6e5 d4e5 f7f6 f3d4 e6f7 e5e6 g7g6 f1b5 c7c6 d4c6 d8b6 c3d5 f7e6 c6e5 e6d7 d5c7 b6c7 e5d7 c7a5 d1d2 a5b5 e1c1 f8g7 d2d5 b5d5 d1d5 e7e6 d5d6 e8c8 h1d1 f6f5 c2c4 c8c7 c4c5 b7b6 b2b4 b6c5 b4c5 e6e5 h2h3 f5f4 e3e4 h8e8 c1c2 
DEBUG:root:>>> go depth 6 
DEBUG:root:>>> position startpos moves d2d4 g8f6 c1f4 d7d5 b1c3 c8e6 e2e3 b8c6 g1f3 f6h5 f4e5 c6e5 d4e5 f7f6 f3d4 e6f7 e5e6 g7g6 f1b5 c7c6 d4c6 d8b6 c3d5 f7e6 c6e5 e6d7 d5c7 b6c7 e5d7 c7a5 d1d2 a5b5 e1c1 f8g7 d2d5 b5d5 d1d5 e7e6 d5d6 e8c8 h1d1 f6f5 c2c4 c8c7 c4c5 b7b6 b2b4 b6c5 b4c5 e6e5 h2h3 f5f4 e3e4 h8e8 c1c2 c7c8 c5c6 
DEBUG:root:>>> go depth 6 
DEBUG:root:>>> position startpos moves d2d4 g8f6 c1f4 d7d5 b1c3 c8e6 e2e3 b8c6 g1f3 f6h5 f4e5 c6e5 d4e5 f7f6 f3d4 e6f7 e5e6 g7g6 f1b5 c7c6 d4c6 d8b6 c3d5 f7e6 c6e5 e6d7 d5c7 b6c7 e5d7 c7a5 d1d2 a5b5 e1c1 f8g7 d2d5 b5d5 d1d5 e7e6 d5d6 e8c8 h1d1 f6f5 c2c4 c8c7 c4c5 b7b6 b2b4 b6c5 b4c5 e6e5 h2h3 f5f4 e3e4 h8e8 c1c2 c7c8 c5c6 c8c7 a2a4 
DEBUG:root:>>> go depth 6 
DEBUG:root:>>> position startpos moves d2d4 g8f6 c1f4 d7d5 b1c3 c8e6 e2e3 b8c6 g1f3 f6h5 f4e5 c6e5 d4e5 f7f6 f3d4 e6f7 e5e6 g7g6 f1b5 c7c6 d4c6 d8b6 c3d5 f7e6 c6e5 e6d7 d5c7 b6c7 e5d7 c7a5 d1d2 a5b5 e1c1 f8g7 d2d5 b5d5 d1d5 e7e6 d5d6 e8c8 h1d1 f6f5 c2c4 c8c7 c4c5 b7b6 b2b4 b6c5 b4c5 e6e5 h2h3 f5f4 e3e4 h8e8 c1c2 c7c8 c5c6 c8c7 a2a4 a7a6 a4a5 
DEBUG:root:>>> go depth 6 
DEBUG:root:>>> position startpos moves d2d4 g8f6 c1f4 d7d5 b1c3 c8e6 e2e3 b8c6 g1f3 f6h5 f4e5 c6e5 d4e5 f7f6 f3d4 e6f7 e5e6 g7g6 f1b5 c7c6 d4c6 d8b6 c3d5 f7e6 c6e5 e6d7 d5c7 b6c7 e5d7 c7a5 d1d2 a5b5 e1c1 f8g7 d2d5 b5d5 d1d5 e7e6 d5d6 e8c8 h1d1 f6f5 c2c4 c8c7 c4c5 b7b6 b2b4 b6c5 b4c5 e6e5 h2h3 f5f4 e3e4 h8e8 c1c2 c7c8 c5c6 c8c7 a2a4 a7a6 a4a5 g6g5 c2b3 
DEBUG:root:>>> go depth 6 
DEBUG:root:>>> position startpos moves d2d4 g8f6 c1f4 d7d5 b1c3 c8e6 e2e3 b8c6 g1f3 f6h5 f4e5 c6e5 d4e5 f7f6 f3d4 e6f7 e5e6 g7g6 f1b5 c7c6 d4c6 d8b6 c3d5 f7e6 c6e5 e6d7 d5c7 b6c7 e5d7 c7a5 d1d2 a5b5 e1c1 f8g7 d2d5 b5d5 d1d5 e7e6 d5d6 e8c8 h1d1 f6f5 c2c4 c8c7 c4c5 b7b6 b2b4 b6c5 b4c5 e6e5 h2h3 f5f4 e3e4 h8e8 c1c2 c7c8 c5c6 c8c7 a2a4 a7a6 a4a5 g6g5 c2b3 h7h6 b3c4 
DEBUG:root:>>> go depth 6 
DEBUG:root:>>> position startpos moves d2d4 g8f6 c1f4 d7d5 b1c3 c8e6 e2e3 b8c6 g1f3 f6h5 f4e5 c6e5 d4e5 f7f6 f3d4 e6f7 e5e6 g7g6 f1b5 c7c6 d4c6 d8b6 c3d5 f7e6 c6e5 e6d7 d5c7 b6c7 e5d7 c7a5 d1d2 a5b5 e1c1 f8g7 d2d5 b5d5 d1d5 e7e6 d5d6 e8c8 h1d1 f6f5 c2c4 c8c7 c4c5 b7b6 b2b4 b6c5 b4c5 e6e5 h2h3 f5f4 e3e4 h8e8 c1c2 c7c8 c5c6 c8c7 a2a4 a7a6 a4a5 g6g5 c2b3 h7h6 b3c4 h5f6 d7f6 
DEBUG:root:>>> go depth 6 
DEBUG:root:>>> position startpos moves d2d4 g8f6 c1f4 d7d5 b1c3 c8e6 e2e3 b8c6 g1f3 f6h5 f4e5 c6e5 d4e5 f7f6 f3d4 e6f7 e5e6 g7g6 f1b5 c7c6 d4c6 d8b6 c3d5 f7e6 c6e5 e6d7 d5c7 b6c7 e5d7 c7a5 d1d2 a5b5 e1c1 f8g7 d2d5 b5d5 d1d5 e7e6 d5d6 e8c8 h1d1 f6f5 c2c4 c8c7 c4c5 b7b6 b2b4 b6c5 b4c5 e6e5 h2h3 f5f4 e3e4 h8e8 c1c2 c7c8 c5c6 c8c7 a2a4 a7a6 a4a5 g6g5 c2b3 h7h6 b3c4 h5f6 d7f6 g7f6 d6d8 
DEBUG:root:>>> go depth 6 
DEBUG:root:>>> position startpos moves d2d4 g8f6 c1f4 d7d5 b1c3 c8e6 e2e3 b8c6 g1f3 f6h5 f4e5 c6e5 d4e5 f7f6 f3d4 e6f7 e5e6 g7g6 f1b5 c7c6 d4c6 d8b6 c3d5 f7e6 c6e5 e6d7 d5c7 b6c7 e5d7 c7a5 d1d2 a5b5 e1c1 f8g7 d2d5 b5d5 d1d5 e7e6 d5d6 e8c8 h1d1 f6f5 c2c4 c8c7 c4c5 b7b6 b2b4 b6c5 b4c5 e6e5 h2h3 f5f4 e3e4 h8e8 c1c2 c7c8 c5c6 c8c7 a2a4 a7a6 a4a5 g6g5 c2b3 h7h6 b3c4 h5f6 d7f6 g7f6 d6d8 e8d8 d1d8 
DEBUG:root:>>> go depth 6 
DEBUG:root:>>> position startpos moves d2d4 g8f6 c1f4 d7d5 b1c3 c8e6 e2e3 b8c6 g1f3 f6h5 f4e5 c6e5 d4e5 f7f6 f3d4 e6f7 e5e6 g7g6 f1b5 c7c6 d4c6 d8b6 c3d5 f7e6 c6e5 e6d7 d5c7 b6c7 e5d7 c7a5 d1d2 a5b5 e1c1 f8g7 d2d5 b5d5 d1d5 e7e6 d5d6 e8c8 h1d1 f6f5 c2c4 c8c7 c4c5 b7b6 b2b4 b6c5 b4c5 e6e5 h2h3 f5f4 e3e4 h8e8 c1c2 c7c8 c5c6 c8c7 a2a4 a7a6 a4a5 g6g5 c2b3 h7h6 b3c4 h5f6 d7f6 g7f6 d6d8 e8d8 d1d8 c7d8 c4d5 
DEBUG:root:>>> go depth 6 
DEBUG:root:>>> position startpos moves d2d4 g8f6 c1f4 d7d5 b1c3 c8e6 e2e3 b8c6 g1f3 f6h5 f4e5 c6e5 d4e5 f7f6 f3d4 e6f7 e5e6 g7g6 f1b5 c7c6 d4c6 d8b6 c3d5 f7e6 c6e5 e6d7 d5c7 b6c7 e5d7 c7a5 d1d2 a5b5 e1c1 f8g7 d2d5 b5d5 d1d5 e7e6 d5d6 e8c8 h1d1 f6f5 c2c4 c8c7 c4c5 b7b6 b2b4 b6c5 b4c5 e6e5 h2h3 f5f4 e3e4 h8e8 c1c2 c7c8 c5c6 c8c7 a2a4 a7a6 a4a5 g6g5 c2b3 h7h6 b3c4 h5f6 d7f6 g7f6 d6d8 e8d8 d1d8 c7d8 c4d5 d8c7 d5e6 
DEBUG:root:>>> go depth 6 
DEBUG:root:>>> position startpos moves d2d4 g8f6 c1f4 d7d5 b1c3 c8e6 e2e3 b8c6 g1f3 f6h5 f4e5 c6e5 d4e5 f7f6 f3d4 e6f7 e5e6 g7g6 f1b5 c7c6 d4c6 d8b6 c3d5 f7e6 c6e5 e6d7 d5c7 b6c7 e5d7 c7a5 d1d2 a5b5 e1c1 f8g7 d2d5 b5d5 d1d5 e7e6 d5d6 e8c8 h1d1 f6f5 c2c4 c8c7 c4c5 b7b6 b2b4 b6c5 b4c5 e6e5 h2h3 f5f4 e3e4 h8e8 c1c2 c7c8 c5c6 c8c7 a2a4 a7a6 a4a5 g6g5 c2b3 h7h6 b3c4 h5f6 d7f6 g7f6 d6d8 e8d8 d1d8 c7d8 c4d5 d8c7 d5e6 f6h8 e6d5 
DEBUG:root:>>> go depth 6 
DEBUG:root:>>> position startpos moves d2d4 g8f6 c1f4 d7d5 b1c3 c8e6 e2e3 b8c6 g1f3 f6h5 f4e5 c6e5 d4e5 f7f6 f3d4 e6f7 e5e6 g7g6 f1b5 c7c6 d4c6 d8b6 c3d5 f7e6 c6e5 e6d7 d5c7 b6c7 e5d7 c7a5 d1d2 a5b5 e1c1 f8g7 d2d5 b5d5 d1d5 e7e6 d5d6 e8c8 h1d1 f6f5 c2c4 c8c7 c4c5 b7b6 b2b4 b6c5 b4c5 e6e5 h2h3 f5f4 e3e4 h8e8 c1c2 c7c8 c5c6 c8c7 a2a4 a7a6 a4a5 g6g5 c2b3 h7h6 b3c4 h5f6 d7f6 g7f6 d6d8 e8d8 d1d8 c7d8 c4d5 d8c7 d5e6 f6h8 e6d5 h8g7 g2g3 
DEBUG:root:>>> go depth 6 
DEBUG:root:>>> position startpos moves d2d4 g8f6 c1f4 d7d5 b1c3 c8e6 e2e3 b8c6 g1f3 f6h5 f4e5 c6e5 d4e5 f7f6 f3d4 e6f7 e5e6 g7g6 f1b5 c7c6 d4c6 d8b6 c3d5 f7e6 c6e5 e6d7 d5c7 b6c7 e5d7 c7a5 d1d2 a5b5 e1c1 f8g7 d2d5 b5d5 d1d5 e7e6 d5d6 e8c8 h1d1 f6f5 c2c4 c8c7 c4c5 b7b6 b2b4 b6c5 b4c5 e6e5 h2h3 f5f4 e3e4 h8e8 c1c2 c7c8 c5c6 c8c7 a2a4 a7a6 a4a5 g6g5 c2b3 h7h6 b3c4 h5f6 d7f6 g7f6 d6d8 e8d8 d1d8 c7d8 c4d5 d8c7 d5e6 f6h8 e6d5 h8g7 g2g3 f4f3 d5c5 
DEBUG:root:>>> go depth 6 
DEBUG:root:>>> position startpos moves d2d4 g8f6 c1f4 d7d5 b1c3 c8e6 e2e3 b8c6 g1f3 f6h5 f4e5 c6e5 d4e5 f7f6 f3d4 e6f7 e5e6 g7g6 f1b5 c7c6 d4c6 d8b6 c3d5 f7e6 c6e5 e6d7 d5c7 b6c7 e5d7 c7a5 d1d2 a5b5 e1c1 f8g7 d2d5 b5d5 d1d5 e7e6 d5d6 e8c8 h1d1 f6f5 c2c4 c8c7 c4c5 b7b6 b2b4 b6c5 b4c5 e6e5 h2h3 f5f4 e3e4 h8e8 c1c2 c7c8 c5c6 c8c7 a2a4 a7a6 a4a5 g6g5 c2b3 h7h6 b3c4 h5f6 d7f6 g7f6 d6d8 e8d8 d1d8 c7d8 c4d5 d8c7 d5e6 f6h8 e6d5 h8g7 g2g3 f4f3 d5c5 g7f6 c5d5 
DEBUG:root:>>> go depth 6 
DEBUG:root:>>> position startpos moves d2d4 g8f6 c1f4 d7d5 b1c3 c8e6 e2e3 b8c6 g1f3 f6h5 f4e5 c6e5 d4e5 f7f6 f3d4 e6f7 e5e6 g7g6 f1b5 c7c6 d4c6 d8b6 c3d5 f7e6 c6e5 e6d7 d5c7 b6c7 e5d7 c7a5 d1d2 a5b5 e1c1 f8g7 d2d5 b5d5 d1d5 e7e6 d5d6 e8c8 h1d1 f6f5 c2c4 c8c7 c4c5 b7b6 b2b4 b6c5 b4c5 e6e5 h2h3 f5f4 e3e4 h8e8 c1c2 c7c8 c5c6 c8c7 a2a4 a7a6 a4a5 g6g5 c2b3 h7h6 b3c4 h5f6 d7f6 g7f6 d6d8 e8d8 d1d8 c7d8 c4d5 d8c7 d5e6 f6h8 e6d5 h8g7 g2g3 f4f3 d5c5 g7f6 c5d5 f6h8 d5c5 
DEBUG:root:>>> go depth 6 
DEBUG:root:>>> position startpos moves d2d4 g8f6 c1f4 d7d5 b1c3 c8e6 e2e3 b8c6 g1f3 f6h5 f4e5 c6e5 d4e5 f7f6 f3d4 e6f7 e5e6 g7g6 f1b5 c7c6 d4c6 d8b6 c3d5 f7e6 c6e5 e6d7 d5c7 b6c7 e5d7 c7a5 d1d2 a5b5 e1c1 f8g7 d2d5 b5d5 d1d5 e7e6 d5d6 e8c8 h1d1 f6f5 c2c4 c8c7 c4c5 b7b6 b2b4 b6c5 b4c5 e6e5 h2h3 f5f4 e3e4 h8e8 c1c2 c7c8 c5c6 c8c7 a2a4 a7a6 a4a5 g6g5 c2b3 h7h6 b3c4 h5f6 d7f6 g7f6 d6d8 e8d8 d1d8 c7d8 c4d5 d8c7 d5e6 f6h8 e6d5 h8g7 g2g3 f4f3 d5c5 g7f6 c5d5 f6h8 d5c5 h8g7 h3h4 
DEBUG:root:>>> go depth 6 
DEBUG:root:>>> position startpos moves d2d4 g8f6 c1f4 d7d5 b1c3 c8e6 e2e3 b8c6 g1f3 f6h5 f4e5 c6e5 d4e5 f7f6 f3d4 e6f7 e5e6 g7g6 f1b5 c7c6 d4c6 d8b6 c3d5 f7e6 c6e5 e6d7 d5c7 b6c7 e5d7 c7a5 d1d2 a5b5 e1c1 f8g7 d2d5 b5d5 d1d5 e7e6 d5d6 e8c8 h1d1 f6f5 c2c4 c8c7 c4c5 b7b6 b2b4 b6c5 b4c5 e6e5 h2h3 f5f4 e3e4 h8e8 c1c2 c7c8 c5c6 c8c7 a2a4 a7a6 a4a5 g6g5 c2b3 h7h6 b3c4 h5f6 d7f6 g7f6 d6d8 e8d8 d1d8 c7d8 c4d5 d8c7 d5e6 f6h8 e6d5 h8g7 g2g3 f4f3 d5c5 g7f6 c5d5 f6h8 d5c5 h8g7 h3h4 g5g4 h4h5 
DEBUG:root:>>> go depth 6 
DEBUG:root:>>> position startpos moves d2d4 g8f6 c1f4 d7d5 b1c3 c8e6 e2e3 b8c6 g1f3 f6h5 f4e5 c6e5 d4e5 f7f6 f3d4 e6f7 e5e6 g7g6 f1b5 c7c6 d4c6 d8b6 c3d5 f7e6 c6e5 e6d7 d5c7 b6c7 e5d7 c7a5 d1d2 a5b5 e1c1 f8g7 d2d5 b5d5 d1d5 e7e6 d5d6 e8c8 h1d1 f6f5 c2c4 c8c7 c4c5 b7b6 b2b4 b6c5 b4c5 e6e5 h2h3 f5f4 e3e4 h8e8 c1c2 c7c8 c5c6 c8c7 a2a4 a7a6 a4a5 g6g5 c2b3 h7h6 b3c4 h5f6 d7f6 g7f6 d6d8 e8d8 d1d8 c7d8 c4d5 d8c7 d5e6 f6h8 e6d5 h8g7 g2g3 f4f3 d5c5 g7f6 c5d5 f6h8 d5c5 h8g7 h3h4 g5g4 h4h5 g7f8 c5d5 
DEBUG:root:>>> go depth 6 
DEBUG:root:>>> position startpos moves d2d4 g8f6 c1f4 d7d5 b1c3 c8e6 e2e3 b8c6 g1f3 f6h5 f4e5 c6e5 d4e5 f7f6 f3d4 e6f7 e5e6 g7g6 f1b5 c7c6 d4c6 d8b6 c3d5 f7e6 c6e5 e6d7 d5c7 b6c7 e5d7 c7a5 d1d2 a5b5 e1c1 f8g7 d2d5 b5d5 d1d5 e7e6 d5d6 e8c8 h1d1 f6f5 c2c4 c8c7 c4c5 b7b6 b2b4 b6c5 b4c5 e6e5 h2h3 f5f4 e3e4 h8e8 c1c2 c7c8 c5c6 c8c7 a2a4 a7a6 a4a5 g6g5 c2b3 h7h6 b3c4 h5f6 d7f6 g7f6 d6d8 e8d8 d1d8 c7d8 c4d5 d8c7 d5e6 f6h8 e6d5 h8g7 g2g3 f4f3 d5c5 g7f6 c5d5 f6h8 d5c5 h8g7 h3h4 g5g4 h4h5 g7f8 c5d5 f8d6 d5e6 
DEBUG:root:>>> go depth 6 
DEBUG:root:>>> position startpos moves d2d4 g8f6 c1f4 d7d5 b1c3 c8e6 e2e3 b8c6 g1f3 f6h5 f4e5 c6e5 d4e5 f7f6 f3d4 e6f7 e5e6 g7g6 f1b5 c7c6 d4c6 d8b6 c3d5 f7e6 c6e5 e6d7 d5c7 b6c7 e5d7 c7a5 d1d2 a5b5 e1c1 f8g7 d2d5 b5d5 d1d5 e7e6 d5d6 e8c8 h1d1 f6f5 c2c4 c8c7 c4c5 b7b6 b2b4 b6c5 b4c5 e6e5 h2h3 f5f4 e3e4 h8e8 c1c2 c7c8 c5c6 c8c7 a2a4 a7a6 a4a5 g6g5 c2b3 h7h6 b3c4 h5f6 d7f6 g7f6 d6d8 e8d8 d1d8 c7d8 c4d5 d8c7 d5e6 f6h8 e6d5 h8g7 g2g3 f4f3 d5c5 g7f6 c5d5 f6h8 d5c5 h8g7 h3h4 g5g4 h4h5 g7f8 c5d5 f8d6 d5e6 c7c6 e6f5 
DEBUG:root:>>> go depth 6 
DEBUG:root:>>> position startpos moves d2d4 g8f6 c1f4 d7d5 b1c3 c8e6 e2e3 b8c6 g1f3 f6h5 f4e5 c6e5 d4e5 f7f6 f3d4 e6f7 e5e6 g7g6 f1b5 c7c6 d4c6 d8b6 c3d5 f7e6 c6e5 e6d7 d5c7 b6c7 e5d7 c7a5 d1d2 a5b5 e1c1 f8g7 d2d5 b5d5 d1d5 e7e6 d5d6 e8c8 h1d1 f6f5 c2c4 c8c7 c4c5 b7b6 b2b4 b6c5 b4c5 e6e5 h2h3 f5f4 e3e4 h8e8 c1c2 c7c8 c5c6 c8c7 a2a4 a7a6 a4a5 g6g5 c2b3 h7h6 b3c4 h5f6 d7f6 g7f6 d6d8 e8d8 d1d8 c7d8 c4d5 d8c7 d5e6 f6h8 e6d5 h8g7 g2g3 f4f3 d5c5 g7f6 c5d5 f6h8 d5c5 h8g7 h3h4 g5g4 h4h5 g7f8 c5d5 f8d6 d5e6 c7c6 e6f5 c6b7 f5g4 
DEBUG:root:>>> go depth 6 
DEBUG:root:>>> position startpos moves d2d4 g8f6 c1f4 d7d5 b1c3 c8e6 e2e3 b8c6 g1f3 f6h5 f4e5 c6e5 d4e5 f7f6 f3d4 e6f7 e5e6 g7g6 f1b5 c7c6 d4c6 d8b6 c3d5 f7e6 c6e5 e6d7 d5c7 b6c7 e5d7 c7a5 d1d2 a5b5 e1c1 f8g7 d2d5 b5d5 d1d5 e7e6 d5d6 e8c8 h1d1 f6f5 c2c4 c8c7 c4c5 b7b6 b2b4 b6c5 b4c5 e6e5 h2h3 f5f4 e3e4 h8e8 c1c2 c7c8 c5c6 c8c7 a2a4 a7a6 a4a5 g6g5 c2b3 h7h6 b3c4 h5f6 d7f6 g7f6 d6d8 e8d8 d1d8 c7d8 c4d5 d8c7 d5e6 f6h8 e6d5 h8g7 g2g3 f4f3 d5c5 g7f6 c5d5 f6h8 d5c5 h8g7 h3h4 g5g4 h4h5 g7f8 c5d5 f8d6 d5e6 c7c6 e6f5 c6b7 f5g4 d6b4 g4f3 
DEBUG:root:>>> go depth 6 
DEBUG:root:>>> position startpos moves d2d4 g8f6 c1f4 d7d5 b1c3 c8e6 e2e3 b8c6 g1f3 f6h5 f4e5 c6e5 d4e5 f7f6 f3d4 e6f7 e5e6 g7g6 f1b5 c7c6 d4c6 d8b6 c3d5 f7e6 c6e5 e6d7 d5c7 b6c7 e5d7 c7a5 d1d2 a5b5 e1c1 f8g7 d2d5 b5d5 d1d5 e7e6 d5d6 e8c8 h1d1 f6f5 c2c4 c8c7 c4c5 b7b6 b2b4 b6c5 b4c5 e6e5 h2h3 f5f4 e3e4 h8e8 c1c2 c7c8 c5c6 c8c7 a2a4 a7a6 a4a5 g6g5 c2b3 h7h6 b3c4 h5f6 d7f6 g7f6 d6d8 e8d8 d1d8 c7d8 c4d5 d8c7 d5e6 f6h8 e6d5 h8g7 g2g3 f4f3 d5c5 g7f6 c5d5 f6h8 d5c5 h8g7 h3h4 g5g4 h4h5 g7f8 c5d5 f8d6 d5e6 c7c6 e6f5 c6b7 f5g4 d6b4 g4f3 b4a5 f3e2 
DEBUG:root:>>> go depth 6 
DEBUG:root:>>> position startpos moves d2d4 g8f6 c1f4 d7d5 b1c3 c8e6 e2e3 b8c6 g1f3 f6h5 f4e5 c6e5 d4e5 f7f6 f3d4 e6f7 e5e6 g7g6 f1b5 c7c6 d4c6 d8b6 c3d5 f7e6 c6e5 e6d7 d5c7 b6c7 e5d7 c7a5 d1d2 a5b5 e1c1 f8g7 d2d5 b5d5 d1d5 e7e6 d5d6 e8c8 h1d1 f6f5 c2c4 c8c7 c4c5 b7b6 b2b4 b6c5 b4c5 e6e5 h2h3 f5f4 e3e4 h8e8 c1c2 c7c8 c5c6 c8c7 a2a4 a7a6 a4a5 g6g5 c2b3 h7h6 b3c4 h5f6 d7f6 g7f6 d6d8 e8d8 d1d8 c7d8 c4d5 d8c7 d5e6 f6h8 e6d5 h8g7 g2g3 f4f3 d5c5 g7f6 c5d5 f6h8 d5c5 h8g7 h3h4 g5g4 h4h5 g7f8 c5d5 f8d6 d5e6 c7c6 e6f5 c6b7 f5g4 d6b4 g4f3 b4a5 f3e2 b7b8 f2f4 
DEBUG:root:>>> go depth 6 
DEBUG:root:>>> position startpos moves d2d4 g8f6 c1f4 d7d5 b1c3 c8e6 e2e3 b8c6 g1f3 f6h5 f4e5 c6e5 d4e5 f7f6 f3d4 e6f7 e5e6 g7g6 f1b5 c7c6 d4c6 d8b6 c3d5 f7e6 c6e5 e6d7 d5c7 b6c7 e5d7 c7a5 d1d2 a5b5 e1c1 f8g7 d2d5 b5d5 d1d5 e7e6 d5d6 e8c8 h1d1 f6f5 c2c4 c8c7 c4c5 b7b6 b2b4 b6c5 b4c5 e6e5 h2h3 f5f4 e3e4 h8e8 c1c2 c7c8 c5c6 c8c7 a2a4 a7a6 a4a5 g6g5 c2b3 h7h6 b3c4 h5f6 d7f6 g7f6 d6d8 e8d8 d1d8 c7d8 c4d5 d8c7 d5e6 f6h8 e6d5 h8g7 g2g3 f4f3 d5c5 g7f6 c5d5 f6h8 d5c5 h8g7 h3h4 g5g4 h4h5 g7f8 c5d5 f8d6 d5e6 c7c6 e6f5 c6b7 f5g4 d6b4 g4f3 b4a5 f3e2 b7b8 f2f4 e5f4 g3f4 
DEBUG:root:>>> go depth 6 
DEBUG:root:>>> position startpos moves d2d4 g8f6 c1f4 d7d5 b1c3 c8e6 e2e3 b8c6 g1f3 f6h5 f4e5 c6e5 d4e5 f7f6 f3d4 e6f7 e5e6 g7g6 f1b5 c7c6 d4c6 d8b6 c3d5 f7e6 c6e5 e6d7 d5c7 b6c7 e5d7 c7a5 d1d2 a5b5 e1c1 f8g7 d2d5 b5d5 d1d5 e7e6 d5d6 e8c8 h1d1 f6f5 c2c4 c8c7 c4c5 b7b6 b2b4 b6c5 b4c5 e6e5 h2h3 f5f4 e3e4 h8e8 c1c2 c7c8 c5c6 c8c7 a2a4 a7a6 a4a5 g6g5 c2b3 h7h6 b3c4 h5f6 d7f6 g7f6 d6d8 e8d8 d1d8 c7d8 c4d5 d8c7 d5e6 f6h8 e6d5 h8g7 g2g3 f4f3 d5c5 g7f6 c5d5 f6h8 d5c5 h8g7 h3h4 g5g4 h4h5 g7f8 c5d5 f8d6 d5e6 c7c6 e6f5 c6b7 f5g4 d6b4 g4f3 b4a5 f3e2 b7b8 f2f4 e5f4 g3f4 a5b6 e4e5 
DEBUG:root:>>> go depth 6 
DEBUG:root:>>> position startpos moves d2d4 g8f6 c1f4 d7d5 b1c3 c8e6 e2e3 b8c6 g1f3 f6h5 f4e5 c6e5 d4e5 f7f6 f3d4 e6f7 e5e6 g7g6 f1b5 c7c6 d4c6 d8b6 c3d5 f7e6 c6e5 e6d7 d5c7 b6c7 e5d7 c7a5 d1d2 a5b5 e1c1 f8g7 d2d5 b5d5 d1d5 e7e6 d5d6 e8c8 h1d1 f6f5 c2c4 c8c7 c4c5 b7b6 b2b4 b6c5 b4c5 e6e5 h2h3 f5f4 e3e4 h8e8 c1c2 c7c8 c5c6 c8c7 a2a4 a7a6 a4a5 g6g5 c2b3 h7h6 b3c4 h5f6 d7f6 g7f6 d6d8 e8d8 d1d8 c7d8 c4d5 d8c7 d5e6 f6h8 e6d5 h8g7 g2g3 f4f3 d5c5 g7f6 c5d5 f6h8 d5c5 h8g7 h3h4 g5g4 h4h5 g7f8 c5d5 f8d6 d5e6 c7c6 e6f5 c6b7 f5g4 d6b4 g4f3 b4a5 f3e2 b7b8 f2f4 e5f4 g3f4 a5b6 e4e5 b6c5 f4f5 
DEBUG:root:>>> go depth 6 
DEBUG:root:>>> position startpos moves d2d4 g8f6 c1f4 d7d5 b1c3 c8e6 e2e3 b8c6 g1f3 f6h5 f4e5 c6e5 d4e5 f7f6 f3d4 e6f7 e5e6 g7g6 f1b5 c7c6 d4c6 d8b6 c3d5 f7e6 c6e5 e6d7 d5c7 b6c7 e5d7 c7a5 d1d2 a5b5 e1c1 f8g7 d2d5 b5d5 d1d5 e7e6 d5d6 e8c8 h1d1 f6f5 c2c4 c8c7 c4c5 b7b6 b2b4 b6c5 b4c5 e6e5 h2h3 f5f4 e3e4 h8e8 c1c2 c7c8 c5c6 c8c7 a2a4 a7a6 a4a5 g6g5 c2b3 h7h6 b3c4 h5f6 d7f6 g7f6 d6d8 e8d8 d1d8 c7d8 c4d5 d8c7 d5e6 f6h8 e6d5 h8g7 g2g3 f4f3 d5c5 g7f6 c5d5 f6h8 d5c5 h8g7 h3h4 g5g4 h4h5 g7f8 c5d5 f8d6 d5e6 c7c6 e6f5 c6b7 f5g4 d6b4 g4f3 b4a5 f3e2 b7b8 f2f4 e5f4 g3f4 a5b6 e4e5 b6c5 f4f5 c5d4 e5e6 
DEBUG:root:>>> go depth 6 
DEBUG:root:>>> position startpos moves d2d4 g8f6 c1f4 d7d5 b1c3 c8e6 e2e3 b8c6 g1f3 f6h5 f4e5 c6e5 d4e5 f7f6 f3d4 e6f7 e5e6 g7g6 f1b5 c7c6 d4c6 d8b6 c3d5 f7e6 c6e5 e6d7 d5c7 b6c7 e5d7 c7a5 d1d2 a5b5 e1c1 f8g7 d2d5 b5d5 d1d5 e7e6 d5d6 e8c8 h1d1 f6f5 c2c4 c8c7 c4c5 b7b6 b2b4 b6c5 b4c5 e6e5 h2h3 f5f4 e3e4 h8e8 c1c2 c7c8 c5c6 c8c7 a2a4 a7a6 a4a5 g6g5 c2b3 h7h6 b3c4 h5f6 d7f6 g7f6 d6d8 e8d8 d1d8 c7d8 c4d5 d8c7 d5e6 f6h8 e6d5 h8g7 g2g3 f4f3 d5c5 g7f6 c5d5 f6h8 d5c5 h8g7 h3h4 g5g4 h4h5 g7f8 c5d5 f8d6 d5e6 c7c6 e6f5 c6b7 f5g4 d6b4 g4f3 b4a5 f3e2 b7b8 f2f4 e5f4 g3f4 a5b6 e4e5 b6c5 f4f5 c5d4 e5e6 d4f6 e2d3 
DEBUG:root:>>> go depth 6 
DEBUG:root:>>> position startpos moves d2d4 g8f6 c1f4 d7d5 b1c3 c8e6 e2e3 b8c6 g1f3 f6h5 f4e5 c6e5 d4e5 f7f6 f3d4 e6f7 e5e6 g7g6 f1b5 c7c6 d4c6 d8b6 c3d5 f7e6 c6e5 e6d7 d5c7 b6c7 e5d7 c7a5 d1d2 a5b5 e1c1 f8g7 d2d5 b5d5 d1d5 e7e6 d5d6 e8c8 h1d1 f6f5 c2c4 c8c7 c4c5 b7b6 b2b4 b6c5 b4c5 e6e5 h2h3 f5f4 e3e4 h8e8 c1c2 c7c8 c5c6 c8c7 a2a4 a7a6 a4a5 g6g5 c2b3 h7h6 b3c4 h5f6 d7f6 g7f6 d6d8 e8d8 d1d8 c7d8 c4d5 d8c7 d5e6 f6h8 e6d5 h8g7 g2g3 f4f3 d5c5 g7f6 c5d5 f6h8 d5c5 h8g7 h3h4 g5g4 h4h5 g7f8 c5d5 f8d6 d5e6 c7c6 e6f5 c6b7 f5g4 d6b4 g4f3 b4a5 f3e2 b7b8 f2f4 e5f4 g3f4 a5b6 e4e5 b6c5 f4f5 c5d4 e5e6 d4f6 e2d3 f6g5 d3c4 
DEBUG:root:>>> go depth 6 
DEBUG:root:>>> position startpos moves d2d4 g8f6 c1f4 d7d5 b1c3 c8e6 e2e3 b8c6 g1f3 f6h5 f4e5 c6e5 d4e5 f7f6 f3d4 e6f7 e5e6 g7g6 f1b5 c7c6 d4c6 d8b6 c3d5 f7e6 c6e5 e6d7 d5c7 b6c7 e5d7 c7a5 d1d2 a5b5 e1c1 f8g7 d2d5 b5d5 d1d5 e7e6 d5d6 e8c8 h1d1 f6f5 c2c4 c8c7 c4c5 b7b6 b2b4 b6c5 b4c5 e6e5 h2h3 f5f4 e3e4 h8e8 c1c2 c7c8 c5c6 c8c7 a2a4 a7a6 a4a5 g6g5 c2b3 h7h6 b3c4 h5f6 d7f6 g7f6 d6d8 e8d8 d1d8 c7d8 c4d5 d8c7 d5e6 f6h8 e6d5 h8g7 g2g3 f4f3 d5c5 g7f6 c5d5 f6h8 d5c5 h8g7 h3h4 g5g4 h4h5 g7f8 c5d5 f8d6 d5e6 c7c6 e6f5 c6b7 f5g4 d6b4 g4f3 b4a5 f3e2 b7b8 f2f4 e5f4 g3f4 a5b6 e4e5 b6c5 f4f5 c5d4 e5e6 d4f6 e2d3 f6g5 d3c4 g5e7 c4d5 
DEBUG:root:>>> go depth 6 
DEBUG:root:>>> position startpos moves d2d4 g8f6 c1f4 d7d5 b1c3 c8e6 e2e3 b8c6 g1f3 f6h5 f4e5 c6e5 d4e5 f7f6 f3d4 e6f7 e5e6 g7g6 f1b5 c7c6 d4c6 d8b6 c3d5 f7e6 c6e5 e6d7 d5c7 b6c7 e5d7 c7a5 d1d2 a5b5 e1c1 f8g7 d2d5 b5d5 d1d5 e7e6 d5d6 e8c8 h1d1 f6f5 c2c4 c8c7 c4c5 b7b6 b2b4 b6c5 b4c5 e6e5 h2h3 f5f4 e3e4 h8e8 c1c2 c7c8 c5c6 c8c7 a2a4 a7a6 a4a5 g6g5 c2b3 h7h6 b3c4 h5f6 d7f6 g7f6 d6d8 e8d8 d1d8 c7d8 c4d5 d8c7 d5e6 f6h8 e6d5 h8g7 g2g3 f4f3 d5c5 g7f6 c5d5 f6h8 d5c5 h8g7 h3h4 g5g4 h4h5 g7f8 c5d5 f8d6 d5e6 c7c6 e6f5 c6b7 f5g4 d6b4 g4f3 b4a5 f3e2 b7b8 f2f4 e5f4 g3f4 a5b6 e4e5 b6c5 f4f5 c5d4 e5e6 d4f6 e2d3 f6g5 d3c4 g5e7 c4d5 a6a5 d5e5 
DEBUG:root:>>> go depth 6 
DEBUG:root:>>> position startpos moves d2d4 g8f6 c1f4 d7d5 b1c3 c8e6 e2e3 b8c6 g1f3 f6h5 f4e5 c6e5 d4e5 f7f6 f3d4 e6f7 e5e6 g7g6 f1b5 c7c6 d4c6 d8b6 c3d5 f7e6 c6e5 e6d7 d5c7 b6c7 e5d7 c7a5 d1d2 a5b5 e1c1 f8g7 d2d5 b5d5 d1d5 e7e6 d5d6 e8c8 h1d1 f6f5 c2c4 c8c7 c4c5 b7b6 b2b4 b6c5 b4c5 e6e5 h2h3 f5f4 e3e4 h8e8 c1c2 c7c8 c5c6 c8c7 a2a4 a7a6 a4a5 g6g5 c2b3 h7h6 b3c4 h5f6 d7f6 g7f6 d6d8 e8d8 d1d8 c7d8 c4d5 d8c7 d5e6 f6h8 e6d5 h8g7 g2g3 f4f3 d5c5 g7f6 c5d5 f6h8 d5c5 h8g7 h3h4 g5g4 h4h5 g7f8 c5d5 f8d6 d5e6 c7c6 e6f5 c6b7 f5g4 d6b4 g4f3 b4a5 f3e2 b7b8 f2f4 e5f4 g3f4 a5b6 e4e5 b6c5 f4f5 c5d4 e5e6 d4f6 e2d3 f6g5 d3c4 g5e7 c4d5 a6a5 d5e5 e7h4 f5f6 
DEBUG:root:>>> go depth 6 
DEBUG:root:>>> position startpos moves d2d4 g8f6 c1f4 d7d5 b1c3 c8e6 e2e3 b8c6 g1f3 f6h5 f4e5 c6e5 d4e5 f7f6 f3d4 e6f7 e5e6 g7g6 f1b5 c7c6 d4c6 d8b6 c3d5 f7e6 c6e5 e6d7 d5c7 b6c7 e5d7 c7a5 d1d2 a5b5 e1c1 f8g7 d2d5 b5d5 d1d5 e7e6 d5d6 e8c8 h1d1 f6f5 c2c4 c8c7 c4c5 b7b6 b2b4 b6c5 b4c5 e6e5 h2h3 f5f4 e3e4 h8e8 c1c2 c7c8 c5c6 c8c7 a2a4 a7a6 a4a5 g6g5 c2b3 h7h6 b3c4 h5f6 d7f6 g7f6 d6d8 e8d8 d1d8 c7d8 c4d5 d8c7 d5e6 f6h8 e6d5 h8g7 g2g3 f4f3 d5c5 g7f6 c5d5 f6h8 d5c5 h8g7 h3h4 g5g4 h4h5 g7f8 c5d5 f8d6 d5e6 c7c6 e6f5 c6b7 f5g4 d6b4 g4f3 b4a5 f3e2 b7b8 f2f4 e5f4 g3f4 a5b6 e4e5 b6c5 f4f5 c5d4 e5e6 d4f6 e2d3 f6g5 d3c4 g5e7 c4d5 a6a5 d5e5 e7h4 f5f6 h4g3 e5f5 
DEBUG:root:>>> go depth 6 
DEBUG:root:>>> position startpos moves d2d4 g8f6 c1f4 d7d5 b1c3 c8e6 e2e3 b8c6 g1f3 f6h5 f4e5 c6e5 d4e5 f7f6 f3d4 e6f7 e5e6 g7g6 f1b5 c7c6 d4c6 d8b6 c3d5 f7e6 c6e5 e6d7 d5c7 b6c7 e5d7 c7a5 d1d2 a5b5 e1c1 f8g7 d2d5 b5d5 d1d5 e7e6 d5d6 e8c8 h1d1 f6f5 c2c4 c8c7 c4c5 b7b6 b2b4 b6c5 b4c5 e6e5 h2h3 f5f4 e3e4 h8e8 c1c2 c7c8 c5c6 c8c7 a2a4 a7a6 a4a5 g6g5 c2b3 h7h6 b3c4 h5f6 d7f6 g7f6 d6d8 e8d8 d1d8 c7d8 c4d5 d8c7 d5e6 f6h8 e6d5 h8g7 g2g3 f4f3 d5c5 g7f6 c5d5 f6h8 d5c5 h8g7 h3h4 g5g4 h4h5 g7f8 c5d5 f8d6 d5e6 c7c6 e6f5 c6b7 f5g4 d6b4 g4f3 b4a5 f3e2 b7b8 f2f4 e5f4 g3f4 a5b6 e4e5 b6c5 f4f5 c5d4 e5e6 d4f6 e2d3 f6g5 d3c4 g5e7 c4d5 a6a5 d5e5 e7h4 f5f6 h4g3 e5f5 b8c8 f6f7 
DEBUG:root:>>> go depth 6 
DEBUG:root:>>> position startpos moves d2d4 g8f6 c1f4 d7d5 b1c3 c8e6 e2e3 b8c6 g1f3 f6h5 f4e5 c6e5 d4e5 f7f6 f3d4 e6f7 e5e6 g7g6 f1b5 c7c6 d4c6 d8b6 c3d5 f7e6 c6e5 e6d7 d5c7 b6c7 e5d7 c7a5 d1d2 a5b5 e1c1 f8g7 d2d5 b5d5 d1d5 e7e6 d5d6 e8c8 h1d1 f6f5 c2c4 c8c7 c4c5 b7b6 b2b4 b6c5 b4c5 e6e5 h2h3 f5f4 e3e4 h8e8 c1c2 c7c8 c5c6 c8c7 a2a4 a7a6 a4a5 g6g5 c2b3 h7h6 b3c4 h5f6 d7f6 g7f6 d6d8 e8d8 d1d8 c7d8 c4d5 d8c7 d5e6 f6h8 e6d5 h8g7 g2g3 f4f3 d5c5 g7f6 c5d5 f6h8 d5c5 h8g7 h3h4 g5g4 h4h5 g7f8 c5d5 f8d6 d5e6 c7c6 e6f5 c6b7 f5g4 d6b4 g4f3 b4a5 f3e2 b7b8 f2f4 e5f4 g3f4 a5b6 e4e5 b6c5 f4f5 c5d4 e5e6 d4f6 e2d3 f6g5 d3c4 g5e7 c4d5 a6a5 d5e5 e7h4 f5f6 h4g3 e5f5 b8c8 f6f7 g3d6 f5f6 
DEBUG:root:>>> go depth 6 
DEBUG:root:>>> position startpos moves d2d4 g8f6 c1f4 d7d5 b1c3 c8e6 e2e3 b8c6 g1f3 f6h5 f4e5 c6e5 d4e5 f7f6 f3d4 e6f7 e5e6 g7g6 f1b5 c7c6 d4c6 d8b6 c3d5 f7e6 c6e5 e6d7 d5c7 b6c7 e5d7 c7a5 d1d2 a5b5 e1c1 f8g7 d2d5 b5d5 d1d5 e7e6 d5d6 e8c8 h1d1 f6f5 c2c4 c8c7 c4c5 b7b6 b2b4 b6c5 b4c5 e6e5 h2h3 f5f4 e3e4 h8e8 c1c2 c7c8 c5c6 c8c7 a2a4 a7a6 a4a5 g6g5 c2b3 h7h6 b3c4 h5f6 d7f6 g7f6 d6d8 e8d8 d1d8 c7d8 c4d5 d8c7 d5e6 f6h8 e6d5 h8g7 g2g3 f4f3 d5c5 g7f6 c5d5 f6h8 d5c5 h8g7 h3h4 g5g4 h4h5 g7f8 c5d5 f8d6 d5e6 c7c6 e6f5 c6b7 f5g4 d6b4 g4f3 b4a5 f3e2 b7b8 f2f4 e5f4 g3f4 a5b6 e4e5 b6c5 f4f5 c5d4 e5e6 d4f6 e2d3 f6g5 d3c4 g5e7 c4d5 a6a5 d5e5 e7h4 f5f6 h4g3 e5f5 b8c8 f6f7 g3d6 f5f6 c8d8 f6g7 
DEBUG:root:>>> go depth 6 
DEBUG:root:>>> position startpos moves d2d4 g8f6 c1f4 d7d5 b1c3 c8e6 e2e3 b8c6 g1f3 f6h5 f4e5 c6e5 d4e5 f7f6 f3d4 e6f7 e5e6 g7g6 f1b5 c7c6 d4c6 d8b6 c3d5 f7e6 c6e5 e6d7 d5c7 b6c7 e5d7 c7a5 d1d2 a5b5 e1c1 f8g7 d2d5 b5d5 d1d5 e7e6 d5d6 e8c8 h1d1 f6f5 c2c4 c8c7 c4c5 b7b6 b2b4 b6c5 b4c5 e6e5 h2h3 f5f4 e3e4 h8e8 c1c2 c7c8 c5c6 c8c7 a2a4 a7a6 a4a5 g6g5 c2b3 h7h6 b3c4 h5f6 d7f6 g7f6 d6d8 e8d8 d1d8 c7d8 c4d5 d8c7 d5e6 f6h8 e6d5 h8g7 g2g3 f4f3 d5c5 g7f6 c5d5 f6h8 d5c5 h8g7 h3h4 g5g4 h4h5 g7f8 c5d5 f8d6 d5e6 c7c6 e6f5 c6b7 f5g4 d6b4 g4f3 b4a5 f3e2 b7b8 f2f4 e5f4 g3f4 a5b6 e4e5 b6c5 f4f5 c5d4 e5e6 d4f6 e2d3 f6g5 d3c4 g5e7 c4d5 a6a5 d5e5 e7h4 f5f6 h4g3 e5f5 b8c8 f6f7 g3d6 f5f6 c8d8 f6g7 d6e5 g7g8 
DEBUG:root:>>> go depth 6 
DEBUG:root:>>> position startpos moves d2d4 g8f6 c1f4 d7d5 b1c3 c8e6 e2e3 b8c6 g1f3 f6h5 f4e5 c6e5 d4e5 f7f6 f3d4 e6f7 e5e6 g7g6 f1b5 c7c6 d4c6 d8b6 c3d5 f7e6 c6e5 e6d7 d5c7 b6c7 e5d7 c7a5 d1d2 a5b5 e1c1 f8g7 d2d5 b5d5 d1d5 e7e6 d5d6 e8c8 h1d1 f6f5 c2c4 c8c7 c4c5 b7b6 b2b4 b6c5 b4c5 e6e5 h2h3 f5f4 e3e4 h8e8 c1c2 c7c8 c5c6 c8c7 a2a4 a7a6 a4a5 g6g5 c2b3 h7h6 b3c4 h5f6 d7f6 g7f6 d6d8 e8d8 d1d8 c7d8 c4d5 d8c7 d5e6 f6h8 e6d5 h8g7 g2g3 f4f3 d5c5 g7f6 c5d5 f6h8 d5c5 h8g7 h3h4 g5g4 h4h5 g7f8 c5d5 f8d6 d5e6 c7c6 e6f5 c6b7 f5g4 d6b4 g4f3 b4a5 f3e2 b7b8 f2f4 e5f4 g3f4 a5b6 e4e5 b6c5 f4f5 c5d4 e5e6 d4f6 e2d3 f6g5 d3c4 g5e7 c4d5 a6a5 d5e5 e7h4 f5f6 h4g3 e5f5 b8c8 f6f7 g3d6 f5f6 c8d8 f6g7 d6e5 g7g8 e5d6 f7f8q 
DEBUG:root:>>> go depth 6 
DEBUG:root:>>> position startpos moves d2d4 g8f6 c1f4 d7d5 b1c3 c8e6 e2e3 b8c6 g1f3 f6h5 f4e5 c6e5 d4e5 f7f6 f3d4 e6f7 e5e6 g7g6 f1b5 c7c6 d4c6 d8b6 c3d5 f7e6 c6e5 e6d7 d5c7 b6c7 e5d7 c7a5 d1d2 a5b5 e1c1 f8g7 d2d5 b5d5 d1d5 e7e6 d5d6 e8c8 h1d1 f6f5 c2c4 c8c7 c4c5 b7b6 b2b4 b6c5 b4c5 e6e5 h2h3 f5f4 e3e4 h8e8 c1c2 c7c8 c5c6 c8c7 a2a4 a7a6 a4a5 g6g5 c2b3 h7h6 b3c4 h5f6 d7f6 g7f6 d6d8 e8d8 d1d8 c7d8 c4d5 d8c7 d5e6 f6h8 e6d5 h8g7 g2g3 f4f3 d5c5 g7f6 c5d5 f6h8 d5c5 h8g7 h3h4 g5g4 h4h5 g7f8 c5d5 f8d6 d5e6 c7c6 e6f5 c6b7 f5g4 d6b4 g4f3 b4a5 f3e2 b7b8 f2f4 e5f4 g3f4 a5b6 e4e5 b6c5 f4f5 c5d4 e5e6 d4f6 e2d3 f6g5 d3c4 g5e7 c4d5 a6a5 d5e5 e7h4 f5f6 h4g3 e5f5 b8c8 f6f7 g3d6 f5f6 c8d8 f6g7 d6e5 g7g8 e5d6 f7f8q d6f8 g8f8 
DEBUG:root:>>> go depth 6 
DEBUG:root:>>> position startpos moves d2d4 g8f6 c1f4 d7d5 b1c3 c8e6 e2e3 b8c6 g1f3 f6h5 f4e5 c6e5 d4e5 f7f6 f3d4 e6f7 e5e6 g7g6 f1b5 c7c6 d4c6 d8b6 c3d5 f7e6 c6e5 e6d7 d5c7 b6c7 e5d7 c7a5 d1d2 a5b5 e1c1 f8g7 d2d5 b5d5 d1d5 e7e6 d5d6 e8c8 h1d1 f6f5 c2c4 c8c7 c4c5 b7b6 b2b4 b6c5 b4c5 e6e5 h2h3 f5f4 e3e4 h8e8 c1c2 c7c8 c5c6 c8c7 a2a4 a7a6 a4a5 g6g5 c2b3 h7h6 b3c4 h5f6 d7f6 g7f6 d6d8 e8d8 d1d8 c7d8 c4d5 d8c7 d5e6 f6h8 e6d5 h8g7 g2g3 f4f3 d5c5 g7f6 c5d5 f6h8 d5c5 h8g7 h3h4 g5g4 h4h5 g7f8 c5d5 f8d6 d5e6 c7c6 e6f5 c6b7 f5g4 d6b4 g4f3 b4a5 f3e2 b7b8 f2f4 e5f4 g3f4 a5b6 e4e5 b6c5 f4f5 c5d4 e5e6 d4f6 e2d3 f6g5 d3c4 g5e7 c4d5 a6a5 d5e5 e7h4 f5f6 h4g3 e5f5 b8c8 f6f7 g3d6 f5f6 c8d8 f6g7 d6e5 g7g8 e5d6 f7f8q d6f8 g8f8 d8c8 e6e7 
DEBUG:root:>>> go depth 6 
DEBUG:root:>>> position startpos moves d2d4 g8f6 c1f4 d7d5 b1c3 c8e6 e2e3 b8c6 g1f3 f6h5 f4e5 c6e5 d4e5 f7f6 f3d4 e6f7 e5e6 g7g6 f1b5 c7c6 d4c6 d8b6 c3d5 f7e6 c6e5 e6d7 d5c7 b6c7 e5d7 c7a5 d1d2 a5b5 e1c1 f8g7 d2d5 b5d5 d1d5 e7e6 d5d6 e8c8 h1d1 f6f5 c2c4 c8c7 c4c5 b7b6 b2b4 b6c5 b4c5 e6e5 h2h3 f5f4 e3e4 h8e8 c1c2 c7c8 c5c6 c8c7 a2a4 a7a6 a4a5 g6g5 c2b3 h7h6 b3c4 h5f6 d7f6 g7f6 d6d8 e8d8 d1d8 c7d8 c4d5 d8c7 d5e6 f6h8 e6d5 h8g7 g2g3 f4f3 d5c5 g7f6 c5d5 f6h8 d5c5 h8g7 h3h4 g5g4 h4h5 g7f8 c5d5 f8d6 d5e6 c7c6 e6f5 c6b7 f5g4 d6b4 g4f3 b4a5 f3e2 b7b8 f2f4 e5f4 g3f4 a5b6 e4e5 b6c5 f4f5 c5d4 e5e6 d4f6 e2d3 f6g5 d3c4 g5e7 c4d5 a6a5 d5e5 e7h4 f5f6 h4g3 e5f5 b8c8 f6f7 g3d6 f5f6 c8d8 f6g7 d6e5 g7g8 e5d6 f7f8q d6f8 g8f8 d8c8 e6e7 c8b8 e7e8q 
DEBUG:root:>>> go depth 6 
DEBUG:root:>>> position startpos moves d2d4 g8f6 c1f4 d7d5 b1c3 c8e6 e2e3 b8c6 g1f3 f6h5 f4e5 c6e5 d4e5 f7f6 f3d4 e6f7 e5e6 g7g6 f1b5 c7c6 d4c6 d8b6 c3d5 f7e6 c6e5 e6d7 d5c7 b6c7 e5d7 c7a5 d1d2 a5b5 e1c1 f8g7 d2d5 b5d5 d1d5 e7e6 d5d6 e8c8 h1d1 f6f5 c2c4 c8c7 c4c5 b7b6 b2b4 b6c5 b4c5 e6e5 h2h3 f5f4 e3e4 h8e8 c1c2 c7c8 c5c6 c8c7 a2a4 a7a6 a4a5 g6g5 c2b3 h7h6 b3c4 h5f6 d7f6 g7f6 d6d8 e8d8 d1d8 c7d8 c4d5 d8c7 d5e6 f6h8 e6d5 h8g7 g2g3 f4f3 d5c5 g7f6 c5d5 f6h8 d5c5 h8g7 h3h4 g5g4 h4h5 g7f8 c5d5 f8d6 d5e6 c7c6 e6f5 c6b7 f5g4 d6b4 g4f3 b4a5 f3e2 b7b8 f2f4 e5f4 g3f4 a5b6 e4e5 b6c5 f4f5 c5d4 e5e6 d4f6 e2d3 f6g5 d3c4 g5e7 c4d5 a6a5 d5e5 e7h4 f5f6 h4g3 e5f5 b8c8 f6f7 g3d6 f5f6 c8d8 f6g7 d6e5 g7g8 e5d6 f7f8q d6f8 g8f8 d8c8 e6e7 c8b8 e7e8q b8b7 e8b5 
DEBUG:root:>>> go depth 6 
DEBUG:root:>>> position startpos moves d2d4 g8f6 c1f4 d7d5 b1c3 c8e6 e2e3 b8c6 g1f3 f6h5 f4e5 c6e5 d4e5 f7f6 f3d4 e6f7 e5e6 g7g6 f1b5 c7c6 d4c6 d8b6 c3d5 f7e6 c6e5 e6d7 d5c7 b6c7 e5d7 c7a5 d1d2 a5b5 e1c1 f8g7 d2d5 b5d5 d1d5 e7e6 d5d6 e8c8 h1d1 f6f5 c2c4 c8c7 c4c5 b7b6 b2b4 b6c5 b4c5 e6e5 h2h3 f5f4 e3e4 h8e8 c1c2 c7c8 c5c6 c8c7 a2a4 a7a6 a4a5 g6g5 c2b3 h7h6 b3c4 h5f6 d7f6 g7f6 d6d8 e8d8 d1d8 c7d8 c4d5 d8c7 d5e6 f6h8 e6d5 h8g7 g2g3 f4f3 d5c5 g7f6 c5d5 f6h8 d5c5 h8g7 h3h4 g5g4 h4h5 g7f8 c5d5 f8d6 d5e6 c7c6 e6f5 c6b7 f5g4 d6b4 g4f3 b4a5 f3e2 b7b8 f2f4 e5f4 g3f4 a5b6 e4e5 b6c5 f4f5 c5d4 e5e6 d4f6 e2d3 f6g5 d3c4 g5e7 c4d5 a6a5 d5e5 e7h4 f5f6 h4g3 e5f5 b8c8 f6f7 g3d6 f5f6 c8d8 f6g7 d6e5 g7g8 e5d6 f7f8q d6f8 g8f8 d8c8 e6e7 c8b8 e7e8q b8b7 e8b5 b7a8 b5a5 
DEBUG:root:>>> go depth 6 
DEBUG:root:>>> position startpos moves d2d4 g8f6 c1f4 d7d5 b1c3 c8e6 e2e3 b8c6 g1f3 f6h5 f4e5 c6e5 d4e5 f7f6 f3d4 e6f7 e5e6 g7g6 f1b5 c7c6 d4c6 d8b6 c3d5 f7e6 c6e5 e6d7 d5c7 b6c7 e5d7 c7a5 d1d2 a5b5 e1c1 f8g7 d2d5 b5d5 d1d5 e7e6 d5d6 e8c8 h1d1 f6f5 c2c4 c8c7 c4c5 b7b6 b2b4 b6c5 b4c5 e6e5 h2h3 f5f4 e3e4 h8e8 c1c2 c7c8 c5c6 c8c7 a2a4 a7a6 a4a5 g6g5 c2b3 h7h6 b3c4 h5f6 d7f6 g7f6 d6d8 e8d8 d1d8 c7d8 c4d5 d8c7 d5e6 f6h8 e6d5 h8g7 g2g3 f4f3 d5c5 g7f6 c5d5 f6h8 d5c5 h8g7 h3h4 g5g4 h4h5 g7f8 c5d5 f8d6 d5e6 c7c6 e6f5 c6b7 f5g4 d6b4 g4f3 b4a5 f3e2 b7b8 f2f4 e5f4 g3f4 a5b6 e4e5 b6c5 f4f5 c5d4 e5e6 d4f6 e2d3 f6g5 d3c4 g5e7 c4d5 a6a5 d5e5 e7h4 f5f6 h4g3 e5f5 b8c8 f6f7 g3d6 f5f6 c8d8 f6g7 d6e5 g7g8 e5d6 f7f8q d6f8 g8f8 d8c8 e6e7 c8b8 e7e8q b8b7 e8b5 b7a8 b5a5 a8b8 a5b6 
DEBUG:root:>>> go depth 6 
DEBUG:root:>>> position startpos moves d2d4 g8f6 c1f4 d7d5 b1c3 c8e6 e2e3 b8c6 g1f3 f6h5 f4e5 c6e5 d4e5 f7f6 f3d4 e6f7 e5e6 g7g6 f1b5 c7c6 d4c6 d8b6 c3d5 f7e6 c6e5 e6d7 d5c7 b6c7 e5d7 c7a5 d1d2 a5b5 e1c1 f8g7 d2d5 b5d5 d1d5 e7e6 d5d6 e8c8 h1d1 f6f5 c2c4 c8c7 c4c5 b7b6 b2b4 b6c5 b4c5 e6e5 h2h3 f5f4 e3e4 h8e8 c1c2 c7c8 c5c6 c8c7 a2a4 a7a6 a4a5 g6g5 c2b3 h7h6 b3c4 h5f6 d7f6 g7f6 d6d8 e8d8 d1d8 c7d8 c4d5 d8c7 d5e6 f6h8 e6d5 h8g7 g2g3 f4f3 d5c5 g7f6 c5d5 f6h8 d5c5 h8g7 h3h4 g5g4 h4h5 g7f8 c5d5 f8d6 d5e6 c7c6 e6f5 c6b7 f5g4 d6b4 g4f3 b4a5 f3e2 b7b8 f2f4 e5f4 g3f4 a5b6 e4e5 b6c5 f4f5 c5d4 e5e6 d4f6 e2d3 f6g5 d3c4 g5e7 c4d5 a6a5 d5e5 e7h4 f5f6 h4g3 e5f5 b8c8 f6f7 g3d6 f5f6 c8d8 f6g7 d6e5 g7g8 e5d6 f7f8q d6f8 g8f8 d8c8 e6e7 c8b8 e7e8q b8b7 e8b5 b7a8 b5a5 a8b8 a5b6 b8a8 b6h6 
DEBUG:root:>>> go depth 6 
DEBUG:root:>>> position startpos moves d2d4 g8f6 c1f4 d7d5 b1c3 c8e6 e2e3 b8c6 g1f3 f6h5 f4e5 c6e5 d4e5 f7f6 f3d4 e6f7 e5e6 g7g6 f1b5 c7c6 d4c6 d8b6 c3d5 f7e6 c6e5 e6d7 d5c7 b6c7 e5d7 c7a5 d1d2 a5b5 e1c1 f8g7 d2d5 b5d5 d1d5 e7e6 d5d6 e8c8 h1d1 f6f5 c2c4 c8c7 c4c5 b7b6 b2b4 b6c5 b4c5 e6e5 h2h3 f5f4 e3e4 h8e8 c1c2 c7c8 c5c6 c8c7 a2a4 a7a6 a4a5 g6g5 c2b3 h7h6 b3c4 h5f6 d7f6 g7f6 d6d8 e8d8 d1d8 c7d8 c4d5 d8c7 d5e6 f6h8 e6d5 h8g7 g2g3 f4f3 d5c5 g7f6 c5d5 f6h8 d5c5 h8g7 h3h4 g5g4 h4h5 g7f8 c5d5 f8d6 d5e6 c7c6 e6f5 c6b7 f5g4 d6b4 g4f3 b4a5 f3e2 b7b8 f2f4 e5f4 g3f4 a5b6 e4e5 b6c5 f4f5 c5d4 e5e6 d4f6 e2d3 f6g5 d3c4 g5e7 c4d5 a6a5 d5e5 e7h4 f5f6 h4g3 e5f5 b8c8 f6f7 g3d6 f5f6 c8d8 f6g7 d6e5 g7g8 e5d6 f7f8q d6f8 g8f8 d8c8 e6e7 c8b8 e7e8q b8b7 e8b5 b7a8 b5a5 a8b8 a5b6 b8a8 b6h6 a8b7 h6d6 
DEBUG:root:>>> go depth 6 
DEBUG:root:>>> position startpos moves d2d4 g8f6 c1f4 d7d5 b1c3 c8e6 e2e3 b8c6 g1f3 f6h5 f4e5 c6e5 d4e5 f7f6 f3d4 e6f7 e5e6 g7g6 f1b5 c7c6 d4c6 d8b6 c3d5 f7e6 c6e5 e6d7 d5c7 b6c7 e5d7 c7a5 d1d2 a5b5 e1c1 f8g7 d2d5 b5d5 d1d5 e7e6 d5d6 e8c8 h1d1 f6f5 c2c4 c8c7 c4c5 b7b6 b2b4 b6c5 b4c5 e6e5 h2h3 f5f4 e3e4 h8e8 c1c2 c7c8 c5c6 c8c7 a2a4 a7a6 a4a5 g6g5 c2b3 h7h6 b3c4 h5f6 d7f6 g7f6 d6d8 e8d8 d1d8 c7d8 c4d5 d8c7 d5e6 f6h8 e6d5 h8g7 g2g3 f4f3 d5c5 g7f6 c5d5 f6h8 d5c5 h8g7 h3h4 g5g4 h4h5 g7f8 c5d5 f8d6 d5e6 c7c6 e6f5 c6b7 f5g4 d6b4 g4f3 b4a5 f3e2 b7b8 f2f4 e5f4 g3f4 a5b6 e4e5 b6c5 f4f5 c5d4 e5e6 d4f6 e2d3 f6g5 d3c4 g5e7 c4d5 a6a5 d5e5 e7h4 f5f6 h4g3 e5f5 b8c8 f6f7 g3d6 f5f6 c8d8 f6g7 d6e5 g7g8 e5d6 f7f8q d6f8 g8f8 d8c8 e6e7 c8b8 e7e8q b8b7 e8b5 b7a8 b5a5 a8b8 a5b6 b8a8 b6h6 a8b7 h6d6 b7a8 h5h6 
DEBUG:root:>>> go depth 6 
DEBUG:root:>>> position startpos moves d2d4 g8f6 c1f4 d7d5 b1c3 c8e6 e2e3 b8c6 g1f3 f6h5 f4e5 c6e5 d4e5 f7f6 f3d4 e6f7 e5e6 g7g6 f1b5 c7c6 d4c6 d8b6 c3d5 f7e6 c6e5 e6d7 d5c7 b6c7 e5d7 c7a5 d1d2 a5b5 e1c1 f8g7 d2d5 b5d5 d1d5 e7e6 d5d6 e8c8 h1d1 f6f5 c2c4 c8c7 c4c5 b7b6 b2b4 b6c5 b4c5 e6e5 h2h3 f5f4 e3e4 h8e8 c1c2 c7c8 c5c6 c8c7 a2a4 a7a6 a4a5 g6g5 c2b3 h7h6 b3c4 h5f6 d7f6 g7f6 d6d8 e8d8 d1d8 c7d8 c4d5 d8c7 d5e6 f6h8 e6d5 h8g7 g2g3 f4f3 d5c5 g7f6 c5d5 f6h8 d5c5 h8g7 h3h4 g5g4 h4h5 g7f8 c5d5 f8d6 d5e6 c7c6 e6f5 c6b7 f5g4 d6b4 g4f3 b4a5 f3e2 b7b8 f2f4 e5f4 g3f4 a5b6 e4e5 b6c5 f4f5 c5d4 e5e6 d4f6 e2d3 f6g5 d3c4 g5e7 c4d5 a6a5 d5e5 e7h4 f5f6 h4g3 e5f5 b8c8 f6f7 g3d6 f5f6 c8d8 f6g7 d6e5 g7g8 e5d6 f7f8q d6f8 g8f8 d8c8 e6e7 c8b8 e7e8q b8b7 e8b5 b7a8 b5a5 a8b8 a5b6 b8a8 b6h6 a8b7 h6d6 b7a8 h5h6 a8b7 f8f7 
DEBUG:root:>>> go depth 6 
DEBUG:root:>>> position startpos moves d2d4 g8f6 c1f4 d7d5 b1c3 c8e6 e2e3 b8c6 g1f3 f6h5 f4e5 c6e5 d4e5 f7f6 f3d4 e6f7 e5e6 g7g6 f1b5 c7c6 d4c6 d8b6 c3d5 f7e6 c6e5 e6d7 d5c7 b6c7 e5d7 c7a5 d1d2 a5b5 e1c1 f8g7 d2d5 b5d5 d1d5 e7e6 d5d6 e8c8 h1d1 f6f5 c2c4 c8c7 c4c5 b7b6 b2b4 b6c5 b4c5 e6e5 h2h3 f5f4 e3e4 h8e8 c1c2 c7c8 c5c6 c8c7 a2a4 a7a6 a4a5 g6g5 c2b3 h7h6 b3c4 h5f6 d7f6 g7f6 d6d8 e8d8 d1d8 c7d8 c4d5 d8c7 d5e6 f6h8 e6d5 h8g7 g2g3 f4f3 d5c5 g7f6 c5d5 f6h8 d5c5 h8g7 h3h4 g5g4 h4h5 g7f8 c5d5 f8d6 d5e6 c7c6 e6f5 c6b7 f5g4 d6b4 g4f3 b4a5 f3e2 b7b8 f2f4 e5f4 g3f4 a5b6 e4e5 b6c5 f4f5 c5d4 e5e6 d4f6 e2d3 f6g5 d3c4 g5e7 c4d5 a6a5 d5e5 e7h4 f5f6 h4g3 e5f5 b8c8 f6f7 g3d6 f5f6 c8d8 f6g7 d6e5 g7g8 e5d6 f7f8q d6f8 g8f8 d8c8 e6e7 c8b8 e7e8q b8b7 e8b5 b7a8 b5a5 a8b8 a5b6 b8a8 b6h6 a8b7 h6d6 b7a8 h5h6 a8b7 f8f7 b7a8 h6h7 
DEBUG:root:>>> go depth 6 
DEBUG:root:>>> position startpos moves d2d4 g8f6 c1f4 d7d5 b1c3 c8e6 e2e3 b8c6 g1f3 f6h5 f4e5 c6e5 d4e5 f7f6 f3d4 e6f7 e5e6 g7g6 f1b5 c7c6 d4c6 d8b6 c3d5 f7e6 c6e5 e6d7 d5c7 b6c7 e5d7 c7a5 d1d2 a5b5 e1c1 f8g7 d2d5 b5d5 d1d5 e7e6 d5d6 e8c8 h1d1 f6f5 c2c4 c8c7 c4c5 b7b6 b2b4 b6c5 b4c5 e6e5 h2h3 f5f4 e3e4 h8e8 c1c2 c7c8 c5c6 c8c7 a2a4 a7a6 a4a5 g6g5 c2b3 h7h6 b3c4 h5f6 d7f6 g7f6 d6d8 e8d8 d1d8 c7d8 c4d5 d8c7 d5e6 f6h8 e6d5 h8g7 g2g3 f4f3 d5c5 g7f6 c5d5 f6h8 d5c5 h8g7 h3h4 g5g4 h4h5 g7f8 c5d5 f8d6 d5e6 c7c6 e6f5 c6b7 f5g4 d6b4 g4f3 b4a5 f3e2 b7b8 f2f4 e5f4 g3f4 a5b6 e4e5 b6c5 f4f5 c5d4 e5e6 d4f6 e2d3 f6g5 d3c4 g5e7 c4d5 a6a5 d5e5 e7h4 f5f6 h4g3 e5f5 b8c8 f6f7 g3d6 f5f6 c8d8 f6g7 d6e5 g7g8 e5d6 f7f8q d6f8 g8f8 d8c8 e6e7 c8b8 e7e8q b8b7 e8b5 b7a8 b5a5 a8b8 a5b6 b8a8 b6h6 a8b7 h6d6 b7a8 h5h6 a8b7 f8f7 b7a8 h6h7 a8b7 h7h8q 
DEBUG:root:>>> go depth 6 
DEBUG:root:>>> ucinewgame 
DEBUG:root:>>> position fen rnbqkbnr/pppppppp/8/8/8/8/PPPPPPPP/RNBQKBNR w KQkq - 0 1 
DEBUG:root:>>> position startpos moves f2f4 d7d5 
DEBUG:root:>>> go depth 6 
DEBUG:root:>>> position startpos moves f2f4 d7d5 d2d4 c8f5 
DEBUG:root:>>> go depth 6 
DEBUG:root:>>> position startpos moves f2f4 d7d5 d2d4 c8f5 g1f3 e7e6 
DEBUG:root:>>> go depth 6 
DEBUG:root:>>> position startpos moves f2f4 d7d5 d2d4 c8f5 g1f3 e7e6 b1c3 g8f6 
DEBUG:root:>>> go depth 6 
DEBUG:root:>>> position startpos moves f2f4 d7d5 d2d4 c8f5 g1f3 e7e6 b1c3 g8f6 e2e3 f8b4 
DEBUG:root:>>> go depth 6 
DEBUG:root:>>> position startpos moves f2f4 d7d5 d2d4 c8f5 g1f3 e7e6 b1c3 g8f6 e2e3 f8b4 a2a3 b4c3 
DEBUG:root:>>> go depth 6 
DEBUG:root:>>> position startpos moves f2f4 d7d5 d2d4 c8f5 g1f3 e7e6 b1c3 g8f6 e2e3 f8b4 a2a3 b4c3 b2c3 f6e4 
DEBUG:root:>>> go depth 6 
DEBUG:root:>>> position startpos moves f2f4 d7d5 d2d4 c8f5 g1f3 e7e6 b1c3 g8f6 e2e3 f8b4 a2a3 b4c3 b2c3 f6e4 c1b2 b8c6 
DEBUG:root:>>> go depth 6 
DEBUG:root:>>> position startpos moves f2f4 d7d5 d2d4 c8f5 g1f3 e7e6 b1c3 g8f6 e2e3 f8b4 a2a3 b4c3 b2c3 f6e4 c1b2 b8c6 f1d3 e8g8 
DEBUG:root:>>> go depth 6 
DEBUG:root:>>> position startpos moves f2f4 d7d5 d2d4 c8f5 g1f3 e7e6 b1c3 g8f6 e2e3 f8b4 a2a3 b4c3 b2c3 f6e4 c1b2 b8c6 f1d3 e8g8 e1g1 d8f6 
DEBUG:root:>>> go depth 6 
DEBUG:root:>>> position startpos moves f2f4 d7d5 d2d4 c8f5 g1f3 e7e6 b1c3 g8f6 e2e3 f8b4 a2a3 b4c3 b2c3 f6e4 c1b2 b8c6 f1d3 e8g8 e1g1 d8f6 f3e5 c6e5 
DEBUG:root:>>> go depth 6 
DEBUG:root:>>> position startpos moves f2f4 d7d5 d2d4 c8f5 g1f3 e7e6 b1c3 g8f6 e2e3 f8b4 a2a3 b4c3 b2c3 f6e4 c1b2 b8c6 f1d3 e8g8 e1g1 d8f6 f3e5 c6e5 f4e5 f6g5 
DEBUG:root:>>> go depth 6 
DEBUG:root:>>> position startpos moves f2f4 d7d5 d2d4 c8f5 g1f3 e7e6 b1c3 g8f6 e2e3 f8b4 a2a3 b4c3 b2c3 f6e4 c1b2 b8c6 f1d3 e8g8 e1g1 d8f6 f3e5 c6e5 f4e5 f6g5 d1f3 c7c5 
DEBUG:root:>>> go depth 6 
DEBUG:root:>>> position startpos moves f2f4 d7d5 d2d4 c8f5 g1f3 e7e6 b1c3 g8f6 e2e3 f8b4 a2a3 b4c3 b2c3 f6e4 c1b2 b8c6 f1d3 e8g8 e1g1 d8f6 f3e5 c6e5 f4e5 f6g5 d1f3 c7c5 d4c5 g5g6 
DEBUG:root:>>> go depth 6 
DEBUG:root:>>> position startpos moves f2f4 d7d5 d2d4 c8f5 g1f3 e7e6 b1c3 g8f6 e2e3 f8b4 a2a3 b4c3 b2c3 f6e4 c1b2 b8c6 f1d3 e8g8 e1g1 d8f6 f3e5 c6e5 f4e5 f6g5 d1f3 c7c5 d4c5 g5g6 f3d1 f8d8 
DEBUG:root:>>> go depth 6 
DEBUG:root:>>> position startpos moves f2f4 d7d5 d2d4 c8f5 g1f3 e7e6 b1c3 g8f6 e2e3 f8b4 a2a3 b4c3 b2c3 f6e4 c1b2 b8c6 f1d3 e8g8 e1g1 d8f6 f3e5 c6e5 f4e5 f6g5 d1f3 c7c5 d4c5 g5g6 f3d1 f8d8 d3e4 d5e4 
DEBUG:root:>>> go depth 6 
DEBUG:root:>>> position startpos moves f2f4 d7d5 d2d4 c8f5 g1f3 e7e6 b1c3 g8f6 e2e3 f8b4 a2a3 b4c3 b2c3 f6e4 c1b2 b8c6 f1d3 e8g8 e1g1 d8f6 f3e5 c6e5 f4e5 f6g5 d1f3 c7c5 d4c5 g5g6 f3d1 f8d8 d3e4 d5e4 d1e2 f5g4 
DEBUG:root:>>> go depth 6 
DEBUG:root:>>> position startpos moves f2f4 d7d5 d2d4 c8f5 g1f3 e7e6 b1c3 g8f6 e2e3 f8b4 a2a3 b4c3 b2c3 f6e4 c1b2 b8c6 f1d3 e8g8 e1g1 d8f6 f3e5 c6e5 f4e5 f6g5 d1f3 c7c5 d4c5 g5g6 f3d1 f8d8 d3e4 d5e4 d1e2 f5g4 e2b5 g4f3 
DEBUG:root:>>> go depth 6 
DEBUG:root:>>> position startpos moves f2f4 d7d5 d2d4 c8f5 g1f3 e7e6 b1c3 g8f6 e2e3 f8b4 a2a3 b4c3 b2c3 f6e4 c1b2 b8c6 f1d3 e8g8 e1g1 d8f6 f3e5 c6e5 f4e5 f6g5 d1f3 c7c5 d4c5 g5g6 f3d1 f8d8 d3e4 d5e4 d1e2 f5g4 e2b5 g4f3 g2g3 a8b8 
DEBUG:root:>>> go depth 6 
DEBUG:root:>>> position startpos moves f2f4 d7d5 d2d4 c8f5 g1f3 e7e6 b1c3 g8f6 e2e3 f8b4 a2a3 b4c3 b2c3 f6e4 c1b2 b8c6 f1d3 e8g8 e1g1 d8f6 f3e5 c6e5 f4e5 f6g5 d1f3 c7c5 d4c5 g5g6 f3d1 f8d8 d3e4 d5e4 d1e2 f5g4 e2b5 g4f3 g2g3 a8b8 b5a5 g6h6 
DEBUG:root:>>> go depth 6 
DEBUG:root:>>> position startpos moves f2f4 d7d5 d2d4 c8f5 g1f3 e7e6 b1c3 g8f6 e2e3 f8b4 a2a3 b4c3 b2c3 f6e4 c1b2 b8c6 f1d3 e8g8 e1g1 d8f6 f3e5 c6e5 f4e5 f6g5 d1f3 c7c5 d4c5 g5g6 f3d1 f8d8 d3e4 d5e4 d1e2 f5g4 e2b5 g4f3 g2g3 a8b8 b5a5 g6h6 b2c1 h6h3 
DEBUG:root:>>> go depth 6 
DEBUG:root:>>> position startpos moves f2f4 d7d5 d2d4 c8f5 g1f3 e7e6 b1c3 g8f6 e2e3 f8b4 a2a3 b4c3 b2c3 f6e4 c1b2 b8c6 f1d3 e8g8 e1g1 d8f6 f3e5 c6e5 f4e5 f6g5 d1f3 c7c5 d4c5 g5g6 f3d1 f8d8 d3e4 d5e4 d1e2 f5g4 e2b5 g4f3 g2g3 a8b8 b5a5 g6h6 b2c1 h6h3 a5d8 b8d8 
DEBUG:root:>>> go depth 6 
DEBUG:root:>>> position startpos moves f2f4 d7d5 d2d4 c8f5 g1f3 e7e6 b1c3 g8f6 e2e3 f8b4 a2a3 b4c3 b2c3 f6e4 c1b2 b8c6 f1d3 e8g8 e1g1 d8f6 f3e5 c6e5 f4e5 f6g5 d1f3 c7c5 d4c5 g5g6 f3d1 f8d8 d3e4 d5e4 d1e2 f5g4 e2b5 g4f3 g2g3 a8b8 b5a5 g6h6 b2c1 h6h3 a5d8 b8d8 f1f3 e4f3 
DEBUG:root:>>> go depth 6 
DEBUG:root:>>> position startpos moves f2f4 d7d5 d2d4 c8f5 g1f3 e7e6 b1c3 g8f6 e2e3 f8b4 a2a3 b4c3 b2c3 f6e4 c1b2 b8c6 f1d3 e8g8 e1g1 d8f6 f3e5 c6e5 f4e5 f6g5 d1f3 c7c5 d4c5 g5g6 f3d1 f8d8 d3e4 d5e4 d1e2 f5g4 e2b5 g4f3 g2g3 a8b8 b5a5 g6h6 b2c1 h6h3 a5d8 b8d8 f1f3 e4f3 g1f2 h3g2 
DEBUG:root:>>> go depth 6 
DEBUG:root:>>> ucinewgame 
DEBUG:root:>>> position fen rnbqkbnr/pppppppp/8/8/8/8/PPPPPPPP/RNBQKBNR w KQkq - 0 1 
DEBUG:root:>>> ucinewgame 
DEBUG:root:>>> position fen rnbqkbnr/pppppppp/8/8/8/8/PPPPPPPP/RNBQKBNR w KQkq - 0 1 
DEBUG:root:>>> uci 
DEBUG:root:>>> isready 
DEBUG:root:>>> ucinewgame 
DEBUG:root:>>> position fen rnbqkbnr/pppppppp/8/8/8/8/PPPPPPPP/RNBQKBNR w KQkq - 0 1 
DEBUG:root:>>> ucinewgame 
DEBUG:root:>>> position fen rnbqkbnr/pppppppp/8/8/8/8/PPPPPPPP/RNBQKBNR w KQkq - 0 1 
DEBUG:root:>>> uci 
DEBUG:root:>>> isready 
DEBUG:root:>>> ucinewgame 
DEBUG:root:>>> position fen rnbqkbnr/pppppppp/8/8/8/8/PPPPPPPP/RNBQKBNR w KQkq - 0 1 
DEBUG:root:>>> ucinewgame 
DEBUG:root:>>> position fen rnbqkbnr/pppppppp/8/8/8/8/PPPPPPPP/RNBQKBNR w KQkq - 0 1 
DEBUG:root:>>> ucinewgame 
DEBUG:root:>>> position fen rnbqkbnr/pppppppp/8/8/8/8/PPPPPPPP/RNBQKBNR w KQkq - 0 1 
DEBUG:root:>>> uci 
DEBUG:root:>>> isready 
DEBUG:root:>>> ucinewgame 
DEBUG:root:>>> position fen rnbqkbnr/pppppppp/8/8/8/8/PPPPPPPP/RNBQKBNR w KQkq - 0 1 
DEBUG:root:>>> uci 
DEBUG:root:>>> isready 
DEBUG:root:>>> ucinewgame 
DEBUG:root:>>> position fen rnbqkbnr/pppppppp/8/8/8/8/PPPPPPPP/RNBQKBNR w KQkq - 0 1 
DEBUG:root:>>> uci 
DEBUG:root:>>> isready 
DEBUG:root:>>> ucinewgame 
DEBUG:root:>>> position fen rnbqkbnr/pppppppp/8/8/8/8/PPPPPPPP/RNBQKBNR w KQkq - 0 1 
DEBUG:root:>>> ucinewgame 
DEBUG:root:>>> position fen rnbqkbnr/pppppppp/8/8/8/8/PPPPPPPP/RNBQKBNR w KQkq - 0 1 
DEBUG:root:>>> uci 
DEBUG:root:>>> isready 
DEBUG:root:>>> ucinewgame 
DEBUG:root:>>> position fen rnbqkbnr/pppppppp/8/8/8/8/PPPPPPPP/RNBQKBNR w KQkq - 0 1 
DEBUG:root:>>> uci 
DEBUG:root:>>> isready 
DEBUG:root:>>> ucinewgame 
DEBUG:root:>>> position fen rnbqkbnr/pppppppp/8/8/8/8/PPPPPPPP/RNBQKBNR w KQkq - 0 1 
DEBUG:root:>>> uci 
DEBUG:root:>>> isready 
DEBUG:root:>>> ucinewgame 
DEBUG:root:>>> position fen rnbqkbnr/pppppppp/8/8/8/8/PPPPPPPP/RNBQKBNR w KQkq - 0 1 
DEBUG:root:>>> position startpos moves e2e4 c7c5 b1c3 
DEBUG:root:>>> go depth 6 
DEBUG:root:>>> position startpos moves e2e4 c7c5 b1c3 e7e5 g1f3 
DEBUG:root:>>> go depth 6 
DEBUG:root:>>> position startpos moves e2e4 c7c5 b1c3 e7e5 g1f3 b8c6 f1c4 
DEBUG:root:>>> go depth 6 
DEBUG:root:>>> position startpos moves e2e4 c7c5 b1c3 e7e5 g1f3 b8c6 f1c4 d7d6 e1g1 
DEBUG:root:>>> go depth 6 
DEBUG:root:>>> position startpos moves e2e4 c7c5 b1c3 e7e5 g1f3 b8c6 f1c4 d7d6 e1g1 g8f6 f3g5 
DEBUG:root:>>> go depth 6 
DEBUG:root:>>> position startpos moves e2e4 c7c5 b1c3 e7e5 g1f3 b8c6 f1c4 d7d6 e1g1 g8f6 f3g5 d6d5 e4d5 
DEBUG:root:>>> go depth 6 
DEBUG:root:>>> position startpos moves e2e4 c7c5 b1c3 e7e5 g1f3 b8c6 f1c4 d7d6 e1g1 g8f6 f3g5 d6d5 e4d5 c6d4 d5d6 
DEBUG:root:>>> go depth 6 
DEBUG:root:>>> position startpos moves e2e4 c7c5 b1c3 e7e5 g1f3 b8c6 f1c4 d7d6 e1g1 g8f6 f3g5 d6d5 e4d5 c6d4 d5d6 d4e6 g5e6 
DEBUG:root:>>> go depth 6 
DEBUG:root:>>> position startpos moves e2e4 c7c5 b1c3 e7e5 g1f3 b8c6 f1c4 d7d6 e1g1 g8f6 f3g5 d6d5 e4d5 c6d4 d5d6 d4e6 g5e6 c8e6 c4e6 
DEBUG:root:>>> go depth 6 
DEBUG:root:>>> position startpos moves e2e4 c7c5 b1c3 e7e5 g1f3 b8c6 f1c4 d7d6 e1g1 g8f6 f3g5 d6d5 e4d5 c6d4 d5d6 d4e6 g5e6 c8e6 c4e6 f7e6 d1f3 
DEBUG:root:>>> go depth 6 
DEBUG:root:>>> position startpos moves e2e4 c7c5 b1c3 e7e5 g1f3 b8c6 f1c4 d7d6 e1g1 g8f6 f3g5 d6d5 e4d5 c6d4 d5d6 d4e6 g5e6 c8e6 c4e6 f7e6 d1f3 d8d7 d2d3 
DEBUG:root:>>> go depth 6 
DEBUG:root:>>> position startpos moves e2e4 c7c5 b1c3 e7e5 g1f3 b8c6 f1c4 d7d6 e1g1 g8f6 f3g5 d6d5 e4d5 c6d4 d5d6 d4e6 g5e6 c8e6 c4e6 f7e6 d1f3 d8d7 d2d3 f8d6 f1e1 
DEBUG:root:>>> go depth 6 
DEBUG:root:>>> position startpos moves e2e4 c7c5 b1c3 e7e5 g1f3 b8c6 f1c4 d7d6 e1g1 g8f6 f3g5 d6d5 e4d5 c6d4 d5d6 d4e6 g5e6 c8e6 c4e6 f7e6 d1f3 d8d7 d2d3 f8d6 f1e1 e8g8 f3h3 
DEBUG:root:>>> go depth 6 
DEBUG:root:>>> position startpos moves e2e4 c7c5 b1c3 e7e5 g1f3 b8c6 f1c4 d7d6 e1g1 g8f6 f3g5 d6d5 e4d5 c6d4 d5d6 d4e6 g5e6 c8e6 c4e6 f7e6 d1f3 d8d7 d2d3 f8d6 f1e1 e8g8 f3h3 a8e8 c1e3 
DEBUG:root:>>> go depth 6 
DEBUG:root:>>> position startpos moves e2e4 c7c5 b1c3 e7e5 g1f3 b8c6 f1c4 d7d6 e1g1 g8f6 f3g5 d6d5 e4d5 c6d4 d5d6 d4e6 g5e6 c8e6 c4e6 f7e6 d1f3 d8d7 d2d3 f8d6 f1e1 e8g8 f3h3 a8e8 c1e3 a7a6 c3e4 
DEBUG:root:>>> go depth 6 
DEBUG:root:>>> position startpos moves e2e4 c7c5 b1c3 e7e5 g1f3 b8c6 f1c4 d7d6 e1g1 g8f6 f3g5 d6d5 e4d5 c6d4 d5d6 d4e6 g5e6 c8e6 c4e6 f7e6 d1f3 d8d7 d2d3 f8d6 f1e1 e8g8 f3h3 a8e8 c1e3 a7a6 c3e4 f6e4 d3e4 
DEBUG:root:>>> go depth 6 
DEBUG:root:>>> position startpos moves e2e4 c7c5 b1c3 e7e5 g1f3 b8c6 f1c4 d7d6 e1g1 g8f6 f3g5 d6d5 e4d5 c6d4 d5d6 d4e6 g5e6 c8e6 c4e6 f7e6 d1f3 d8d7 d2d3 f8d6 f1e1 e8g8 f3h3 a8e8 c1e3 a7a6 c3e4 f6e4 d3e4 h7h6 a1d1 
DEBUG:root:>>> go depth 6 
DEBUG:root:>>> position startpos moves e2e4 c7c5 b1c3 e7e5 g1f3 b8c6 f1c4 d7d6 e1g1 g8f6 f3g5 d6d5 e4d5 c6d4 d5d6 d4e6 g5e6 c8e6 c4e6 f7e6 d1f3 d8d7 d2d3 f8d6 f1e1 e8g8 f3h3 a8e8 c1e3 a7a6 c3e4 f6e4 d3e4 h7h6 a1d1 d7c6 h3h5 
DEBUG:root:>>> go depth 6 
DEBUG:root:>>> position startpos moves e2e4 c7c5 b1c3 e7e5 g1f3 b8c6 f1c4 d7d6 e1g1 g8f6 f3g5 d6d5 e4d5 c6d4 d5d6 d4e6 g5e6 c8e6 c4e6 f7e6 d1f3 d8d7 d2d3 f8d6 f1e1 e8g8 f3h3 a8e8 c1e3 a7a6 c3e4 f6e4 d3e4 h7h6 a1d1 d7c6 h3h5 e8d8 e3h6 
DEBUG:root:>>> go depth 6 
DEBUG:root:>>> position startpos moves e2e4 c7c5 b1c3 e7e5 g1f3 b8c6 f1c4 d7d6 e1g1 g8f6 f3g5 d6d5 e4d5 c6d4 d5d6 d4e6 g5e6 c8e6 c4e6 f7e6 d1f3 d8d7 d2d3 f8d6 f1e1 e8g8 f3h3 a8e8 c1e3 a7a6 c3e4 f6e4 d3e4 h7h6 a1d1 d7c6 h3h5 e8d8 e3h6 g7h6 h5g6 
DEBUG:root:>>> go depth 6 
DEBUG:root:>>> position startpos moves e2e4 c7c5 b1c3 e7e5 g1f3 b8c6 f1c4 d7d6 e1g1 g8f6 f3g5 d6d5 e4d5 c6d4 d5d6 d4e6 g5e6 c8e6 c4e6 f7e6 d1f3 d8d7 d2d3 f8d6 f1e1 e8g8 f3h3 a8e8 c1e3 a7a6 c3e4 f6e4 d3e4 h7h6 a1d1 d7c6 h3h5 e8d8 e3h6 g7h6 h5g6 g8h8 g6h6 
DEBUG:root:>>> go depth 6 
DEBUG:root:>>> position startpos moves e2e4 c7c5 b1c3 e7e5 g1f3 b8c6 f1c4 d7d6 e1g1 g8f6 f3g5 d6d5 e4d5 c6d4 d5d6 d4e6 g5e6 c8e6 c4e6 f7e6 d1f3 d8d7 d2d3 f8d6 f1e1 e8g8 f3h3 a8e8 c1e3 a7a6 c3e4 f6e4 d3e4 h7h6 a1d1 d7c6 h3h5 e8d8 e3h6 g7h6 h5g6 g8h8 g6h6 h8g8 h6g6 
DEBUG:root:>>> go depth 6 
DEBUG:root:>>> position startpos moves e2e4 c7c5 b1c3 e7e5 g1f3 b8c6 f1c4 d7d6 e1g1 g8f6 f3g5 d6d5 e4d5 c6d4 d5d6 d4e6 g5e6 c8e6 c4e6 f7e6 d1f3 d8d7 d2d3 f8d6 f1e1 e8g8 f3h3 a8e8 c1e3 a7a6 c3e4 f6e4 d3e4 h7h6 a1d1 d7c6 h3h5 e8d8 e3h6 g7h6 h5g6 g8h8 g6h6 h8g8 h6g6 g8h8 e1e3 
DEBUG:root:>>> go depth 6 
DEBUG:root:>>> position startpos moves e2e4 c7c5 b1c3 e7e5 g1f3 b8c6 f1c4 d7d6 e1g1 g8f6 f3g5 d6d5 e4d5 c6d4 d5d6 d4e6 g5e6 c8e6 c4e6 f7e6 d1f3 d8d7 d2d3 f8d6 f1e1 e8g8 f3h3 a8e8 c1e3 a7a6 c3e4 f6e4 d3e4 h7h6 a1d1 d7c6 h3h5 e8d8 e3h6 g7h6 h5g6 g8h8 g6h6 h8g8 h6g6 g8h8 e1e3 f8f3 e3f3 
DEBUG:root:>>> go depth 6 
DEBUG:root:>>> position startpos moves e2e4 c7c5 b1c3 e7e5 g1f3 b8c6 f1c4 d7d6 e1g1 g8f6 f3g5 d6d5 e4d5 c6d4 d5d6 d4e6 g5e6 c8e6 c4e6 f7e6 d1f3 d8d7 d2d3 f8d6 f1e1 e8g8 f3h3 a8e8 c1e3 a7a6 c3e4 f6e4 d3e4 h7h6 a1d1 d7c6 h3h5 e8d8 e3h6 g7h6 h5g6 g8h8 g6h6 h8g8 h6g6 g8h8 e1e3 f8f3 e3f3 d6e7 f3h3 
DEBUG:root:>>> go depth 6 
DEBUG:root:>>> uci 
DEBUG:root:>>> isready 
DEBUG:root:>>> ucinewgame 
DEBUG:root:>>> position fen rnbqkbnr/pppppppp/8/8/8/8/PPPPPPPP/RNBQKBNR w KQkq - 0 1 
DEBUG:root:>>> position startpos moves e2e4 c7c6 g1f3 
DEBUG:root:>>> go depth 6 
DEBUG:root:>>> position startpos moves e2e4 c7c6 g1f3 d7d5 e4e5 
DEBUG:root:>>> go depth 6 
DEBUG:root:>>> position startpos moves e2e4 c7c6 g1f3 d7d5 e4e5 c8f5 d2d4 
DEBUG:root:>>> go depth 6 
DEBUG:root:>>> position startpos moves e2e4 c7c6 g1f3 d7d5 e4e5 c8f5 d2d4 e7e6 b1c3 
DEBUG:root:>>> go depth 6 
DEBUG:root:>>> position startpos moves e2e4 c7c6 g1f3 d7d5 e4e5 c8f5 d2d4 e7e6 b1c3 f8b4 f1d3 
DEBUG:root:>>> go depth 6 
DEBUG:root:>>> position startpos moves e2e4 c7c6 g1f3 d7d5 e4e5 c8f5 d2d4 e7e6 b1c3 f8b4 f1d3 g8e7 a2a3 
DEBUG:root:>>> go depth 6 
DEBUG:root:>>> position startpos moves e2e4 c7c6 g1f3 d7d5 e4e5 c8f5 d2d4 e7e6 b1c3 f8b4 f1d3 g8e7 a2a3 b4a5 c1g5 
DEBUG:root:>>> go depth 6 
DEBUG:root:>>> position startpos moves e2e4 c7c6 g1f3 d7d5 e4e5 c8f5 d2d4 e7e6 b1c3 f8b4 f1d3 g8e7 a2a3 b4a5 c1g5 e8g8 d3f5 
DEBUG:root:>>> go depth 6 
DEBUG:root:>>> position startpos moves e2e4 c7c6 g1f3 d7d5 e4e5 c8f5 d2d4 e7e6 b1c3 f8b4 f1d3 g8e7 a2a3 b4a5 c1g5 e8g8 d3f5 e6f5 d1d3 
DEBUG:root:>>> go depth 6 
DEBUG:root:>>> position startpos moves e2e4 c7c6 g1f3 d7d5 e4e5 c8f5 d2d4 e7e6 b1c3 f8b4 f1d3 g8e7 a2a3 b4a5 c1g5 e8g8 d3f5 e6f5 d1d3 f7f6 e5f6 
DEBUG:root:>>> go depth 6 
DEBUG:root:>>> position startpos moves e2e4 c7c6 g1f3 d7d5 e4e5 c8f5 d2d4 e7e6 b1c3 f8b4 f1d3 g8e7 a2a3 b4a5 c1g5 e8g8 d3f5 e6f5 d1d3 f7f6 e5f6 g7f6 g5h6 
DEBUG:root:>>> go depth 6 
DEBUG:root:>>> position startpos moves e2e4 c7c6 g1f3 d7d5 e4e5 c8f5 d2d4 e7e6 b1c3 f8b4 f1d3 g8e7 a2a3 b4a5 c1g5 e8g8 d3f5 e6f5 d1d3 f7f6 e5f6 g7f6 g5h6 f8e8 e1g1 
DEBUG:root:>>> go depth 6 
DEBUG:root:>>> position startpos moves e2e4 c7c6 g1f3 d7d5 e4e5 c8f5 d2d4 e7e6 b1c3 f8b4 f1d3 g8e7 a2a3 b4a5 c1g5 e8g8 d3f5 e6f5 d1d3 f7f6 e5f6 g7f6 g5h6 f8e8 e1g1 d8c7 a1e1 
DEBUG:root:>>> go depth 6 
DEBUG:root:>>> position startpos moves e2e4 c7c6 g1f3 d7d5 e4e5 c8f5 d2d4 e7e6 b1c3 f8b4 f1d3 g8e7 a2a3 b4a5 c1g5 e8g8 d3f5 e6f5 d1d3 f7f6 e5f6 g7f6 g5h6 f8e8 e1g1 d8c7 a1e1 c7d6 f3h4 
DEBUG:root:>>> go depth 6 
DEBUG:root:>>> position startpos moves e2e4 c7c6 g1f3 d7d5 e4e5 c8f5 d2d4 e7e6 b1c3 f8b4 f1d3 g8e7 a2a3 b4a5 c1g5 e8g8 d3f5 e6f5 d1d3 f7f6 e5f6 g7f6 g5h6 f8e8 e1g1 d8c7 a1e1 c7d6 f3h4 b8d7 h4f5 
DEBUG:root:>>> go depth 6 
DEBUG:root:>>> position startpos moves e2e4 c7c6 g1f3 d7d5 e4e5 c8f5 d2d4 e7e6 b1c3 f8b4 f1d3 g8e7 a2a3 b4a5 c1g5 e8g8 d3f5 e6f5 d1d3 f7f6 e5f6 g7f6 g5h6 f8e8 e1g1 d8c7 a1e1 c7d6 f3h4 b8d7 h4f5 e7f5 d3f5 
DEBUG:root:>>> go depth 6 
DEBUG:root:>>> position startpos moves e2e4 c7c6 g1f3 d7d5 e4e5 c8f5 d2d4 e7e6 b1c3 f8b4 f1d3 g8e7 a2a3 b4a5 c1g5 e8g8 d3f5 e6f5 d1d3 f7f6 e5f6 g7f6 g5h6 f8e8 e1g1 d8c7 a1e1 c7d6 f3h4 b8d7 h4f5 e7f5 d3f5 d7f8 h6f4 
DEBUG:root:>>> go depth 6 
DEBUG:root:>>> position startpos moves e2e4 c7c6 g1f3 d7d5 e4e5 c8f5 d2d4 e7e6 b1c3 f8b4 f1d3 g8e7 a2a3 b4a5 c1g5 e8g8 d3f5 e6f5 d1d3 f7f6 e5f6 g7f6 g5h6 f8e8 e1g1 d8c7 a1e1 c7d6 f3h4 b8d7 h4f5 e7f5 d3f5 d7f8 h6f4 d6d7 f5f6 
DEBUG:root:>>> go depth 6 
DEBUG:root:>>> position startpos moves e2e4 c7c6 g1f3 d7d5 e4e5 c8f5 d2d4 e7e6 b1c3 f8b4 f1d3 g8e7 a2a3 b4a5 c1g5 e8g8 d3f5 e6f5 d1d3 f7f6 e5f6 g7f6 g5h6 f8e8 e1g1 d8c7 a1e1 c7d6 f3h4 b8d7 h4f5 e7f5 d3f5 d7f8 h6f4 d6d7 f5f6 f8e6 f4e5 
DEBUG:root:>>> go depth 6 
DEBUG:root:>>> position startpos moves e2e4 c7c6 g1f3 d7d5 e4e5 c8f5 d2d4 e7e6 b1c3 f8b4 f1d3 g8e7 a2a3 b4a5 c1g5 e8g8 d3f5 e6f5 d1d3 f7f6 e5f6 g7f6 g5h6 f8e8 e1g1 d8c7 a1e1 c7d6 f3h4 b8d7 h4f5 e7f5 d3f5 d7f8 h6f4 d6d7 f5f6 f8e6 f4e5 d7g7 f6h4 
DEBUG:root:>>> go depth 6 
DEBUG:root:>>> position startpos moves e2e4 c7c6 g1f3 d7d5 e4e5 c8f5 d2d4 e7e6 b1c3 f8b4 f1d3 g8e7 a2a3 b4a5 c1g5 e8g8 d3f5 e6f5 d1d3 f7f6 e5f6 g7f6 g5h6 f8e8 e1g1 d8c7 a1e1 c7d6 f3h4 b8d7 h4f5 e7f5 d3f5 d7f8 h6f4 d6d7 f5f6 f8e6 f4e5 d7g7 f6h4 g7g6 f2f4 
DEBUG:root:>>> go depth 6 
DEBUG:root:>>> position startpos moves e2e4 c7c6 g1f3 d7d5 e4e5 c8f5 d2d4 e7e6 b1c3 f8b4 f1d3 g8e7 a2a3 b4a5 c1g5 e8g8 d3f5 e6f5 d1d3 f7f6 e5f6 g7f6 g5h6 f8e8 e1g1 d8c7 a1e1 c7d6 f3h4 b8d7 h4f5 e7f5 d3f5 d7f8 h6f4 d6d7 f5f6 f8e6 f4e5 d7g7 f6h4 g7g6 f2f4 a5c3 b2c3 
DEBUG:root:>>> go depth 6 
DEBUG:root:>>> position startpos moves e2e4 c7c6 g1f3 d7d5 e4e5 c8f5 d2d4 e7e6 b1c3 f8b4 f1d3 g8e7 a2a3 b4a5 c1g5 e8g8 d3f5 e6f5 d1d3 f7f6 e5f6 g7f6 g5h6 f8e8 e1g1 d8c7 a1e1 c7d6 f3h4 b8d7 h4f5 e7f5 d3f5 d7f8 h6f4 d6d7 f5f6 f8e6 f4e5 d7g7 f6h4 g7g6 f2f4 a5c3 b2c3 g6c2 f4f5 
DEBUG:root:>>> go depth 6 
DEBUG:root:>>> position startpos moves e2e4 c7c6 g1f3 d7d5 e4e5 c8f5 d2d4 e7e6 b1c3 f8b4 f1d3 g8e7 a2a3 b4a5 c1g5 e8g8 d3f5 e6f5 d1d3 f7f6 e5f6 g7f6 g5h6 f8e8 e1g1 d8c7 a1e1 c7d6 f3h4 b8d7 h4f5 e7f5 d3f5 d7f8 h6f4 d6d7 f5f6 f8e6 f4e5 d7g7 f6h4 g7g6 f2f4 a5c3 b2c3 g6c2 f4f5 e6g7 f5f6 
DEBUG:root:>>> go depth 6 
DEBUG:root:>>> position startpos moves e2e4 c7c6 g1f3 d7d5 e4e5 c8f5 d2d4 e7e6 b1c3 f8b4 f1d3 g8e7 a2a3 b4a5 c1g5 e8g8 d3f5 e6f5 d1d3 f7f6 e5f6 g7f6 g5h6 f8e8 e1g1 d8c7 a1e1 c7d6 f3h4 b8d7 h4f5 e7f5 d3f5 d7f8 h6f4 d6d7 f5f6 f8e6 f4e5 d7g7 f6h4 g7g6 f2f4 a5c3 b2c3 g6c2 f4f5 e6g7 f5f6 g7f5 f6f7 
DEBUG:root:>>> go depth 6 
DEBUG:root:>>> position startpos moves e2e4 c7c6 g1f3 d7d5 e4e5 c8f5 d2d4 e7e6 b1c3 f8b4 f1d3 g8e7 a2a3 b4a5 c1g5 e8g8 d3f5 e6f5 d1d3 f7f6 e5f6 g7f6 g5h6 f8e8 e1g1 d8c7 a1e1 c7d6 f3h4 b8d7 h4f5 e7f5 d3f5 d7f8 h6f4 d6d7 f5f6 f8e6 f4e5 d7g7 f6h4 g7g6 f2f4 a5c3 b2c3 g6c2 f4f5 e6g7 f5f6 g7f5 f6f7 g8f7 h4h7 
DEBUG:root:>>> go depth 6 
DEBUG:root:>>> position startpos moves e2e4 c7c6 g1f3 d7d5 e4e5 c8f5 d2d4 e7e6 b1c3 f8b4 f1d3 g8e7 a2a3 b4a5 c1g5 e8g8 d3f5 e6f5 d1d3 f7f6 e5f6 g7f6 g5h6 f8e8 e1g1 d8c7 a1e1 c7d6 f3h4 b8d7 h4f5 e7f5 d3f5 d7f8 h6f4 d6d7 f5f6 f8e6 f4e5 d7g7 f6h4 g7g6 f2f4 a5c3 b2c3 g6c2 f4f5 e6g7 f5f6 g7f5 f6f7 g8f7 h4h7 f7e6 e5g3 
DEBUG:root:>>> go depth 6 
DEBUG:root:>>> position startpos moves e2e4 c7c6 g1f3 d7d5 e4e5 c8f5 d2d4 e7e6 b1c3 f8b4 f1d3 g8e7 a2a3 b4a5 c1g5 e8g8 d3f5 e6f5 d1d3 f7f6 e5f6 g7f6 g5h6 f8e8 e1g1 d8c7 a1e1 c7d6 f3h4 b8d7 h4f5 e7f5 d3f5 d7f8 h6f4 d6d7 f5f6 f8e6 f4e5 d7g7 f6h4 g7g6 f2f4 a5c3 b2c3 g6c2 f4f5 e6g7 f5f6 g7f5 f6f7 g8f7 h4h7 f7e6 e5g3 c2e4 h7f5 
DEBUG:root:>>> go depth 6 
DEBUG:root:>>> position startpos moves e2e4 c7c6 g1f3 d7d5 e4e5 c8f5 d2d4 e7e6 b1c3 f8b4 f1d3 g8e7 a2a3 b4a5 c1g5 e8g8 d3f5 e6f5 d1d3 f7f6 e5f6 g7f6 g5h6 f8e8 e1g1 d8c7 a1e1 c7d6 f3h4 b8d7 h4f5 e7f5 d3f5 d7f8 h6f4 d6d7 f5f6 f8e6 f4e5 d7g7 f6h4 g7g6 f2f4 a5c3 b2c3 g6c2 f4f5 e6g7 f5f6 g7f5 f6f7 g8f7 h4h7 f7e6 e5g3 c2e4 h7f5 e6e7 f5f7 
DEBUG:root:>>> go depth 6 
